MPRINT(EM_DIAGRAM):    data _null_;
MPRINT(EM_DIAGRAM):   call symput('NLDATE', strip(put(date(), NLDATE.)));
MPRINT(EM_DIAGRAM):   call symput('NLTIME', strip(put(datetime(), NLTIME.)));
MPRINT(EM_DIAGRAM):   run;
MPRINT(EM_DIAGRAM):   data _null_;
MPRINT(EM_DIAGRAM):   nldate= sasmsg("sashelp.dmine", "log_date_note", 'N', "October 03, 2026" );
MPRINT(EM_DIAGRAM):   nltime= sasmsg("sashelp.dmine", "log_time_note", 'N', "18:26:07" );
MPRINT(EM_DIAGRAM):   put "*------------------------------------------------------------*";
MPRINT(EM_DIAGRAM):   put "* Report Log";
MPRINT(EM_DIAGRAM):   put nldate;
MPRINT(EM_DIAGRAM):   put nltime;
MPRINT(EM_DIAGRAM):   put "*------------------------------------------------------------*";
MPRINT(EM_DIAGRAM):   run;
*------------------------------------------------------------*
* Report Log
Date:                October 03, 2026
Time:                18:26:07
*------------------------------------------------------------*
MPRINT(EM_DIAGRAM):    filename O2PAV9U5 "C:\Users\student\OneDrive - Bryant University\Documents\GitHub\Projects_in_R\Assignments\Assignment 3\Workspaces\EMWS1\Tree5\EMREPORT.out" encoding="UTF-8" NOBOM;
MPRINT(EM_DIAGRAM):   proc printto print=O2PAV9U5 new;
MPRINT(EM_DIAGRAM):   run;
90351      data EMWS1.Tree5_EMOUTFIT;
MPRINT(EM_DIAGRAM):    data EMWS1.Tree5_EMOUTFIT;
90352      set EMWS1.Tree5_EMOUTFIT;
MPRINT(EM_DIAGRAM):   set EMWS1.Tree5_EMOUTFIT;
90353      length TargetLabel $200;
MPRINT(EM_DIAGRAM):   length TargetLabel $200;
90354      label targetLabel = "%sysfunc(sasmsg(sashelp.dmine, meta_targetlabel_vlabel, NOQUOTE))";
MPRINT(EM_DIAGRAM):   label targetLabel = "Target Label";
90355      run;
MPRINT(EM_DIAGRAM):   run;

NOTE: Variable TargetLabel is uninitialized.
NOTE: There were 1 observations read from the data set EMWS1.TREE5_EMOUTFIT.
NOTE: The data set EMWS1.TREE5_EMOUTFIT has 1 observations and 17 variables.
NOTE: DATA statement used (Total process time):
      real time           0.00 seconds
      cpu time            0.01 seconds
      

90356      proc sort data=EMWS1.Tree5_EMREPORTFIT nothreads;
MPRINT(EM_DIAGRAM):    proc sort data=EMWS1.Tree5_EMREPORTFIT nothreads;
90357      by TARGET;
MPRINT(EM_DIAGRAM):   by TARGET;
90358      run;
MPRINT(EM_DIAGRAM):   run;

NOTE: There were 8 observations read from the data set EMWS1.TREE5_EMREPORTFIT.
NOTE: The data set EMWS1.TREE5_EMREPORTFIT has 8 observations and 7 variables.
NOTE: PROCEDURE SORT used (Total process time):
      real time           0.03 seconds
      cpu time            0.00 seconds
      

90359      %let _EMwarndup = 0;
90360      %let _EMtargetdup =;
90361      %let _EMASEtargetdup =;
90362      data _null_;
MPRINT(EM_DIAGRAM):    data _null_;
90363      set EMWS1.Tree5_EMOUTFIT;
MPRINT(EM_DIAGRAM):   set EMWS1.Tree5_EMOUTFIT;
90364      if .<_ASE_<0.000001 then do;
MPRINT(EM_DIAGRAM):   if .<_ASE_<0.000001 then do;
90365      call symput('_EMwarndup', '1');
MPRINT(EM_DIAGRAM):   call symput('_EMwarndup', '1');
90366      call symput('_EMtargetdup', target);
MPRINT(EM_DIAGRAM):   call symput('_EMtargetdup', target);
90367      call symput('_EMASEtargetdup', put(_ASE_, best.));
MPRINT(EM_DIAGRAM):   call symput('_EMASEtargetdup', put(_ASE_, best.));
90368      end;
MPRINT(EM_DIAGRAM):   end;
90369      run;
MPRINT(EM_DIAGRAM):   run;

NOTE: There were 1 observations read from the data set EMWS1.TREE5_EMOUTFIT.
NOTE: DATA statement used (Total process time):
      real time           0.00 seconds
      cpu time            0.01 seconds
      

90370      %let EMEXCEPTIONSTRING=;
90371      *------------------------------------------------------------*;
MPRINT(EM_DIAGRAM):    *------------------------------------------------------------*;
90372      * REPORT: Tree5;
MPRINT(EM_DIAGRAM):   * REPORT: Tree5;
90373      *------------------------------------------------------------*;
MPRINT(EM_DIAGRAM):   *------------------------------------------------------------*;
90374      %let EM_ACTION = REPORT;
90375      %let syscc = 0;
90376      %macro main;
90377      
90378        %if %upcase(&EM_ACTION) = CREATE %then %do;
90379          filename temp catalog 'sashelp.emmodl.tree_create.source';
90380          %include temp;
90381          filename temp;
90382      
90383          %em_tree_create;
90384        %end;
90385      
90386         %else
90387         %if %upcase(&EM_ACTION) = TRAIN %then %do;
90388      
90389             filename temp catalog 'sashelp.emmodl.tree_train.source';
90390             %include temp;
90391             filename temp;
90392             %em_tree_train;
90393         %end;
90394      
90395        %else
90396        %if %upcase(&EM_ACTION) = SCORE %then %do;
90397          filename temp catalog 'sashelp.emmodl.tree_score.source';
90398          %include temp;
90399          filename temp;
90400      
90401          %em_tree_score;
90402      
90403        %end;
90404      
90405        %else
90406        %if %upcase(&EM_ACTION) = REPORT %then %do;
90407      
90408             filename temp catalog 'sashelp.emmodl.tree_report.source';
90409             %include temp;
90410             filename temp;
90411      
90412             %em_tree_report;
90413         %end;
90414      
90415        %else
90416        %if %upcase(&EM_ACTION) = OPENINT %then %do;
90417      
90418             filename temp catalog 'sashelp.emmodl.tree_actions.source';
90419             %include temp;
90420             filename temp;
90421             %EM_TREE_OPENTREEVIEWER;
90422      
90423         %end;
90424      
90425        %else
90426        %if %upcase(&EM_ACTION) = CLOSEINT %then %do;
90427      
90428             filename temp catalog 'sashelp.emmodl.tree_actions.source';
90429             %include temp;
90430             filename temp;
90431             %EM_TREE_CLOSETREEVIEWER;
90432      
90433         %end;
90434      
90435      
90436         %doendm:
90437      %mend main;
90438      
90439      %main;
MPRINT(EM_DIAGRAM):    
MPRINT(MAIN):   filename temp catalog 'sashelp.emmodl.tree_report.source';
NOTE: %INCLUDE (level 1) file TEMP is file SASHELP.EMMODL.TREE_REPORT.SOURCE.
90441     +%macro em_tree_makePlotDs( multipleTar= );
90443     +  %EM_GETNAME(key=OUTSTATS, type=DATA);
90444     +  %EM_GETNAME(key=OUTNODES, type=DATA);
90445     +  %EM_GETNAME(key=TREE_PLOT, type=DATA);
90446     +  %EM_GETNAME(key=OUTRULES, type=DATA);
90448     +  /* determine if validation statistics will be displayed */
90449     +  %let validflag=N;
90450     +  %if "&EM_PROPERTY_SHOWVALID" eq "Y" %then %do;
90451     +    /* determine if validation data exists */
90452     +    %if &validexist AND ("&EM_PROPERTY_CV" ne "Y") %then %do;
90453     +      %let validflag=Y;
90454     +    %end;
90455     +  %end;
90457     +   /* retrieve name of decmeta even in presence of multiple targets */
90458     +   %let decmeta = ;
90459     +   %if &EM_DEC_DECMETA eq %then %do;
90460     +     data _Target;
90461     +       set &em_data_variableset;
90462     +       where ROLE='TARGET' and USE in('D', 'Y');
90463     +       keep NAME;
90464     +     run;
90465     +     proc sort data=_Target;
90466     +       by NAME;
90467     +     run;
90468     +     proc sort data=EM_TARGETDECINFO;
90469     +       by TARGET;
90470     +     run;
90471     +     data _Target;
90472     +       merge _Target(in=_a) EM_TARGETDECINFO(rename=(TARGET=NAME) );
90473     +       by NAME;
90474     +       if _a then do;
90475     +         call symput('decmeta', trim(DECMETA));
90476     +       end;
90477     +     run;
90478     +     proc delete data=_Target;run;
90479     +   %end;
90480     +   %else %let decmeta = &EM_DEC_DECMETA;
90483     +  /* retrieve targetEvent from decmeta */
90484     +  %let targetEvent=;
90485     +  %if "%EM_TARGET_LEVEL" ne "INTERVAL" %then %do;
90486     +    %if %sysfunc(exist(&DECMETA)) %then %do;
90487     +      data _null_;
90488     +       set &DECMETA(where=(_TYPE_="TARGET"));
90489     +       call symput('targetEvent', strip(tranwrd(EVENT,'"','""')));
90490     +      run;
90491     +    %end;
90492     +  %end;
90494     +  /* retrieve predicted var for targetEvent from decmeta */
90495     +  %let predTarget=;
90496     +  %let predLvl=;
90497     +  %if "%EM_TARGET_LEVEL" ne "INTERVAL" %then %do;
90498     +    %if %sysfunc(exist(&DECMETA)) %then %do;
90499     +      data _null_;
90500     +       set &DECMETA(where=(_TYPE_="PREDICTED" AND LEVEL="&targetEvent"));
90501     +       call symput('predTarget', strip(VARIABLE));
90502     +       call symput('predLvl', strip(LEVEL));
90503     +      run;
90504     +    %end;
90505     +  %end;
90506     +  %else %do;
90507     +    %if %sysfunc(exist(&DECMETA)) %then %do;
90508     +      data _null_;
90509     +       set &DECMETA(where=(_TYPE_="PREDICTED"));
90510     +       call symput('predTarget', strip(VARIABLE));
90511     +      run;
90512     +    %end;
90513     +  %end;
90515     +  /* create BelowText value */
90516     +  data belowtext;
90517     +    set &EM_USER_OUTRULES(where=(ROLE="PRIMARY" AND STAT="VARIABLE") rename=(character_value=belowtext));
90518     +    keep node belowtext;
90519     +  run;
90521     +  /* replace belowtext with variable label if it exists */
90522     +  data belowtext2;
90523     +    set &EM_USER_OUTRULES(where=(ROLE="PRIMARY" AND STAT="LABEL") rename=(character_value=belowtextlbl));
90524     +    keep node belowtextlbl;
90525     +  run;
90527     +  proc sort data=belowtext; by node; run;
90528     +  proc sort data=belowtext2; by node; run;
90530     +  data belowtext;
90531     +    merge belowtext belowtext2(in=_a);
90532     +    by node;
90533     +    if _a then belowtext=belowtextlbl;
90534     +    keep node belowtext;
90535     +  run;
90537     +  /* create AboveText value */
90538     +  data abovetext;
90539     +    set &EM_USER_OUTRULES(where=(ROLE="PRIMARY" AND STAT in ("INTERVAL", "ORDINAL", "NOMINAL")) );
90540     +  run;
90541     +  proc sort data=abovetext; by node numeric_value; run;
90543     +  %let sp_precision = %sysevalf(1 / 10**&EM_PROPERTY_SPLITPRECISION);
90544     +  data abovetext;
90545     +    set abovetext(rename=(node=parent));
90546     +    by parent numeric_value;
90547     +    retain abovetext tempstring flag branch origval origchar ;
90548     +    length abovetext $256;
90549     +    length tempstring origchar $64;
90551     +    if STAT in ("INTERVAL", "ORDINAL") then do;
90552     +      if first.parent then do;
90553     +        if missing(character_value) then do;
90554     +          numeric_value = round(numeric_value, &sp_precision);
90555     +          abovetext = "< "||strip(NUMERIC_VALUE);
90556     +          branch = 1;
90557     +          origval = numeric_value;
90558     +          output;
90559     +        end;
90560     +        else do;
90561     +          abovetext = "< "||strip(CHARACTER_VALUE);
90562     +          branch = 1;
90563     +          origchar = character_value;
90564     +          output;
90565     +        end;
90567     +        if first.parent AND last.parent then do;
90568     +          if missing(character_value) then do;
90569     +            numeric_value = round(numeric_value, &sp_precision);
90570     +            branch = branch + 1;
90571     +            abovetext = ">= "||strip(NUMERIC_VALUE);
90572     +            output;
90573     +          end;
90574     +          else do;
90575     +            branch = branch + 1;
90576     +            abovetext = ">= "||strip(CHARACTER_VALUE);
90577     +            output;
90578     +          end;
90579     +        end;
90580     +      end;
90581     +      else if last.parent then do;
90582     +        if ( missing(character_value) AND (origval ne numeric_value)) or ( ^missing(character_value) AND (origchar ne character_value)) then do;
90583     +          if missing(character_value) then do;
90584     +            numeric_value = round(numeric_value, &sp_precision);
90585     +            abovetext= "[ "||strip(origval)||", "|| strip(numeric_value)||" )";
90586     +          end;
90587     +          else do;
90588     +            abovetext= ">= "||strip(origchar)||" AND < "|| strip(character_value);
90589     +          end;
90590     +          branch = branch + 1;
90591     +          output;
90593     +          if missing(character_value) then do;
90594     +            numeric_value = round(numeric_value, &sp_precision);
90595     +            abovetext = ">= "||strip(NUMERIC_VALUE);
90596     +          end;
90597     +          else do;
90598     +            abovetext = ">= "||strip(CHARACTER_VALUE);
90599     +          end;
90600     +          branch = branch + 1;
90601     +          output;
90602     +        end;
90603     +        else do;
90604     +          if missing(character_value) then do;
90605     +            numeric_value = round(numeric_value, &sp_precision);
90606     +            abovetext = ">= "||strip(NUMERIC_VALUE);
90607     +          end;
90608     +          else do;
90609     +            abovetext = ">= "||strip(CHARACTER_VALUE);
90610     +          end;
90611     +          branch = branch + 1;
90612     +          output;
90613     +        end;
90614     +      end;
90615     +      else do;
90616     +        if ( missing(character_value) AND (origval ne numeric_value)) or ( ^missing(character_value) AND (origchar ne character_value)) then do;
90617     +          if missing(character_value) then do;
90618     +            numeric_value = round(numeric_value,&sp_precision);
90619     +            abovetext= "[ "||strip(origval)||", "|| strip(numeric_value)||" )";
90620     +            origval = numeric_value;
90621     +          end;
90622     +          else do;
90623     +            abovetext= ">= "||strip(origchar)||" AND < "|| strip(character_value);
90624     +            origchar = character_value;
90625     +          end;
90626     +          branch = branch + 1;
90627     +          output;
90629     +        end;
90630     +        else do;
90631     +          if missing(character_value) then do;
90632     +            numeric_value = round(numeric_value, &sp_precision);
90633     +            abovetext = ">= "||strip(NUMERIC_VALUE);
90634     +            origval = numeric_value;
90635     +          end;
90636     +          else do;
90637     +            abovetext = ">= "||strip(CHARACTER_VALUE);
90638     +            origval = character_value;
90639     +          end;
90640     +          branch = branch + 1;
90641     +          output;
90642     +        end;
90643     +      end;
90644     +    end;
90645     +    else do;
90646     +       if first.numeric_value then do;
90647     +         flag = 0;
90648     +         abovetext = strip(CHARACTER_VALUE);
90649     +         branch = numeric_value;
90650     +         if first.numeric_value AND last.numeric_value then do;
90651     +           output;
90652     +         end;
90653     +       end;
90654     +       else if last.numeric_value then do;
90655     +         if flag=0 then do;
90656     +           tempstring = strip(abovetext)||", "||strip(CHARACTER_VALUE);
90657     +           length = length(strip(tempstring));
90658     +           if length < 32 then do;
90659     +             abovetext = strip(tempstring);
90660     +           end;
90661     +           else do;
90662     +             abovetext = strip(abovetext)||", ...";
90663     +             flag = 1;
90664     +           end;
90665     +         end;
90666     +         branch = numeric_value;
90667     +         output;
90668     +       end;
90669     +       else do;
90670     +         if flag=0 then do;
90671     +           tempstring = strip(abovetext)||", "||strip(CHARACTER_VALUE);
90672     +           length = length(strip(tempstring));
90673     +           if length < 32 then do;
90674     +             abovetext = strip(tempstring);
90675     +           end;
90676     +           else do;
90677     +             abovetext = strip(abovetext)||", ...";
90678     +             flag=1;
90679     +           end;
90680     +         end;
90681     +         branch = numeric_value;
90682     +       end;
90683     +    end;
90684     +    keep parent branch abovetext;
90685     +  run;
90687     +  /* Missing value to abovetext */
90688     +  data tempmissing;
90689     +    set &EM_USER_OUTRULES;
90690     +    if ((ROLE="PRIMARY") AND (STAT in ("MISSING")));
90691     +    rename node=parent numeric_value=branch character_value=misschar;
90692     +  run;
90695     +  proc sort data=abovetext; by parent branch; run;
90696     +  proc sort data=tempmissing; by parent branch; run;
90697     +  proc sort data=&EM_USER_OUTNODES out=tempoutnodes; by parent branch; run;
90699     +  data tempoutnodes;
90700     +    merge abovetext tempoutNodes(drop=abovetext) tempmissing(in=_a);
90701     +    by parent branch;
90702     +    length traintotal validtotal 8;
90703     +    retain traintotal validtotal;
90705     +    if _a then do;
90706     +      if ^MISSING(abovetext) then do;
90707     +        abovetext= strip(abovetext)||" %sysfunc(sasmsg(sashelp.dmine, tree_ormiss_vlabel, noquote))";
90708     +      end;
90709     +      else do;
90710     +        abovetext = " %sysfunc(sasmsg(sashelp.dmine, tree_missonly_vlabel, noquote))";
90711     +      end;
90712     +    end;
90713     +    if MISSING(abovetext) then abovetext="%sysfunc(sasmsg(sashelp.dmine, tree_nonmiss_vlabel, noquote))";
90715     +    if node=1 then do;
90716     +      traintotal = N;
90717     +      validtotal=VN;
90718     +    end;
90720     +    drop role rank stat misschar belowtext;
90721     +  run;
90722     +  proc sort data=tempoutnodes; by node; run;
90723     +  proc sort data=belowtext; by node; run;
90725     +  data tempoutnodes;
90726     +    merge tempoutnodes belowtext;
90727     +    by node;
90729     +  run;
90731     +  /* determine if adjusted counts exists; if so, use these vs true counts */
90732     +  %let adjusted = N;
90733     +  %let npriors = 0;
90734     +  data _null_ ;
90735     +    set &EM_USER_outstats(where=(STATNAME="NPRIORS")) end=eof ;
90736     +    if eof then do ;
90737     +      call symput("npriors" , strip(put(_N_,best.))) ;
90738     +    end;
90739     +  run;
90740     +  %if &npriors gt 0 %then %let adjusted=Y;
90743     +  /* create a table with targetUsed and targetLevel columns for each node */
90744     +  data temptarmeta;
90745     +    set &EM_DATA_VARIABLESET(where=(ROLE='TARGET' AND LEVEL^='ORDINAL'
90746     +    %if &multipleTar eq N %then %do;
90747     +      AND USE in ('D', 'Y')
90748     +    %end;
90749     +    ));
90750     +    length TARGET $32;
90751     +    Target=name;
90752     +    keep target level;
90753     +  run;
90755     +  %if &multipleTar eq Y %then %do;
90756     +    data temptargetused;
90757     +      set &EM_USER_OUTSTATS(where=(STATNAME="TARGET"));
90758     +      keep node target;
90759     +    run;
90760     +    proc sort data=temptargetused; by target; run;
90761     +    proc sort data=temptarmeta; by target; run;
90762     +    data temptargetused;
90763     +      merge temptargetused(in=_a) temptarmeta(in=_b rename=(level=tarlevel));
90764     +      by target;
90765     +      if _a and _b;
90766     +    run;
90767     +  %end;
90768     +  %else %do;
90769     +    data temptargetused;
90770     +      set &EM_USER_OUTSTATS;
90771     +      length target $32 tarlevel $10;
90772     +      target="%EM_TARGET";
90773     +      tarlevel="%EM_TARGET_LEVEL";
90774     +      keep node target tarlevel;
90775     +    run;
90776     +    proc sort data=temptargetused nodupkey; by node; run;
90777     +  %end;
90779     +  /* merge this information back into outstats, keeping only stats for the target used in the tree */
90780     +  proc sort data=&EM_USER_OUTSTATS out=tempoutstats; by node; run;
90781     +  proc sort data=temptargetused; by node; run;
90784     +  /* create tables for all interval targets as well as all class targets */
90785     +  data tempinterval tempclass;
90786     +    merge tempoutstats temptargetused( rename=(target=targetused));
90787     +    by node;
90788     +    %if "&multipleTar" eq "Y" %then %do;
90789     +      if ((missing(Target)) OR (target=targetused ));
90790     +    %end;
90792     +    if tarlevel="INTERVAL" then output tempinterval;
90793     +    else output tempclass;
90794     +  run;
90796     +  /* initialize intTarget and classTarget flags */
90797     +  %let em_intNobs =0;
90798     +  %let em_classNobs = 0;
90799     +  %let em_intTarget= N;
90800     +  %let em_classTarget= N;
90802     +  proc sql;
90803     +    reset noprint;
90804     +    select count(*) into :em_intNobs from tempinterval;
90805     +  quit;
90806     +  proc sql;
90807     +    reset noprint;
90808     +    select count(*) into :em_classNobs from tempclass;
90809     +  quit;
90811     +  %if &em_intNobs gt 0 %then %let em_intTarget=Y;
90812     +  %if &em_classNobs gt 0 %then %let em_classTarget=Y;
90814     +  /* retrieve all information for interval targets */
90815     +  %if &em_intTarget eq Y %then %do;
90817     +    /* determine if leaf variable exists */
90818     +    %let dsid=%sysfunc(open(tempinterval,i));
90819     +    %let leafexists=%sysfunc(varnum(&dsid,LEAF));
90820     +    %let rc=%sysfunc(close(&dsid));
90822     +    proc transpose data=tempinterval
90823     +      %if &leafexists %then %do;
90824     +        (drop=leaf)
90825     +      %end;
90826     +      %if &validexist %then %do;
90827     +       out=tempinterval(keep=NODE N VALID: N PREDICTION VALID: PREDICTION RASE VALID: RASE rename=(VALID__N=VN VALID__PREDICTION=VPREDICTION VALID__RASE=VRASE)) ;
90828     +      %end;
90829     +      %else %do;
90830     +         out=tempinterval(keep=NODE N PREDICTION RASE ) ;
90831     +      %end;
90832     +      by node;
90833     +      id statname;
90834     +    run;
90835     +    data tempinterval;
90836     +      set tempinterval;
90837     +      if missing(N) then delete;
90838     +    run;
90839     +  %end;
90841     +  /* retrieve all information for class targets */
90842     +  %if &em_classTarget eq Y %then %do;
90843     +    proc sort data=tempclass; by node category; run;
90844     +    %if &validflag eq N %then %do;
90845     +      data tempn(keep=NODE STATVALUE) temppredict(Keep=NODE CATEGORY) tempprob(keep=NODE STATVALUE CATEGORY TARGET )
90846     +           tempprofit(KEEP=NODE STATVALUE CATEGORY  ) temploss(KEEP=NODE STATVALUE CATEGORY  );
90847     +    %end;
90848     +    %else %do;
90849     +     data tempn(keep=NODE STATVALUE STATNAME) temppredict(Keep=NODE CATEGORY) tempprob(keep=NODE STATVALUE CATEGORY TARGET ) tempvprob(keep=NODE STATVALUE CATEGORY TARGET )
90850     +          tempprofit(KEEP=NODE STATVALUE STATNAME CATEGORY ) temploss(KEEP=NODE STATVALUE STATNAME CATEGORY );
90851     +    %end;
90852     +      set tempclass;
90854     +      %if &validflag eq N %then %do;
90855     +        %if "&adjusted" eq "N" %then %do;
90856     +          if statname="N" then output tempn;
90857     +        %end;
90858     +        %else %do;
90859     +          if statname="NPRIORS" then output tempn;
90860     +        %end;
90861     +        else if statname="PREDICTION" then output temppredict;
90862     +        else if statname="PROBABILITY" then output tempprob;
90863     +        else if statname="ALTERNATIVE PROFIT" then output tempprofit;
90864     +        else if statname="ALTERNATIVE LOSS" then output temploss;
90865     +      %end;
90866     +      %else %do;
90867     +        %if "&adjusted" eq "N" %then %do;
90868     +          if ((statname="N") OR (statname="VALID: N")) then output tempn;
90869     +        %end;
90870     +        %else %do;
90871     +          if ((statname="NPRIORS") or (statname="VALID: NPRIORS") ) then output tempn;
90872     +        %end;
90873     +        else if statname="PREDICTION" then output temppredict;
90874     +        else if statname="PROBABILITY" then output tempprob;
90875     +        else if statname="VALID: PROBABILITY" then output tempvprob;
90876     +        else if ((statname="ALTERNATIVE PROFIT") or (statname="VALID: ALTERNATIVE PROFIT")) then output tempprofit;
90877     +        else if ((statname="ALTERNATIVE LOSS") OR (statname="VALID: ALTERNATIVE LOSS")) then output temploss;
90878     +      %end;
90879     +    run;
90882     +    /* determine if profit/loss exists in tempprofit */
90883     +    %let em_profitflag=0;
90884     +    %let em_lossflag=0;
90885     +    proc sql;
90886     +      reset noprint;
90887     +      select count(*) into :em_profitflag from tempprofit;
90888     +    quit;
90889     +    proc sql;
90890     +      reset noprint;
90891     +      select count(*) into :em_lossflag from temploss;
90892     +    quit;
90894     +    %if &validFlag eq Y %then %do;
90895     +      proc transpose data=tempn
90896     +        %if "&adjusted" eq "N" %then %do;
90897     +           out=tempn(keep=node N VALID__N rename=(VALID__N=VN));
90898     +        %end;
90899     +        %else %do;
90900     +           out=tempn(keep=node NPRIORS VALID__NPRIORS rename=( VALID__NPRIORS=VNPRIORS));
90901     +        %end;
90902     +        by node;
90903     +        id statname;
90904     +      run;
90905     +      %if &em_profitflag ne 0 %then %do;
90906     +        proc transpose data=tempprofit out=tempprofit;
90907     +          by node category;
90908     +          id statname ;
90909     +        run;
90910     +      %end;
90911     +      %if &em_lossflag ne 0 %then %do;
90912     +        proc transpose data=temploss out=temploss;
90913     +          by node category;
90914     +          id statname ;
90915     +        run;
90916     +      %end;
90917     +      data tempprob;
90918     +        merge tempprob tempvprob(rename=(statvalue=vstatvalue));
90919     +        by node
90920     +        %if &multipleTar eq Y %then %do;
90921     +          target
90922     +        %end;
90923     +        category;
90924     +      run;
90925     +    %end;
90927     +    /* store percentcorrect value */
90928     +    data temppredict;
90929     +      merge tempprob temppredict(in=_a);
90930     +      by node category;
90931     +      if _a then do;
90932     +        percentCorrect = statvalue;
90933     +        %if &validFlag eq Y %then %do;
90934     +          vpercentCorrect= vstatvalue;
90935     +        %end;
90936     +      end;
90937     +      label percentCorrect="%sysfunc(sasmsg(sashelp.dmine, rpt_percentcorrect_vlabel, noquote))"
90938     +      %if &validFlag eq Y %then %do;
90939     +         vpercentCorrect="%sysfunc(sasmsg(sashelp.dmine, rpt_vpercentcorrect_vlabel, noquote))"
90940     +      %end;
90941     +      ;
90942     +      if missing(percentCorrect) then delete;
90943     +      drop target;
90944     +    run;
90946     +    /* build profittext */
90947     +    %if ((&em_profitflag ne 0) OR (&em_lossflag ne 0)) %then %do;
90948     +      data tempprofittext(keep= node profittext profitloss);
90949     +        length profittext $800 profitloss 8.;
90950     +        retain profittext profitloss;
90952     +        merge tempprob
90953     +        %if &em_profitflag ne 0 %then %do;
90954     +          tempprofit
90955     +        %end;
90956     +        %else %if &em_lossflag ne 0 %then %do;
90957     +          temploss
90958     +        %end;
90959     +        ;
90960     +        by node category;
90962     +        /* EVENT ONLY IS NOT AVAILABLE FOR MULTIPLE TARGETS AS ONLY PRIMARY TARGET IS IN EM_TARGETDECINFO TO RETRIEVE EVENT LEVEL */
90963     +        %let profittype = &EM_PROPERTY_PROFITLOSS;
90964     +        %if ((&multipleTar eq Y) AND ("&EM_PROPERTY_PROFITLOSS" eq "EVENT"))  %then %do;
90965     +          %let profittype = ALL;
90966     +        %end;
90968     +        /* create the profitloss variable for nodecolor if selected */
90969     +        label profitloss="%sysfunc(sasmsg(sashelp.dmine, rpt_profitloss_vlabel, noquote))";
90971     +        %if "&profittype" eq "ALL" %then %do;
90972     +          if strip(CATEGORY)="&targetEvent" then do;
90973     +            profitloss=statvalue;
90974     +          end;
90975     +          if first.node then do;
90976     +            %if &validFlag eq N %then %do;
90977     +             %if &em_profitflag ne 0 %then %do;
90978     +                 profittext="%sysfunc(sasmsg(sashelp.dmine, rpt_profit_vlabel, noquote )): "||strip(CATEGORY)||": "||"09"x||put(STATVALUE, 14.&EM_PROPERTY_SPLITPRECISION);
90979     +             %end;
90980     +             %if &em_lossflag ne 0 %then %do;
90981     +                 profittext="%sysfunc(sasmsg(sashelp.dmine, rpt_loss_vlabel, noquote )): "||strip(CATEGORY)||": "||"09"x||put(STATVALUE, 14.&EM_PROPERTY_SPLITPRECISION);
90982     +             %end;
90983     +            %end;
90984     +            %else %do;
90985     +             %if &em_profitflag ne 0 %then %do;
90986     +                profittext="%sysfunc(sasmsg(sashelp.dmine, rpt_profit_vlabel, noquote )): "||strip(CATEGORY)||": "||"09"x||put(ALTERNATIVE_PROFIT, 14.&EM_PROPERTY_SPLITPRECISION)||"09"x||put(VALID__ALTERNATIVE_PROFIT,
90986    !+14.&EM_PROPERTY_SPLITPRECISION);
90987     +             %end;
90988     +             %if &em_lossflag ne 0 %then %do;
90989     +                profittext="%sysfunc(sasmsg(sashelp.dmine, rpt_loss_vlabel, noquote )): "||strip(CATEGORY)||": "||"09"x||put(ALTERNATIVE_LOSS, 14.&EM_PROPERTY_SPLITPRECISION)||"09"x||put(VALID__ALTERNATIVE_LOSS, 14.&EM_PROPERTY_SPLITPRECISION);
90990     +             %end;
90991     +            %end;
90992     +          end;
90993     +          else if last.node then do;
90994     +            %if &validFlag eq N %then %do;
90995     +             %if &em_profitflag ne 0 %then %do;
90996     +                 profittext=strip(profittext)||"0A"x||"%sysfunc(sasmsg(sashelp.dmine, rpt_profit_vlabel, noquote )): "||strip(CATEGORY)||": "||"09"x||put(STATVALUE, 14.&EM_PROPERTY_SPLITPRECISION);
90997     +             %end;
90998     +             %if &em_lossflag ne 0 %then %do;
90999     +                 profittext=strip(profittext)||"0A"x||"%sysfunc(sasmsg(sashelp.dmine, rpt_loss_vlabel, noquote )): "||strip(CATEGORY)||": "||"09"x||put(STATVALUE, 14.&EM_PROPERTY_SPLITPRECISION);
91000     +             %end;
91001     +             /*if CATEGORY="&targetEvent" then do;
91002     +               profitloss=statvalue;
91003     +             end;*/
91004     +            %end;
91005     +            %else %do;
91006     +             %if &em_profitflag ne 0 %then %do;
91007     +                profittext=strip(profittext)||"0A"x||"%sysfunc(sasmsg(sashelp.dmine, rpt_profit_vlabel, noquote )): "||strip(CATEGORY)||": "||"09"x||put(ALTERNATIVE_PROFIT, 14.&EM_PROPERTY_SPLITPRECISION)||"09"x||put(VALID__ALTERNATIVE_PROFIT,
91007    !+14.&EM_PROPERTY_SPLITPRECISION);
91008     +                if CATEGORY="&targetEvent" then do;
91009     +                 profitloss=ALTERNATIVE_PROFIT;
91010     +                end;
91011     +             %end;
91012     +             %if &em_lossflag ne 0 %then %do;
91013     +                profittext=strip(profittext)||"0A"x||"%sysfunc(sasmsg(sashelp.dmine, rpt_loss_vlabel, noquote )): "||strip(CATEGORY)||": "||"09"x||put(ALTERNATIVE_LOSS, 14.&EM_PROPERTY_SPLITPRECISION)||"09"x||put(VALID__ALTERNATIVE_LOSS,
91013    !+14.&EM_PROPERTY_SPLITPRECISION);
91014     +                if CATEGORY="&targetEvent" then do;
91015     +                  profitloss=ALTERNATIVE_LOSS;
91016     +                end;
91017     +             %end;
91018     +            %end;
91019     +            output;
91020     +          end;
91021     +          else do;
91022     +            %if &validFlag eq N %then %do;
91023     +             %if &em_profitflag ne 0 %then %do;
91024     +                 profittext=strip(profittext)||"0A"x||"%sysfunc(sasmsg(sashelp.dmine, rpt_profit_vlabel, noquote )): "||strip(CATEGORY)||": "||"09"x||put(STATVALUE, 14.&EM_PROPERTY_SPLITPRECISION);
91025     +             %end;
91026     +             %if &em_lossflag ne 0 %then %do;
91027     +                 profittext=strip(profittext)||"0A"x||"%sysfunc(sasmsg(sashelp.dmine, rpt_loss_vlabel, noquote )): "||strip(CATEGORY)||": "||"09"x||put(STATVALUE, 14.&EM_PROPERTY_SPLITPRECISION);
91028     +             %end;
91029     +            %end;
91030     +            %else %do;
91031     +             %if &em_profitflag ne 0 %then %do;
91032     +                profittext=strip(profittext)||"0A"x||"%sysfunc(sasmsg(sashelp.dmine, rpt_profit_vlabel, noquote )): "||strip(CATEGORY)||": "||"09"x||put(ALTERNATIVE_PROFIT, 14.&EM_PROPERTY_SPLITPRECISION)||"09"x||put(VALID__ALTERNATIVE_PROFIT,
91032    !+14.&EM_PROPERTY_SPLITPRECISION);
91033     +             %end;
91034     +             %if &em_lossflag ne 0 %then %do;
91035     +                profittext=strip(profittext)||"0A"x||"%sysfunc(sasmsg(sashelp.dmine, rpt_loss_vlabel, noquote )): "||strip(CATEGORY)||": "||"09"x||put(ALTERNATIVE_LOSS, 14.&EM_PROPERTY_SPLITPRECISION)||"09"x||put(VALID__ALTERNATIVE_LOSS,
91035    !+14.&EM_PROPERTY_SPLITPRECISION);
91036     +             %end;
91037     +            %end;
91038     +          end;
91039     +        %end;
91040     +        %else %if (("&profittype" eq "EVENT") AND ("&targetEvent" ne "" )) %then %do;
91041     +          if strip(CATEGORY) = "&targetevent" then do;
91042     +            %if &validFlag eq N %then %do;
91043     +             %if &em_profitflag ne 0 %then %do;
91044     +                 profittext="%sysfunc(sasmsg(sashelp.dmine, rpt_profit_vlabel, noquote )): "||strip(CATEGORY)||": "||"09"x||put(STATVALUE, 14.&EM_PROPERTY_SPLITPRECISION);
91045     +             %end;
91046     +             %if &em_lossflag ne 0 %then %do;
91047     +                 profittext="%sysfunc(sasmsg(sashelp.dmine, rpt_loss_vlabel, noquote )): "||strip(CATEGORY)||": "||"09"x||put(STATVALUE, 14.&EM_PROPERTY_SPLITPRECISION);
91048     +             %end;
91049     +             profitloss=statvalue;
91050     +            %end;
91051     +            %else %do;
91052     +             %if &em_profitflag ne 0 %then %do;
91053     +                profittext="%sysfunc(sasmsg(sashelp.dmine, rpt_profit_vlabel, noquote )): "||strip(CATEGORY)||": "||"09"x||put(ALTERNATIVE_PROFIT, 14.&EM_PROPERTY_SPLITPRECISION)||"09"x||put(VALID__ALTERNATIVE_PROFIT,
91053    !+14.&EM_PROPERTY_SPLITPRECISION);
91054     +                profitloss=ALTERNATIVE_PROFIT;
91055     +             %end;
91056     +             %if &em_lossflag ne 0 %then %do;
91057     +                profittext="%sysfunc(sasmsg(sashelp.dmine, rpt_loss_vlabel, noquote )): "||strip(CATEGORY)||": "||"09"x||put(ALTERNATIVE_LOSS, 14.&EM_PROPERTY_SPLITPRECISION)||"09"x||put(VALID__ALTERNATIVE_LOSS, 14.&EM_PROPERTY_SPLITPRECISION);
91058     +                profitloss=ALTERNATIVE_LOSS;
91059     +             %end;
91060     +            %end;
91061     +            output;
91062     +          end;
91063     +        %end;
91064     +        %else %if (("&profittype" eq "NONE") AND ("&targetEvent" ne "" )) %then %do;
91065     +          if strip(CATEGORY) = "&targetevent" then do;
91066     +            %if &validFlag eq N %then %do;
91067     +             profitloss=statvalue;
91068     +            %end;
91069     +            %else %do;
91070     +             %if &em_profitflag ne 0 %then %do;
91071     +                profitloss=ALTERNATIVE_PROFIT;
91072     +             %end;
91073     +             %if &em_lossflag ne 0 %then %do;
91074     +                profitloss=ALTERNATIVE_LOSS;
91075     +             %end;
91076     +            %end;
91077     +            output;
91078     +          end;
91079     +        %end;
91080     +      run;
91081     +    %end;
91083     +    data tempprob(keep= node probtext);
91084     +      length probtext $800;
91085     +      retain probtext;
91086     +      set tempprob ;
91087     +      by node;
91089     +      /* EVENT ONLY IS NOT AVAILABLE FOR MULTIPLE TARGETS AS ONLY PRIMARY TARGET IS IN EM_TARGETDECINFO TO RETRIEVE EVENT LEVEL */
91090     +      %let probtype = &EM_PROPERTY_TARGET;
91091     +      %if ((&multipleTar eq Y) AND ("&EM_PROPERTY_TARGET" eq "EVENT"))  %then %do;
91092     +        %let probtype = ALL;
91093     +      %end;
91095     +      %if "&probtype" eq "ALL" %then %do;
91096     +        if first.node then do;
91097     +          %if &validFlag eq N %then %do;
91098     +            probtext=strip(CATEGORY)||": "||"09"x||put(statvalue, percent10.2);
91099     +          %end;
91100     +          %else %do;
91101     +            probtext=strip(CATEGORY)||": "||"09"x||put(statvalue, percent10.2)||"09"x||put(vstatvalue, percent10.2);
91102     +          %end;
91103     +        end;
91104     +        else if last.node then do;
91105     +          %if &validFlag eq N %then %do;
91106     +            probtext=strip(probtext)||"0A"x||strip(CATEGORY)||": "||"09"x||put(statvalue, percent10.2);
91107     +          %end;
91108     +          %else %do;
91109     +            probtext=strip(probtext)||"0A"x||strip(CATEGORY)||": "||"09"x||put(statvalue, percent10.2)||"09"x||put(vstatvalue, percent10.2);
91110     +          %end;
91111     +          output;
91112     +        end;
91113     +        else do;
91114     +          %if &validFlag eq N %then %do;
91115     +            probtext=strip(probtext)||"0A"x||strip(CATEGORY)||": "||"09"x||put(statvalue, percent10.2);
91116     +          %end;
91117     +          %else %do;
91118     +            probtext=strip(probtext)||"0A"x||strip(CATEGORY)||": "||"09"x||put(statvalue, percent10.2)||"09"x||put(vstatvalue, percent10.2);
91119     +          %end;
91120     +        end;
91121     +      %end;
91122     +      %else %if (("&probtype" eq "EVENT") AND ("&targetEvent" ne "" )) %then %do;
91123     +        if strip(CATEGORY) = "&targetevent" then do;
91124     +          %if &validFlag eq N %then %do;
91125     +            probtext=strip(CATEGORY)||": "||"09"x||put(statvalue, percent10.2);
91126     +          %end;
91127     +          %else %do;
91128     +            probtext=strip(CATEGORY)||": "||"09"x||put(statvalue, percent10.2)||"09"x||put(vstatvalue, percent10.2);
91129     +          %end;
91130     +          output;
91131     +        end;
91132     +      %end;
91133     +      %else %if "&probtype" eq "NONE" %then %do;
91134     +        if last.node then do;
91135     +          output;
91136     +        end;
91137     +      %end;
91138     +    run;
91139     +  %end;
91141     +  proc sort data=tempoutnodes out=tempoutnodes; by node; run;
91143     +  %let oldexists=0;
91144     +  %if %sysfunc(exist(&EM_USER_TREE_PLOT)) %then %do;
91145     +     data old_tree_plot;
91146     +        set &EM_USER_TREE_PLOT(keep=node nodecolor);
91147     +        rename nodecolor=oldnodecolor;
91148     +     run;
91150     +     proc sort data=old_tree_plot;
91151     +        by node;
91152     +     run;
91154     +     %let oldexists=1;
91155     +  %end;
91157     +  data &EM_USER_TREE_PLOT;
91158     +    length textall $800;
91159     +    merge tempoutnodes temptargetused
91161     +    %if &em_intTarget eq Y %then %do;
91162     +      tempinterval
91163     +    %end;
91165     +    %if &em_classTarget eq Y %then %do;
91167     +      %if &validFlag eq N %then %do;
91168     +        tempn(rename=(statvalue=N))
91169     +      %end;
91170     +      %else %do;
91171     +        tempn
91172     +      %end;
91174     +      temppredict tempprob
91176     +      %if ((&em_profitflag ne 0) OR (&em_lossflag ne 0)) %then %do;
91177     +        tempprofittext
91178     +      %end;
91179     +    %end;
91180     +    ;
91181     +    by node;
91183     +    /* build nodetext based on user selection */
91184     +    textall="";
91186     +    %if &em_intTarget eq Y %then %do;
91187     +    if tarlevel="INTERVAL" then do;
91188     +      /* Nodeid */
91189     +      %if "&EM_PROPERTY_SHOWNODEID" eq "Y" %then %do;
91190     +        textall=strip(textall)||"0A"x||"%sysfunc(sasmsg(sashelp.dmine, rpt_nodeId_vlabel, noquote )): "||"09"x||strip(Node);
91191     +      %end;
91193     +      /* Target identifier if multiple targets are used */
91194     +      %if "&multipleTar" eq "Y" %then %do;
91195     +        textall=strip(textall)||"0A"x||"%sysfunc(sasmsg(sashelp.dmine, rpt_target_title, noquote, )) "||"09"x||strip(target);
91196     +      %end;
91198     +      %if &validFlag eq Y %then %do;
91199     +         /* Column labels displayed in validflag eq Y only */
91200     +         %if (("&EM_PROPERTY_AVG" eq "Y") OR ("&EM_PROPERTY_RASE" eq "Y") OR ("&EM_PROPERTY_COUNT" eq "Y")) %then %do;
91201     +           textall=strip(textall)||"0A"x||"%sysfunc(sasmsg(sashelp.dmine, rpt_rptstatistic_vlabel, noquote)) "||"09"x||"%sysfunc(sasmsg(sashelp.dmine, rpt_train_vlabel , noquote ))" ||"09"x|| "%sysfunc(sasmsg(sashelp.dmine, rpt_validate_vlabel ,
91201    !+ noquote ))";
91202     +         %end;
91204     +         /* Average values */
91205     +         %if "&EM_PROPERTY_AVG" eq "Y" %then %do;
91206     +           textall=strip(textall)||"0A"x||"%sysfunc(sasmsg(sashelp.dmine, rpt_average_vlabel, noquote)): "||"09"x||put(PREDICTION, 14.&EM_PROPERTY_SPLITPRECISION)||"09"x||put(VPREDICTION, 14.&EM_PROPERTY_SPLITPRECISION);
91207     +         %end;
91209     +         /* RASE */
91210     +         %if "&EM_PROPERTY_RASE" eq "Y" %then %do;
91211     +           textall=strip(textall)||"0A"x||"%sysfunc(sasmsg(sashelp.dmine, rpt_rase_vlabel, noquote)): "||"09"x||put(RASE, 14.&EM_PROPERTY_SPLITPRECISION)||"09"x||put(VRASE, 14.&EM_PROPERTY_SPLITPRECISION);
91212     +         %end;
91214     +         /* Count */
91215     +         %if "&EM_PROPERTY_COUNT" eq "Y" %then %do;
91216     +           textall=strip(textall)||"0A"x||" %sysfunc(sasmsg(sashelp.dmine, rpt_rptcount_vlabel, noquote )): "||"09"x||strip(N)||"09"x||strip(VN);
91217     +         %end;
91218     +      %end;
91219     +      %else %do;
91220     +         /* Average values */
91221     +         %if "&EM_PROPERTY_AVG" eq "Y" %then %do;
91222     +           textall=strip(textall)||"0A"x||"%sysfunc(sasmsg(sashelp.dmine, rpt_average_vlabel, noquote)): "||"09"x||put(PREDICTION, 14.&EM_PROPERTY_SPLITPRECISION);
91223     +         %end;
91225     +         /* RASE */
91226     +         %if "&EM_PROPERTY_RASE" eq "Y" %then %do;
91227     +           textall=strip(textall)||"0A"x||"%sysfunc(sasmsg(sashelp.dmine, rpt_rase_vlabel, noquote)): "||"09"x||put(RASE, 14.&EM_PROPERTY_SPLITPRECISION);
91228     +         %end;
91230     +         /* Count */
91231     +         %if "&EM_PROPERTY_COUNT" eq "Y" %then %do;
91232     +           textall=strip(textall)||"0A"x||" %sysfunc(sasmsg(sashelp.dmine, rpt_rptcount_vlabel, noquote )): "||"09"x||strip(N);
91233     +         %end;
91234     +      %end;
91236     +      /* nodecolor */
91237     +      %if "&EM_PROPERTY_INTCOLORBY" eq "AVG" %then %do;
91238     +        nodecolor=PREDICTION;
91239     +      %end;
91240     +      %else %if "&EM_PROPERTY_INTCOLORBY" eq "RASE" %then %do;
91241     +        nodecolor=RASE;
91242     +      %end;
91243     +      %else %if "&EM_PROPERTY_INTCOLORBY" eq "SINGLE" %then %do;
91244     +        nodecolor=1;
91245     +      %end;
91247     +    end;
91248     +    %end;
91249     +    %if &em_classTarget eq Y %then %do;
91250     +    if tarlevel^="INTERVAL" then  do;
91252     +      /* Nodeid */
91253     +      %if "&EM_PROPERTY_SHOWNODEID" eq "Y" %then %do;
91254     +        textall=strip(textall)||"0A"x||"%sysfunc(sasmsg(sashelp.dmine, rpt_nodeId_vlabel, noquote )): "||"09"x||strip(Node);
91255     +      %end;
91256     +      /* Target identifier if multiple targets are used */
91257     +      %if "&multipleTar" eq "Y" %then %do;
91258     +        textall=strip(textall)||"0A"x||"%sysfunc(sasmsg(sashelp.dmine, rpt_target_title, noquote, )) "||"09"x||strip(target);
91259     +      %end;
91261     +      /* Predicted values */
91262     +      %if "&EM_PROPERTY_PRED" eq "Y" %then %do;
91263     +        textall=strip(textall)||"0A"x||"%sysfunc(sasmsg(sashelp.dmine, rpt_pls_score_predvalue, noquote, )): "||"09"x||strip(CATEGORY);
91264     +      %end;
91266     +      /* Column labels displayed in validflag eq Y only */
91267     +      %if "&ValidFlag" eq "Y" %then %do;
91268     +        %if (("&EM_PROPERTY_TARGET" ne "NONE") OR ("&EM_PROPERTY_PROFITLOSS" ne "NONE") OR ("&EM_PROPERTY_PERCENTCORRECT" eq "Y") OR ("&EM_PROPERTY_COUNT" eq "Y")) %then %do;
91269     +           textall=strip(textall)||"0A"x||"%sysfunc(sasmsg(sashelp.dmine, rpt_rptstatistic_vlabel, noquote)) "||"09"x||"%sysfunc(sasmsg(sashelp.dmine, rpt_train_vlabel , noquote ))" ||"09"x|| "%sysfunc(sasmsg(sashelp.dmine, rpt_validate_vlabel ,
91269    !+ noquote ))";
91270     +        %end;
91271     +      %end;
91273     +      /* Target Values */
91274     +      %if "&EM_PROPERTY_TARGET" ne "NONE" %then %do;
91275     +        textall=strip(textall)||"0A"x||strip(probtext);
91276     +      %end;
91278     +      /* include profit or loss for all target levels */
91279     +      %if ( "&EM_PROPERTY_PROFITLOSS" ne "NONE" AND ((&em_profitflag ne 0) OR (&em_lossflag ne 0))) %then %do;
91280     +        textall=strip(textall)||"0A"x||strip(profittext);
91281     +      %end;
91283     +      %if &validFlag eq N %then %do;
91284     +        /* Percent Correct */
91285     +        %if "&EM_PROPERTY_PERCENTCORRECT" eq "Y" %then %do;
91286     +          textall=strip(textall)||"0A"x||"Percent Correct: "||"09"x||strip(put(percentcorrect, percent10.2));
91287     +        %end;
91289     +         /* Count */
91290     +         %if "&EM_PROPERTY_COUNT" eq "Y" %then %do;
91291     +          %if "&adjusted" eq "N" %then %do;
91292     +            textall=strip(textall)||"0A"x||" %sysfunc(sasmsg(sashelp.dmine, rpt_rptcount_vlabel, noquote )): "||"09"x||strip(put(N, best12.));
91293     +          %end;
91294     +          %else %do;
91295     +            textall=strip(textall)||"0A"x||" %sysfunc(sasmsg(sashelp.dmine, rpt_rptcount_vlabel, noquote )): "||"09"x||strip(put(NPRIORS, 15.&EM_PROPERTY_SPLITPRECISION));
91296     +          %end;
91297     +         %end;
91298     +      %end;
91299     +      %else %do;
91300     +        /* Percent Correct */
91301     +        %if "&EM_PROPERTY_PERCENTCORRECT" eq "Y" %then %do;
91302     +          textall=strip(textall)||"0A"x||"Percent Correct: "||"09"x||strip(put(percentcorrect, percent10.2))||"09"x||strip(put(vpercentcorrect, percent10.2));
91303     +        %end;
91305     +         /* Count */
91306     +         %if "&EM_PROPERTY_COUNT" eq "Y" %then %do;
91307     +          %if "&adjusted" eq "N" %then %do;
91308     +           textall=strip(textall)||"0A"x||" %sysfunc(sasmsg(sashelp.dmine, rpt_rptcount_vlabel, noquote )): "||"09"x||strip(put(N, best12.))||"09"x||strip(put(VN, best12.));
91309     +          %end;
91310     +          %else %do;
91311     +           textall=strip(textall)||"0A"x||" %sysfunc(sasmsg(sashelp.dmine, rpt_rptcount_vlabel, noquote )): "||"09"x||strip(put(NPRIORS,15.&EM_PROPERTY_SPLITPRECISION))||"09"x||strip(put(VNPRIORS,15.&EM_PROPERTY_SPLITPRECISION));
91312     +          %end;
91313     +         %end;
91314     +      %end;
91316     +      /* nodecolor */
91317     +      %if "&EM_PROPERTY_CLASSCOLORBY" eq "PERCENTEVENT" %then %do;
91318     +       %if &multipleTar ne Y %then %do;
91319     +        nodecolor=&predTarget;
91320     +       %end;
91321     +       %else %do;
91322     +         nodecolor=percentcorrect;
91323     +       %end;
91324     +      %end;
91325     +      %else %if "&EM_PROPERTY_CLASSCOLORBY" eq "PERCENTCORRECT" %then %do;
91326     +        nodecolor=percentcorrect;
91327     +      %end;
91328     +      %else %if "&EM_PROPERTY_CLASSCOLORBY" eq "SINGLE" %then %do;
91329     +        nodecolor=1;
91330     +      %end;
91331     +      %else %if "&EM_PROPERTY_CLASSCOLORBY" eq "PROFITLOSS" %then %do;
91332     +        %if ((&em_profitflag eq 0) AND (&em_lossflag eq 0)) %then %do;
91333     +          nodecolor=percentcorrect;
91334     +        %end;
91335     +        %else %do;
91336     +          nodecolor=profitloss;
91337     +        %end;
91338     +      %end;
91340     +    end;
91341     +    %end;
91342     +    %if &em_intTarget eq Y %then %do;
91343     +     drop  PREDICTION  TARGET TARLEVEL
91344     +     %if &ValidFlag eq Y %then %do;
91345     +         VPREDICTION
91346     +     %end;
91347     +     ;
91348     +    %end;
91349     +    %if &em_classTarget eq Y %then %do;
91350     +     drop CATEGORY PROBTEXT  TARGET TARLEVEL STATVALUE
91351     +     %if &ValidFlag eq Y %then %do;
91352     +         VSTATVALUE
91353     +     %end;
91354     +     ;
91355     +    %end;
91357     +  run;
91359     +  /* add leaf index information to plotds - based on primary target only*/
91360     +  %if "%EM_TARGET_LEVEL" ne "INTERVAL" %then %do;
91361     +    data tempprob(keep=node statname statvalue rename=(statvalue=&predTarget));
91362     +      set &EM_USER_OUTSTATS;
91363     +      if ((statname="PROBABILITY"
91364     +      %if &validexist %then %do;
91365     +       or statname="VALID: PROBABILITY"
91366     +      %end;
91367     +      ) AND (CATEGORY="&TARGETEVENT")
91368     +      %if "&multipleTar" eq "Y" %then %do;
91369     +        AND (Target="%EM_TARGET")
91370     +      %end;
91371     +      );
91372     +    run;
91374     +    %if &validexist %then %do;
91375     +      proc sort data=tempprob; by node; run;
91376     +      %let vpredTarget = V%substr(&predTarget, 2);
91377     +      proc transpose data=tempprob out=tempprob(keep=NODE PROBABILITY VALID__PROBABILITY rename=(PROBABILITY=&predTarget VALID__PROBABILITY=&vpredTarget));
91378     +         by node;
91379     +         id statname;
91380     +      run;
91381     +    %end;
91382     +  %end;
91383     +  %else %do;
91384     +    data tempprob(keep=node statname statvalue rename=(statvalue=&predTarget));
91385     +      set &EM_USER_OUTSTATS;
91386     +      if ((statname="PREDICTION"
91387     +      %if &validexist %then %do;
91388     +       or statname="VALID: PREDICTION"
91389     +      %end;
91390     +      )
91391     +      %if "&multipleTar" eq "Y" %then %do;
91392     +        AND (Target="%EM_TARGET")
91393     +      %end;
91394     +      );
91395     +    run;
91396     +    %if &validexist %then %do;
91397     +      proc sort data=tempprob; by node; run;
91398     +      %let vpredTarget = V%substr(&predTarget, 2);
91399     +      proc transpose data=tempprob out=tempprob(keep=NODE PREDICTION VALID__PREDICTION rename=(PREDICTION=&predTarget VALID__PREDICTION=&vpredTarget));
91400     +         by node;
91401     +         id statname;
91402     +      run;
91403     +    %end;
91404     +  %end;
91406     +  proc sort data=tempprob; by node; run;
91407     +  data tempoutnodes;
91408     +    merge tempoutnodes tempprob;
91409     +    by node;
91410     +  run;
91412     +  proc sort data=tempoutnodes out=tempnodes; by descending &predTarget; run;
91413     +  data tempnodes;
91414     +    retain traintotal validtotal;
91415     +    set tempnodes(where=(leaf ne . ));
91416     +    tprob=round(&predTarget, .01);
91417     +    %if "%EM_TARGET_LEVEL" ne "INTERVAL" %then %do;
91418     +      percevent_train=round(tprob*100, .01);
91419     +    %end;
91420     +    %else %do;
91421     +      percevent_train=tprob;
91422     +    %end;
91424     +    perc_train=round((n/traintotal)*100, 0.01);
91425     +    /* leafwidth already has a *10 multiplier */
91426     +    if missing(perc_train) then perc_train = round(linkwidth*10, 0.01);
91428     +    %if &validexist %then %do;
91429     +      %let vpredTarget = V%substr(&predTarget,2);
91430     +      vprob=round(&vpredTarget, .01);
91431     +      %if "%EM_TARGET_LEVEL" ne "INTERVAL" %then %do;
91432     +        percevent_valid=round(vprob*100, .01);
91433     +      %end;
91434     +      %else %do;
91435     +        percevent_valid=vprob;
91436     +      %end;
91437     +      perc_valid=round((vn/validtotal)*100, .01);
91438     +    %end;
91440     +    index=_N_;
91441     +    keep node index tprob perc_train percevent_train
91442     +    %if &validexist %then %do;
91443     +        vprob percevent_valid perc_valid
91444     +    %end;
91445     +    ;
91446     +  run;
91447     +  proc sort data=tempnodes; by node; run;
91448     +  data &EM_USER_TREE_PLOT;
91449     +    merge &EM_USER_TREE_PLOT tempnodes %if &oldexists %then old_tree_plot;;
91450     +    by node;
91451     +    if missing(node) then delete;
91452     +    %if &oldexists %then %do;
91453     +      if missing(nodecolor) then nodecolor=oldnodecolor;
91454     +      drop oldnodecolor;
91455     +    %end;
91456     +    abovetext = compbl(abovetext);
91458     +    /* add variable labels */
91459     +    label textall      = "%sysfunc(sasmsg(sashelp.dmine, rpt_textall_vlabel, noquote))"
91460     +          parent       = "%sysfunc(sasmsg(sashelp.dmine, rpt_parentId_vlabel, noquote))"
91461     +          node         = "%sysfunc(sasmsg(sashelp.dmine, rpt_nodeid_vlabel, noquote))"
91462     +          abovetext    = "%sysfunc(sasmsg(sashelp.dmine, rpt_abovetext_vlabel, noquote))"
91463     +          traintotal   = "%sysfunc(sasmsg(sashelp.dmine, rpt_traintotal_vlabel, noquote))"
91464     +          nodecolor    = "%sysfunc(sasmsg(sashelp.dmine, rpt_nodecolor_vlabel, noquote))"
91466     +          %if "%EM_TARGET_LEVEL" ne "INTERVAL" %then %do;
91467     +            tprob        = "%sysfunc(sasmsg(sashelp.dmine, rpt_prob_vlabel, noquote, %nrbquote(&targetEvent)))"
91468     +            percevent_train = "%sysfunc(sasmsg(sashelp.dmine, rpt_percevent_train_vlabel, noquote))"
91469     +            perc_train      = "%sysfunc(sasmsg(sashelp.dmine, rpt_perc_train_vlabel, noquote))"
91470     +          %end;
91471     +          %else %do;
91472     +            tprob           = "%sysfunc(sasmsg(sashelp.dmine, rpt_average_vlabel, noquote))"
91473     +            percevent_train = "%sysfunc(sasmsg(sashelp.dmine, rpt_perc_int_train_vlabel, noquote))"
91474     +            perc_train = "%sysfunc(sasmsg(sashelp.dmine, rpt_perc_train_vlabel, noquote))"
91475     +          %end;
91476     +          index           = "%sysfunc(sasmsg(sashelp.dmine, meta_index_vlabel, noquote))"
91478     +          validtotal      = "%sysfunc(sasmsg(sashelp.dmine, rpt_validtotal_vlabel, noquote))"
91479     +          VN              = "%sysfunc(sasmsg(sashelp.dmine, rpt_validn_vlabel, noquote))"
91480     +          %if "%EM_TARGET_LEVEL" ne "INTERVAL" %then %do;
91481     +            vprob           = "%sysfunc(sasmsg(sashelp.dmine, rpt_vprob_vlabel, noquote, %nrbquote(&targetEvent)))"
91482     +            perc_valid      = "%sysfunc(sasmsg(sashelp.dmine, rpt_perc_valid_vlabel, noquote))"
91483     +            percevent_valid = "%sysfunc(sasmsg(sashelp.dmine, rpt_percevent_valid_vlabel, noquote))"
91484     +          %end;
91485     +          %else %do;
91486     +            vprob           = "%sysfunc(sasmsg(sashelp.dmine, rpt_validaverage_vlabel, noquote))"
91487     +            perc_valid = "%sysfunc(sasmsg(sashelp.dmine, rpt_perc_valid_vlabel, noquote))"
91488     +            percevent_valid = "%sysfunc(sasmsg(sashelp.dmine, rpt_perc_int_valid_vlabel, noquote))"
91489     +          %end;
91490     +    ;
91491     +  run;
91493     +  /* delete temporary tables */
91494     +  proc datasets lib=work nolist;
91495     +    delete abovetext belowtext tempoutnodes tempmissing temp tempnodes tempstats;
91496     +  run;
91498     +%mend em_tree_makePlotDs;
91502     +%macro em_tree_report;
91504     +   /* report properties */
91505     +   %em_checkmacro(name=EM_PROPERTY_Precision, value=4, global=Y);
91506     +   %em_checkmacro(name=EM_PROPERTY_SplitPrecision, value=4, global=Y);
91507     +   %em_checkmacro(name=EM_PROPERTY_ClassColorBy, value=PERCENTCORRECT, global=Y);
91508     +   %em_checkmacro(name=EM_PROPERTY_IntColorBy, value=AVG, global=Y);
91509     +   %em_checkmacro(name=EM_PROPERTY_ShowNodeId, value=Y, global=Y);
91510     +   %em_checkmacro(name=EM_PROPERTY_ShowValid, value=Y, global=Y);
91511     +   %em_checkmacro(name=EM_PROPERTY_Pred, value=N, global=Y);
91512     +   %em_checkmacro(name=EM_PROPERTY_Target, value=ALL, global=Y);
91513     +   %em_checkmacro(name=EM_PROPERTY_Count, value=Y, global=Y);
91514     +   %em_checkmacro(name=EM_PROPERTY_PercentCorrect, value=N, global=Y);
91515     +   %em_checkmacro(name=EM_PROPERTY_ProfitLoss, value=NONE, global=Y);
91516     +   %em_checkmacro(name=EM_PROPERTY_AVG, value=Y, global=Y);
91517     +   %em_checkmacro(name=EM_PROPERTY_RASE, value=N, global=Y);
91519     +   %let validexist=0;
91520     +   %if (("&EM_IMPORT_VALIDATE" ne "") AND (%sysfunc(exist(&EM_IMPORT_VALIDATE)) or %sysfunc(exist(&EM_IMPORT_VALIDATE,VIEW)))) %then %do;
91521     +     %let validexist=1;
91522     +   %end;
91524     +   /* determine if multiple targets will be processed */
91525     +   %let em_tree_multipleTargets=N;
91526     +   %let em_tree_numTarget=1;
91527     +   %if "&EM_PROPERTY_USEMULTIPLETARGET" eq "Y" %then %do;
91528     +      /* determine if there are any ordinal target variables - if so, multiple targets are not supported */
91529     +      %if &EM_NUM_ORDINAL_TARGET gt 0 %then %do;
91530     +         %let em_tree_multipleTargets=N;
91531     +      %end;
91532     +      %else %do;
91533     +        data _null_;
91534     +          set &EM_DATA_VARIABLESET(where=(ROLE='TARGET' AND LEVEL^='ORDINAL')) end=eof;
91535     +          if eof then
91536     +            call symput('em_tree_numTarget', strip(put(_N_, BEST.)));
91537     +        run;
91539     +        %if &em_tree_numTarget gt 1 %then %do;
91540     +           %let em_tree_multipleTargets=Y;
91541     +        %end;
91542     +     %end;
91543     +   %end;
91545     +  %if "&em_tree_multipleTargets" eq "N" %then %do;
91547     +   /* variable importance */
91548     +   %EM_GETNAME(key=OUTIMPORT, type=DATA);
91549     +   %if %sysfunc(exist(&EM_USER_OUTIMPORT)) eq 1 %then %do;
91551     +     /* determine if vars exists - properties could indicate they are they but freeze=Y would mean the node wasn't retrained */
91552     +     /* and the columns may not be generated                                                                                 */
91553     +     %let em_tree_cvexists=;
91554     +     %let em_tree_surrexists=.;
91555     +     data _null_;
91556     +       set &EM_USER_OUTIMPORT (obs=2) end=eof;
91557     +       if eof then do ;
91558     +        call symput("em_tree_cvexists" , strip(put(cvimportance,best.))) ;
91559     +        call symput("em_tree_surrexists", strip(put(nsurrogates, best.)));
91560     +       end;
91561     +     run;
91563     +     data &EM_USER_OUTIMPORT;
91564     +         set &EM_USER_OUTIMPORT;
91565     +         /* format columns based on Precison value specified */
91566     +         format importance 15.&EM_PROPERTY_PRECISION
91567     +              %if &validexist %then %do;
91568     +                vimportance ratio 15.&EM_PROPERTY_PRECISION
91569     +              %end;
91570     +              %if "&EM_TREE_CVEXISTS" ne "." %then %do;
91571     +                cvimportance vimportance ratio 15.&EM_PROPERTY_PRECISION
91572     +              %end;
91573     +         ;
91574     +     run;
91576     +     title10 "%sysfunc(sasmsg(sashelp.dmine, rpt_variableImportance_title  , NOQUOTE))";
91577     +     proc print data=&EM_USER_OUTIMPORT
91578     +        %if "&EM_TREE_SURREXISTS" ne "." %then %do;
91579     +          (where=((nrules>0) OR (nsurrogates>0)))
91580     +        %end;
91581     +        %else %do;
91582     +           (where=(nrules>0))
91583     +        %end;
91584     +        label noobs
91585     +        ;
91586     +     run;
91587     +     title10;
91589     +   %end;
91591     +   /* Sequence */
91592     +   %EM_GETNAME(key=OUTSEQ, type=DATA);
91593     +   %EM_GETNAME(key=OUTOBSIMP, type=DATA);
91594     +   data _null_ ;
91595     +      set &EM_USER_outseq (obs=2) end=eof ;
91596     +      if eof then do ;
91597     +        call symput("em_tree_xase" , strip(put(_XASE_,best.))) ;
91598     +        call symput("em_tree_vase" , strip(put(_VASE_, best.)));
91599     +        call symput("em_tree_seq"  , strip(put(_SEQUENCE_, best.)));
91600     +        call symput("em_tree_vseq"  , strip(put(_VSEQUENCE_, best.)));
91601     +        call symput("em_tree_aprof" , strip(put(_APROF_, best.)));
91602     +        call symput("em_tree_aloss" , strip(put(_ALOSS_, best.)));
91603     +        call symput("em_tree_prior" , strip(put(_PASE_, best.)));
91604     +      end;
91605     +    run;
91607     +   %if %sysfunc(exist(&EM_USER_OUTSEQ)) eq 1 %then %do;
91608     +      data &EM_USER_OUTSEQ;
91609     +      %if (("&EM_PROPERTY_CV" eq "Y") AND ("&em_tree_xase" ne ".")) %then %do;
91610     +        set &EM_USER_OUTSEQ(rename=(_XASE_=_VASE_ _XMAX_=_VMAX_ _XSSE_=_VSSE_ _XRASE_=_VRASE_
91611     +        %if "%EM_TARGET_LEVEL" ne "INTERVAL" %then %do;
91612     +           _XMISC_=_VMISC_
91613     +        %end;
91614     +        %if "&em_tree_aprof" ne "."  %then %do;
91615     +           _XAPROF_=_VAPROF_
91616     +           _XPROF_ = _VPROF_
91617     +        %end;
91618     +        %if "&em_tree_aloss" ne "."  %then %do;
91619     +           _XALOSS_=_VALOSS_
91620     +        %end;
91621     +        %if "&EM_TREE_PRIOR" ne "." %then %do;
91622     +           _XPASE_ = _VPASE_
91623     +           _XPMISC_ = _VPMISC_
91624     +        %end;
91626     +        ));
91627     +     %end;
91628     +     %else %do;
91629     +        set &EM_USER_OUTSEQ;
91630     +     %end;
91632     +     format _ASE_  _ASSESS_ _MAX_ _SSE_ _RASE_  15.&EM_PROPERTY_PRECISION
91633     +         %if "%EM_TARGET_LEVEL" ne "INTERVAL" %then %do;
91634     +            _MISC_   15.&EM_PROPERTY_PRECISION
91635     +         %end;
91636     +         %if "&EM_TREE_PRIOR" ne "." %then %do;
91637     +            _PASE_  15.&EM_PROPERTY_PRECISION
91638     +            _PMISC_ 15.&EM_PROPERTY_PRECISION
91639     +         %end;
91640     +         %if (("&EM_PROPERTY_CV" eq "Y") AND (("&em_tree_xase" ne ".") or ("&em_tree_vase" ne "."))) %then %do;
91641     +            _VASE_  _VASSESS_ _VMAX_ _VSSE_ _VRASE_ _COST_COMPLEXITY_ 15.&EM_PROPERTY_PRECISION
91642     +            %if "%EM_TARGET_LEVEL" ne "INTERVAL" %then %do;
91643     +               _VMISC_ 15.&EM_PROPERTY_PRECISION
91644     +            %end;
91645     +            %if "&EM_TREE_PRIOR" ne "." %then %do;
91646     +              _VPASE_  15.&EM_PROPERTY_PRECISION
91647     +              _VPMISC_ 15.&EM_PROPERTY_PRECISION
91648     +            %end;
91649     +         %end;
91650     +         %if (("&EM_PROPERTY_CV" eq "N") AND &validexist) %then %do;
91651     +            _VASE_  _VASSESS_ _VMAX_ _VSSE_ _VRASE_  15.&EM_PROPERTY_PRECISION
91652     +            %if "%EM_TARGET_LEVEL" ne "INTERVAL" %then %do;
91653     +               _VMISC_ 15.&EM_PROPERTY_PRECISION
91654     +            %end;
91655     +         %end;
91656     +         %if "&em_tree_seq" ne "." %then %do;
91657     +           _SEQUENCE_ 15.&EM_PROPERTY_PRECISION
91658     +         %end;
91659     +         %if "&em_tree_vseq" ne "." %then %do;
91660     +           _VSEQUENCE_  15.&EM_PROPERTY_PRECISION
91661     +         %end;
91662     +         %if "&em_tree_aprof" ne "." %then %do;
91663     +           _APROF_ 15.&EM_PROPERTY_PRECISION
91664     +           _PROF_ 15.&EM_PROPERTY_PRECISION
91665     +           %if (("&EM_PROPERTY_CV" eq "Y") OR &validexist) %then %do;
91666     +             _VAPROF_ 15.&EM_PROPERTY_PRECISION
91667     +             _VPROF_ 15.&EM_PROPERTY_PRECISION
91668     +           %end;
91669     +         %end;
91670     +         %else %if "&em_tree_aloss" ne "." %then %do;
91671     +           _ALOSS_  15.&EM_PROPERTY_PRECISION
91672     +           %if (("&EM_PROPERTY_CV" eq "Y") OR &validexist) %then %do;
91673     +             _VALOSS_ 15.&EM_PROPERTY_PRECISION
91674     +           %end;
91675     +         %end;
91676     +      ;
91677     +    run;
91678     +   %end;
91680     +   /* Observation Based Importance */
91681     +   %if (  ("&EM_PROPERTY_OBSIMPORTANCE" eq "Y") AND ( %sysfunc(exist(&EM_USER_OUTOBSIMP)) eq 1)) %then %do;
91683     +      /* need to check for 0 obs */
91684     +      %let dsid = %sysfunc(open(&EM_USER_OUTOBSIMP));
91685     +      %let onobs=%sysfunc(attrn(&dsid,NOBS));
91686     +      %let rc=%sysfunc(close(&dsid));
91688     +      %if &onobs %then %do;
91689     +         proc sort data=&EM_USER_OUTOBSIMP; by _INPUT1_; run;
91690     +         proc sort data=&em_data_variableset out=_tempvars; by NAME; run;
91692     +         data &EM_USER_OUTOBSIMP;
91693     +           merge _tempvars(rename=(NAME=_INPUT1_) keep=NAME LABEL) &EM_USER_OUTOBSIMP(in=_a)  ;
91694     +           if _a;
91695     +           by _INPUT1_;
91696     +           format  _ASE_ _MAX_ _SSE_ _RASE_ 15.&EM_PROPERTY_PRECISION
91697     +                   %if "%EM_TARGET_LEVEL" ne "INTERVAL" %then %do;
91698     +                     _MISC_ 15.&EM_PROPERTY_PRECISION
91699     +                   %end;
91700     +                   ;
91701     +         run;
91702     +         %EM_REPORT(key=OUTOBSIMP, viewtype=DATA, block=MODEL, description=OBSIMPFIT, autodisplay=N);
91703     +      %end;
91704     +   %end;
91706     +  %end;
91708     +  /* create dataset to support tree diagram and icicle plot */
91709     +  %EM_GETNAME(key=TREE_PLOT, type=DATA);
91710     +  %em_tree_makePlotDs(multipleTar = &em_tree_multipleTargets);
91712     +  /* display tree diagram */
91713     +  %em_report(key=TREE_PLOT, viewtype=DTree, id=NODE, parent=PARENT, nodetext=NODETEXT, tipText=TEXTALL, abovetext=ABOVETEXT, belowText=BELOWTEXT,
91714     +             nodesize=N, nodecolor=NODECOLOR, linkwidth=LINKWIDTH,  block=MODEL, description=TREE, autodisplay=Y);
91716     +  /* display icicle diagram */
91717     +  %em_report(key=TREE_PLOT, viewtype=Icicle, id=NODE, parent=PARENT, nodetext=NODETEXT, tipText=TEXTALL,
91718     +             nodesize=N, nodecolor=NODECOLOR, block=MODEL, description=ICICLE, autodisplay=Y);
91720     +  /* Leaf Statistics Plot */
91721     +  %em_report(key=TREE_PLOT, viewtype=AREABAR, x=NODE, y=PERCEVENT_TRAIN, WIDTH=PERC_TRAIN,block=MODEL, description=VARWIDTH, autodisplay=N);
91723     +  /* print leaf information to output window */
91724     +  %if %sysfunc(exist(&EM_USER_TREE_PLOT)) eq 1 %then %do;
91726     +     proc sort data=&EM_USER_TREE_PLOT out=t;
91727     +       by descending N;
91728     +     run;
91730     +     /* determine if vn is present in the data -- combinations of decisions/partition/cv cause the proc not to generate this stat */
91731     +     %local vn;
91732     +     data _null_;
91733     +       set t (obs=2) end=eof;
91734     +       if eof then do;
91735     +         call symput("vn", strip(put(vn, best.)));
91736     +       end;
91737     +     run;
91739     +     data t;
91740     +       set t;
91741     +       label N="%sysfunc(sasmsg(sashelp.dmine, rpt_trainingobs_vlabel  , NOQUOTE))"
91742     +             DEPTH="%sysfunc(sasmsg(sashelp.dmine, rpt_depth_vlabel  , NOQUOTE))"
91743     +       %if "%EM_TARGET_LEVEL" eq "INTERVAL" %then %do;
91744     +            tprob = "%sysfunc(sasmsg(sashelp.dmine, rpt_trainaverage_vlabel  , NOQUOTE))"
91745     +            RASE="%sysfunc(sasmsg(sashelp.dmine, rpt_trainrase_vlabel  , NOQUOTE))"
91746     +       %end;
91747     +       %if (("&EM_IMPORT_VALIDATE" ne "") AND (%sysfunc(exist(&EM_IMPORT_VALIDATE)) eq 1)) %then %do;
91748     +            VN="%sysfunc(sasmsg(sashelp.dmine, rpt_validobs_vlabel  , NOQUOTE))"
91749     +           %if "%EM_TARGET_LEVEL" eq "INTERVAL" %then %do;
91750     +              vprob = "%sysfunc(sasmsg(sashelp.dmine, rpt_validaverage_vlabel  , NOQUOTE))"
91751     +              VRASE="%sysfunc(sasmsg(sashelp.dmine, rpt_validrase_vlabel  , NOQUOTE))"
91752     +          %end;
91753     +       %end;
91754     +       ;
91755     +     run;
91757     +     /* determine if rase is found in t */
91758     +    %let dsid=%sysfunc(open(t,i));
91759     +    %let raseexists=%sysfunc(varnum(&dsid,RASE));
91760     +    %let rc=%sysfunc(close(&dsid));
91762     +     title10 "%sysfunc(sasmsg(sashelp.dmine, rpt_treeleafreport_title  , NOQUOTE))";
91763     +     proc print data=t noobs label;
91764     +       where tprob ne .;
91765     +       var node depth N tprob
91766     +       %if (("&EM_IMPORT_VALIDATE" ne "") AND (%sysfunc(exist(&EM_IMPORT_VALIDATE)) eq 1)) %then %do;
91767     +         %if "&vn" ne "." %then %do;
91768     +           VN
91769     +         %end;
91770     +         vprob
91771     +       %end;
91772     +       %if &raseexists %then %do;
91773     +            RASE
91774     +            %if ( ("&EM_IMPORT_VALIDATE" ne "") AND (%sysfunc(exist(&EM_IMPORT_VALIDATE)) eq 1) AND ("&EM_PROPERTY_CV" eq "N")) %then %do;
91775     +              VRASE
91776     +            %end;
91777     +       %end;
91778     +       ;
91779     +     run;
91780     +     title10;
91781     +  %end;
91783     +  /* create plots that are done during training of node */
91784     +  /* display iterative plot, including reference line */
91785     +  %if "&em_Tree_multipleTargets" eq "N" %then %do;
91786     +   /* %if &nleaves eq  %then %do; */
91787     +      %EM_GETNAME(key=OUTTOPOLOGY, type=DATA);
91788     +      data _null_;
91789     +        set &EM_USER_OUTTOPOLOGY end=eof;
91790     +        if eof then do;
91791     +          call symput('nleaves', LEAF);
91792     +        end;
91793     +      run;
91794     +   /* %end; */
91796     +    %EM_REPORT(KEY=OUTSEQ, VIEWTYPE=ITERATIONPLOT, block=MODEL,  X=_NW_, XRef=&Nleaves, autodisplay=N, Description=SUBTREE);
91797     +    /*%EM_REPORT(view=1, Y=_ASE_); */
91798     +  %end;
91800     +  /* display leaf statistics */
91801     +  %EM_REPORT(KEY=TREE_PLOT, VIEWTYPE=RESPONSEBAR, block=MODEL, view=1, X=INDEX, Y1=tprob, y2=vprob, where=%nrbquote(INDEX ne .), autodisplay=Y, Description=LEAFSTATS);
91803     +  /* stats by node if multiple targets = Y */
91804     +  %EM_GETNAME(key=OUTSTATS, type=DATA);
91805     +  %if "&em_tree_multipleTargets" eq "Y" %then %do;
91806     +    data &EM_USER_OUTSTATS;
91807     +      set &EM_USER_OUTSTATS;
91809     +     * if STATNAME="TARGET" then delete;
91810     +     * if STATNAME="PREDICTION" and STATVALUE=. then delete;
91811     +      drop leaf;
91812     +    run;
91813     +    %EM_REPORT(key=OUTSTATS, viewtype=DATA, block=MODEL, description=OUTSTATS, autodisplay=N);
91815     +  %end;
91816     +  %else %do;
91817     +    /* add outstats and outdescribe to spk but not results */
91818     +    %EM_REPORT(viewtype=, key=OUTSTATS);
91819     +  %end;
91821     +%mend em_tree_report;
NOTE: %INCLUDE (level 1) ending.
MPRINT(MAIN):   filename temp;
NOTE: Fileref TEMP has been deassigned.
MPRINT(EM_TREE_REPORT):  ;
MPRINT(EM_TREE_REPORT):  ;
MPRINT(EM_TREE_REPORT):  ;
MPRINT(EM_TREE_REPORT):  ;
MPRINT(EM_TREE_REPORT):  ;
MPRINT(EM_TREE_REPORT):  ;
MPRINT(EM_TREE_REPORT):  ;
MPRINT(EM_TREE_REPORT):  ;
MPRINT(EM_TREE_REPORT):  ;
MPRINT(EM_TREE_REPORT):  ;
MPRINT(EM_TREE_REPORT):  ;
MPRINT(EM_TREE_REPORT):  ;
MPRINT(EM_TREE_REPORT):  ;
MPRINT(EM_TREE_REPORT):  ;
MPRINT(EM_TREE_REPORT):   data _null_;
MPRINT(EM_TREE_REPORT):   set EMWS1.Tree5_OUTIMPORT (obs=2) end=eof;
MPRINT(EM_TREE_REPORT):   if eof then do ;
MPRINT(EM_TREE_REPORT):   call symput("em_tree_cvexists" , strip(put(cvimportance,best.))) ;
MPRINT(EM_TREE_REPORT):   call symput("em_tree_surrexists", strip(put(nsurrogates, best.)));
MPRINT(EM_TREE_REPORT):   end;
MPRINT(EM_TREE_REPORT):   run;

NOTE: Variable cvimportance is uninitialized.
NOTE: Variable nsurrogates is uninitialized.
NOTE: There were 2 observations read from the data set EMWS1.TREE5_OUTIMPORT.
NOTE: DATA statement used (Total process time):
      real time           0.00 seconds
      cpu time            0.01 seconds
      

MPRINT(EM_TREE_REPORT):   data EMWS1.Tree5_OUTIMPORT;
MPRINT(EM_TREE_REPORT):   set EMWS1.Tree5_OUTIMPORT;
MPRINT(EM_TREE_REPORT):   format importance 15.4 vimportance ratio 15.4 ;
MPRINT(EM_TREE_REPORT):   run;

NOTE: There were 27 observations read from the data set EMWS1.TREE5_OUTIMPORT.
NOTE: The data set EMWS1.TREE5_OUTIMPORT has 27 observations and 6 variables.
NOTE: DATA statement used (Total process time):
      real time           0.00 seconds
      cpu time            0.01 seconds
      

MPRINT(EM_TREE_REPORT):   title10 "Variable Importance";
MPRINT(EM_TREE_REPORT):   proc print data=EMWS1.Tree5_OUTIMPORT (where=(nrules>0)) label noobs ;
MPRINT(EM_TREE_REPORT):   run;

NOTE: There were 3 observations read from the data set EMWS1.TREE5_OUTIMPORT.
      WHERE nrules>0;
NOTE: The PROCEDURE PRINT printed page 37.
NOTE: PROCEDURE PRINT used (Total process time):
      real time           0.00 seconds
      cpu time            0.00 seconds
      

MPRINT(EM_TREE_REPORT):   title10;
MPRINT(EM_TREE_REPORT):  ;
MPRINT(EM_TREE_REPORT):  ;
MPRINT(EM_TREE_REPORT):   data _null_ ;
MPRINT(EM_TREE_REPORT):   set EMWS1.Tree5_OUTSEQ (obs=2) end=eof ;
MPRINT(EM_TREE_REPORT):   if eof then do ;
MPRINT(EM_TREE_REPORT):   call symput("em_tree_xase" , strip(put(_XASE_,best.))) ;
MPRINT(EM_TREE_REPORT):   call symput("em_tree_vase" , strip(put(_VASE_, best.)));
MPRINT(EM_TREE_REPORT):   call symput("em_tree_seq" , strip(put(_SEQUENCE_, best.)));
MPRINT(EM_TREE_REPORT):   call symput("em_tree_vseq" , strip(put(_VSEQUENCE_, best.)));
MPRINT(EM_TREE_REPORT):   call symput("em_tree_aprof" , strip(put(_APROF_, best.)));
MPRINT(EM_TREE_REPORT):   call symput("em_tree_aloss" , strip(put(_ALOSS_, best.)));
MPRINT(EM_TREE_REPORT):   call symput("em_tree_prior" , strip(put(_PASE_, best.)));
MPRINT(EM_TREE_REPORT):   end;
MPRINT(EM_TREE_REPORT):   run;

NOTE: Variable _XASE_ is uninitialized.
NOTE: Variable _SEQUENCE_ is uninitialized.
NOTE: Variable _VSEQUENCE_ is uninitialized.
NOTE: Variable _APROF_ is uninitialized.
NOTE: Variable _ALOSS_ is uninitialized.
NOTE: Variable _PASE_ is uninitialized.
NOTE: There were 2 observations read from the data set EMWS1.TREE5_OUTSEQ.
NOTE: DATA statement used (Total process time):
      real time           0.00 seconds
      cpu time            0.00 seconds
      

MPRINT(EM_TREE_REPORT):   data EMWS1.Tree5_OUTSEQ;
MPRINT(EM_TREE_REPORT):   set EMWS1.Tree5_OUTSEQ;
MPRINT(EM_TREE_REPORT):   format _ASE_ _ASSESS_ _MAX_ _SSE_ _RASE_ 15.4
MPRINT(EM_TREE_REPORT):   _MISC_ 15.4 _VASE_ _VASSESS_ _VMAX_ _VSSE_ _VRASE_ 15.4
MPRINT(EM_TREE_REPORT):   _VMISC_ 15.4 ;
MPRINT(EM_TREE_REPORT):   run;

NOTE: There were 10 observations read from the data set EMWS1.TREE5_OUTSEQ.
NOTE: The data set EMWS1.TREE5_OUTSEQ has 10 observations and 20 variables.
NOTE: DATA statement used (Total process time):
      real time           0.01 seconds
      cpu time            0.01 seconds
      

MPRINT(EM_TREE_REPORT):  ;
MPRINT(EM_TREE_MAKEPLOTDS):  ;
MPRINT(EM_TREE_MAKEPLOTDS):  ;
MPRINT(EM_TREE_MAKEPLOTDS):  ;
MPRINT(EM_TREE_MAKEPLOTDS):  ;
MPRINT(EM_TREE_MAKEPLOTDS):   data _null_;
MPRINT(EM_TREE_MAKEPLOTDS):   set EMWS1.Tree5_diagnosis_DM(where=(_TYPE_="TARGET"));
MPRINT(EM_TREE_MAKEPLOTDS):   call symput('targetEvent', strip(tranwrd(EVENT,'"','""')));
MPRINT(EM_TREE_MAKEPLOTDS):   run;

NOTE: There were 1 observations read from the data set EMWS1.TREE5_DIAGNOSIS_DM.
      WHERE _TYPE_='TARGET';
NOTE: DATA statement used (Total process time):
      real time           0.00 seconds
      cpu time            0.00 seconds
      

MPRINT(EM_TREE_MAKEPLOTDS):   data _null_;
MPRINT(EM_TREE_MAKEPLOTDS):   set EMWS1.Tree5_diagnosis_DM(where=(_TYPE_="PREDICTED" AND LEVEL="M"));
MPRINT(EM_TREE_MAKEPLOTDS):   call symput('predTarget', strip(VARIABLE));
MPRINT(EM_TREE_MAKEPLOTDS):   call symput('predLvl', strip(LEVEL));
MPRINT(EM_TREE_MAKEPLOTDS):   run;

NOTE: There were 1 observations read from the data set EMWS1.TREE5_DIAGNOSIS_DM.
      WHERE (_TYPE_='PREDICTED') and (LEVEL='M');
NOTE: DATA statement used (Total process time):
      real time           0.00 seconds
      cpu time            0.00 seconds
      

MPRINT(EM_TREE_MAKEPLOTDS):   data belowtext;
MPRINT(EM_TREE_MAKEPLOTDS):   set EMWS1.Tree5_OUTRULES(where=(ROLE="PRIMARY" AND STAT="VARIABLE") rename=(character_value=belowtext));
MPRINT(EM_TREE_MAKEPLOTDS):   keep node belowtext;
MPRINT(EM_TREE_MAKEPLOTDS):   run;

NOTE: There were 4 observations read from the data set EMWS1.TREE5_OUTRULES.
      WHERE (ROLE='PRIMARY') and (STAT='VARIABLE');
NOTE: The data set WORK.BELOWTEXT has 4 observations and 2 variables.
NOTE: DATA statement used (Total process time):
      real time           0.00 seconds
      cpu time            0.01 seconds
      

MPRINT(EM_TREE_MAKEPLOTDS):   data belowtext2;
MPRINT(EM_TREE_MAKEPLOTDS):   set EMWS1.Tree5_OUTRULES(where=(ROLE="PRIMARY" AND STAT="LABEL") rename=(character_value=belowtextlbl));
MPRINT(EM_TREE_MAKEPLOTDS):   keep node belowtextlbl;
MPRINT(EM_TREE_MAKEPLOTDS):   run;

NOTE: There were 1 observations read from the data set EMWS1.TREE5_OUTRULES.
      WHERE (ROLE='PRIMARY') and (STAT='LABEL');
NOTE: The data set WORK.BELOWTEXT2 has 1 observations and 2 variables.
NOTE: DATA statement used (Total process time):
      real time           0.01 seconds
      cpu time            0.00 seconds
      

MPRINT(EM_TREE_MAKEPLOTDS):   proc sort data=belowtext;
MPRINT(EM_TREE_MAKEPLOTDS):   by node;
MPRINT(EM_TREE_MAKEPLOTDS):   run;

NOTE: There were 4 observations read from the data set WORK.BELOWTEXT.
NOTE: The data set WORK.BELOWTEXT has 4 observations and 2 variables.
NOTE: PROCEDURE SORT used (Total process time):
      real time           0.01 seconds
      cpu time            0.01 seconds
      

MPRINT(EM_TREE_MAKEPLOTDS):   proc sort data=belowtext2;
MPRINT(EM_TREE_MAKEPLOTDS):   by node;
MPRINT(EM_TREE_MAKEPLOTDS):   run;

NOTE: There were 1 observations read from the data set WORK.BELOWTEXT2.
NOTE: The data set WORK.BELOWTEXT2 has 1 observations and 2 variables.
NOTE: PROCEDURE SORT used (Total process time):
      real time           0.00 seconds
      cpu time            0.00 seconds
      

MPRINT(EM_TREE_MAKEPLOTDS):   data belowtext;
MPRINT(EM_TREE_MAKEPLOTDS):   merge belowtext belowtext2(in=_a);
MPRINT(EM_TREE_MAKEPLOTDS):   by node;
MPRINT(EM_TREE_MAKEPLOTDS):   if _a then belowtext=belowtextlbl;
MPRINT(EM_TREE_MAKEPLOTDS):   keep node belowtext;
MPRINT(EM_TREE_MAKEPLOTDS):   run;

NOTE: There were 4 observations read from the data set WORK.BELOWTEXT.
NOTE: There were 1 observations read from the data set WORK.BELOWTEXT2.
NOTE: The data set WORK.BELOWTEXT has 4 observations and 2 variables.
NOTE: DATA statement used (Total process time):
      real time           0.01 seconds
      cpu time            0.01 seconds
      

MPRINT(EM_TREE_MAKEPLOTDS):   data abovetext;
MPRINT(EM_TREE_MAKEPLOTDS):   set EMWS1.Tree5_OUTRULES(where=(ROLE="PRIMARY" AND STAT in ("INTERVAL", "ORDINAL", "NOMINAL")) );
MPRINT(EM_TREE_MAKEPLOTDS):   run;

NOTE: There were 4 observations read from the data set EMWS1.TREE5_OUTRULES.
      WHERE (ROLE='PRIMARY') and STAT in ('INTERVAL', 'NOMINAL', 'ORDINAL');
NOTE: The data set WORK.ABOVETEXT has 4 observations and 6 variables.
NOTE: DATA statement used (Total process time):
      real time           0.00 seconds
      cpu time            0.01 seconds
      

MPRINT(EM_TREE_MAKEPLOTDS):   proc sort data=abovetext;
MPRINT(EM_TREE_MAKEPLOTDS):   by node numeric_value;
MPRINT(EM_TREE_MAKEPLOTDS):   run;

NOTE: There were 4 observations read from the data set WORK.ABOVETEXT.
NOTE: The data set WORK.ABOVETEXT has 4 observations and 6 variables.
NOTE: PROCEDURE SORT used (Total process time):
      real time           0.01 seconds
      cpu time            0.00 seconds
      

MPRINT(EM_TREE_MAKEPLOTDS):   data abovetext;
MPRINT(EM_TREE_MAKEPLOTDS):   set abovetext(rename=(node=parent));
MPRINT(EM_TREE_MAKEPLOTDS):   by parent numeric_value;
MPRINT(EM_TREE_MAKEPLOTDS):   retain abovetext tempstring flag branch origval origchar ;
MPRINT(EM_TREE_MAKEPLOTDS):   length abovetext $256;
MPRINT(EM_TREE_MAKEPLOTDS):   length tempstring origchar $64;
MPRINT(EM_TREE_MAKEPLOTDS):   if STAT in ("INTERVAL", "ORDINAL") then do;
MPRINT(EM_TREE_MAKEPLOTDS):   if first.parent then do;
MPRINT(EM_TREE_MAKEPLOTDS):   if missing(character_value) then do;
MPRINT(EM_TREE_MAKEPLOTDS):   numeric_value = round(numeric_value, 0.0001);
MPRINT(EM_TREE_MAKEPLOTDS):   abovetext = "< "||strip(NUMERIC_VALUE);
MPRINT(EM_TREE_MAKEPLOTDS):   branch = 1;
MPRINT(EM_TREE_MAKEPLOTDS):   origval = numeric_value;
MPRINT(EM_TREE_MAKEPLOTDS):   output;
MPRINT(EM_TREE_MAKEPLOTDS):   end;
MPRINT(EM_TREE_MAKEPLOTDS):   else do;
MPRINT(EM_TREE_MAKEPLOTDS):   abovetext = "< "||strip(CHARACTER_VALUE);
MPRINT(EM_TREE_MAKEPLOTDS):   branch = 1;
MPRINT(EM_TREE_MAKEPLOTDS):   origchar = character_value;
MPRINT(EM_TREE_MAKEPLOTDS):   output;
MPRINT(EM_TREE_MAKEPLOTDS):   end;
MPRINT(EM_TREE_MAKEPLOTDS):   if first.parent AND last.parent then do;
MPRINT(EM_TREE_MAKEPLOTDS):   if missing(character_value) then do;
MPRINT(EM_TREE_MAKEPLOTDS):   numeric_value = round(numeric_value, 0.0001);
MPRINT(EM_TREE_MAKEPLOTDS):   branch = branch + 1;
MPRINT(EM_TREE_MAKEPLOTDS):   abovetext = ">= "||strip(NUMERIC_VALUE);
MPRINT(EM_TREE_MAKEPLOTDS):   output;
MPRINT(EM_TREE_MAKEPLOTDS):   end;
MPRINT(EM_TREE_MAKEPLOTDS):   else do;
MPRINT(EM_TREE_MAKEPLOTDS):   branch = branch + 1;
MPRINT(EM_TREE_MAKEPLOTDS):   abovetext = ">= "||strip(CHARACTER_VALUE);
MPRINT(EM_TREE_MAKEPLOTDS):   output;
MPRINT(EM_TREE_MAKEPLOTDS):   end;
MPRINT(EM_TREE_MAKEPLOTDS):   end;
MPRINT(EM_TREE_MAKEPLOTDS):   end;
MPRINT(EM_TREE_MAKEPLOTDS):   else if last.parent then do;
MPRINT(EM_TREE_MAKEPLOTDS):   if ( missing(character_value) AND (origval ne numeric_value)) or ( ^missing(character_value) AND (origchar ne character_value)) then do;
MPRINT(EM_TREE_MAKEPLOTDS):   if missing(character_value) then do;
MPRINT(EM_TREE_MAKEPLOTDS):   numeric_value = round(numeric_value, 0.0001);
MPRINT(EM_TREE_MAKEPLOTDS):   abovetext= "[ "||strip(origval)||", "|| strip(numeric_value)||" )";
MPRINT(EM_TREE_MAKEPLOTDS):   end;
MPRINT(EM_TREE_MAKEPLOTDS):   else do;
MPRINT(EM_TREE_MAKEPLOTDS):   abovetext= ">= "||strip(origchar)||" AND < "|| strip(character_value);
MPRINT(EM_TREE_MAKEPLOTDS):   end;
MPRINT(EM_TREE_MAKEPLOTDS):   branch = branch + 1;
MPRINT(EM_TREE_MAKEPLOTDS):   output;
MPRINT(EM_TREE_MAKEPLOTDS):   if missing(character_value) then do;
MPRINT(EM_TREE_MAKEPLOTDS):   numeric_value = round(numeric_value, 0.0001);
MPRINT(EM_TREE_MAKEPLOTDS):   abovetext = ">= "||strip(NUMERIC_VALUE);
MPRINT(EM_TREE_MAKEPLOTDS):   end;
MPRINT(EM_TREE_MAKEPLOTDS):   else do;
MPRINT(EM_TREE_MAKEPLOTDS):   abovetext = ">= "||strip(CHARACTER_VALUE);
MPRINT(EM_TREE_MAKEPLOTDS):   end;
MPRINT(EM_TREE_MAKEPLOTDS):   branch = branch + 1;
MPRINT(EM_TREE_MAKEPLOTDS):   output;
MPRINT(EM_TREE_MAKEPLOTDS):   end;
MPRINT(EM_TREE_MAKEPLOTDS):   else do;
MPRINT(EM_TREE_MAKEPLOTDS):   if missing(character_value) then do;
MPRINT(EM_TREE_MAKEPLOTDS):   numeric_value = round(numeric_value, 0.0001);
MPRINT(EM_TREE_MAKEPLOTDS):   abovetext = ">= "||strip(NUMERIC_VALUE);
MPRINT(EM_TREE_MAKEPLOTDS):   end;
MPRINT(EM_TREE_MAKEPLOTDS):   else do;
MPRINT(EM_TREE_MAKEPLOTDS):   abovetext = ">= "||strip(CHARACTER_VALUE);
MPRINT(EM_TREE_MAKEPLOTDS):   end;
MPRINT(EM_TREE_MAKEPLOTDS):   branch = branch + 1;
MPRINT(EM_TREE_MAKEPLOTDS):   output;
MPRINT(EM_TREE_MAKEPLOTDS):   end;
MPRINT(EM_TREE_MAKEPLOTDS):   end;
MPRINT(EM_TREE_MAKEPLOTDS):   else do;
MPRINT(EM_TREE_MAKEPLOTDS):   if ( missing(character_value) AND (origval ne numeric_value)) or ( ^missing(character_value) AND (origchar ne character_value)) then do;
MPRINT(EM_TREE_MAKEPLOTDS):   if missing(character_value) then do;
MPRINT(EM_TREE_MAKEPLOTDS):   numeric_value = round(numeric_value,0.0001);
MPRINT(EM_TREE_MAKEPLOTDS):   abovetext= "[ "||strip(origval)||", "|| strip(numeric_value)||" )";
MPRINT(EM_TREE_MAKEPLOTDS):   origval = numeric_value;
MPRINT(EM_TREE_MAKEPLOTDS):   end;
MPRINT(EM_TREE_MAKEPLOTDS):   else do;
MPRINT(EM_TREE_MAKEPLOTDS):   abovetext= ">= "||strip(origchar)||" AND < "|| strip(character_value);
MPRINT(EM_TREE_MAKEPLOTDS):   origchar = character_value;
MPRINT(EM_TREE_MAKEPLOTDS):   end;
MPRINT(EM_TREE_MAKEPLOTDS):   branch = branch + 1;
MPRINT(EM_TREE_MAKEPLOTDS):   output;
MPRINT(EM_TREE_MAKEPLOTDS):   end;
MPRINT(EM_TREE_MAKEPLOTDS):   else do;
MPRINT(EM_TREE_MAKEPLOTDS):   if missing(character_value) then do;
MPRINT(EM_TREE_MAKEPLOTDS):   numeric_value = round(numeric_value, 0.0001);
MPRINT(EM_TREE_MAKEPLOTDS):   abovetext = ">= "||strip(NUMERIC_VALUE);
MPRINT(EM_TREE_MAKEPLOTDS):   origval = numeric_value;
MPRINT(EM_TREE_MAKEPLOTDS):   end;
MPRINT(EM_TREE_MAKEPLOTDS):   else do;
MPRINT(EM_TREE_MAKEPLOTDS):   abovetext = ">= "||strip(CHARACTER_VALUE);
MPRINT(EM_TREE_MAKEPLOTDS):   origval = character_value;
MPRINT(EM_TREE_MAKEPLOTDS):   end;
MPRINT(EM_TREE_MAKEPLOTDS):   branch = branch + 1;
MPRINT(EM_TREE_MAKEPLOTDS):   output;
MPRINT(EM_TREE_MAKEPLOTDS):   end;
MPRINT(EM_TREE_MAKEPLOTDS):   end;
MPRINT(EM_TREE_MAKEPLOTDS):   end;
MPRINT(EM_TREE_MAKEPLOTDS):   else do;
MPRINT(EM_TREE_MAKEPLOTDS):   if first.numeric_value then do;
MPRINT(EM_TREE_MAKEPLOTDS):   flag = 0;
MPRINT(EM_TREE_MAKEPLOTDS):   abovetext = strip(CHARACTER_VALUE);
MPRINT(EM_TREE_MAKEPLOTDS):   branch = numeric_value;
MPRINT(EM_TREE_MAKEPLOTDS):   if first.numeric_value AND last.numeric_value then do;
MPRINT(EM_TREE_MAKEPLOTDS):   output;
MPRINT(EM_TREE_MAKEPLOTDS):   end;
MPRINT(EM_TREE_MAKEPLOTDS):   end;
MPRINT(EM_TREE_MAKEPLOTDS):   else if last.numeric_value then do;
MPRINT(EM_TREE_MAKEPLOTDS):   if flag=0 then do;
MPRINT(EM_TREE_MAKEPLOTDS):   tempstring = strip(abovetext)||", "||strip(CHARACTER_VALUE);
MPRINT(EM_TREE_MAKEPLOTDS):   length = length(strip(tempstring));
MPRINT(EM_TREE_MAKEPLOTDS):   if length < 32 then do;
MPRINT(EM_TREE_MAKEPLOTDS):   abovetext = strip(tempstring);
MPRINT(EM_TREE_MAKEPLOTDS):   end;
MPRINT(EM_TREE_MAKEPLOTDS):   else do;
MPRINT(EM_TREE_MAKEPLOTDS):   abovetext = strip(abovetext)||", ...";
MPRINT(EM_TREE_MAKEPLOTDS):   flag = 1;
MPRINT(EM_TREE_MAKEPLOTDS):   end;
MPRINT(EM_TREE_MAKEPLOTDS):   end;
MPRINT(EM_TREE_MAKEPLOTDS):   branch = numeric_value;
MPRINT(EM_TREE_MAKEPLOTDS):   output;
MPRINT(EM_TREE_MAKEPLOTDS):   end;
MPRINT(EM_TREE_MAKEPLOTDS):   else do;
MPRINT(EM_TREE_MAKEPLOTDS):   if flag=0 then do;
MPRINT(EM_TREE_MAKEPLOTDS):   tempstring = strip(abovetext)||", "||strip(CHARACTER_VALUE);
MPRINT(EM_TREE_MAKEPLOTDS):   length = length(strip(tempstring));
MPRINT(EM_TREE_MAKEPLOTDS):   if length < 32 then do;
MPRINT(EM_TREE_MAKEPLOTDS):   abovetext = strip(tempstring);
MPRINT(EM_TREE_MAKEPLOTDS):   end;
MPRINT(EM_TREE_MAKEPLOTDS):   else do;
MPRINT(EM_TREE_MAKEPLOTDS):   abovetext = strip(abovetext)||", ...";
MPRINT(EM_TREE_MAKEPLOTDS):   flag=1;
MPRINT(EM_TREE_MAKEPLOTDS):   end;
MPRINT(EM_TREE_MAKEPLOTDS):   end;
MPRINT(EM_TREE_MAKEPLOTDS):   branch = numeric_value;
MPRINT(EM_TREE_MAKEPLOTDS):   end;
MPRINT(EM_TREE_MAKEPLOTDS):   end;
MPRINT(EM_TREE_MAKEPLOTDS):   keep parent branch abovetext;
MPRINT(EM_TREE_MAKEPLOTDS):   run;

NOTE: Numeric values have been converted to character values at the places given by: (Line):(Column).
      172:103   221:136   264:102   264:125   296:104   330:104   372:103   372:126   415:104   
NOTE: Character values have been converted to numeric values at the places given by: (Line):(Column).
      431:99   
NOTE: There were 4 observations read from the data set WORK.ABOVETEXT.
NOTE: The data set WORK.ABOVETEXT has 8 observations and 3 variables.
NOTE: DATA statement used (Total process time):
      real time           0.03 seconds
      cpu time            0.01 seconds
      

MPRINT(EM_TREE_MAKEPLOTDS):   data tempmissing;
MPRINT(EM_TREE_MAKEPLOTDS):   set EMWS1.Tree5_OUTRULES;
MPRINT(EM_TREE_MAKEPLOTDS):   if ((ROLE="PRIMARY") AND (STAT in ("MISSING")));
MPRINT(EM_TREE_MAKEPLOTDS):   rename node=parent numeric_value=branch character_value=misschar;
MPRINT(EM_TREE_MAKEPLOTDS):   run;

NOTE: There were 161 observations read from the data set EMWS1.TREE5_OUTRULES.
NOTE: The data set WORK.TEMPMISSING has 4 observations and 6 variables.
NOTE: DATA statement used (Total process time):
      real time           0.01 seconds
      cpu time            0.01 seconds
      

MPRINT(EM_TREE_MAKEPLOTDS):   proc sort data=abovetext;
MPRINT(EM_TREE_MAKEPLOTDS):   by parent branch;
MPRINT(EM_TREE_MAKEPLOTDS):   run;

NOTE: There were 8 observations read from the data set WORK.ABOVETEXT.
NOTE: The data set WORK.ABOVETEXT has 8 observations and 3 variables.
NOTE: PROCEDURE SORT used (Total process time):
      real time           0.01 seconds
      cpu time            0.03 seconds
      

MPRINT(EM_TREE_MAKEPLOTDS):   proc sort data=tempmissing;
MPRINT(EM_TREE_MAKEPLOTDS):   by parent branch;
MPRINT(EM_TREE_MAKEPLOTDS):   run;

NOTE: There were 4 observations read from the data set WORK.TEMPMISSING.
NOTE: The data set WORK.TEMPMISSING has 4 observations and 6 variables.
NOTE: PROCEDURE SORT used (Total process time):
      real time           0.01 seconds
      cpu time            0.01 seconds
      

MPRINT(EM_TREE_MAKEPLOTDS):   proc sort data=EMWS1.Tree5_OUTNODES out=tempoutnodes;
MPRINT(EM_TREE_MAKEPLOTDS):   by parent branch;
MPRINT(EM_TREE_MAKEPLOTDS):   run;

NOTE: There were 9 observations read from the data set EMWS1.TREE5_OUTNODES.
NOTE: The data set WORK.TEMPOUTNODES has 9 observations and 24 variables.
NOTE: PROCEDURE SORT used (Total process time):
      real time           0.01 seconds
      cpu time            0.01 seconds
      

MPRINT(EM_TREE_MAKEPLOTDS):   data tempoutnodes;
MPRINT(EM_TREE_MAKEPLOTDS):   merge abovetext tempoutNodes(drop=abovetext) tempmissing(in=_a);
MPRINT(EM_TREE_MAKEPLOTDS):   by parent branch;
MPRINT(EM_TREE_MAKEPLOTDS):   length traintotal validtotal 8;
MPRINT(EM_TREE_MAKEPLOTDS):   retain traintotal validtotal;
MPRINT(EM_TREE_MAKEPLOTDS):   if _a then do;
MPRINT(EM_TREE_MAKEPLOTDS):   if ^MISSING(abovetext) then do;
MPRINT(EM_TREE_MAKEPLOTDS):   abovetext= strip(abovetext)||" Or Missing";
MPRINT(EM_TREE_MAKEPLOTDS):   end;
MPRINT(EM_TREE_MAKEPLOTDS):   else do;
MPRINT(EM_TREE_MAKEPLOTDS):   abovetext = " Missing Values Only";
MPRINT(EM_TREE_MAKEPLOTDS):   end;
MPRINT(EM_TREE_MAKEPLOTDS):   end;
MPRINT(EM_TREE_MAKEPLOTDS):   if MISSING(abovetext) then abovetext="Non-Missing Values";
MPRINT(EM_TREE_MAKEPLOTDS):   if node=1 then do;
MPRINT(EM_TREE_MAKEPLOTDS):   traintotal = N;
MPRINT(EM_TREE_MAKEPLOTDS):   validtotal=VN;
MPRINT(EM_TREE_MAKEPLOTDS):   end;
MPRINT(EM_TREE_MAKEPLOTDS):   drop role rank stat misschar belowtext;
MPRINT(EM_TREE_MAKEPLOTDS):   run;

NOTE: There were 8 observations read from the data set WORK.ABOVETEXT.
NOTE: There were 9 observations read from the data set WORK.TEMPOUTNODES.
NOTE: There were 4 observations read from the data set WORK.TEMPMISSING.
NOTE: The data set WORK.TEMPOUTNODES has 9 observations and 25 variables.
NOTE: DATA statement used (Total process time):
      real time           0.05 seconds
      cpu time            0.03 seconds
      

MPRINT(EM_TREE_MAKEPLOTDS):   proc sort data=tempoutnodes;
MPRINT(EM_TREE_MAKEPLOTDS):   by node;
MPRINT(EM_TREE_MAKEPLOTDS):   run;

NOTE: There were 9 observations read from the data set WORK.TEMPOUTNODES.
NOTE: The data set WORK.TEMPOUTNODES has 9 observations and 25 variables.
NOTE: PROCEDURE SORT used (Total process time):
      real time           0.04 seconds
      cpu time            0.01 seconds
      

MPRINT(EM_TREE_MAKEPLOTDS):   proc sort data=belowtext;
MPRINT(EM_TREE_MAKEPLOTDS):   by node;
MPRINT(EM_TREE_MAKEPLOTDS):   run;

NOTE: There were 4 observations read from the data set WORK.BELOWTEXT.
NOTE: The data set WORK.BELOWTEXT has 4 observations and 2 variables.
NOTE: PROCEDURE SORT used (Total process time):
      real time           0.01 seconds
      cpu time            0.01 seconds
      

MPRINT(EM_TREE_MAKEPLOTDS):   data tempoutnodes;
MPRINT(EM_TREE_MAKEPLOTDS):   merge tempoutnodes belowtext;
MPRINT(EM_TREE_MAKEPLOTDS):   by node;
MPRINT(EM_TREE_MAKEPLOTDS):   run;

NOTE: There were 9 observations read from the data set WORK.TEMPOUTNODES.
NOTE: There were 4 observations read from the data set WORK.BELOWTEXT.
NOTE: The data set WORK.TEMPOUTNODES has 9 observations and 26 variables.
NOTE: DATA statement used (Total process time):
      real time           0.03 seconds
      cpu time            0.01 seconds
      

MPRINT(EM_TREE_MAKEPLOTDS):   data _null_ ;
MPRINT(EM_TREE_MAKEPLOTDS):   set EMWS1.Tree5_OUTSTATS(where=(STATNAME="NPRIORS")) end=eof ;
MPRINT(EM_TREE_MAKEPLOTDS):   if eof then do ;
MPRINT(EM_TREE_MAKEPLOTDS):   call symput("npriors" , strip(put(_N_,best.))) ;
MPRINT(EM_TREE_MAKEPLOTDS):   end;
MPRINT(EM_TREE_MAKEPLOTDS):   run;

NOTE: There were 0 observations read from the data set EMWS1.TREE5_OUTSTATS.
      WHERE STATNAME='NPRIORS';
NOTE: DATA statement used (Total process time):
      real time           0.00 seconds
      cpu time            0.01 seconds
      

MPRINT(EM_TREE_MAKEPLOTDS):   data temptarmeta;
MPRINT(EM_TREE_MAKEPLOTDS):   set EMWS1.Tree5_VariableSet(where=(ROLE='TARGET' AND LEVEL^='ORDINAL' AND USE in ('D', 'Y') ));
MPRINT(EM_TREE_MAKEPLOTDS):   length TARGET $32;
MPRINT(EM_TREE_MAKEPLOTDS):   Target=name;
MPRINT(EM_TREE_MAKEPLOTDS):   keep target level;
MPRINT(EM_TREE_MAKEPLOTDS):   run;

NOTE: There were 1 observations read from the data set EMWS1.TREE5_VARIABLESET.
      WHERE (ROLE='TARGET') and (LEVEL not = 'ORDINAL') and USE in ('D', 'Y');
NOTE: The data set WORK.TEMPTARMETA has 1 observations and 2 variables.
NOTE: DATA statement used (Total process time):
      real time           0.02 seconds
      cpu time            0.01 seconds
      

MPRINT(EM_TREE_MAKEPLOTDS):   data temptargetused;
MPRINT(EM_TREE_MAKEPLOTDS):   set EMWS1.Tree5_OUTSTATS;
MPRINT(EM_TREE_MAKEPLOTDS):   length target $32 tarlevel $10;
MPRINT(EM_TREE_MAKEPLOTDS):   target=
MPRINT(EM_TREE_MAKEPLOTDS):  "diagnosis";
MPRINT(EM_TREE_MAKEPLOTDS):   tarlevel=
MPRINT(EM_TREE_MAKEPLOTDS):  "BINARY";
MPRINT(EM_TREE_MAKEPLOTDS):   keep node target tarlevel;
MPRINT(EM_TREE_MAKEPLOTDS):   run;

NOTE: There were 63 observations read from the data set EMWS1.TREE5_OUTSTATS.
NOTE: The data set WORK.TEMPTARGETUSED has 63 observations and 3 variables.
NOTE: DATA statement used (Total process time):
      real time           0.01 seconds
      cpu time            0.01 seconds
      

MPRINT(EM_TREE_MAKEPLOTDS):   proc sort data=temptargetused nodupkey;
MPRINT(EM_TREE_MAKEPLOTDS):   by node;
MPRINT(EM_TREE_MAKEPLOTDS):   run;

NOTE: There were 63 observations read from the data set WORK.TEMPTARGETUSED.
NOTE: 54 observations with duplicate key values were deleted.
NOTE: The data set WORK.TEMPTARGETUSED has 9 observations and 3 variables.
NOTE: PROCEDURE SORT used (Total process time):
      real time           0.02 seconds
      cpu time            0.01 seconds
      

MPRINT(EM_TREE_MAKEPLOTDS):   proc sort data=EMWS1.Tree5_OUTSTATS out=tempoutstats;
MPRINT(EM_TREE_MAKEPLOTDS):   by node;
MPRINT(EM_TREE_MAKEPLOTDS):   run;

NOTE: There were 63 observations read from the data set EMWS1.TREE5_OUTSTATS.
NOTE: The data set WORK.TEMPOUTSTATS has 63 observations and 5 variables.
NOTE: PROCEDURE SORT used (Total process time):
      real time           0.01 seconds
      cpu time            0.03 seconds
      

MPRINT(EM_TREE_MAKEPLOTDS):   proc sort data=temptargetused;
MPRINT(EM_TREE_MAKEPLOTDS):   by node;
MPRINT(EM_TREE_MAKEPLOTDS):   run;

NOTE: Input data set is already sorted, no sorting done.
NOTE: PROCEDURE SORT used (Total process time):
      real time           0.00 seconds
      cpu time            0.00 seconds
      

MPRINT(EM_TREE_MAKEPLOTDS):   data tempinterval tempclass;
MPRINT(EM_TREE_MAKEPLOTDS):   merge tempoutstats temptargetused( rename=(target=targetused));
MPRINT(EM_TREE_MAKEPLOTDS):   by node;
MPRINT(EM_TREE_MAKEPLOTDS):   if tarlevel="INTERVAL" then output tempinterval;
MPRINT(EM_TREE_MAKEPLOTDS):   else output tempclass;
MPRINT(EM_TREE_MAKEPLOTDS):   run;

NOTE: There were 63 observations read from the data set WORK.TEMPOUTSTATS.
NOTE: There were 9 observations read from the data set WORK.TEMPTARGETUSED.
NOTE: The data set WORK.TEMPINTERVAL has 0 observations and 7 variables.
NOTE: The data set WORK.TEMPCLASS has 63 observations and 7 variables.
NOTE: DATA statement used (Total process time):
      real time           0.04 seconds
      cpu time            0.03 seconds
      

MPRINT(EM_TREE_MAKEPLOTDS):   proc sql;
MPRINT(EM_TREE_MAKEPLOTDS):   reset noprint;
MPRINT(EM_TREE_MAKEPLOTDS):   select count(*) into :em_intNobs from tempinterval;
MPRINT(EM_TREE_MAKEPLOTDS):   quit;
NOTE: PROCEDURE SQL used (Total process time):
      real time           0.01 seconds
      cpu time            0.00 seconds
      

MPRINT(EM_TREE_MAKEPLOTDS):   proc sql;
MPRINT(EM_TREE_MAKEPLOTDS):   reset noprint;
MPRINT(EM_TREE_MAKEPLOTDS):   select count(*) into :em_classNobs from tempclass;
MPRINT(EM_TREE_MAKEPLOTDS):   quit;
NOTE: PROCEDURE SQL used (Total process time):
      real time           0.00 seconds
      cpu time            0.00 seconds
      

MPRINT(EM_TREE_MAKEPLOTDS):   proc sort data=tempclass;
MPRINT(EM_TREE_MAKEPLOTDS):   by node category;
MPRINT(EM_TREE_MAKEPLOTDS):   run;

NOTE: There were 63 observations read from the data set WORK.TEMPCLASS.
NOTE: The data set WORK.TEMPCLASS has 63 observations and 7 variables.
NOTE: PROCEDURE SORT used (Total process time):
      real time           0.01 seconds
      cpu time            0.01 seconds
      

MPRINT(EM_TREE_MAKEPLOTDS):   data tempn(keep=NODE STATVALUE STATNAME) temppredict(Keep=NODE CATEGORY) tempprob(keep=NODE STATVALUE CATEGORY TARGET ) tempvprob(keep=NODE STATVALUE CATEGORY TARGET ) tempprofit(KEEP=NODE STATVALUE STATNAME CATEGORY ) 
temploss(KEEP=NODE STATVALUE STATNAME CATEGORY );
MPRINT(EM_TREE_MAKEPLOTDS):   set tempclass;
MPRINT(EM_TREE_MAKEPLOTDS):   if ((statname="N") OR (statname="VALID: N")) then output tempn;
MPRINT(EM_TREE_MAKEPLOTDS):   else if statname="PREDICTION" then output temppredict;
MPRINT(EM_TREE_MAKEPLOTDS):   else if statname="PROBABILITY" then output tempprob;
MPRINT(EM_TREE_MAKEPLOTDS):   else if statname="VALID: PROBABILITY" then output tempvprob;
MPRINT(EM_TREE_MAKEPLOTDS):   else if ((statname="ALTERNATIVE PROFIT") or (statname="VALID: ALTERNATIVE PROFIT")) then output tempprofit;
MPRINT(EM_TREE_MAKEPLOTDS):   else if ((statname="ALTERNATIVE LOSS") OR (statname="VALID: ALTERNATIVE LOSS")) then output temploss;
MPRINT(EM_TREE_MAKEPLOTDS):   run;

WARNING: The variable TARGET in the DROP, KEEP, or RENAME list has never been referenced.
WARNING: The variable TARGET in the DROP, KEEP, or RENAME list has never been referenced.
NOTE: There were 63 observations read from the data set WORK.TEMPCLASS.
NOTE: The data set WORK.TEMPN has 18 observations and 3 variables.
NOTE: The data set WORK.TEMPPREDICT has 9 observations and 2 variables.
NOTE: The data set WORK.TEMPPROB has 18 observations and 3 variables.
NOTE: The data set WORK.TEMPVPROB has 18 observations and 3 variables.
NOTE: The data set WORK.TEMPPROFIT has 0 observations and 4 variables.
NOTE: The data set WORK.TEMPLOSS has 0 observations and 4 variables.
NOTE: DATA statement used (Total process time):
      real time           0.08 seconds
      cpu time            0.07 seconds
      

MPRINT(EM_TREE_MAKEPLOTDS):   proc sql;
MPRINT(EM_TREE_MAKEPLOTDS):   reset noprint;
MPRINT(EM_TREE_MAKEPLOTDS):   select count(*) into :em_profitflag from tempprofit;
MPRINT(EM_TREE_MAKEPLOTDS):   quit;
NOTE: PROCEDURE SQL used (Total process time):
      real time           0.01 seconds
      cpu time            0.01 seconds
      

MPRINT(EM_TREE_MAKEPLOTDS):   proc sql;
MPRINT(EM_TREE_MAKEPLOTDS):   reset noprint;
MPRINT(EM_TREE_MAKEPLOTDS):   select count(*) into :em_lossflag from temploss;
MPRINT(EM_TREE_MAKEPLOTDS):   quit;
NOTE: PROCEDURE SQL used (Total process time):
      real time           0.00 seconds
      cpu time            0.00 seconds
      

MPRINT(EM_TREE_MAKEPLOTDS):   proc transpose data=tempn out=tempn(keep=node N VALID__N rename=(VALID__N=VN));
MPRINT(EM_TREE_MAKEPLOTDS):   by node;
MPRINT(EM_TREE_MAKEPLOTDS):   id statname;
MPRINT(EM_TREE_MAKEPLOTDS):   run;

NOTE: There were 18 observations read from the data set WORK.TEMPN.
NOTE: The data set WORK.TEMPN has 9 observations and 3 variables.
NOTE: PROCEDURE TRANSPOSE used (Total process time):
      real time           0.05 seconds
      cpu time            0.03 seconds
      

MPRINT(EM_TREE_MAKEPLOTDS):   data tempprob;
MPRINT(EM_TREE_MAKEPLOTDS):   merge tempprob tempvprob(rename=(statvalue=vstatvalue));
MPRINT(EM_TREE_MAKEPLOTDS):   by node category;
MPRINT(EM_TREE_MAKEPLOTDS):   run;

NOTE: There were 18 observations read from the data set WORK.TEMPPROB.
NOTE: There were 18 observations read from the data set WORK.TEMPVPROB.
NOTE: The data set WORK.TEMPPROB has 18 observations and 4 variables.
NOTE: DATA statement used (Total process time):
      real time           0.01 seconds
      cpu time            0.01 seconds
      

MPRINT(EM_TREE_MAKEPLOTDS):   data temppredict;
MPRINT(EM_TREE_MAKEPLOTDS):   merge tempprob temppredict(in=_a);
MPRINT(EM_TREE_MAKEPLOTDS):   by node category;
MPRINT(EM_TREE_MAKEPLOTDS):   if _a then do;
MPRINT(EM_TREE_MAKEPLOTDS):   percentCorrect = statvalue;
MPRINT(EM_TREE_MAKEPLOTDS):   vpercentCorrect= vstatvalue;
MPRINT(EM_TREE_MAKEPLOTDS):   end;
MPRINT(EM_TREE_MAKEPLOTDS):   label percentCorrect= "Percent Correct" vpercentCorrect= "Valid Percent Correct" ;
MPRINT(EM_TREE_MAKEPLOTDS):   if missing(percentCorrect) then delete;
MPRINT(EM_TREE_MAKEPLOTDS):   drop target;
MPRINT(EM_TREE_MAKEPLOTDS):   run;

WARNING: The variable target in the DROP, KEEP, or RENAME list has never been referenced.
NOTE: There were 18 observations read from the data set WORK.TEMPPROB.
NOTE: There were 9 observations read from the data set WORK.TEMPPREDICT.
NOTE: The data set WORK.TEMPPREDICT has 9 observations and 6 variables.
NOTE: DATA statement used (Total process time):
      real time           0.03 seconds
      cpu time            0.01 seconds
      

MPRINT(EM_TREE_MAKEPLOTDS):   data tempprob(keep= node probtext);
MPRINT(EM_TREE_MAKEPLOTDS):   length probtext $800;
MPRINT(EM_TREE_MAKEPLOTDS):   retain probtext;
MPRINT(EM_TREE_MAKEPLOTDS):   set tempprob ;
MPRINT(EM_TREE_MAKEPLOTDS):   by node;
MPRINT(EM_TREE_MAKEPLOTDS):   if first.node then do;
MPRINT(EM_TREE_MAKEPLOTDS):   probtext=strip(CATEGORY)||": "||"09"x||put(statvalue, percent10.2)||"09"x||put(vstatvalue, percent10.2);
MPRINT(EM_TREE_MAKEPLOTDS):   end;
MPRINT(EM_TREE_MAKEPLOTDS):   else if last.node then do;
MPRINT(EM_TREE_MAKEPLOTDS):   probtext=strip(probtext)||"0A"x||strip(CATEGORY)||": "||"09"x||put(statvalue, percent10.2)||"09"x||put(vstatvalue, percent10.2);
MPRINT(EM_TREE_MAKEPLOTDS):   output;
MPRINT(EM_TREE_MAKEPLOTDS):   end;
MPRINT(EM_TREE_MAKEPLOTDS):   else do;
MPRINT(EM_TREE_MAKEPLOTDS):   probtext=strip(probtext)||"0A"x||strip(CATEGORY)||": "||"09"x||put(statvalue, percent10.2)||"09"x||put(vstatvalue, percent10.2);
MPRINT(EM_TREE_MAKEPLOTDS):   end;
MPRINT(EM_TREE_MAKEPLOTDS):   run;

NOTE: There were 18 observations read from the data set WORK.TEMPPROB.
NOTE: The data set WORK.TEMPPROB has 9 observations and 2 variables.
NOTE: DATA statement used (Total process time):
      real time           0.01 seconds
      cpu time            0.01 seconds
      

MPRINT(EM_TREE_MAKEPLOTDS):   proc sort data=tempoutnodes out=tempoutnodes;
MPRINT(EM_TREE_MAKEPLOTDS):   by node;
MPRINT(EM_TREE_MAKEPLOTDS):   run;

NOTE: There were 9 observations read from the data set WORK.TEMPOUTNODES.
NOTE: The data set WORK.TEMPOUTNODES has 9 observations and 26 variables.
NOTE: PROCEDURE SORT used (Total process time):
      real time           0.01 seconds
      cpu time            0.00 seconds
      

MPRINT(EM_TREE_MAKEPLOTDS):   data EMWS1.Tree5_TREE_PLOT;
MPRINT(EM_TREE_MAKEPLOTDS):   length textall $800;
MPRINT(EM_TREE_MAKEPLOTDS):   merge tempoutnodes temptargetused tempn temppredict tempprob ;
MPRINT(EM_TREE_MAKEPLOTDS):   by node;
MPRINT(EM_TREE_MAKEPLOTDS):   textall="";
MPRINT(EM_TREE_MAKEPLOTDS):   if tarlevel^="INTERVAL" then do;
MPRINT(EM_TREE_MAKEPLOTDS):   textall=strip(textall)||"0A"x||"Node Id: "||"09"x||strip(Node);
MPRINT(EM_TREE_MAKEPLOTDS):   textall=strip(textall)||"0A"x||"Statistic "||"09"x||"Train" ||"09"x|| "Validation";
MPRINT(EM_TREE_MAKEPLOTDS):   textall=strip(textall)||"0A"x||strip(probtext);
MPRINT(EM_TREE_MAKEPLOTDS):   textall=strip(textall)||"0A"x||" Count: "||"09"x||strip(put(N, best12.))||"09"x||strip(put(VN, best12.));
MPRINT(EM_TREE_MAKEPLOTDS):   nodecolor=percentcorrect;
MPRINT(EM_TREE_MAKEPLOTDS):   end;
MPRINT(EM_TREE_MAKEPLOTDS):   drop CATEGORY PROBTEXT TARGET TARLEVEL STATVALUE VSTATVALUE ;
MPRINT(EM_TREE_MAKEPLOTDS):   run;

NOTE: Numeric values have been converted to character values at the places given by: (Line):(Column).
      1141:196   
NOTE: There were 9 observations read from the data set WORK.TEMPOUTNODES.
NOTE: There were 9 observations read from the data set WORK.TEMPTARGETUSED.
NOTE: There were 9 observations read from the data set WORK.TEMPN.
NOTE: There were 9 observations read from the data set WORK.TEMPPREDICT.
NOTE: There were 9 observations read from the data set WORK.TEMPPROB.
NOTE: The data set EMWS1.TREE5_TREE_PLOT has 9 observations and 30 variables.
NOTE: DATA statement used (Total process time):
      real time           0.05 seconds
      cpu time            0.03 seconds
      

MPRINT(EM_TREE_MAKEPLOTDS):   data tempprob(keep=node statname statvalue rename=(statvalue=P_diagnosisM));
MPRINT(EM_TREE_MAKEPLOTDS):   set EMWS1.Tree5_OUTSTATS;
MPRINT(EM_TREE_MAKEPLOTDS):   if ((statname="PROBABILITY" or statname="VALID: PROBABILITY" ) AND (CATEGORY="M") );
MPRINT(EM_TREE_MAKEPLOTDS):   run;

NOTE: There were 63 observations read from the data set EMWS1.TREE5_OUTSTATS.
NOTE: The data set WORK.TEMPPROB has 18 observations and 3 variables.
NOTE: DATA statement used (Total process time):
      real time           0.01 seconds
      cpu time            0.01 seconds
      

MPRINT(EM_TREE_MAKEPLOTDS):   proc sort data=tempprob;
MPRINT(EM_TREE_MAKEPLOTDS):   by node;
MPRINT(EM_TREE_MAKEPLOTDS):   run;

NOTE: There were 18 observations read from the data set WORK.TEMPPROB.
NOTE: The data set WORK.TEMPPROB has 18 observations and 3 variables.
NOTE: PROCEDURE SORT used (Total process time):
      real time           0.03 seconds
      cpu time            0.00 seconds
      

MPRINT(EM_TREE_MAKEPLOTDS):   proc transpose data=tempprob out=tempprob(keep=NODE PROBABILITY VALID__PROBABILITY rename=(PROBABILITY=P_diagnosisM VALID__PROBABILITY=V_diagnosisM));
MPRINT(EM_TREE_MAKEPLOTDS):   by node;
MPRINT(EM_TREE_MAKEPLOTDS):   id statname;
MPRINT(EM_TREE_MAKEPLOTDS):   run;

NOTE: There were 18 observations read from the data set WORK.TEMPPROB.
NOTE: The data set WORK.TEMPPROB has 9 observations and 3 variables.
NOTE: PROCEDURE TRANSPOSE used (Total process time):
      real time           0.07 seconds
      cpu time            0.01 seconds
      

MPRINT(EM_TREE_MAKEPLOTDS):   proc sort data=tempprob;
MPRINT(EM_TREE_MAKEPLOTDS):   by node;
MPRINT(EM_TREE_MAKEPLOTDS):   run;

NOTE: There were 9 observations read from the data set WORK.TEMPPROB.
NOTE: The data set WORK.TEMPPROB has 9 observations and 3 variables.
NOTE: PROCEDURE SORT used (Total process time):
      real time           0.03 seconds
      cpu time            0.01 seconds
      

MPRINT(EM_TREE_MAKEPLOTDS):   data tempoutnodes;
MPRINT(EM_TREE_MAKEPLOTDS):   merge tempoutnodes tempprob;
MPRINT(EM_TREE_MAKEPLOTDS):   by node;
MPRINT(EM_TREE_MAKEPLOTDS):   run;

NOTE: There were 9 observations read from the data set WORK.TEMPOUTNODES.
NOTE: There were 9 observations read from the data set WORK.TEMPPROB.
NOTE: The data set WORK.TEMPOUTNODES has 9 observations and 26 variables.
NOTE: DATA statement used (Total process time):
      real time           0.04 seconds
      cpu time            0.03 seconds
      

MPRINT(EM_TREE_MAKEPLOTDS):   proc sort data=tempoutnodes out=tempnodes;
MPRINT(EM_TREE_MAKEPLOTDS):   by descending P_diagnosisM;
MPRINT(EM_TREE_MAKEPLOTDS):   run;

NOTE: There were 9 observations read from the data set WORK.TEMPOUTNODES.
NOTE: The data set WORK.TEMPNODES has 9 observations and 26 variables.
NOTE: PROCEDURE SORT used (Total process time):
      real time           0.02 seconds
      cpu time            0.00 seconds
      

MPRINT(EM_TREE_MAKEPLOTDS):   data tempnodes;
MPRINT(EM_TREE_MAKEPLOTDS):   retain traintotal validtotal;
MPRINT(EM_TREE_MAKEPLOTDS):   set tempnodes(where=(leaf ne . ));
MPRINT(EM_TREE_MAKEPLOTDS):   tprob=round(P_diagnosisM, .01);
MPRINT(EM_TREE_MAKEPLOTDS):   percevent_train=round(tprob*100, .01);
MPRINT(EM_TREE_MAKEPLOTDS):   perc_train=round((n/traintotal)*100, 0.01);
MPRINT(EM_TREE_MAKEPLOTDS):   if missing(perc_train) then perc_train = round(linkwidth*10, 0.01);
MPRINT(EM_TREE_MAKEPLOTDS):   vprob=round(V_diagnosisM, .01);
MPRINT(EM_TREE_MAKEPLOTDS):   percevent_valid=round(vprob*100, .01);
MPRINT(EM_TREE_MAKEPLOTDS):   perc_valid=round((vn/validtotal)*100, .01);
MPRINT(EM_TREE_MAKEPLOTDS):   index=_N_;
MPRINT(EM_TREE_MAKEPLOTDS):   keep node index tprob perc_train percevent_train vprob percevent_valid perc_valid ;
MPRINT(EM_TREE_MAKEPLOTDS):   run;

NOTE: There were 5 observations read from the data set WORK.TEMPNODES.
      WHERE leaf not = .;
NOTE: The data set WORK.TEMPNODES has 5 observations and 8 variables.
NOTE: DATA statement used (Total process time):
      real time           0.02 seconds
      cpu time            0.01 seconds
      

MPRINT(EM_TREE_MAKEPLOTDS):   proc sort data=tempnodes;
MPRINT(EM_TREE_MAKEPLOTDS):   by node;
MPRINT(EM_TREE_MAKEPLOTDS):   run;

NOTE: There were 5 observations read from the data set WORK.TEMPNODES.
NOTE: The data set WORK.TEMPNODES has 5 observations and 8 variables.
NOTE: PROCEDURE SORT used (Total process time):
      real time           0.03 seconds
      cpu time            0.03 seconds
      

MPRINT(EM_TREE_MAKEPLOTDS):   data EMWS1.Tree5_TREE_PLOT;
MPRINT(EM_TREE_MAKEPLOTDS):   merge EMWS1.Tree5_TREE_PLOT tempnodes;
MPRINT(EM_TREE_MAKEPLOTDS):   by node;
MPRINT(EM_TREE_MAKEPLOTDS):   if missing(node) then delete;
MPRINT(EM_TREE_MAKEPLOTDS):   abovetext = compbl(abovetext);
MPRINT(EM_TREE_MAKEPLOTDS):   label textall = "All Text" parent = "Parent Id" node = "Node Id" abovetext = "Above Text" traintotal = "Train Total" nodecolor =
MPRINT(EM_TREE_MAKEPLOTDS):   "Node Color" tprob = "Training Percent M" percevent_train = "Event Percentage" perc_train = "Percent Cases" index = "Index" validtotal = "Valid Total" VN =
MPRINT(EM_TREE_MAKEPLOTDS):   "Valid: Number of Observations" vprob = "Validation Percent M" perc_valid = "Valid: Percent Cases" percevent_valid = "Valid: Event Percentage" ;
MPRINT(EM_TREE_MAKEPLOTDS):   run;

NOTE: There were 9 observations read from the data set EMWS1.TREE5_TREE_PLOT.
NOTE: There were 5 observations read from the data set WORK.TEMPNODES.
NOTE: The data set EMWS1.TREE5_TREE_PLOT has 9 observations and 37 variables.
NOTE: DATA statement used (Total process time):
      real time           0.10 seconds
      cpu time            0.04 seconds
      

MPRINT(EM_TREE_MAKEPLOTDS):   proc datasets lib=work nolist;
MPRINT(EM_TREE_MAKEPLOTDS):   delete abovetext belowtext tempoutnodes tempmissing temp tempnodes tempstats;
MPRINT(EM_TREE_MAKEPLOTDS):   run;

NOTE: The file WORK.TEMP (memtype=DATA) was not found, but appears on a DELETE statement.
NOTE: The file WORK.TEMPSTATS (memtype=DATA) was not found, but appears on a DELETE statement.
NOTE: Deleting WORK.ABOVETEXT (memtype=DATA).
NOTE: Deleting WORK.BELOWTEXT (memtype=DATA).
NOTE: Deleting WORK.TEMPOUTNODES (memtype=DATA).
NOTE: Deleting WORK.TEMPMISSING (memtype=DATA).
NOTE: Deleting WORK.TEMPNODES (memtype=DATA).
MPRINT(EM_TREE_REPORT):  ;

NOTE: PROCEDURE DATASETS used (Total process time):
      real time           0.03 seconds
      cpu time            0.03 seconds
      

MPRINT(EM_REPORT):   data WORK.EM_USER_REPORT;
MPRINT(EM_REPORT):   retain id 0;
MPRINT(EM_REPORT):   id + 1;
MPRINT(EM_REPORT):   length VIEW 8 NAME $32 VALUE $400;
MPRINT(EM_REPORT):   NAME = "KEY";
MPRINT(EM_REPORT):   VALUE = "TREE_PLOT";
MPRINT(EM_REPORT):   VIEW = 0.53000970256049;
MPRINT(EM_REPORT):   output;
MPRINT(EM_REPORT):   NAME = "VIEWTYPE";
MPRINT(EM_REPORT):   VALUE = "DTree";
MPRINT(EM_REPORT):   VIEW = 0.53000970256049;
MPRINT(EM_REPORT):   output;
MPRINT(EM_REPORT):   NAME = "AUTODISPLAY";
MPRINT(EM_REPORT):   VALUE = "Y";
MPRINT(EM_REPORT):   VIEW = 0.53000970256049;
MPRINT(EM_REPORT):   output;
MPRINT(EM_REPORT):   NAME = "SPK";
MPRINT(EM_REPORT):   VALUE = "Y";
MPRINT(EM_REPORT):   VIEW = 0.53000970256049;
MPRINT(EM_REPORT):   output;
MPRINT(EM_REPORT):   NAME = "COMPARE";
MPRINT(EM_REPORT):   VALUE = "N";
MPRINT(EM_REPORT):   VIEW = 0.53000970256049;
MPRINT(EM_REPORT):   output;
MPRINT(EM_REPORT):   NAME = "LOCALIZE";
MPRINT(EM_REPORT):   VALUE = "N";
MPRINT(EM_REPORT):   VIEW = 0.53000970256049;
MPRINT(EM_REPORT):   output;
MPRINT(EM_REPORT):   NAME = "EQUALIZEROWX";
MPRINT(EM_REPORT):   VALUE = "N";
MPRINT(EM_REPORT):   VIEW = 0.53000970256049;
MPRINT(EM_REPORT):   output;
MPRINT(EM_REPORT):   NAME = "EQUALIZEROWY";
MPRINT(EM_REPORT):   VALUE = "N";
MPRINT(EM_REPORT):   VIEW = 0.53000970256049;
MPRINT(EM_REPORT):   output;
MPRINT(EM_REPORT):   NAME = "EQUALIZECOLX";
MPRINT(EM_REPORT):   VALUE = "N";
MPRINT(EM_REPORT):   VIEW = 0.53000970256049;
MPRINT(EM_REPORT):   output;
MPRINT(EM_REPORT):   NAME = "EQUALIZECOLY";
MPRINT(EM_REPORT):   VALUE = "N";
MPRINT(EM_REPORT):   VIEW = 0.53000970256049;
MPRINT(EM_REPORT):   output;
MPRINT(EM_REPORT):   NAME = "NROWS";
MPRINT(EM_REPORT):   VALUE = "";
MPRINT(EM_REPORT):   VIEW = 0.53000970256049;
MPRINT(EM_REPORT):   output;
MPRINT(EM_REPORT):   NAME = "NCOLS";
MPRINT(EM_REPORT):   VALUE = "";
MPRINT(EM_REPORT):   VIEW = 0.53000970256049;
MPRINT(EM_REPORT):   output;
MPRINT(EM_REPORT):   NAME = "DISCRETEX";
MPRINT(EM_REPORT):   VALUE = "";
MPRINT(EM_REPORT):   VIEW = 0.53000970256049;
MPRINT(EM_REPORT):   output;
MPRINT(EM_REPORT):   NAME = "DISCRETEY";
MPRINT(EM_REPORT):   VALUE = "";
MPRINT(EM_REPORT):   VIEW = 0.53000970256049;
MPRINT(EM_REPORT):   output;
MPRINT(EM_REPORT):   NAME = "LATTICEX";
MPRINT(EM_REPORT):   VALUE = "";
MPRINT(EM_REPORT):   VIEW = 0.53000970256049;
MPRINT(EM_REPORT):   output;
MPRINT(EM_REPORT):   NAME = "LATTICEY";
MPRINT(EM_REPORT):   VALUE = "";
MPRINT(EM_REPORT):   VIEW = 0.53000970256049;
MPRINT(EM_REPORT):   output;
MPRINT(EM_REPORT):   NAME = "LATTICETYPE";
MPRINT(EM_REPORT):   VALUE = "";
MPRINT(EM_REPORT):   VIEW = 0.53000970256049;
MPRINT(EM_REPORT):   output;
MPRINT(EM_REPORT):   NAME = "ABSOLUTEVALUE";
MPRINT(EM_REPORT):   VALUE = "";
MPRINT(EM_REPORT):   VIEW = 0.53000970256049;
MPRINT(EM_REPORT):   output;
MPRINT(EM_REPORT):   NAME = "SORTORDER";
MPRINT(EM_REPORT):   VALUE = "";
MPRINT(EM_REPORT):   VIEW = 0.53000970256049;
MPRINT(EM_REPORT):   output;
MPRINT(EM_REPORT):   NAME = "SORTORDERY";
MPRINT(EM_REPORT):   VALUE = "";
MPRINT(EM_REPORT):   VIEW = 0.53000970256049;
MPRINT(EM_REPORT):   output;
MPRINT(EM_REPORT):   NAME = "ORIENTATION";
MPRINT(EM_REPORT):   VALUE = "";
MPRINT(EM_REPORT):   VIEW = 0.53000970256049;
MPRINT(EM_REPORT):   output;
MPRINT(EM_REPORT):   NAME = "METHOD";
MPRINT(EM_REPORT):   VALUE = "";
MPRINT(EM_REPORT):   VIEW = 0.53000970256049;
MPRINT(EM_REPORT):   output;
MPRINT(EM_REPORT):   NAME = "DIRECTION";
MPRINT(EM_REPORT):   VALUE = "";
MPRINT(EM_REPORT):   VIEW = 0.53000970256049;
MPRINT(EM_REPORT):   output;
MPRINT(EM_REPORT):   NAME = "BYSET";
MPRINT(EM_REPORT):   VALUE = "";
MPRINT(EM_REPORT):   VIEW = 0.53000970256049;
MPRINT(EM_REPORT):   output;
MPRINT(EM_REPORT):   NAME = "RENDERMODE";
MPRINT(EM_REPORT):   VALUE = "";
MPRINT(EM_REPORT):   VIEW = 0.53000970256049;
MPRINT(EM_REPORT):   output;
MPRINT(EM_REPORT):   NAME = "DESCRIPTION";
MPRINT(EM_REPORT):   VALUE = "TREE";
MPRINT(EM_REPORT):   VIEW = 0.53000970256049;
MPRINT(EM_REPORT):   output;
MPRINT(EM_REPORT):   NAME = "X";
MPRINT(EM_REPORT):   VALUE = "";
MPRINT(EM_REPORT):   VIEW = 0.53000970256049;
MPRINT(EM_REPORT):   output;
MPRINT(EM_REPORT):   NAME = "EXCLUDEVARS";
MPRINT(EM_REPORT):   VALUE = "";
MPRINT(EM_REPORT):   VIEW = 0.53000970256049;
MPRINT(EM_REPORT):   output;
MPRINT(EM_REPORT):   NAME = "Z";
MPRINT(EM_REPORT):   VALUE = "";
MPRINT(EM_REPORT):   VIEW = 0.53000970256049;
MPRINT(EM_REPORT):   output;
MPRINT(EM_REPORT):   NAME = "YVARS";
MPRINT(EM_REPORT):   VALUE = "";
MPRINT(EM_REPORT):   VIEW = 0.53000970256049;
MPRINT(EM_REPORT):   output;
MPRINT(EM_REPORT):   NAME = "FREQVARS";
MPRINT(EM_REPORT):   VALUE = "";
MPRINT(EM_REPORT):   VIEW = 0.53000970256049;
MPRINT(EM_REPORT):   output;
MPRINT(EM_REPORT):   NAME = "AXIS";
MPRINT(EM_REPORT):   VALUE = "";
MPRINT(EM_REPORT):   VIEW = 0.53000970256049;
MPRINT(EM_REPORT):   output;
MPRINT(EM_REPORT):   NAME = "FREQ";
MPRINT(EM_REPORT):   VALUE = "";
MPRINT(EM_REPORT):   VIEW = 0.53000970256049;
MPRINT(EM_REPORT):   output;
MPRINT(EM_REPORT):   NAME = "GROUP";
MPRINT(EM_REPORT):   VALUE = "";
MPRINT(EM_REPORT):   VIEW = 0.53000970256049;
MPRINT(EM_REPORT):   output;
MPRINT(EM_REPORT):   NAME = "SUBGROUP";
MPRINT(EM_REPORT):   VALUE = "";
MPRINT(EM_REPORT):   VIEW = 0.53000970256049;
MPRINT(EM_REPORT):   output;
MPRINT(EM_REPORT):   NAME = "BLOCK";
MPRINT(EM_REPORT):   VALUE = "MODEL";
MPRINT(EM_REPORT):   VIEW = 0.53000970256049;
MPRINT(EM_REPORT):   output;
MPRINT(EM_REPORT):   NAME = "COLOR";
MPRINT(EM_REPORT):   VALUE = "";
MPRINT(EM_REPORT):   VIEW = 0.53000970256049;
MPRINT(EM_REPORT):   output;
MPRINT(EM_REPORT):   NAME = "COLORINDEX";
MPRINT(EM_REPORT):   VALUE = "";
MPRINT(EM_REPORT):   VIEW = 0.53000970256049;
MPRINT(EM_REPORT):   output;
MPRINT(EM_REPORT):   NAME = "TIPTEXT";
MPRINT(EM_REPORT):   VALUE = "TEXTALL";
MPRINT(EM_REPORT):   VIEW = 0.53000970256049;
MPRINT(EM_REPORT):   output;
MPRINT(EM_REPORT):   NAME = "TIP";
MPRINT(EM_REPORT):   VALUE = "";
MPRINT(EM_REPORT):   VIEW = 0.53000970256049;
MPRINT(EM_REPORT):   output;
MPRINT(EM_REPORT):   NAME = "TOOLTIP";
MPRINT(EM_REPORT):   VALUE = "";
MPRINT(EM_REPORT):   VIEW = 0.53000970256049;
MPRINT(EM_REPORT):   output;
MPRINT(EM_REPORT):   NAME = "REPORTID";
MPRINT(EM_REPORT):   VALUE = "";
MPRINT(EM_REPORT):   VIEW = 0.53000970256049;
MPRINT(EM_REPORT):   output;
MPRINT(EM_REPORT):   NAME = "IDVALUE";
MPRINT(EM_REPORT):   VALUE = "";
MPRINT(EM_REPORT):   VIEW = 0.53000970256049;
MPRINT(EM_REPORT):   output;
MPRINT(EM_REPORT):   NAME = "ID";
MPRINT(EM_REPORT):   VALUE = "NODE";
MPRINT(EM_REPORT):   VIEW = 0.53000970256049;
MPRINT(EM_REPORT):   output;
MPRINT(EM_REPORT):   NAME = "SIZE";
MPRINT(EM_REPORT):   VALUE = "";
MPRINT(EM_REPORT):   VIEW = 0.53000970256049;
MPRINT(EM_REPORT):   output;
MPRINT(EM_REPORT):   NAME = "FROM";
MPRINT(EM_REPORT):   VALUE = "";
MPRINT(EM_REPORT):   VIEW = 0.53000970256049;
MPRINT(EM_REPORT):   output;
MPRINT(EM_REPORT):   NAME = "TO";
MPRINT(EM_REPORT):   VALUE = "";
MPRINT(EM_REPORT):   VIEW = 0.53000970256049;
MPRINT(EM_REPORT):   output;
MPRINT(EM_REPORT):   NAME = "VALUE";
MPRINT(EM_REPORT):   VALUE = "";
MPRINT(EM_REPORT):   VIEW = 0.53000970256049;
MPRINT(EM_REPORT):   output;
MPRINT(EM_REPORT):   NAME = "VIEWS";
MPRINT(EM_REPORT):   VALUE = "";
MPRINT(EM_REPORT):   VIEW = 0.53000970256049;
MPRINT(EM_REPORT):   output;
MPRINT(EM_REPORT):   NAME = "PARENT";
MPRINT(EM_REPORT):   VALUE = "PARENT";
MPRINT(EM_REPORT):   VIEW = 0.53000970256049;
MPRINT(EM_REPORT):   output;
MPRINT(EM_REPORT):   NAME = "NODETEXT";
MPRINT(EM_REPORT):   VALUE = "NODETEXT";
MPRINT(EM_REPORT):   VIEW = 0.53000970256049;
MPRINT(EM_REPORT):   output;
MPRINT(EM_REPORT):   NAME = "ABOVETEXT";
MPRINT(EM_REPORT):   VALUE = "ABOVETEXT";
MPRINT(EM_REPORT):   VIEW = 0.53000970256049;
MPRINT(EM_REPORT):   output;
MPRINT(EM_REPORT):   NAME = "BELOWTEXT";
MPRINT(EM_REPORT):   VALUE = "BELOWTEXT";
MPRINT(EM_REPORT):   VIEW = 0.53000970256049;
MPRINT(EM_REPORT):   output;
MPRINT(EM_REPORT):   NAME = "NODESIZE";
MPRINT(EM_REPORT):   VALUE = "N";
MPRINT(EM_REPORT):   VIEW = 0.53000970256049;
MPRINT(EM_REPORT):   output;
MPRINT(EM_REPORT):   NAME = "STATS";
MPRINT(EM_REPORT):   VALUE = "";
MPRINT(EM_REPORT):   VIEW = 0.53000970256049;
MPRINT(EM_REPORT):   output;
MPRINT(EM_REPORT):   NAME = "CLASSDIST";
MPRINT(EM_REPORT):   VALUE = "";
MPRINT(EM_REPORT):   VIEW = 0.53000970256049;
MPRINT(EM_REPORT):   output;
MPRINT(EM_REPORT):   NAME = "INTDIST";
MPRINT(EM_REPORT):   VALUE = "";
MPRINT(EM_REPORT):   VIEW = 0.53000970256049;
MPRINT(EM_REPORT):   output;
MPRINT(EM_REPORT):   NAME = "FOLDER";
MPRINT(EM_REPORT):   VALUE = "";
MPRINT(EM_REPORT):   VIEW = 0.53000970256049;
MPRINT(EM_REPORT):   output;
MPRINT(EM_REPORT):   NAME = "YPLOTTYPE";
MPRINT(EM_REPORT):   VALUE = "";
MPRINT(EM_REPORT):   VIEW = 0.53000970256049;
MPRINT(EM_REPORT):   output;
MPRINT(EM_REPORT):   NAME = "XREF";
MPRINT(EM_REPORT):   VALUE = "";
MPRINT(EM_REPORT):   VIEW = 0.53000970256049;
MPRINT(EM_REPORT):   output;
MPRINT(EM_REPORT):   NAME = "XREF2";
MPRINT(EM_REPORT):   VALUE = "";
MPRINT(EM_REPORT):   VIEW = 0.53000970256049;
MPRINT(EM_REPORT):   output;
MPRINT(EM_REPORT):   NAME = "YREF";
MPRINT(EM_REPORT):   VALUE = "";
MPRINT(EM_REPORT):   VIEW = 0.53000970256049;
MPRINT(EM_REPORT):   output;
MPRINT(EM_REPORT):   NAME = "Y2REF";
MPRINT(EM_REPORT):   VALUE = "";
MPRINT(EM_REPORT):   VIEW = 0.53000970256049;
MPRINT(EM_REPORT):   output;
MPRINT(EM_REPORT):   NAME = "YREF2";
MPRINT(EM_REPORT):   VALUE = "";
MPRINT(EM_REPORT):   VIEW = 0.53000970256049;
MPRINT(EM_REPORT):   output;
MPRINT(EM_REPORT):   NAME = "Y2REF2";
MPRINT(EM_REPORT):   VALUE = "";
MPRINT(EM_REPORT):   VIEW = 0.53000970256049;
MPRINT(EM_REPORT):   output;
MPRINT(EM_REPORT):   NAME = "GROUPINDEX";
MPRINT(EM_REPORT):   VALUE = "";
MPRINT(EM_REPORT):   VIEW = 0.53000970256049;
MPRINT(EM_REPORT):   output;
MPRINT(EM_REPORT):   NAME = "JOIN";
MPRINT(EM_REPORT):   VALUE = "";
MPRINT(EM_REPORT):   VIEW = 0.53000970256049;
MPRINT(EM_REPORT):   output;
MPRINT(EM_REPORT):   NAME = "XEXCLUDE";
MPRINT(EM_REPORT):   VALUE = "";
MPRINT(EM_REPORT):   VIEW = 0.53000970256049;
MPRINT(EM_REPORT):   output;
MPRINT(EM_REPORT):   NAME = "FREQEXCLUDE";
MPRINT(EM_REPORT):   VALUE = "";
MPRINT(EM_REPORT):   VIEW = 0.53000970256049;
MPRINT(EM_REPORT):   output;
MPRINT(EM_REPORT):   NAME = "YEXCLUDE";
MPRINT(EM_REPORT):   VALUE = "";
MPRINT(EM_REPORT):   VIEW = 0.53000970256049;
MPRINT(EM_REPORT):   output;
MPRINT(EM_REPORT):   NAME = "NAME";
MPRINT(EM_REPORT):   VALUE = "";
MPRINT(EM_REPORT):   VIEW = 0.53000970256049;
MPRINT(EM_REPORT):   output;
MPRINT(EM_REPORT):   NAME = "HEIGHT";
MPRINT(EM_REPORT):   VALUE = "";
MPRINT(EM_REPORT):   VIEW = 0.53000970256049;
MPRINT(EM_REPORT):   output;
MPRINT(EM_REPORT):   NAME = "WIDTH";
MPRINT(EM_REPORT):   VALUE = "";
MPRINT(EM_REPORT):   VIEW = 0.53000970256049;
MPRINT(EM_REPORT):   output;
MPRINT(EM_REPORT):   NAME = "XAXISLABEL";
MPRINT(EM_REPORT):   VALUE = "";
MPRINT(EM_REPORT):   VIEW = 0.53000970256049;
MPRINT(EM_REPORT):   output;
MPRINT(EM_REPORT):   NAME = "Y2AXISLABEL";
MPRINT(EM_REPORT):   VALUE = "";
MPRINT(EM_REPORT):   VIEW = 0.53000970256049;
MPRINT(EM_REPORT):   output;
MPRINT(EM_REPORT):   NAME = "YAXISLABEL";
MPRINT(EM_REPORT):   VALUE = "";
MPRINT(EM_REPORT):   VIEW = 0.53000970256049;
MPRINT(EM_REPORT):   output;
MPRINT(EM_REPORT):   NAME = "DISPLAYXLABEL";
MPRINT(EM_REPORT):   VALUE = "Y";
MPRINT(EM_REPORT):   VIEW = 0.53000970256049;
MPRINT(EM_REPORT):   output;
MPRINT(EM_REPORT):   NAME = "DISPLAYYLABEL";
MPRINT(EM_REPORT):   VALUE = "Y";
MPRINT(EM_REPORT):   VIEW = 0.53000970256049;
MPRINT(EM_REPORT):   output;
MPRINT(EM_REPORT):   NAME = "CHOICETEXT";
MPRINT(EM_REPORT):   VALUE = "";
MPRINT(EM_REPORT):   VIEW = 0.53000970256049;
MPRINT(EM_REPORT):   output;
MPRINT(EM_REPORT):   NAME = "SEGMENTVALUE";
MPRINT(EM_REPORT):   VALUE = "";
MPRINT(EM_REPORT):   VIEW = 0.53000970256049;
MPRINT(EM_REPORT):   output;
MPRINT(EM_REPORT):   NAME = "LOWERBAND";
MPRINT(EM_REPORT):   VALUE = "";
MPRINT(EM_REPORT):   VIEW = 0.53000970256049;
MPRINT(EM_REPORT):   output;
MPRINT(EM_REPORT):   NAME = "UPPERBAND";
MPRINT(EM_REPORT):   VALUE = "";
MPRINT(EM_REPORT):   VIEW = 0.53000970256049;
MPRINT(EM_REPORT):   output;
MPRINT(EM_REPORT):   NAME = "YLINE";
MPRINT(EM_REPORT):   VALUE = "";
MPRINT(EM_REPORT):   VIEW = 0.53000970256049;
MPRINT(EM_REPORT):   output;
MPRINT(EM_REPORT):   NAME = "LINKKEY";
MPRINT(EM_REPORT):   VALUE = "";
MPRINT(EM_REPORT):   VIEW = 0.53000970256049;
MPRINT(EM_REPORT):   output;
MPRINT(EM_REPORT):   NAME = "NODEKEY";
MPRINT(EM_REPORT):   VALUE = "";
MPRINT(EM_REPORT):   VIEW = 0.53000970256049;
MPRINT(EM_REPORT):   output;
MPRINT(EM_REPORT):   NAME = "NODEID";
MPRINT(EM_REPORT):   VALUE = "";
MPRINT(EM_REPORT):   VIEW = 0.53000970256049;
MPRINT(EM_REPORT):   output;
MPRINT(EM_REPORT):   NAME = "NODEVALUE";
MPRINT(EM_REPORT):   VALUE = "";
MPRINT(EM_REPORT):   VIEW = 0.53000970256049;
MPRINT(EM_REPORT):   output;
MPRINT(EM_REPORT):   NAME = "NODECOLOR";
MPRINT(EM_REPORT):   VALUE = "NODECOLOR";
MPRINT(EM_REPORT):   VIEW = 0.53000970256049;
MPRINT(EM_REPORT):   output;
MPRINT(EM_REPORT):   NAME = "NODESHAPE";
MPRINT(EM_REPORT):   VALUE = "";
MPRINT(EM_REPORT):   VIEW = 0.53000970256049;
MPRINT(EM_REPORT):   output;
MPRINT(EM_REPORT):   NAME = "NODESHAPEVAR";
MPRINT(EM_REPORT):   VALUE = "";
MPRINT(EM_REPORT):   VIEW = 0.53000970256049;
MPRINT(EM_REPORT):   output;
MPRINT(EM_REPORT):   NAME = "NODELABEL";
MPRINT(EM_REPORT):   VALUE = "";
MPRINT(EM_REPORT):   VIEW = 0.53000970256049;
MPRINT(EM_REPORT):   output;
MPRINT(EM_REPORT):   NAME = "NODETIP";
MPRINT(EM_REPORT):   VALUE = "";
MPRINT(EM_REPORT):   VIEW = 0.53000970256049;
MPRINT(EM_REPORT):   output;
MPRINT(EM_REPORT):   NAME = "LINKID";
MPRINT(EM_REPORT):   VALUE = "";
MPRINT(EM_REPORT):   VIEW = 0.53000970256049;
MPRINT(EM_REPORT):   output;
MPRINT(EM_REPORT):   NAME = "LINKVALUE";
MPRINT(EM_REPORT):   VALUE = "";
MPRINT(EM_REPORT):   VIEW = 0.53000970256049;
MPRINT(EM_REPORT):   output;
MPRINT(EM_REPORT):   NAME = "LINKFROM";
MPRINT(EM_REPORT):   VALUE = "";
MPRINT(EM_REPORT):   VIEW = 0.53000970256049;
MPRINT(EM_REPORT):   output;
MPRINT(EM_REPORT):   NAME = "LINKTO";
MPRINT(EM_REPORT):   VALUE = "";
MPRINT(EM_REPORT):   VIEW = 0.53000970256049;
MPRINT(EM_REPORT):   output;
MPRINT(EM_REPORT):   NAME = "LINKCOLOR";
MPRINT(EM_REPORT):   VALUE = "";
MPRINT(EM_REPORT):   VIEW = 0.53000970256049;
MPRINT(EM_REPORT):   output;
MPRINT(EM_REPORT):   NAME = "LINKWIDTH";
MPRINT(EM_REPORT):   VALUE = "LINKWIDTH";
MPRINT(EM_REPORT):   VIEW = 0.53000970256049;
MPRINT(EM_REPORT):   output;
MPRINT(EM_REPORT):   NAME = "LINKTIP";
MPRINT(EM_REPORT):   VALUE = "";
MPRINT(EM_REPORT):   VIEW = 0.53000970256049;
MPRINT(EM_REPORT):   output;
MPRINT(EM_REPORT):   NAME = "XFROM";
MPRINT(EM_REPORT):   VALUE = "";
MPRINT(EM_REPORT):   VIEW = 0.53000970256049;
MPRINT(EM_REPORT):   output;
MPRINT(EM_REPORT):   NAME = "XTO";
MPRINT(EM_REPORT):   VALUE = "";
MPRINT(EM_REPORT):   VIEW = 0.53000970256049;
MPRINT(EM_REPORT):   output;
MPRINT(EM_REPORT):   NAME = "YFROM";
MPRINT(EM_REPORT):   VALUE = "";
MPRINT(EM_REPORT):   VIEW = 0.53000970256049;
MPRINT(EM_REPORT):   output;
MPRINT(EM_REPORT):   NAME = "YTO";
MPRINT(EM_REPORT):   VALUE = "";
MPRINT(EM_REPORT):   VIEW = 0.53000970256049;
MPRINT(EM_REPORT):   output;
MPRINT(EM_REPORT):   NAME = "MATRIXVAR";
MPRINT(EM_REPORT):   VALUE = "";
MPRINT(EM_REPORT):   VIEW = 0.53000970256049;
MPRINT(EM_REPORT):   output;
MPRINT(EM_REPORT):   NAME = "RESPONSE";
MPRINT(EM_REPORT):   VALUE = "";
MPRINT(EM_REPORT):   VIEW = 0.53000970256049;
MPRINT(EM_REPORT):   output;
MPRINT(EM_REPORT):   NAME = "SERIES";
MPRINT(EM_REPORT):   VALUE = "";
MPRINT(EM_REPORT):   VIEW = 0.53000970256049;
MPRINT(EM_REPORT):   output;
MPRINT(EM_REPORT):   NAME = "DESCARG";
MPRINT(EM_REPORT):   VALUE = "";
MPRINT(EM_REPORT):   VIEW = 0.53000970256049;
MPRINT(EM_REPORT):   output;
MPRINT(EM_REPORT):   NAME = "SLIDER";
MPRINT(EM_REPORT):   VALUE = "";
MPRINT(EM_REPORT):   VIEW = 0.53000970256049;
MPRINT(EM_REPORT):   output;
MPRINT(EM_REPORT):   NAME = "MarkerSize";
MPRINT(EM_REPORT):   VALUE = "";
MPRINT(EM_REPORT):   VIEW = 0.53000970256049;
MPRINT(EM_REPORT):   output;
MPRINT(EM_REPORT):   NAME = "Marker";
MPRINT(EM_REPORT):   VALUE = "";
MPRINT(EM_REPORT):   VIEW = 0.53000970256049;
MPRINT(EM_REPORT):   output;
MPRINT(EM_REPORT):   NAME = "Y1";
MPRINT(EM_REPORT):   VALUE = "";
MPRINT(EM_REPORT):   VIEW = 0.53000970256049;
MPRINT(EM_REPORT):   output;
MPRINT(EM_REPORT):   NAME = "Y2";
MPRINT(EM_REPORT):   VALUE = "";
MPRINT(EM_REPORT):   VIEW = 0.53000970256049;
MPRINT(EM_REPORT):   output;
MPRINT(EM_REPORT):   NAME = "Y3";
MPRINT(EM_REPORT):   VALUE = "";
MPRINT(EM_REPORT):   VIEW = 0.53000970256049;
MPRINT(EM_REPORT):   output;
MPRINT(EM_REPORT):   NAME = "Y4";
MPRINT(EM_REPORT):   VALUE = "";
MPRINT(EM_REPORT):   VIEW = 0.53000970256049;
MPRINT(EM_REPORT):   output;
MPRINT(EM_REPORT):   NAME = "Y5";
MPRINT(EM_REPORT):   VALUE = "";
MPRINT(EM_REPORT):   VIEW = 0.53000970256049;
MPRINT(EM_REPORT):   output;
MPRINT(EM_REPORT):   NAME = "Y6";
MPRINT(EM_REPORT):   VALUE = "";
MPRINT(EM_REPORT):   VIEW = 0.53000970256049;
MPRINT(EM_REPORT):   output;
MPRINT(EM_REPORT):   NAME = "Y7";
MPRINT(EM_REPORT):   VALUE = "";
MPRINT(EM_REPORT):   VIEW = 0.53000970256049;
MPRINT(EM_REPORT):   output;
MPRINT(EM_REPORT):   NAME = "Y8";
MPRINT(EM_REPORT):   VALUE = "";
MPRINT(EM_REPORT):   VIEW = 0.53000970256049;
MPRINT(EM_REPORT):   output;
MPRINT(EM_REPORT):   NAME = "Y9";
MPRINT(EM_REPORT):   VALUE = "";
MPRINT(EM_REPORT):   VIEW = 0.53000970256049;
MPRINT(EM_REPORT):   output;
MPRINT(EM_REPORT):   NAME = "Y10";
MPRINT(EM_REPORT):   VALUE = "";
MPRINT(EM_REPORT):   VIEW = 0.53000970256049;
MPRINT(EM_REPORT):   output;
MPRINT(EM_REPORT):   NAME = "Y11";
MPRINT(EM_REPORT):   VALUE = "";
MPRINT(EM_REPORT):   VIEW = 0.53000970256049;
MPRINT(EM_REPORT):   output;
MPRINT(EM_REPORT):   NAME = "Y12";
MPRINT(EM_REPORT):   VALUE = "";
MPRINT(EM_REPORT):   VIEW = 0.53000970256049;
MPRINT(EM_REPORT):   output;
MPRINT(EM_REPORT):   NAME = "Y13";
MPRINT(EM_REPORT):   VALUE = "";
MPRINT(EM_REPORT):   VIEW = 0.53000970256049;
MPRINT(EM_REPORT):   output;
MPRINT(EM_REPORT):   NAME = "Y14";
MPRINT(EM_REPORT):   VALUE = "";
MPRINT(EM_REPORT):   VIEW = 0.53000970256049;
MPRINT(EM_REPORT):   output;
MPRINT(EM_REPORT):   NAME = "Y15";
MPRINT(EM_REPORT):   VALUE = "";
MPRINT(EM_REPORT):   VIEW = 0.53000970256049;
MPRINT(EM_REPORT):   output;
MPRINT(EM_REPORT):   NAME = "Y16";
MPRINT(EM_REPORT):   VALUE = "";
MPRINT(EM_REPORT):   VIEW = 0.53000970256049;
MPRINT(EM_REPORT):   output;
MPRINT(EM_REPORT):   NAME = "TITLE";
MPRINT(EM_REPORT):   VALUE = "";
MPRINT(EM_REPORT):   VIEW = 0.53000970256049;
MPRINT(EM_REPORT):   output;
MPRINT(EM_REPORT):   NAME = "LEGEND";
MPRINT(EM_REPORT):   VALUE = "";
MPRINT(EM_REPORT):   VIEW = 0.53000970256049;
MPRINT(EM_REPORT):   output;
MPRINT(EM_REPORT):   NAME = "LEGENDTITLE";
MPRINT(EM_REPORT):   VALUE = "";
MPRINT(EM_REPORT):   VIEW = 0.53000970256049;
MPRINT(EM_REPORT):   output;
MPRINT(EM_REPORT):   NAME = "SHAPE";
MPRINT(EM_REPORT):   VALUE = "";
MPRINT(EM_REPORT):   VIEW = 0.53000970256049;
MPRINT(EM_REPORT):   output;
MPRINT(EM_REPORT):   NAME = "METHOD";
MPRINT(EM_REPORT):   VALUE = "";
MPRINT(EM_REPORT):   VIEW = 0.53000970256049;
MPRINT(EM_REPORT):   output;
MPRINT(EM_REPORT):   NAME = "NOBINMISS";
MPRINT(EM_REPORT):   VALUE = "";
MPRINT(EM_REPORT):   VIEW = 0.53000970256049;
MPRINT(EM_REPORT):   output;
MPRINT(EM_REPORT):   run;

NOTE: The data set WORK.EM_USER_REPORT has 132 observations and 4 variables.
NOTE: DATA statement used (Total process time):
      real time           0.04 seconds
      cpu time            0.04 seconds
      

MPRINT(EM_TREE_REPORT):  ;
MPRINT(EM_REPORT):   data WORK.EM_USER_REPORT;
MPRINT(EM_REPORT):   set WORK.EM_USER_REPORT end=eof;
MPRINT(EM_REPORT):   output;
MPRINT(EM_REPORT):   if eof then do;
MPRINT(EM_REPORT):   id+1;
MPRINT(EM_REPORT):   NAME = "KEY";
MPRINT(EM_REPORT):   VALUE = "TREE_PLOT";
MPRINT(EM_REPORT):   VIEW = 0.71675144402158;
MPRINT(EM_REPORT):   output;
MPRINT(EM_REPORT):   NAME = "VIEWTYPE";
MPRINT(EM_REPORT):   VALUE = "Icicle";
MPRINT(EM_REPORT):   VIEW = 0.71675144402158;
MPRINT(EM_REPORT):   output;
MPRINT(EM_REPORT):   NAME = "AUTODISPLAY";
MPRINT(EM_REPORT):   VALUE = "Y";
MPRINT(EM_REPORT):   VIEW = 0.71675144402158;
MPRINT(EM_REPORT):   output;
MPRINT(EM_REPORT):   NAME = "SPK";
MPRINT(EM_REPORT):   VALUE = "Y";
MPRINT(EM_REPORT):   VIEW = 0.71675144402158;
MPRINT(EM_REPORT):   output;
MPRINT(EM_REPORT):   NAME = "COMPARE";
MPRINT(EM_REPORT):   VALUE = "N";
MPRINT(EM_REPORT):   VIEW = 0.71675144402158;
MPRINT(EM_REPORT):   output;
MPRINT(EM_REPORT):   NAME = "LOCALIZE";
MPRINT(EM_REPORT):   VALUE = "N";
MPRINT(EM_REPORT):   VIEW = 0.71675144402158;
MPRINT(EM_REPORT):   output;
MPRINT(EM_REPORT):   NAME = "EQUALIZEROWX";
MPRINT(EM_REPORT):   VALUE = "N";
MPRINT(EM_REPORT):   VIEW = 0.71675144402158;
MPRINT(EM_REPORT):   output;
MPRINT(EM_REPORT):   NAME = "EQUALIZEROWY";
MPRINT(EM_REPORT):   VALUE = "N";
MPRINT(EM_REPORT):   VIEW = 0.71675144402158;
MPRINT(EM_REPORT):   output;
MPRINT(EM_REPORT):   NAME = "EQUALIZECOLX";
MPRINT(EM_REPORT):   VALUE = "N";
MPRINT(EM_REPORT):   VIEW = 0.71675144402158;
MPRINT(EM_REPORT):   output;
MPRINT(EM_REPORT):   NAME = "EQUALIZECOLY";
MPRINT(EM_REPORT):   VALUE = "N";
MPRINT(EM_REPORT):   VIEW = 0.71675144402158;
MPRINT(EM_REPORT):   output;
MPRINT(EM_REPORT):   NAME = "NROWS";
MPRINT(EM_REPORT):   VALUE = "";
MPRINT(EM_REPORT):   VIEW = 0.71675144402158;
MPRINT(EM_REPORT):   output;
MPRINT(EM_REPORT):   NAME = "NCOLS";
MPRINT(EM_REPORT):   VALUE = "";
MPRINT(EM_REPORT):   VIEW = 0.71675144402158;
MPRINT(EM_REPORT):   output;
MPRINT(EM_REPORT):   NAME = "DISCRETEX";
MPRINT(EM_REPORT):   VALUE = "";
MPRINT(EM_REPORT):   VIEW = 0.71675144402158;
MPRINT(EM_REPORT):   output;
MPRINT(EM_REPORT):   NAME = "DISCRETEY";
MPRINT(EM_REPORT):   VALUE = "";
MPRINT(EM_REPORT):   VIEW = 0.71675144402158;
MPRINT(EM_REPORT):   output;
MPRINT(EM_REPORT):   NAME = "LATTICEX";
MPRINT(EM_REPORT):   VALUE = "";
MPRINT(EM_REPORT):   VIEW = 0.71675144402158;
MPRINT(EM_REPORT):   output;
MPRINT(EM_REPORT):   NAME = "LATTICEY";
MPRINT(EM_REPORT):   VALUE = "";
MPRINT(EM_REPORT):   VIEW = 0.71675144402158;
MPRINT(EM_REPORT):   output;
MPRINT(EM_REPORT):   NAME = "LATTICETYPE";
MPRINT(EM_REPORT):   VALUE = "";
MPRINT(EM_REPORT):   VIEW = 0.71675144402158;
MPRINT(EM_REPORT):   output;
MPRINT(EM_REPORT):   NAME = "ABSOLUTEVALUE";
MPRINT(EM_REPORT):   VALUE = "";
MPRINT(EM_REPORT):   VIEW = 0.71675144402158;
MPRINT(EM_REPORT):   output;
MPRINT(EM_REPORT):   NAME = "SORTORDER";
MPRINT(EM_REPORT):   VALUE = "";
MPRINT(EM_REPORT):   VIEW = 0.71675144402158;
MPRINT(EM_REPORT):   output;
MPRINT(EM_REPORT):   NAME = "SORTORDERY";
MPRINT(EM_REPORT):   VALUE = "";
MPRINT(EM_REPORT):   VIEW = 0.71675144402158;
MPRINT(EM_REPORT):   output;
MPRINT(EM_REPORT):   NAME = "ORIENTATION";
MPRINT(EM_REPORT):   VALUE = "";
MPRINT(EM_REPORT):   VIEW = 0.71675144402158;
MPRINT(EM_REPORT):   output;
MPRINT(EM_REPORT):   NAME = "METHOD";
MPRINT(EM_REPORT):   VALUE = "";
MPRINT(EM_REPORT):   VIEW = 0.71675144402158;
MPRINT(EM_REPORT):   output;
MPRINT(EM_REPORT):   NAME = "DIRECTION";
MPRINT(EM_REPORT):   VALUE = "";
MPRINT(EM_REPORT):   VIEW = 0.71675144402158;
MPRINT(EM_REPORT):   output;
MPRINT(EM_REPORT):   NAME = "BYSET";
MPRINT(EM_REPORT):   VALUE = "";
MPRINT(EM_REPORT):   VIEW = 0.71675144402158;
MPRINT(EM_REPORT):   output;
MPRINT(EM_REPORT):   NAME = "RENDERMODE";
MPRINT(EM_REPORT):   VALUE = "";
MPRINT(EM_REPORT):   VIEW = 0.71675144402158;
MPRINT(EM_REPORT):   output;
MPRINT(EM_REPORT):   NAME = "DESCRIPTION";
MPRINT(EM_REPORT):   VALUE = "ICICLE";
MPRINT(EM_REPORT):   VIEW = 0.71675144402158;
MPRINT(EM_REPORT):   output;
MPRINT(EM_REPORT):   NAME = "X";
MPRINT(EM_REPORT):   VALUE = "";
MPRINT(EM_REPORT):   VIEW = 0.71675144402158;
MPRINT(EM_REPORT):   output;
MPRINT(EM_REPORT):   NAME = "EXCLUDEVARS";
MPRINT(EM_REPORT):   VALUE = "";
MPRINT(EM_REPORT):   VIEW = 0.71675144402158;
MPRINT(EM_REPORT):   output;
MPRINT(EM_REPORT):   NAME = "Z";
MPRINT(EM_REPORT):   VALUE = "";
MPRINT(EM_REPORT):   VIEW = 0.71675144402158;
MPRINT(EM_REPORT):   output;
MPRINT(EM_REPORT):   NAME = "YVARS";
MPRINT(EM_REPORT):   VALUE = "";
MPRINT(EM_REPORT):   VIEW = 0.71675144402158;
MPRINT(EM_REPORT):   output;
MPRINT(EM_REPORT):   NAME = "FREQVARS";
MPRINT(EM_REPORT):   VALUE = "";
MPRINT(EM_REPORT):   VIEW = 0.71675144402158;
MPRINT(EM_REPORT):   output;
MPRINT(EM_REPORT):   NAME = "AXIS";
MPRINT(EM_REPORT):   VALUE = "";
MPRINT(EM_REPORT):   VIEW = 0.71675144402158;
MPRINT(EM_REPORT):   output;
MPRINT(EM_REPORT):   NAME = "FREQ";
MPRINT(EM_REPORT):   VALUE = "";
MPRINT(EM_REPORT):   VIEW = 0.71675144402158;
MPRINT(EM_REPORT):   output;
MPRINT(EM_REPORT):   NAME = "GROUP";
MPRINT(EM_REPORT):   VALUE = "";
MPRINT(EM_REPORT):   VIEW = 0.71675144402158;
MPRINT(EM_REPORT):   output;
MPRINT(EM_REPORT):   NAME = "SUBGROUP";
MPRINT(EM_REPORT):   VALUE = "";
MPRINT(EM_REPORT):   VIEW = 0.71675144402158;
MPRINT(EM_REPORT):   output;
MPRINT(EM_REPORT):   NAME = "BLOCK";
MPRINT(EM_REPORT):   VALUE = "MODEL";
MPRINT(EM_REPORT):   VIEW = 0.71675144402158;
MPRINT(EM_REPORT):   output;
MPRINT(EM_REPORT):   NAME = "COLOR";
MPRINT(EM_REPORT):   VALUE = "";
MPRINT(EM_REPORT):   VIEW = 0.71675144402158;
MPRINT(EM_REPORT):   output;
MPRINT(EM_REPORT):   NAME = "COLORINDEX";
MPRINT(EM_REPORT):   VALUE = "";
MPRINT(EM_REPORT):   VIEW = 0.71675144402158;
MPRINT(EM_REPORT):   output;
MPRINT(EM_REPORT):   NAME = "TIPTEXT";
MPRINT(EM_REPORT):   VALUE = "TEXTALL";
MPRINT(EM_REPORT):   VIEW = 0.71675144402158;
MPRINT(EM_REPORT):   output;
MPRINT(EM_REPORT):   NAME = "TIP";
MPRINT(EM_REPORT):   VALUE = "";
MPRINT(EM_REPORT):   VIEW = 0.71675144402158;
MPRINT(EM_REPORT):   output;
MPRINT(EM_REPORT):   NAME = "TOOLTIP";
MPRINT(EM_REPORT):   VALUE = "";
MPRINT(EM_REPORT):   VIEW = 0.71675144402158;
MPRINT(EM_REPORT):   output;
MPRINT(EM_REPORT):   NAME = "REPORTID";
MPRINT(EM_REPORT):   VALUE = "";
MPRINT(EM_REPORT):   VIEW = 0.71675144402158;
MPRINT(EM_REPORT):   output;
MPRINT(EM_REPORT):   NAME = "IDVALUE";
MPRINT(EM_REPORT):   VALUE = "";
MPRINT(EM_REPORT):   VIEW = 0.71675144402158;
MPRINT(EM_REPORT):   output;
MPRINT(EM_REPORT):   NAME = "ID";
MPRINT(EM_REPORT):   VALUE = "NODE";
MPRINT(EM_REPORT):   VIEW = 0.71675144402158;
MPRINT(EM_REPORT):   output;
MPRINT(EM_REPORT):   NAME = "SIZE";
MPRINT(EM_REPORT):   VALUE = "";
MPRINT(EM_REPORT):   VIEW = 0.71675144402158;
MPRINT(EM_REPORT):   output;
MPRINT(EM_REPORT):   NAME = "FROM";
MPRINT(EM_REPORT):   VALUE = "";
MPRINT(EM_REPORT):   VIEW = 0.71675144402158;
MPRINT(EM_REPORT):   output;
MPRINT(EM_REPORT):   NAME = "TO";
MPRINT(EM_REPORT):   VALUE = "";
MPRINT(EM_REPORT):   VIEW = 0.71675144402158;
MPRINT(EM_REPORT):   output;
MPRINT(EM_REPORT):   NAME = "VALUE";
MPRINT(EM_REPORT):   VALUE = "";
MPRINT(EM_REPORT):   VIEW = 0.71675144402158;
MPRINT(EM_REPORT):   output;
MPRINT(EM_REPORT):   NAME = "VIEWS";
MPRINT(EM_REPORT):   VALUE = "";
MPRINT(EM_REPORT):   VIEW = 0.71675144402158;
MPRINT(EM_REPORT):   output;
MPRINT(EM_REPORT):   NAME = "PARENT";
MPRINT(EM_REPORT):   VALUE = "PARENT";
MPRINT(EM_REPORT):   VIEW = 0.71675144402158;
MPRINT(EM_REPORT):   output;
MPRINT(EM_REPORT):   NAME = "NODETEXT";
MPRINT(EM_REPORT):   VALUE = "NODETEXT";
MPRINT(EM_REPORT):   VIEW = 0.71675144402158;
MPRINT(EM_REPORT):   output;
MPRINT(EM_REPORT):   NAME = "ABOVETEXT";
MPRINT(EM_REPORT):   VALUE = "";
MPRINT(EM_REPORT):   VIEW = 0.71675144402158;
MPRINT(EM_REPORT):   output;
MPRINT(EM_REPORT):   NAME = "BELOWTEXT";
MPRINT(EM_REPORT):   VALUE = "";
MPRINT(EM_REPORT):   VIEW = 0.71675144402158;
MPRINT(EM_REPORT):   output;
MPRINT(EM_REPORT):   NAME = "NODESIZE";
MPRINT(EM_REPORT):   VALUE = "N";
MPRINT(EM_REPORT):   VIEW = 0.71675144402158;
MPRINT(EM_REPORT):   output;
MPRINT(EM_REPORT):   NAME = "STATS";
MPRINT(EM_REPORT):   VALUE = "";
MPRINT(EM_REPORT):   VIEW = 0.71675144402158;
MPRINT(EM_REPORT):   output;
MPRINT(EM_REPORT):   NAME = "CLASSDIST";
MPRINT(EM_REPORT):   VALUE = "";
MPRINT(EM_REPORT):   VIEW = 0.71675144402158;
MPRINT(EM_REPORT):   output;
MPRINT(EM_REPORT):   NAME = "INTDIST";
MPRINT(EM_REPORT):   VALUE = "";
MPRINT(EM_REPORT):   VIEW = 0.71675144402158;
MPRINT(EM_REPORT):   output;
MPRINT(EM_REPORT):   NAME = "FOLDER";
MPRINT(EM_REPORT):   VALUE = "";
MPRINT(EM_REPORT):   VIEW = 0.71675144402158;
MPRINT(EM_REPORT):   output;
MPRINT(EM_REPORT):   NAME = "YPLOTTYPE";
MPRINT(EM_REPORT):   VALUE = "";
MPRINT(EM_REPORT):   VIEW = 0.71675144402158;
MPRINT(EM_REPORT):   output;
MPRINT(EM_REPORT):   NAME = "XREF";
MPRINT(EM_REPORT):   VALUE = "";
MPRINT(EM_REPORT):   VIEW = 0.71675144402158;
MPRINT(EM_REPORT):   output;
MPRINT(EM_REPORT):   NAME = "XREF2";
MPRINT(EM_REPORT):   VALUE = "";
MPRINT(EM_REPORT):   VIEW = 0.71675144402158;
MPRINT(EM_REPORT):   output;
MPRINT(EM_REPORT):   NAME = "YREF";
MPRINT(EM_REPORT):   VALUE = "";
MPRINT(EM_REPORT):   VIEW = 0.71675144402158;
MPRINT(EM_REPORT):   output;
MPRINT(EM_REPORT):   NAME = "Y2REF";
MPRINT(EM_REPORT):   VALUE = "";
MPRINT(EM_REPORT):   VIEW = 0.71675144402158;
MPRINT(EM_REPORT):   output;
MPRINT(EM_REPORT):   NAME = "YREF2";
MPRINT(EM_REPORT):   VALUE = "";
MPRINT(EM_REPORT):   VIEW = 0.71675144402158;
MPRINT(EM_REPORT):   output;
MPRINT(EM_REPORT):   NAME = "Y2REF2";
MPRINT(EM_REPORT):   VALUE = "";
MPRINT(EM_REPORT):   VIEW = 0.71675144402158;
MPRINT(EM_REPORT):   output;
MPRINT(EM_REPORT):   NAME = "GROUPINDEX";
MPRINT(EM_REPORT):   VALUE = "";
MPRINT(EM_REPORT):   VIEW = 0.71675144402158;
MPRINT(EM_REPORT):   output;
MPRINT(EM_REPORT):   NAME = "JOIN";
MPRINT(EM_REPORT):   VALUE = "";
MPRINT(EM_REPORT):   VIEW = 0.71675144402158;
MPRINT(EM_REPORT):   output;
MPRINT(EM_REPORT):   NAME = "XEXCLUDE";
MPRINT(EM_REPORT):   VALUE = "";
MPRINT(EM_REPORT):   VIEW = 0.71675144402158;
MPRINT(EM_REPORT):   output;
MPRINT(EM_REPORT):   NAME = "FREQEXCLUDE";
MPRINT(EM_REPORT):   VALUE = "";
MPRINT(EM_REPORT):   VIEW = 0.71675144402158;
MPRINT(EM_REPORT):   output;
MPRINT(EM_REPORT):   NAME = "YEXCLUDE";
MPRINT(EM_REPORT):   VALUE = "";
MPRINT(EM_REPORT):   VIEW = 0.71675144402158;
MPRINT(EM_REPORT):   output;
MPRINT(EM_REPORT):   NAME = "NAME";
MPRINT(EM_REPORT):   VALUE = "";
MPRINT(EM_REPORT):   VIEW = 0.71675144402158;
MPRINT(EM_REPORT):   output;
MPRINT(EM_REPORT):   NAME = "HEIGHT";
MPRINT(EM_REPORT):   VALUE = "";
MPRINT(EM_REPORT):   VIEW = 0.71675144402158;
MPRINT(EM_REPORT):   output;
MPRINT(EM_REPORT):   NAME = "WIDTH";
MPRINT(EM_REPORT):   VALUE = "";
MPRINT(EM_REPORT):   VIEW = 0.71675144402158;
MPRINT(EM_REPORT):   output;
MPRINT(EM_REPORT):   NAME = "XAXISLABEL";
MPRINT(EM_REPORT):   VALUE = "";
MPRINT(EM_REPORT):   VIEW = 0.71675144402158;
MPRINT(EM_REPORT):   output;
MPRINT(EM_REPORT):   NAME = "Y2AXISLABEL";
MPRINT(EM_REPORT):   VALUE = "";
MPRINT(EM_REPORT):   VIEW = 0.71675144402158;
MPRINT(EM_REPORT):   output;
MPRINT(EM_REPORT):   NAME = "YAXISLABEL";
MPRINT(EM_REPORT):   VALUE = "";
MPRINT(EM_REPORT):   VIEW = 0.71675144402158;
MPRINT(EM_REPORT):   output;
MPRINT(EM_REPORT):   NAME = "DISPLAYXLABEL";
MPRINT(EM_REPORT):   VALUE = "Y";
MPRINT(EM_REPORT):   VIEW = 0.71675144402158;
MPRINT(EM_REPORT):   output;
MPRINT(EM_REPORT):   NAME = "DISPLAYYLABEL";
MPRINT(EM_REPORT):   VALUE = "Y";
MPRINT(EM_REPORT):   VIEW = 0.71675144402158;
MPRINT(EM_REPORT):   output;
MPRINT(EM_REPORT):   NAME = "CHOICETEXT";
MPRINT(EM_REPORT):   VALUE = "";
MPRINT(EM_REPORT):   VIEW = 0.71675144402158;
MPRINT(EM_REPORT):   output;
MPRINT(EM_REPORT):   NAME = "SEGMENTVALUE";
MPRINT(EM_REPORT):   VALUE = "";
MPRINT(EM_REPORT):   VIEW = 0.71675144402158;
MPRINT(EM_REPORT):   output;
MPRINT(EM_REPORT):   NAME = "LOWERBAND";
MPRINT(EM_REPORT):   VALUE = "";
MPRINT(EM_REPORT):   VIEW = 0.71675144402158;
MPRINT(EM_REPORT):   output;
MPRINT(EM_REPORT):   NAME = "UPPERBAND";
MPRINT(EM_REPORT):   VALUE = "";
MPRINT(EM_REPORT):   VIEW = 0.71675144402158;
MPRINT(EM_REPORT):   output;
MPRINT(EM_REPORT):   NAME = "YLINE";
MPRINT(EM_REPORT):   VALUE = "";
MPRINT(EM_REPORT):   VIEW = 0.71675144402158;
MPRINT(EM_REPORT):   output;
MPRINT(EM_REPORT):   NAME = "LINKKEY";
MPRINT(EM_REPORT):   VALUE = "";
MPRINT(EM_REPORT):   VIEW = 0.71675144402158;
MPRINT(EM_REPORT):   output;
MPRINT(EM_REPORT):   NAME = "NODEKEY";
MPRINT(EM_REPORT):   VALUE = "";
MPRINT(EM_REPORT):   VIEW = 0.71675144402158;
MPRINT(EM_REPORT):   output;
MPRINT(EM_REPORT):   NAME = "NODEID";
MPRINT(EM_REPORT):   VALUE = "";
MPRINT(EM_REPORT):   VIEW = 0.71675144402158;
MPRINT(EM_REPORT):   output;
MPRINT(EM_REPORT):   NAME = "NODEVALUE";
MPRINT(EM_REPORT):   VALUE = "";
MPRINT(EM_REPORT):   VIEW = 0.71675144402158;
MPRINT(EM_REPORT):   output;
MPRINT(EM_REPORT):   NAME = "NODECOLOR";
MPRINT(EM_REPORT):   VALUE = "NODECOLOR";
MPRINT(EM_REPORT):   VIEW = 0.71675144402158;
MPRINT(EM_REPORT):   output;
MPRINT(EM_REPORT):   NAME = "NODESHAPE";
MPRINT(EM_REPORT):   VALUE = "";
MPRINT(EM_REPORT):   VIEW = 0.71675144402158;
MPRINT(EM_REPORT):   output;
MPRINT(EM_REPORT):   NAME = "NODESHAPEVAR";
MPRINT(EM_REPORT):   VALUE = "";
MPRINT(EM_REPORT):   VIEW = 0.71675144402158;
MPRINT(EM_REPORT):   output;
MPRINT(EM_REPORT):   NAME = "NODELABEL";
MPRINT(EM_REPORT):   VALUE = "";
MPRINT(EM_REPORT):   VIEW = 0.71675144402158;
MPRINT(EM_REPORT):   output;
MPRINT(EM_REPORT):   NAME = "NODETIP";
MPRINT(EM_REPORT):   VALUE = "";
MPRINT(EM_REPORT):   VIEW = 0.71675144402158;
MPRINT(EM_REPORT):   output;
MPRINT(EM_REPORT):   NAME = "LINKID";
MPRINT(EM_REPORT):   VALUE = "";
MPRINT(EM_REPORT):   VIEW = 0.71675144402158;
MPRINT(EM_REPORT):   output;
MPRINT(EM_REPORT):   NAME = "LINKVALUE";
MPRINT(EM_REPORT):   VALUE = "";
MPRINT(EM_REPORT):   VIEW = 0.71675144402158;
MPRINT(EM_REPORT):   output;
MPRINT(EM_REPORT):   NAME = "LINKFROM";
MPRINT(EM_REPORT):   VALUE = "";
MPRINT(EM_REPORT):   VIEW = 0.71675144402158;
MPRINT(EM_REPORT):   output;
MPRINT(EM_REPORT):   NAME = "LINKTO";
MPRINT(EM_REPORT):   VALUE = "";
MPRINT(EM_REPORT):   VIEW = 0.71675144402158;
MPRINT(EM_REPORT):   output;
MPRINT(EM_REPORT):   NAME = "LINKCOLOR";
MPRINT(EM_REPORT):   VALUE = "";
MPRINT(EM_REPORT):   VIEW = 0.71675144402158;
MPRINT(EM_REPORT):   output;
MPRINT(EM_REPORT):   NAME = "LINKWIDTH";
MPRINT(EM_REPORT):   VALUE = "";
MPRINT(EM_REPORT):   VIEW = 0.71675144402158;
MPRINT(EM_REPORT):   output;
MPRINT(EM_REPORT):   NAME = "LINKTIP";
MPRINT(EM_REPORT):   VALUE = "";
MPRINT(EM_REPORT):   VIEW = 0.71675144402158;
MPRINT(EM_REPORT):   output;
MPRINT(EM_REPORT):   NAME = "XFROM";
MPRINT(EM_REPORT):   VALUE = "";
MPRINT(EM_REPORT):   VIEW = 0.71675144402158;
MPRINT(EM_REPORT):   output;
MPRINT(EM_REPORT):   NAME = "XTO";
MPRINT(EM_REPORT):   VALUE = "";
MPRINT(EM_REPORT):   VIEW = 0.71675144402158;
MPRINT(EM_REPORT):   output;
MPRINT(EM_REPORT):   NAME = "YFROM";
MPRINT(EM_REPORT):   VALUE = "";
MPRINT(EM_REPORT):   VIEW = 0.71675144402158;
MPRINT(EM_REPORT):   output;
MPRINT(EM_REPORT):   NAME = "YTO";
MPRINT(EM_REPORT):   VALUE = "";
MPRINT(EM_REPORT):   VIEW = 0.71675144402158;
MPRINT(EM_REPORT):   output;
MPRINT(EM_REPORT):   NAME = "MATRIXVAR";
MPRINT(EM_REPORT):   VALUE = "";
MPRINT(EM_REPORT):   VIEW = 0.71675144402158;
MPRINT(EM_REPORT):   output;
MPRINT(EM_REPORT):   NAME = "RESPONSE";
MPRINT(EM_REPORT):   VALUE = "";
MPRINT(EM_REPORT):   VIEW = 0.71675144402158;
MPRINT(EM_REPORT):   output;
MPRINT(EM_REPORT):   NAME = "SERIES";
MPRINT(EM_REPORT):   VALUE = "";
MPRINT(EM_REPORT):   VIEW = 0.71675144402158;
MPRINT(EM_REPORT):   output;
MPRINT(EM_REPORT):   NAME = "DESCARG";
MPRINT(EM_REPORT):   VALUE = "";
MPRINT(EM_REPORT):   VIEW = 0.71675144402158;
MPRINT(EM_REPORT):   output;
MPRINT(EM_REPORT):   NAME = "SLIDER";
MPRINT(EM_REPORT):   VALUE = "";
MPRINT(EM_REPORT):   VIEW = 0.71675144402158;
MPRINT(EM_REPORT):   output;
MPRINT(EM_REPORT):   NAME = "MarkerSize";
MPRINT(EM_REPORT):   VALUE = "";
MPRINT(EM_REPORT):   VIEW = 0.71675144402158;
MPRINT(EM_REPORT):   output;
MPRINT(EM_REPORT):   NAME = "Marker";
MPRINT(EM_REPORT):   VALUE = "";
MPRINT(EM_REPORT):   VIEW = 0.71675144402158;
MPRINT(EM_REPORT):   output;
MPRINT(EM_REPORT):   NAME = "Y1";
MPRINT(EM_REPORT):   VALUE = "";
MPRINT(EM_REPORT):   VIEW = 0.71675144402158;
MPRINT(EM_REPORT):   output;
MPRINT(EM_REPORT):   NAME = "Y2";
MPRINT(EM_REPORT):   VALUE = "";
MPRINT(EM_REPORT):   VIEW = 0.71675144402158;
MPRINT(EM_REPORT):   output;
MPRINT(EM_REPORT):   NAME = "Y3";
MPRINT(EM_REPORT):   VALUE = "";
MPRINT(EM_REPORT):   VIEW = 0.71675144402158;
MPRINT(EM_REPORT):   output;
MPRINT(EM_REPORT):   NAME = "Y4";
MPRINT(EM_REPORT):   VALUE = "";
MPRINT(EM_REPORT):   VIEW = 0.71675144402158;
MPRINT(EM_REPORT):   output;
MPRINT(EM_REPORT):   NAME = "Y5";
MPRINT(EM_REPORT):   VALUE = "";
MPRINT(EM_REPORT):   VIEW = 0.71675144402158;
MPRINT(EM_REPORT):   output;
MPRINT(EM_REPORT):   NAME = "Y6";
MPRINT(EM_REPORT):   VALUE = "";
MPRINT(EM_REPORT):   VIEW = 0.71675144402158;
MPRINT(EM_REPORT):   output;
MPRINT(EM_REPORT):   NAME = "Y7";
MPRINT(EM_REPORT):   VALUE = "";
MPRINT(EM_REPORT):   VIEW = 0.71675144402158;
MPRINT(EM_REPORT):   output;
MPRINT(EM_REPORT):   NAME = "Y8";
MPRINT(EM_REPORT):   VALUE = "";
MPRINT(EM_REPORT):   VIEW = 0.71675144402158;
MPRINT(EM_REPORT):   output;
MPRINT(EM_REPORT):   NAME = "Y9";
MPRINT(EM_REPORT):   VALUE = "";
MPRINT(EM_REPORT):   VIEW = 0.71675144402158;
MPRINT(EM_REPORT):   output;
MPRINT(EM_REPORT):   NAME = "Y10";
MPRINT(EM_REPORT):   VALUE = "";
MPRINT(EM_REPORT):   VIEW = 0.71675144402158;
MPRINT(EM_REPORT):   output;
MPRINT(EM_REPORT):   NAME = "Y11";
MPRINT(EM_REPORT):   VALUE = "";
MPRINT(EM_REPORT):   VIEW = 0.71675144402158;
MPRINT(EM_REPORT):   output;
MPRINT(EM_REPORT):   NAME = "Y12";
MPRINT(EM_REPORT):   VALUE = "";
MPRINT(EM_REPORT):   VIEW = 0.71675144402158;
MPRINT(EM_REPORT):   output;
MPRINT(EM_REPORT):   NAME = "Y13";
MPRINT(EM_REPORT):   VALUE = "";
MPRINT(EM_REPORT):   VIEW = 0.71675144402158;
MPRINT(EM_REPORT):   output;
MPRINT(EM_REPORT):   NAME = "Y14";
MPRINT(EM_REPORT):   VALUE = "";
MPRINT(EM_REPORT):   VIEW = 0.71675144402158;
MPRINT(EM_REPORT):   output;
MPRINT(EM_REPORT):   NAME = "Y15";
MPRINT(EM_REPORT):   VALUE = "";
MPRINT(EM_REPORT):   VIEW = 0.71675144402158;
MPRINT(EM_REPORT):   output;
MPRINT(EM_REPORT):   NAME = "Y16";
MPRINT(EM_REPORT):   VALUE = "";
MPRINT(EM_REPORT):   VIEW = 0.71675144402158;
MPRINT(EM_REPORT):   output;
MPRINT(EM_REPORT):   NAME = "TITLE";
MPRINT(EM_REPORT):   VALUE = "";
MPRINT(EM_REPORT):   VIEW = 0.71675144402158;
MPRINT(EM_REPORT):   output;
MPRINT(EM_REPORT):   NAME = "LEGEND";
MPRINT(EM_REPORT):   VALUE = "";
MPRINT(EM_REPORT):   VIEW = 0.71675144402158;
MPRINT(EM_REPORT):   output;
MPRINT(EM_REPORT):   NAME = "LEGENDTITLE";
MPRINT(EM_REPORT):   VALUE = "";
MPRINT(EM_REPORT):   VIEW = 0.71675144402158;
MPRINT(EM_REPORT):   output;
MPRINT(EM_REPORT):   NAME = "SHAPE";
MPRINT(EM_REPORT):   VALUE = "";
MPRINT(EM_REPORT):   VIEW = 0.71675144402158;
MPRINT(EM_REPORT):   output;
MPRINT(EM_REPORT):   NAME = "METHOD";
MPRINT(EM_REPORT):   VALUE = "";
MPRINT(EM_REPORT):   VIEW = 0.71675144402158;
MPRINT(EM_REPORT):   output;
MPRINT(EM_REPORT):   NAME = "NOBINMISS";
MPRINT(EM_REPORT):   VALUE = "";
MPRINT(EM_REPORT):   VIEW = 0.71675144402158;
MPRINT(EM_REPORT):   output;
MPRINT(EM_REPORT):   end;
MPRINT(EM_REPORT):   run;

NOTE: There were 132 observations read from the data set WORK.EM_USER_REPORT.
NOTE: The data set WORK.EM_USER_REPORT has 264 observations and 4 variables.
NOTE: DATA statement used (Total process time):
      real time           0.03 seconds
      cpu time            0.01 seconds
      

MPRINT(EM_TREE_REPORT):  ;
MPRINT(EM_REPORT):   data WORK.EM_USER_REPORT;
MPRINT(EM_REPORT):   set WORK.EM_USER_REPORT end=eof;
MPRINT(EM_REPORT):   output;
MPRINT(EM_REPORT):   if eof then do;
MPRINT(EM_REPORT):   id+1;
MPRINT(EM_REPORT):   NAME = "KEY";
MPRINT(EM_REPORT):   VALUE = "TREE_PLOT";
MPRINT(EM_REPORT):   VIEW = 0.94578729101726;
MPRINT(EM_REPORT):   output;
MPRINT(EM_REPORT):   NAME = "VIEWTYPE";
MPRINT(EM_REPORT):   VALUE = "AREABAR";
MPRINT(EM_REPORT):   VIEW = 0.94578729101726;
MPRINT(EM_REPORT):   output;
MPRINT(EM_REPORT):   NAME = "AUTODISPLAY";
MPRINT(EM_REPORT):   VALUE = "N";
MPRINT(EM_REPORT):   VIEW = 0.94578729101726;
MPRINT(EM_REPORT):   output;
MPRINT(EM_REPORT):   NAME = "SPK";
MPRINT(EM_REPORT):   VALUE = "Y";
MPRINT(EM_REPORT):   VIEW = 0.94578729101726;
MPRINT(EM_REPORT):   output;
MPRINT(EM_REPORT):   NAME = "COMPARE";
MPRINT(EM_REPORT):   VALUE = "N";
MPRINT(EM_REPORT):   VIEW = 0.94578729101726;
MPRINT(EM_REPORT):   output;
MPRINT(EM_REPORT):   NAME = "LOCALIZE";
MPRINT(EM_REPORT):   VALUE = "N";
MPRINT(EM_REPORT):   VIEW = 0.94578729101726;
MPRINT(EM_REPORT):   output;
MPRINT(EM_REPORT):   NAME = "EQUALIZEROWX";
MPRINT(EM_REPORT):   VALUE = "N";
MPRINT(EM_REPORT):   VIEW = 0.94578729101726;
MPRINT(EM_REPORT):   output;
MPRINT(EM_REPORT):   NAME = "EQUALIZEROWY";
MPRINT(EM_REPORT):   VALUE = "N";
MPRINT(EM_REPORT):   VIEW = 0.94578729101726;
MPRINT(EM_REPORT):   output;
MPRINT(EM_REPORT):   NAME = "EQUALIZECOLX";
MPRINT(EM_REPORT):   VALUE = "N";
MPRINT(EM_REPORT):   VIEW = 0.94578729101726;
MPRINT(EM_REPORT):   output;
MPRINT(EM_REPORT):   NAME = "EQUALIZECOLY";
MPRINT(EM_REPORT):   VALUE = "N";
MPRINT(EM_REPORT):   VIEW = 0.94578729101726;
MPRINT(EM_REPORT):   output;
MPRINT(EM_REPORT):   NAME = "NROWS";
MPRINT(EM_REPORT):   VALUE = "";
MPRINT(EM_REPORT):   VIEW = 0.94578729101726;
MPRINT(EM_REPORT):   output;
MPRINT(EM_REPORT):   NAME = "NCOLS";
MPRINT(EM_REPORT):   VALUE = "";
MPRINT(EM_REPORT):   VIEW = 0.94578729101726;
MPRINT(EM_REPORT):   output;
MPRINT(EM_REPORT):   NAME = "DISCRETEX";
MPRINT(EM_REPORT):   VALUE = "";
MPRINT(EM_REPORT):   VIEW = 0.94578729101726;
MPRINT(EM_REPORT):   output;
MPRINT(EM_REPORT):   NAME = "DISCRETEY";
MPRINT(EM_REPORT):   VALUE = "";
MPRINT(EM_REPORT):   VIEW = 0.94578729101726;
MPRINT(EM_REPORT):   output;
MPRINT(EM_REPORT):   NAME = "LATTICEX";
MPRINT(EM_REPORT):   VALUE = "";
MPRINT(EM_REPORT):   VIEW = 0.94578729101726;
MPRINT(EM_REPORT):   output;
MPRINT(EM_REPORT):   NAME = "LATTICEY";
MPRINT(EM_REPORT):   VALUE = "";
MPRINT(EM_REPORT):   VIEW = 0.94578729101726;
MPRINT(EM_REPORT):   output;
MPRINT(EM_REPORT):   NAME = "LATTICETYPE";
MPRINT(EM_REPORT):   VALUE = "";
MPRINT(EM_REPORT):   VIEW = 0.94578729101726;
MPRINT(EM_REPORT):   output;
MPRINT(EM_REPORT):   NAME = "ABSOLUTEVALUE";
MPRINT(EM_REPORT):   VALUE = "";
MPRINT(EM_REPORT):   VIEW = 0.94578729101726;
MPRINT(EM_REPORT):   output;
MPRINT(EM_REPORT):   NAME = "SORTORDER";
MPRINT(EM_REPORT):   VALUE = "";
MPRINT(EM_REPORT):   VIEW = 0.94578729101726;
MPRINT(EM_REPORT):   output;
MPRINT(EM_REPORT):   NAME = "SORTORDERY";
MPRINT(EM_REPORT):   VALUE = "";
MPRINT(EM_REPORT):   VIEW = 0.94578729101726;
MPRINT(EM_REPORT):   output;
MPRINT(EM_REPORT):   NAME = "ORIENTATION";
MPRINT(EM_REPORT):   VALUE = "";
MPRINT(EM_REPORT):   VIEW = 0.94578729101726;
MPRINT(EM_REPORT):   output;
MPRINT(EM_REPORT):   NAME = "METHOD";
MPRINT(EM_REPORT):   VALUE = "";
MPRINT(EM_REPORT):   VIEW = 0.94578729101726;
MPRINT(EM_REPORT):   output;
MPRINT(EM_REPORT):   NAME = "DIRECTION";
MPRINT(EM_REPORT):   VALUE = "";
MPRINT(EM_REPORT):   VIEW = 0.94578729101726;
MPRINT(EM_REPORT):   output;
MPRINT(EM_REPORT):   NAME = "BYSET";
MPRINT(EM_REPORT):   VALUE = "";
MPRINT(EM_REPORT):   VIEW = 0.94578729101726;
MPRINT(EM_REPORT):   output;
MPRINT(EM_REPORT):   NAME = "RENDERMODE";
MPRINT(EM_REPORT):   VALUE = "";
MPRINT(EM_REPORT):   VIEW = 0.94578729101726;
MPRINT(EM_REPORT):   output;
MPRINT(EM_REPORT):   NAME = "DESCRIPTION";
MPRINT(EM_REPORT):   VALUE = "VARWIDTH";
MPRINT(EM_REPORT):   VIEW = 0.94578729101726;
MPRINT(EM_REPORT):   output;
MPRINT(EM_REPORT):   NAME = "X";
MPRINT(EM_REPORT):   VALUE = "NODE";
MPRINT(EM_REPORT):   VIEW = 0.94578729101726;
MPRINT(EM_REPORT):   output;
MPRINT(EM_REPORT):   NAME = "EXCLUDEVARS";
MPRINT(EM_REPORT):   VALUE = "";
MPRINT(EM_REPORT):   VIEW = 0.94578729101726;
MPRINT(EM_REPORT):   output;
MPRINT(EM_REPORT):   NAME = "Y";
MPRINT(EM_REPORT):   VALUE = "PERCEVENT_TRAIN";
MPRINT(EM_REPORT):   VIEW = 0.94578729101726;
MPRINT(EM_REPORT):   output;
MPRINT(EM_REPORT):   NAME = "Z";
MPRINT(EM_REPORT):   VALUE = "";
MPRINT(EM_REPORT):   VIEW = 0.94578729101726;
MPRINT(EM_REPORT):   output;
MPRINT(EM_REPORT):   NAME = "YVARS";
MPRINT(EM_REPORT):   VALUE = "";
MPRINT(EM_REPORT):   VIEW = 0.94578729101726;
MPRINT(EM_REPORT):   output;
MPRINT(EM_REPORT):   NAME = "FREQVARS";
MPRINT(EM_REPORT):   VALUE = "";
MPRINT(EM_REPORT):   VIEW = 0.94578729101726;
MPRINT(EM_REPORT):   output;
MPRINT(EM_REPORT):   NAME = "AXIS";
MPRINT(EM_REPORT):   VALUE = "";
MPRINT(EM_REPORT):   VIEW = 0.94578729101726;
MPRINT(EM_REPORT):   output;
MPRINT(EM_REPORT):   NAME = "FREQ";
MPRINT(EM_REPORT):   VALUE = "";
MPRINT(EM_REPORT):   VIEW = 0.94578729101726;
MPRINT(EM_REPORT):   output;
MPRINT(EM_REPORT):   NAME = "GROUP";
MPRINT(EM_REPORT):   VALUE = "";
MPRINT(EM_REPORT):   VIEW = 0.94578729101726;
MPRINT(EM_REPORT):   output;
MPRINT(EM_REPORT):   NAME = "SUBGROUP";
MPRINT(EM_REPORT):   VALUE = "";
MPRINT(EM_REPORT):   VIEW = 0.94578729101726;
MPRINT(EM_REPORT):   output;
MPRINT(EM_REPORT):   NAME = "BLOCK";
MPRINT(EM_REPORT):   VALUE = "MODEL";
MPRINT(EM_REPORT):   VIEW = 0.94578729101726;
MPRINT(EM_REPORT):   output;
MPRINT(EM_REPORT):   NAME = "COLOR";
MPRINT(EM_REPORT):   VALUE = "";
MPRINT(EM_REPORT):   VIEW = 0.94578729101726;
MPRINT(EM_REPORT):   output;
MPRINT(EM_REPORT):   NAME = "COLORINDEX";
MPRINT(EM_REPORT):   VALUE = "";
MPRINT(EM_REPORT):   VIEW = 0.94578729101726;
MPRINT(EM_REPORT):   output;
MPRINT(EM_REPORT):   NAME = "TIPTEXT";
MPRINT(EM_REPORT):   VALUE = "";
MPRINT(EM_REPORT):   VIEW = 0.94578729101726;
MPRINT(EM_REPORT):   output;
MPRINT(EM_REPORT):   NAME = "TIP";
MPRINT(EM_REPORT):   VALUE = "";
MPRINT(EM_REPORT):   VIEW = 0.94578729101726;
MPRINT(EM_REPORT):   output;
MPRINT(EM_REPORT):   NAME = "TOOLTIP";
MPRINT(EM_REPORT):   VALUE = "";
MPRINT(EM_REPORT):   VIEW = 0.94578729101726;
MPRINT(EM_REPORT):   output;
MPRINT(EM_REPORT):   NAME = "REPORTID";
MPRINT(EM_REPORT):   VALUE = "";
MPRINT(EM_REPORT):   VIEW = 0.94578729101726;
MPRINT(EM_REPORT):   output;
MPRINT(EM_REPORT):   NAME = "IDVALUE";
MPRINT(EM_REPORT):   VALUE = "";
MPRINT(EM_REPORT):   VIEW = 0.94578729101726;
MPRINT(EM_REPORT):   output;
MPRINT(EM_REPORT):   NAME = "ID";
MPRINT(EM_REPORT):   VALUE = "";
MPRINT(EM_REPORT):   VIEW = 0.94578729101726;
MPRINT(EM_REPORT):   output;
MPRINT(EM_REPORT):   NAME = "SIZE";
MPRINT(EM_REPORT):   VALUE = "";
MPRINT(EM_REPORT):   VIEW = 0.94578729101726;
MPRINT(EM_REPORT):   output;
MPRINT(EM_REPORT):   NAME = "FROM";
MPRINT(EM_REPORT):   VALUE = "";
MPRINT(EM_REPORT):   VIEW = 0.94578729101726;
MPRINT(EM_REPORT):   output;
MPRINT(EM_REPORT):   NAME = "TO";
MPRINT(EM_REPORT):   VALUE = "";
MPRINT(EM_REPORT):   VIEW = 0.94578729101726;
MPRINT(EM_REPORT):   output;
MPRINT(EM_REPORT):   NAME = "VALUE";
MPRINT(EM_REPORT):   VALUE = "";
MPRINT(EM_REPORT):   VIEW = 0.94578729101726;
MPRINT(EM_REPORT):   output;
MPRINT(EM_REPORT):   NAME = "VIEWS";
MPRINT(EM_REPORT):   VALUE = "";
MPRINT(EM_REPORT):   VIEW = 0.94578729101726;
MPRINT(EM_REPORT):   output;
MPRINT(EM_REPORT):   NAME = "PARENT";
MPRINT(EM_REPORT):   VALUE = "";
MPRINT(EM_REPORT):   VIEW = 0.94578729101726;
MPRINT(EM_REPORT):   output;
MPRINT(EM_REPORT):   NAME = "NODETEXT";
MPRINT(EM_REPORT):   VALUE = "";
MPRINT(EM_REPORT):   VIEW = 0.94578729101726;
MPRINT(EM_REPORT):   output;
MPRINT(EM_REPORT):   NAME = "ABOVETEXT";
MPRINT(EM_REPORT):   VALUE = "";
MPRINT(EM_REPORT):   VIEW = 0.94578729101726;
MPRINT(EM_REPORT):   output;
MPRINT(EM_REPORT):   NAME = "BELOWTEXT";
MPRINT(EM_REPORT):   VALUE = "";
MPRINT(EM_REPORT):   VIEW = 0.94578729101726;
MPRINT(EM_REPORT):   output;
MPRINT(EM_REPORT):   NAME = "NODESIZE";
MPRINT(EM_REPORT):   VALUE = "";
MPRINT(EM_REPORT):   VIEW = 0.94578729101726;
MPRINT(EM_REPORT):   output;
MPRINT(EM_REPORT):   NAME = "STATS";
MPRINT(EM_REPORT):   VALUE = "";
MPRINT(EM_REPORT):   VIEW = 0.94578729101726;
MPRINT(EM_REPORT):   output;
MPRINT(EM_REPORT):   NAME = "CLASSDIST";
MPRINT(EM_REPORT):   VALUE = "";
MPRINT(EM_REPORT):   VIEW = 0.94578729101726;
MPRINT(EM_REPORT):   output;
MPRINT(EM_REPORT):   NAME = "INTDIST";
MPRINT(EM_REPORT):   VALUE = "";
MPRINT(EM_REPORT):   VIEW = 0.94578729101726;
MPRINT(EM_REPORT):   output;
MPRINT(EM_REPORT):   NAME = "FOLDER";
MPRINT(EM_REPORT):   VALUE = "";
MPRINT(EM_REPORT):   VIEW = 0.94578729101726;
MPRINT(EM_REPORT):   output;
MPRINT(EM_REPORT):   NAME = "YPLOTTYPE";
MPRINT(EM_REPORT):   VALUE = "";
MPRINT(EM_REPORT):   VIEW = 0.94578729101726;
MPRINT(EM_REPORT):   output;
MPRINT(EM_REPORT):   NAME = "XREF";
MPRINT(EM_REPORT):   VALUE = "";
MPRINT(EM_REPORT):   VIEW = 0.94578729101726;
MPRINT(EM_REPORT):   output;
MPRINT(EM_REPORT):   NAME = "XREF2";
MPRINT(EM_REPORT):   VALUE = "";
MPRINT(EM_REPORT):   VIEW = 0.94578729101726;
MPRINT(EM_REPORT):   output;
MPRINT(EM_REPORT):   NAME = "YREF";
MPRINT(EM_REPORT):   VALUE = "";
MPRINT(EM_REPORT):   VIEW = 0.94578729101726;
MPRINT(EM_REPORT):   output;
MPRINT(EM_REPORT):   NAME = "Y2REF";
MPRINT(EM_REPORT):   VALUE = "";
MPRINT(EM_REPORT):   VIEW = 0.94578729101726;
MPRINT(EM_REPORT):   output;
MPRINT(EM_REPORT):   NAME = "YREF2";
MPRINT(EM_REPORT):   VALUE = "";
MPRINT(EM_REPORT):   VIEW = 0.94578729101726;
MPRINT(EM_REPORT):   output;
MPRINT(EM_REPORT):   NAME = "Y2REF2";
MPRINT(EM_REPORT):   VALUE = "";
MPRINT(EM_REPORT):   VIEW = 0.94578729101726;
MPRINT(EM_REPORT):   output;
MPRINT(EM_REPORT):   NAME = "GROUPINDEX";
MPRINT(EM_REPORT):   VALUE = "";
MPRINT(EM_REPORT):   VIEW = 0.94578729101726;
MPRINT(EM_REPORT):   output;
MPRINT(EM_REPORT):   NAME = "JOIN";
MPRINT(EM_REPORT):   VALUE = "";
MPRINT(EM_REPORT):   VIEW = 0.94578729101726;
MPRINT(EM_REPORT):   output;
MPRINT(EM_REPORT):   NAME = "XEXCLUDE";
MPRINT(EM_REPORT):   VALUE = "";
MPRINT(EM_REPORT):   VIEW = 0.94578729101726;
MPRINT(EM_REPORT):   output;
MPRINT(EM_REPORT):   NAME = "FREQEXCLUDE";
MPRINT(EM_REPORT):   VALUE = "";
MPRINT(EM_REPORT):   VIEW = 0.94578729101726;
MPRINT(EM_REPORT):   output;
MPRINT(EM_REPORT):   NAME = "YEXCLUDE";
MPRINT(EM_REPORT):   VALUE = "";
MPRINT(EM_REPORT):   VIEW = 0.94578729101726;
MPRINT(EM_REPORT):   output;
MPRINT(EM_REPORT):   NAME = "NAME";
MPRINT(EM_REPORT):   VALUE = "";
MPRINT(EM_REPORT):   VIEW = 0.94578729101726;
MPRINT(EM_REPORT):   output;
MPRINT(EM_REPORT):   NAME = "HEIGHT";
MPRINT(EM_REPORT):   VALUE = "";
MPRINT(EM_REPORT):   VIEW = 0.94578729101726;
MPRINT(EM_REPORT):   output;
MPRINT(EM_REPORT):   NAME = "WIDTH";
MPRINT(EM_REPORT):   VALUE = "PERC_TRAIN";
MPRINT(EM_REPORT):   VIEW = 0.94578729101726;
MPRINT(EM_REPORT):   output;
MPRINT(EM_REPORT):   NAME = "XAXISLABEL";
MPRINT(EM_REPORT):   VALUE = "";
MPRINT(EM_REPORT):   VIEW = 0.94578729101726;
MPRINT(EM_REPORT):   output;
MPRINT(EM_REPORT):   NAME = "Y2AXISLABEL";
MPRINT(EM_REPORT):   VALUE = "";
MPRINT(EM_REPORT):   VIEW = 0.94578729101726;
MPRINT(EM_REPORT):   output;
MPRINT(EM_REPORT):   NAME = "YAXISLABEL";
MPRINT(EM_REPORT):   VALUE = "";
MPRINT(EM_REPORT):   VIEW = 0.94578729101726;
MPRINT(EM_REPORT):   output;
MPRINT(EM_REPORT):   NAME = "DISPLAYXLABEL";
MPRINT(EM_REPORT):   VALUE = "Y";
MPRINT(EM_REPORT):   VIEW = 0.94578729101726;
MPRINT(EM_REPORT):   output;
MPRINT(EM_REPORT):   NAME = "DISPLAYYLABEL";
MPRINT(EM_REPORT):   VALUE = "Y";
MPRINT(EM_REPORT):   VIEW = 0.94578729101726;
MPRINT(EM_REPORT):   output;
MPRINT(EM_REPORT):   NAME = "CHOICETEXT";
MPRINT(EM_REPORT):   VALUE = "";
MPRINT(EM_REPORT):   VIEW = 0.94578729101726;
MPRINT(EM_REPORT):   output;
MPRINT(EM_REPORT):   NAME = "SEGMENTVALUE";
MPRINT(EM_REPORT):   VALUE = "";
MPRINT(EM_REPORT):   VIEW = 0.94578729101726;
MPRINT(EM_REPORT):   output;
MPRINT(EM_REPORT):   NAME = "LOWERBAND";
MPRINT(EM_REPORT):   VALUE = "";
MPRINT(EM_REPORT):   VIEW = 0.94578729101726;
MPRINT(EM_REPORT):   output;
MPRINT(EM_REPORT):   NAME = "UPPERBAND";
MPRINT(EM_REPORT):   VALUE = "";
MPRINT(EM_REPORT):   VIEW = 0.94578729101726;
MPRINT(EM_REPORT):   output;
MPRINT(EM_REPORT):   NAME = "YLINE";
MPRINT(EM_REPORT):   VALUE = "";
MPRINT(EM_REPORT):   VIEW = 0.94578729101726;
MPRINT(EM_REPORT):   output;
MPRINT(EM_REPORT):   NAME = "LINKKEY";
MPRINT(EM_REPORT):   VALUE = "";
MPRINT(EM_REPORT):   VIEW = 0.94578729101726;
MPRINT(EM_REPORT):   output;
MPRINT(EM_REPORT):   NAME = "NODEKEY";
MPRINT(EM_REPORT):   VALUE = "";
MPRINT(EM_REPORT):   VIEW = 0.94578729101726;
MPRINT(EM_REPORT):   output;
MPRINT(EM_REPORT):   NAME = "NODEID";
MPRINT(EM_REPORT):   VALUE = "";
MPRINT(EM_REPORT):   VIEW = 0.94578729101726;
MPRINT(EM_REPORT):   output;
MPRINT(EM_REPORT):   NAME = "NODEVALUE";
MPRINT(EM_REPORT):   VALUE = "";
MPRINT(EM_REPORT):   VIEW = 0.94578729101726;
MPRINT(EM_REPORT):   output;
MPRINT(EM_REPORT):   NAME = "NODECOLOR";
MPRINT(EM_REPORT):   VALUE = "";
MPRINT(EM_REPORT):   VIEW = 0.94578729101726;
MPRINT(EM_REPORT):   output;
MPRINT(EM_REPORT):   NAME = "NODESHAPE";
MPRINT(EM_REPORT):   VALUE = "";
MPRINT(EM_REPORT):   VIEW = 0.94578729101726;
MPRINT(EM_REPORT):   output;
MPRINT(EM_REPORT):   NAME = "NODESHAPEVAR";
MPRINT(EM_REPORT):   VALUE = "";
MPRINT(EM_REPORT):   VIEW = 0.94578729101726;
MPRINT(EM_REPORT):   output;
MPRINT(EM_REPORT):   NAME = "NODELABEL";
MPRINT(EM_REPORT):   VALUE = "";
MPRINT(EM_REPORT):   VIEW = 0.94578729101726;
MPRINT(EM_REPORT):   output;
MPRINT(EM_REPORT):   NAME = "NODETIP";
MPRINT(EM_REPORT):   VALUE = "";
MPRINT(EM_REPORT):   VIEW = 0.94578729101726;
MPRINT(EM_REPORT):   output;
MPRINT(EM_REPORT):   NAME = "LINKID";
MPRINT(EM_REPORT):   VALUE = "";
MPRINT(EM_REPORT):   VIEW = 0.94578729101726;
MPRINT(EM_REPORT):   output;
MPRINT(EM_REPORT):   NAME = "LINKVALUE";
MPRINT(EM_REPORT):   VALUE = "";
MPRINT(EM_REPORT):   VIEW = 0.94578729101726;
MPRINT(EM_REPORT):   output;
MPRINT(EM_REPORT):   NAME = "LINKFROM";
MPRINT(EM_REPORT):   VALUE = "";
MPRINT(EM_REPORT):   VIEW = 0.94578729101726;
MPRINT(EM_REPORT):   output;
MPRINT(EM_REPORT):   NAME = "LINKTO";
MPRINT(EM_REPORT):   VALUE = "";
MPRINT(EM_REPORT):   VIEW = 0.94578729101726;
MPRINT(EM_REPORT):   output;
MPRINT(EM_REPORT):   NAME = "LINKCOLOR";
MPRINT(EM_REPORT):   VALUE = "";
MPRINT(EM_REPORT):   VIEW = 0.94578729101726;
MPRINT(EM_REPORT):   output;
MPRINT(EM_REPORT):   NAME = "LINKWIDTH";
MPRINT(EM_REPORT):   VALUE = "";
MPRINT(EM_REPORT):   VIEW = 0.94578729101726;
MPRINT(EM_REPORT):   output;
MPRINT(EM_REPORT):   NAME = "LINKTIP";
MPRINT(EM_REPORT):   VALUE = "";
MPRINT(EM_REPORT):   VIEW = 0.94578729101726;
MPRINT(EM_REPORT):   output;
MPRINT(EM_REPORT):   NAME = "XFROM";
MPRINT(EM_REPORT):   VALUE = "";
MPRINT(EM_REPORT):   VIEW = 0.94578729101726;
MPRINT(EM_REPORT):   output;
MPRINT(EM_REPORT):   NAME = "XTO";
MPRINT(EM_REPORT):   VALUE = "";
MPRINT(EM_REPORT):   VIEW = 0.94578729101726;
MPRINT(EM_REPORT):   output;
MPRINT(EM_REPORT):   NAME = "YFROM";
MPRINT(EM_REPORT):   VALUE = "";
MPRINT(EM_REPORT):   VIEW = 0.94578729101726;
MPRINT(EM_REPORT):   output;
MPRINT(EM_REPORT):   NAME = "YTO";
MPRINT(EM_REPORT):   VALUE = "";
MPRINT(EM_REPORT):   VIEW = 0.94578729101726;
MPRINT(EM_REPORT):   output;
MPRINT(EM_REPORT):   NAME = "MATRIXVAR";
MPRINT(EM_REPORT):   VALUE = "";
MPRINT(EM_REPORT):   VIEW = 0.94578729101726;
MPRINT(EM_REPORT):   output;
MPRINT(EM_REPORT):   NAME = "RESPONSE";
MPRINT(EM_REPORT):   VALUE = "";
MPRINT(EM_REPORT):   VIEW = 0.94578729101726;
MPRINT(EM_REPORT):   output;
MPRINT(EM_REPORT):   NAME = "SERIES";
MPRINT(EM_REPORT):   VALUE = "";
MPRINT(EM_REPORT):   VIEW = 0.94578729101726;
MPRINT(EM_REPORT):   output;
MPRINT(EM_REPORT):   NAME = "DESCARG";
MPRINT(EM_REPORT):   VALUE = "";
MPRINT(EM_REPORT):   VIEW = 0.94578729101726;
MPRINT(EM_REPORT):   output;
MPRINT(EM_REPORT):   NAME = "SLIDER";
MPRINT(EM_REPORT):   VALUE = "";
MPRINT(EM_REPORT):   VIEW = 0.94578729101726;
MPRINT(EM_REPORT):   output;
MPRINT(EM_REPORT):   NAME = "MarkerSize";
MPRINT(EM_REPORT):   VALUE = "";
MPRINT(EM_REPORT):   VIEW = 0.94578729101726;
MPRINT(EM_REPORT):   output;
MPRINT(EM_REPORT):   NAME = "Marker";
MPRINT(EM_REPORT):   VALUE = "";
MPRINT(EM_REPORT):   VIEW = 0.94578729101726;
MPRINT(EM_REPORT):   output;
MPRINT(EM_REPORT):   NAME = "Y1";
MPRINT(EM_REPORT):   VALUE = "";
MPRINT(EM_REPORT):   VIEW = 0.94578729101726;
MPRINT(EM_REPORT):   output;
MPRINT(EM_REPORT):   NAME = "Y2";
MPRINT(EM_REPORT):   VALUE = "";
MPRINT(EM_REPORT):   VIEW = 0.94578729101726;
MPRINT(EM_REPORT):   output;
MPRINT(EM_REPORT):   NAME = "Y3";
MPRINT(EM_REPORT):   VALUE = "";
MPRINT(EM_REPORT):   VIEW = 0.94578729101726;
MPRINT(EM_REPORT):   output;
MPRINT(EM_REPORT):   NAME = "Y4";
MPRINT(EM_REPORT):   VALUE = "";
MPRINT(EM_REPORT):   VIEW = 0.94578729101726;
MPRINT(EM_REPORT):   output;
MPRINT(EM_REPORT):   NAME = "Y5";
MPRINT(EM_REPORT):   VALUE = "";
MPRINT(EM_REPORT):   VIEW = 0.94578729101726;
MPRINT(EM_REPORT):   output;
MPRINT(EM_REPORT):   NAME = "Y6";
MPRINT(EM_REPORT):   VALUE = "";
MPRINT(EM_REPORT):   VIEW = 0.94578729101726;
MPRINT(EM_REPORT):   output;
MPRINT(EM_REPORT):   NAME = "Y7";
MPRINT(EM_REPORT):   VALUE = "";
MPRINT(EM_REPORT):   VIEW = 0.94578729101726;
MPRINT(EM_REPORT):   output;
MPRINT(EM_REPORT):   NAME = "Y8";
MPRINT(EM_REPORT):   VALUE = "";
MPRINT(EM_REPORT):   VIEW = 0.94578729101726;
MPRINT(EM_REPORT):   output;
MPRINT(EM_REPORT):   NAME = "Y9";
MPRINT(EM_REPORT):   VALUE = "";
MPRINT(EM_REPORT):   VIEW = 0.94578729101726;
MPRINT(EM_REPORT):   output;
MPRINT(EM_REPORT):   NAME = "Y10";
MPRINT(EM_REPORT):   VALUE = "";
MPRINT(EM_REPORT):   VIEW = 0.94578729101726;
MPRINT(EM_REPORT):   output;
MPRINT(EM_REPORT):   NAME = "Y11";
MPRINT(EM_REPORT):   VALUE = "";
MPRINT(EM_REPORT):   VIEW = 0.94578729101726;
MPRINT(EM_REPORT):   output;
MPRINT(EM_REPORT):   NAME = "Y12";
MPRINT(EM_REPORT):   VALUE = "";
MPRINT(EM_REPORT):   VIEW = 0.94578729101726;
MPRINT(EM_REPORT):   output;
MPRINT(EM_REPORT):   NAME = "Y13";
MPRINT(EM_REPORT):   VALUE = "";
MPRINT(EM_REPORT):   VIEW = 0.94578729101726;
MPRINT(EM_REPORT):   output;
MPRINT(EM_REPORT):   NAME = "Y14";
MPRINT(EM_REPORT):   VALUE = "";
MPRINT(EM_REPORT):   VIEW = 0.94578729101726;
MPRINT(EM_REPORT):   output;
MPRINT(EM_REPORT):   NAME = "Y15";
MPRINT(EM_REPORT):   VALUE = "";
MPRINT(EM_REPORT):   VIEW = 0.94578729101726;
MPRINT(EM_REPORT):   output;
MPRINT(EM_REPORT):   NAME = "Y16";
MPRINT(EM_REPORT):   VALUE = "";
MPRINT(EM_REPORT):   VIEW = 0.94578729101726;
MPRINT(EM_REPORT):   output;
MPRINT(EM_REPORT):   NAME = "TITLE";
MPRINT(EM_REPORT):   VALUE = "";
MPRINT(EM_REPORT):   VIEW = 0.94578729101726;
MPRINT(EM_REPORT):   output;
MPRINT(EM_REPORT):   NAME = "LEGEND";
MPRINT(EM_REPORT):   VALUE = "";
MPRINT(EM_REPORT):   VIEW = 0.94578729101726;
MPRINT(EM_REPORT):   output;
MPRINT(EM_REPORT):   NAME = "LEGENDTITLE";
MPRINT(EM_REPORT):   VALUE = "";
MPRINT(EM_REPORT):   VIEW = 0.94578729101726;
MPRINT(EM_REPORT):   output;
MPRINT(EM_REPORT):   NAME = "SHAPE";
MPRINT(EM_REPORT):   VALUE = "";
MPRINT(EM_REPORT):   VIEW = 0.94578729101726;
MPRINT(EM_REPORT):   output;
MPRINT(EM_REPORT):   NAME = "METHOD";
MPRINT(EM_REPORT):   VALUE = "";
MPRINT(EM_REPORT):   VIEW = 0.94578729101726;
MPRINT(EM_REPORT):   output;
MPRINT(EM_REPORT):   NAME = "NOBINMISS";
MPRINT(EM_REPORT):   VALUE = "";
MPRINT(EM_REPORT):   VIEW = 0.94578729101726;
MPRINT(EM_REPORT):   output;
MPRINT(EM_REPORT):   end;
MPRINT(EM_REPORT):   run;

NOTE: There were 264 observations read from the data set WORK.EM_USER_REPORT.
NOTE: The data set WORK.EM_USER_REPORT has 397 observations and 4 variables.
NOTE: DATA statement used (Total process time):
      real time           0.05 seconds
      cpu time            0.03 seconds
      

MPRINT(EM_TREE_REPORT):  ;
MPRINT(EM_TREE_REPORT):   proc sort data=EMWS1.Tree5_TREE_PLOT out=t;
MPRINT(EM_TREE_REPORT):   by descending N;
MPRINT(EM_TREE_REPORT):   run;

NOTE: There were 9 observations read from the data set EMWS1.TREE5_TREE_PLOT.
NOTE: The data set WORK.T has 9 observations and 37 variables.
NOTE: PROCEDURE SORT used (Total process time):
      real time           0.01 seconds
      cpu time            0.03 seconds
      

MPRINT(EM_TREE_REPORT):   data _null_;
MPRINT(EM_TREE_REPORT):   set t (obs=2) end=eof;
MPRINT(EM_TREE_REPORT):   if eof then do;
MPRINT(EM_TREE_REPORT):   call symput("vn", strip(put(vn, best.)));
MPRINT(EM_TREE_REPORT):   end;
MPRINT(EM_TREE_REPORT):   run;

NOTE: There were 2 observations read from the data set WORK.T.
NOTE: DATA statement used (Total process time):
      real time           0.02 seconds
      cpu time            0.00 seconds
      

MPRINT(EM_TREE_REPORT):   data t;
MPRINT(EM_TREE_REPORT):   set t;
MPRINT(EM_TREE_REPORT):   label N= "Training Observations" DEPTH=
MPRINT(EM_TREE_REPORT):   "Depth" VN=
MPRINT(EM_TREE_REPORT):   "Validation Observations" ;
MPRINT(EM_TREE_REPORT):   run;

NOTE: There were 9 observations read from the data set WORK.T.
NOTE: The data set WORK.T has 9 observations and 37 variables.
NOTE: DATA statement used (Total process time):
      real time           0.04 seconds
      cpu time            0.01 seconds
      

MPRINT(EM_TREE_REPORT):   title10 "Tree Leaf Report";
MPRINT(EM_TREE_REPORT):   proc print data=t noobs label;
MPRINT(EM_TREE_REPORT):   where tprob ne .;
MPRINT(EM_TREE_REPORT):   var node depth N tprob VN vprob ;
MPRINT(EM_TREE_REPORT):   run;

NOTE: There were 5 observations read from the data set WORK.T.
      WHERE tprob not = .;
NOTE: The PROCEDURE PRINT printed page 38.
NOTE: PROCEDURE PRINT used (Total process time):
      real time           0.00 seconds
      cpu time            0.00 seconds
      

MPRINT(EM_TREE_REPORT):   title10;
MPRINT(EM_TREE_REPORT):  ;
MPRINT(EM_TREE_REPORT):   data _null_;
MPRINT(EM_TREE_REPORT):   set EMWS1.Tree5_OUTTOPOLOGY end=eof;
MPRINT(EM_TREE_REPORT):   if eof then do;
MPRINT(EM_TREE_REPORT):   call symput('nleaves', LEAF);
MPRINT(EM_TREE_REPORT):   end;
MPRINT(EM_TREE_REPORT):   run;

NOTE: Numeric values have been converted to character values at the places given by: (Line):(Column).
      306:141   
NOTE: There were 9 observations read from the data set EMWS1.TREE5_OUTTOPOLOGY.
NOTE: DATA statement used (Total process time):
      real time           0.00 seconds
      cpu time            0.00 seconds
      

MPRINT(EM_REPORT):   data WORK.EM_USER_REPORT;
MPRINT(EM_REPORT):   set WORK.EM_USER_REPORT end=eof;
MPRINT(EM_REPORT):   output;
MPRINT(EM_REPORT):   if eof then do;
MPRINT(EM_REPORT):   id+1;
MPRINT(EM_REPORT):   NAME = "KEY";
MPRINT(EM_REPORT):   VALUE = "OUTSEQ";
MPRINT(EM_REPORT):   VIEW = 0.04522586522867;
MPRINT(EM_REPORT):   output;
MPRINT(EM_REPORT):   NAME = "VIEWTYPE";
MPRINT(EM_REPORT):   VALUE = "ITERATIONPLOT";
MPRINT(EM_REPORT):   VIEW = 0.04522586522867;
MPRINT(EM_REPORT):   output;
MPRINT(EM_REPORT):   NAME = "AUTODISPLAY";
MPRINT(EM_REPORT):   VALUE = "N";
MPRINT(EM_REPORT):   VIEW = 0.04522586522867;
MPRINT(EM_REPORT):   output;
MPRINT(EM_REPORT):   NAME = "SPK";
MPRINT(EM_REPORT):   VALUE = "Y";
MPRINT(EM_REPORT):   VIEW = 0.04522586522867;
MPRINT(EM_REPORT):   output;
MPRINT(EM_REPORT):   NAME = "COMPARE";
MPRINT(EM_REPORT):   VALUE = "N";
MPRINT(EM_REPORT):   VIEW = 0.04522586522867;
MPRINT(EM_REPORT):   output;
MPRINT(EM_REPORT):   NAME = "LOCALIZE";
MPRINT(EM_REPORT):   VALUE = "N";
MPRINT(EM_REPORT):   VIEW = 0.04522586522867;
MPRINT(EM_REPORT):   output;
MPRINT(EM_REPORT):   NAME = "EQUALIZEROWX";
MPRINT(EM_REPORT):   VALUE = "N";
MPRINT(EM_REPORT):   VIEW = 0.04522586522867;
MPRINT(EM_REPORT):   output;
MPRINT(EM_REPORT):   NAME = "EQUALIZEROWY";
MPRINT(EM_REPORT):   VALUE = "N";
MPRINT(EM_REPORT):   VIEW = 0.04522586522867;
MPRINT(EM_REPORT):   output;
MPRINT(EM_REPORT):   NAME = "EQUALIZECOLX";
MPRINT(EM_REPORT):   VALUE = "N";
MPRINT(EM_REPORT):   VIEW = 0.04522586522867;
MPRINT(EM_REPORT):   output;
MPRINT(EM_REPORT):   NAME = "EQUALIZECOLY";
MPRINT(EM_REPORT):   VALUE = "N";
MPRINT(EM_REPORT):   VIEW = 0.04522586522867;
MPRINT(EM_REPORT):   output;
MPRINT(EM_REPORT):   NAME = "NROWS";
MPRINT(EM_REPORT):   VALUE = "";
MPRINT(EM_REPORT):   VIEW = 0.04522586522867;
MPRINT(EM_REPORT):   output;
MPRINT(EM_REPORT):   NAME = "NCOLS";
MPRINT(EM_REPORT):   VALUE = "";
MPRINT(EM_REPORT):   VIEW = 0.04522586522867;
MPRINT(EM_REPORT):   output;
MPRINT(EM_REPORT):   NAME = "DISCRETEX";
MPRINT(EM_REPORT):   VALUE = "";
MPRINT(EM_REPORT):   VIEW = 0.04522586522867;
MPRINT(EM_REPORT):   output;
MPRINT(EM_REPORT):   NAME = "DISCRETEY";
MPRINT(EM_REPORT):   VALUE = "";
MPRINT(EM_REPORT):   VIEW = 0.04522586522867;
MPRINT(EM_REPORT):   output;
MPRINT(EM_REPORT):   NAME = "LATTICEX";
MPRINT(EM_REPORT):   VALUE = "";
MPRINT(EM_REPORT):   VIEW = 0.04522586522867;
MPRINT(EM_REPORT):   output;
MPRINT(EM_REPORT):   NAME = "LATTICEY";
MPRINT(EM_REPORT):   VALUE = "";
MPRINT(EM_REPORT):   VIEW = 0.04522586522867;
MPRINT(EM_REPORT):   output;
MPRINT(EM_REPORT):   NAME = "LATTICETYPE";
MPRINT(EM_REPORT):   VALUE = "";
MPRINT(EM_REPORT):   VIEW = 0.04522586522867;
MPRINT(EM_REPORT):   output;
MPRINT(EM_REPORT):   NAME = "ABSOLUTEVALUE";
MPRINT(EM_REPORT):   VALUE = "";
MPRINT(EM_REPORT):   VIEW = 0.04522586522867;
MPRINT(EM_REPORT):   output;
MPRINT(EM_REPORT):   NAME = "SORTORDER";
MPRINT(EM_REPORT):   VALUE = "";
MPRINT(EM_REPORT):   VIEW = 0.04522586522867;
MPRINT(EM_REPORT):   output;
MPRINT(EM_REPORT):   NAME = "SORTORDERY";
MPRINT(EM_REPORT):   VALUE = "";
MPRINT(EM_REPORT):   VIEW = 0.04522586522867;
MPRINT(EM_REPORT):   output;
MPRINT(EM_REPORT):   NAME = "ORIENTATION";
MPRINT(EM_REPORT):   VALUE = "";
MPRINT(EM_REPORT):   VIEW = 0.04522586522867;
MPRINT(EM_REPORT):   output;
MPRINT(EM_REPORT):   NAME = "METHOD";
MPRINT(EM_REPORT):   VALUE = "";
MPRINT(EM_REPORT):   VIEW = 0.04522586522867;
MPRINT(EM_REPORT):   output;
MPRINT(EM_REPORT):   NAME = "DIRECTION";
MPRINT(EM_REPORT):   VALUE = "";
MPRINT(EM_REPORT):   VIEW = 0.04522586522867;
MPRINT(EM_REPORT):   output;
MPRINT(EM_REPORT):   NAME = "BYSET";
MPRINT(EM_REPORT):   VALUE = "";
MPRINT(EM_REPORT):   VIEW = 0.04522586522867;
MPRINT(EM_REPORT):   output;
MPRINT(EM_REPORT):   NAME = "RENDERMODE";
MPRINT(EM_REPORT):   VALUE = "";
MPRINT(EM_REPORT):   VIEW = 0.04522586522867;
MPRINT(EM_REPORT):   output;
MPRINT(EM_REPORT):   NAME = "DESCRIPTION";
MPRINT(EM_REPORT):   VALUE = "SUBTREE";
MPRINT(EM_REPORT):   VIEW = 0.04522586522867;
MPRINT(EM_REPORT):   output;
MPRINT(EM_REPORT):   NAME = "X";
MPRINT(EM_REPORT):   VALUE = "_NW_";
MPRINT(EM_REPORT):   VIEW = 0.04522586522867;
MPRINT(EM_REPORT):   output;
MPRINT(EM_REPORT):   NAME = "EXCLUDEVARS";
MPRINT(EM_REPORT):   VALUE = "";
MPRINT(EM_REPORT):   VIEW = 0.04522586522867;
MPRINT(EM_REPORT):   output;
MPRINT(EM_REPORT):   NAME = "Z";
MPRINT(EM_REPORT):   VALUE = "";
MPRINT(EM_REPORT):   VIEW = 0.04522586522867;
MPRINT(EM_REPORT):   output;
MPRINT(EM_REPORT):   NAME = "YVARS";
MPRINT(EM_REPORT):   VALUE = "";
MPRINT(EM_REPORT):   VIEW = 0.04522586522867;
MPRINT(EM_REPORT):   output;
MPRINT(EM_REPORT):   NAME = "FREQVARS";
MPRINT(EM_REPORT):   VALUE = "";
MPRINT(EM_REPORT):   VIEW = 0.04522586522867;
MPRINT(EM_REPORT):   output;
MPRINT(EM_REPORT):   NAME = "AXIS";
MPRINT(EM_REPORT):   VALUE = "";
MPRINT(EM_REPORT):   VIEW = 0.04522586522867;
MPRINT(EM_REPORT):   output;
MPRINT(EM_REPORT):   NAME = "FREQ";
MPRINT(EM_REPORT):   VALUE = "";
MPRINT(EM_REPORT):   VIEW = 0.04522586522867;
MPRINT(EM_REPORT):   output;
MPRINT(EM_REPORT):   NAME = "GROUP";
MPRINT(EM_REPORT):   VALUE = "";
MPRINT(EM_REPORT):   VIEW = 0.04522586522867;
MPRINT(EM_REPORT):   output;
MPRINT(EM_REPORT):   NAME = "SUBGROUP";
MPRINT(EM_REPORT):   VALUE = "";
MPRINT(EM_REPORT):   VIEW = 0.04522586522867;
MPRINT(EM_REPORT):   output;
MPRINT(EM_REPORT):   NAME = "BLOCK";
MPRINT(EM_REPORT):   VALUE = "MODEL";
MPRINT(EM_REPORT):   VIEW = 0.04522586522867;
MPRINT(EM_REPORT):   output;
MPRINT(EM_REPORT):   NAME = "COLOR";
MPRINT(EM_REPORT):   VALUE = "";
MPRINT(EM_REPORT):   VIEW = 0.04522586522867;
MPRINT(EM_REPORT):   output;
MPRINT(EM_REPORT):   NAME = "COLORINDEX";
MPRINT(EM_REPORT):   VALUE = "";
MPRINT(EM_REPORT):   VIEW = 0.04522586522867;
MPRINT(EM_REPORT):   output;
MPRINT(EM_REPORT):   NAME = "TIPTEXT";
MPRINT(EM_REPORT):   VALUE = "";
MPRINT(EM_REPORT):   VIEW = 0.04522586522867;
MPRINT(EM_REPORT):   output;
MPRINT(EM_REPORT):   NAME = "TIP";
MPRINT(EM_REPORT):   VALUE = "";
MPRINT(EM_REPORT):   VIEW = 0.04522586522867;
MPRINT(EM_REPORT):   output;
MPRINT(EM_REPORT):   NAME = "TOOLTIP";
MPRINT(EM_REPORT):   VALUE = "";
MPRINT(EM_REPORT):   VIEW = 0.04522586522867;
MPRINT(EM_REPORT):   output;
MPRINT(EM_REPORT):   NAME = "REPORTID";
MPRINT(EM_REPORT):   VALUE = "";
MPRINT(EM_REPORT):   VIEW = 0.04522586522867;
MPRINT(EM_REPORT):   output;
MPRINT(EM_REPORT):   NAME = "IDVALUE";
MPRINT(EM_REPORT):   VALUE = "";
MPRINT(EM_REPORT):   VIEW = 0.04522586522867;
MPRINT(EM_REPORT):   output;
MPRINT(EM_REPORT):   NAME = "ID";
MPRINT(EM_REPORT):   VALUE = "";
MPRINT(EM_REPORT):   VIEW = 0.04522586522867;
MPRINT(EM_REPORT):   output;
MPRINT(EM_REPORT):   NAME = "SIZE";
MPRINT(EM_REPORT):   VALUE = "";
MPRINT(EM_REPORT):   VIEW = 0.04522586522867;
MPRINT(EM_REPORT):   output;
MPRINT(EM_REPORT):   NAME = "FROM";
MPRINT(EM_REPORT):   VALUE = "";
MPRINT(EM_REPORT):   VIEW = 0.04522586522867;
MPRINT(EM_REPORT):   output;
MPRINT(EM_REPORT):   NAME = "TO";
MPRINT(EM_REPORT):   VALUE = "";
MPRINT(EM_REPORT):   VIEW = 0.04522586522867;
MPRINT(EM_REPORT):   output;
MPRINT(EM_REPORT):   NAME = "VALUE";
MPRINT(EM_REPORT):   VALUE = "";
MPRINT(EM_REPORT):   VIEW = 0.04522586522867;
MPRINT(EM_REPORT):   output;
MPRINT(EM_REPORT):   NAME = "VIEWS";
MPRINT(EM_REPORT):   VALUE = "";
MPRINT(EM_REPORT):   VIEW = 0.04522586522867;
MPRINT(EM_REPORT):   output;
MPRINT(EM_REPORT):   NAME = "PARENT";
MPRINT(EM_REPORT):   VALUE = "";
MPRINT(EM_REPORT):   VIEW = 0.04522586522867;
MPRINT(EM_REPORT):   output;
MPRINT(EM_REPORT):   NAME = "NODETEXT";
MPRINT(EM_REPORT):   VALUE = "";
MPRINT(EM_REPORT):   VIEW = 0.04522586522867;
MPRINT(EM_REPORT):   output;
MPRINT(EM_REPORT):   NAME = "ABOVETEXT";
MPRINT(EM_REPORT):   VALUE = "";
MPRINT(EM_REPORT):   VIEW = 0.04522586522867;
MPRINT(EM_REPORT):   output;
MPRINT(EM_REPORT):   NAME = "BELOWTEXT";
MPRINT(EM_REPORT):   VALUE = "";
MPRINT(EM_REPORT):   VIEW = 0.04522586522867;
MPRINT(EM_REPORT):   output;
MPRINT(EM_REPORT):   NAME = "NODESIZE";
MPRINT(EM_REPORT):   VALUE = "";
MPRINT(EM_REPORT):   VIEW = 0.04522586522867;
MPRINT(EM_REPORT):   output;
MPRINT(EM_REPORT):   NAME = "STATS";
MPRINT(EM_REPORT):   VALUE = "";
MPRINT(EM_REPORT):   VIEW = 0.04522586522867;
MPRINT(EM_REPORT):   output;
MPRINT(EM_REPORT):   NAME = "CLASSDIST";
MPRINT(EM_REPORT):   VALUE = "";
MPRINT(EM_REPORT):   VIEW = 0.04522586522867;
MPRINT(EM_REPORT):   output;
MPRINT(EM_REPORT):   NAME = "INTDIST";
MPRINT(EM_REPORT):   VALUE = "";
MPRINT(EM_REPORT):   VIEW = 0.04522586522867;
MPRINT(EM_REPORT):   output;
MPRINT(EM_REPORT):   NAME = "FOLDER";
MPRINT(EM_REPORT):   VALUE = "";
MPRINT(EM_REPORT):   VIEW = 0.04522586522867;
MPRINT(EM_REPORT):   output;
MPRINT(EM_REPORT):   NAME = "YPLOTTYPE";
MPRINT(EM_REPORT):   VALUE = "";
MPRINT(EM_REPORT):   VIEW = 0.04522586522867;
MPRINT(EM_REPORT):   output;
MPRINT(EM_REPORT):   NAME = "XREF";
MPRINT(EM_REPORT):   VALUE = "5";
MPRINT(EM_REPORT):   VIEW = 0.04522586522867;
MPRINT(EM_REPORT):   output;
MPRINT(EM_REPORT):   NAME = "XREF2";
MPRINT(EM_REPORT):   VALUE = "";
MPRINT(EM_REPORT):   VIEW = 0.04522586522867;
MPRINT(EM_REPORT):   output;
MPRINT(EM_REPORT):   NAME = "YREF";
MPRINT(EM_REPORT):   VALUE = "";
MPRINT(EM_REPORT):   VIEW = 0.04522586522867;
MPRINT(EM_REPORT):   output;
MPRINT(EM_REPORT):   NAME = "Y2REF";
MPRINT(EM_REPORT):   VALUE = "";
MPRINT(EM_REPORT):   VIEW = 0.04522586522867;
MPRINT(EM_REPORT):   output;
MPRINT(EM_REPORT):   NAME = "YREF2";
MPRINT(EM_REPORT):   VALUE = "";
MPRINT(EM_REPORT):   VIEW = 0.04522586522867;
MPRINT(EM_REPORT):   output;
MPRINT(EM_REPORT):   NAME = "Y2REF2";
MPRINT(EM_REPORT):   VALUE = "";
MPRINT(EM_REPORT):   VIEW = 0.04522586522867;
MPRINT(EM_REPORT):   output;
MPRINT(EM_REPORT):   NAME = "GROUPINDEX";
MPRINT(EM_REPORT):   VALUE = "";
MPRINT(EM_REPORT):   VIEW = 0.04522586522867;
MPRINT(EM_REPORT):   output;
MPRINT(EM_REPORT):   NAME = "JOIN";
MPRINT(EM_REPORT):   VALUE = "";
MPRINT(EM_REPORT):   VIEW = 0.04522586522867;
MPRINT(EM_REPORT):   output;
MPRINT(EM_REPORT):   NAME = "XEXCLUDE";
MPRINT(EM_REPORT):   VALUE = "";
MPRINT(EM_REPORT):   VIEW = 0.04522586522867;
MPRINT(EM_REPORT):   output;
MPRINT(EM_REPORT):   NAME = "FREQEXCLUDE";
MPRINT(EM_REPORT):   VALUE = "";
MPRINT(EM_REPORT):   VIEW = 0.04522586522867;
MPRINT(EM_REPORT):   output;
MPRINT(EM_REPORT):   NAME = "YEXCLUDE";
MPRINT(EM_REPORT):   VALUE = "";
MPRINT(EM_REPORT):   VIEW = 0.04522586522867;
MPRINT(EM_REPORT):   output;
MPRINT(EM_REPORT):   NAME = "NAME";
MPRINT(EM_REPORT):   VALUE = "";
MPRINT(EM_REPORT):   VIEW = 0.04522586522867;
MPRINT(EM_REPORT):   output;
MPRINT(EM_REPORT):   NAME = "HEIGHT";
MPRINT(EM_REPORT):   VALUE = "";
MPRINT(EM_REPORT):   VIEW = 0.04522586522867;
MPRINT(EM_REPORT):   output;
MPRINT(EM_REPORT):   NAME = "WIDTH";
MPRINT(EM_REPORT):   VALUE = "";
MPRINT(EM_REPORT):   VIEW = 0.04522586522867;
MPRINT(EM_REPORT):   output;
MPRINT(EM_REPORT):   NAME = "XAXISLABEL";
MPRINT(EM_REPORT):   VALUE = "";
MPRINT(EM_REPORT):   VIEW = 0.04522586522867;
MPRINT(EM_REPORT):   output;
MPRINT(EM_REPORT):   NAME = "Y2AXISLABEL";
MPRINT(EM_REPORT):   VALUE = "";
MPRINT(EM_REPORT):   VIEW = 0.04522586522867;
MPRINT(EM_REPORT):   output;
MPRINT(EM_REPORT):   NAME = "YAXISLABEL";
MPRINT(EM_REPORT):   VALUE = "";
MPRINT(EM_REPORT):   VIEW = 0.04522586522867;
MPRINT(EM_REPORT):   output;
MPRINT(EM_REPORT):   NAME = "DISPLAYXLABEL";
MPRINT(EM_REPORT):   VALUE = "Y";
MPRINT(EM_REPORT):   VIEW = 0.04522586522867;
MPRINT(EM_REPORT):   output;
MPRINT(EM_REPORT):   NAME = "DISPLAYYLABEL";
MPRINT(EM_REPORT):   VALUE = "Y";
MPRINT(EM_REPORT):   VIEW = 0.04522586522867;
MPRINT(EM_REPORT):   output;
MPRINT(EM_REPORT):   NAME = "CHOICETEXT";
MPRINT(EM_REPORT):   VALUE = "";
MPRINT(EM_REPORT):   VIEW = 0.04522586522867;
MPRINT(EM_REPORT):   output;
MPRINT(EM_REPORT):   NAME = "SEGMENTVALUE";
MPRINT(EM_REPORT):   VALUE = "";
MPRINT(EM_REPORT):   VIEW = 0.04522586522867;
MPRINT(EM_REPORT):   output;
MPRINT(EM_REPORT):   NAME = "LOWERBAND";
MPRINT(EM_REPORT):   VALUE = "";
MPRINT(EM_REPORT):   VIEW = 0.04522586522867;
MPRINT(EM_REPORT):   output;
MPRINT(EM_REPORT):   NAME = "UPPERBAND";
MPRINT(EM_REPORT):   VALUE = "";
MPRINT(EM_REPORT):   VIEW = 0.04522586522867;
MPRINT(EM_REPORT):   output;
MPRINT(EM_REPORT):   NAME = "YLINE";
MPRINT(EM_REPORT):   VALUE = "";
MPRINT(EM_REPORT):   VIEW = 0.04522586522867;
MPRINT(EM_REPORT):   output;
MPRINT(EM_REPORT):   NAME = "LINKKEY";
MPRINT(EM_REPORT):   VALUE = "";
MPRINT(EM_REPORT):   VIEW = 0.04522586522867;
MPRINT(EM_REPORT):   output;
MPRINT(EM_REPORT):   NAME = "NODEKEY";
MPRINT(EM_REPORT):   VALUE = "";
MPRINT(EM_REPORT):   VIEW = 0.04522586522867;
MPRINT(EM_REPORT):   output;
MPRINT(EM_REPORT):   NAME = "NODEID";
MPRINT(EM_REPORT):   VALUE = "";
MPRINT(EM_REPORT):   VIEW = 0.04522586522867;
MPRINT(EM_REPORT):   output;
MPRINT(EM_REPORT):   NAME = "NODEVALUE";
MPRINT(EM_REPORT):   VALUE = "";
MPRINT(EM_REPORT):   VIEW = 0.04522586522867;
MPRINT(EM_REPORT):   output;
MPRINT(EM_REPORT):   NAME = "NODECOLOR";
MPRINT(EM_REPORT):   VALUE = "";
MPRINT(EM_REPORT):   VIEW = 0.04522586522867;
MPRINT(EM_REPORT):   output;
MPRINT(EM_REPORT):   NAME = "NODESHAPE";
MPRINT(EM_REPORT):   VALUE = "";
MPRINT(EM_REPORT):   VIEW = 0.04522586522867;
MPRINT(EM_REPORT):   output;
MPRINT(EM_REPORT):   NAME = "NODESHAPEVAR";
MPRINT(EM_REPORT):   VALUE = "";
MPRINT(EM_REPORT):   VIEW = 0.04522586522867;
MPRINT(EM_REPORT):   output;
MPRINT(EM_REPORT):   NAME = "NODELABEL";
MPRINT(EM_REPORT):   VALUE = "";
MPRINT(EM_REPORT):   VIEW = 0.04522586522867;
MPRINT(EM_REPORT):   output;
MPRINT(EM_REPORT):   NAME = "NODETIP";
MPRINT(EM_REPORT):   VALUE = "";
MPRINT(EM_REPORT):   VIEW = 0.04522586522867;
MPRINT(EM_REPORT):   output;
MPRINT(EM_REPORT):   NAME = "LINKID";
MPRINT(EM_REPORT):   VALUE = "";
MPRINT(EM_REPORT):   VIEW = 0.04522586522867;
MPRINT(EM_REPORT):   output;
MPRINT(EM_REPORT):   NAME = "LINKVALUE";
MPRINT(EM_REPORT):   VALUE = "";
MPRINT(EM_REPORT):   VIEW = 0.04522586522867;
MPRINT(EM_REPORT):   output;
MPRINT(EM_REPORT):   NAME = "LINKFROM";
MPRINT(EM_REPORT):   VALUE = "";
MPRINT(EM_REPORT):   VIEW = 0.04522586522867;
MPRINT(EM_REPORT):   output;
MPRINT(EM_REPORT):   NAME = "LINKTO";
MPRINT(EM_REPORT):   VALUE = "";
MPRINT(EM_REPORT):   VIEW = 0.04522586522867;
MPRINT(EM_REPORT):   output;
MPRINT(EM_REPORT):   NAME = "LINKCOLOR";
MPRINT(EM_REPORT):   VALUE = "";
MPRINT(EM_REPORT):   VIEW = 0.04522586522867;
MPRINT(EM_REPORT):   output;
MPRINT(EM_REPORT):   NAME = "LINKWIDTH";
MPRINT(EM_REPORT):   VALUE = "";
MPRINT(EM_REPORT):   VIEW = 0.04522586522867;
MPRINT(EM_REPORT):   output;
MPRINT(EM_REPORT):   NAME = "LINKTIP";
MPRINT(EM_REPORT):   VALUE = "";
MPRINT(EM_REPORT):   VIEW = 0.04522586522867;
MPRINT(EM_REPORT):   output;
MPRINT(EM_REPORT):   NAME = "XFROM";
MPRINT(EM_REPORT):   VALUE = "";
MPRINT(EM_REPORT):   VIEW = 0.04522586522867;
MPRINT(EM_REPORT):   output;
MPRINT(EM_REPORT):   NAME = "XTO";
MPRINT(EM_REPORT):   VALUE = "";
MPRINT(EM_REPORT):   VIEW = 0.04522586522867;
MPRINT(EM_REPORT):   output;
MPRINT(EM_REPORT):   NAME = "YFROM";
MPRINT(EM_REPORT):   VALUE = "";
MPRINT(EM_REPORT):   VIEW = 0.04522586522867;
MPRINT(EM_REPORT):   output;
MPRINT(EM_REPORT):   NAME = "YTO";
MPRINT(EM_REPORT):   VALUE = "";
MPRINT(EM_REPORT):   VIEW = 0.04522586522867;
MPRINT(EM_REPORT):   output;
MPRINT(EM_REPORT):   NAME = "MATRIXVAR";
MPRINT(EM_REPORT):   VALUE = "";
MPRINT(EM_REPORT):   VIEW = 0.04522586522867;
MPRINT(EM_REPORT):   output;
MPRINT(EM_REPORT):   NAME = "RESPONSE";
MPRINT(EM_REPORT):   VALUE = "";
MPRINT(EM_REPORT):   VIEW = 0.04522586522867;
MPRINT(EM_REPORT):   output;
MPRINT(EM_REPORT):   NAME = "SERIES";
MPRINT(EM_REPORT):   VALUE = "";
MPRINT(EM_REPORT):   VIEW = 0.04522586522867;
MPRINT(EM_REPORT):   output;
MPRINT(EM_REPORT):   NAME = "DESCARG";
MPRINT(EM_REPORT):   VALUE = "";
MPRINT(EM_REPORT):   VIEW = 0.04522586522867;
MPRINT(EM_REPORT):   output;
MPRINT(EM_REPORT):   NAME = "SLIDER";
MPRINT(EM_REPORT):   VALUE = "";
MPRINT(EM_REPORT):   VIEW = 0.04522586522867;
MPRINT(EM_REPORT):   output;
MPRINT(EM_REPORT):   NAME = "MarkerSize";
MPRINT(EM_REPORT):   VALUE = "";
MPRINT(EM_REPORT):   VIEW = 0.04522586522867;
MPRINT(EM_REPORT):   output;
MPRINT(EM_REPORT):   NAME = "Marker";
MPRINT(EM_REPORT):   VALUE = "";
MPRINT(EM_REPORT):   VIEW = 0.04522586522867;
MPRINT(EM_REPORT):   output;
MPRINT(EM_REPORT):   NAME = "Y1";
MPRINT(EM_REPORT):   VALUE = "";
MPRINT(EM_REPORT):   VIEW = 0.04522586522867;
MPRINT(EM_REPORT):   output;
MPRINT(EM_REPORT):   NAME = "Y2";
MPRINT(EM_REPORT):   VALUE = "";
MPRINT(EM_REPORT):   VIEW = 0.04522586522867;
MPRINT(EM_REPORT):   output;
MPRINT(EM_REPORT):   NAME = "Y3";
MPRINT(EM_REPORT):   VALUE = "";
MPRINT(EM_REPORT):   VIEW = 0.04522586522867;
MPRINT(EM_REPORT):   output;
MPRINT(EM_REPORT):   NAME = "Y4";
MPRINT(EM_REPORT):   VALUE = "";
MPRINT(EM_REPORT):   VIEW = 0.04522586522867;
MPRINT(EM_REPORT):   output;
MPRINT(EM_REPORT):   NAME = "Y5";
MPRINT(EM_REPORT):   VALUE = "";
MPRINT(EM_REPORT):   VIEW = 0.04522586522867;
MPRINT(EM_REPORT):   output;
MPRINT(EM_REPORT):   NAME = "Y6";
MPRINT(EM_REPORT):   VALUE = "";
MPRINT(EM_REPORT):   VIEW = 0.04522586522867;
MPRINT(EM_REPORT):   output;
MPRINT(EM_REPORT):   NAME = "Y7";
MPRINT(EM_REPORT):   VALUE = "";
MPRINT(EM_REPORT):   VIEW = 0.04522586522867;
MPRINT(EM_REPORT):   output;
MPRINT(EM_REPORT):   NAME = "Y8";
MPRINT(EM_REPORT):   VALUE = "";
MPRINT(EM_REPORT):   VIEW = 0.04522586522867;
MPRINT(EM_REPORT):   output;
MPRINT(EM_REPORT):   NAME = "Y9";
MPRINT(EM_REPORT):   VALUE = "";
MPRINT(EM_REPORT):   VIEW = 0.04522586522867;
MPRINT(EM_REPORT):   output;
MPRINT(EM_REPORT):   NAME = "Y10";
MPRINT(EM_REPORT):   VALUE = "";
MPRINT(EM_REPORT):   VIEW = 0.04522586522867;
MPRINT(EM_REPORT):   output;
MPRINT(EM_REPORT):   NAME = "Y11";
MPRINT(EM_REPORT):   VALUE = "";
MPRINT(EM_REPORT):   VIEW = 0.04522586522867;
MPRINT(EM_REPORT):   output;
MPRINT(EM_REPORT):   NAME = "Y12";
MPRINT(EM_REPORT):   VALUE = "";
MPRINT(EM_REPORT):   VIEW = 0.04522586522867;
MPRINT(EM_REPORT):   output;
MPRINT(EM_REPORT):   NAME = "Y13";
MPRINT(EM_REPORT):   VALUE = "";
MPRINT(EM_REPORT):   VIEW = 0.04522586522867;
MPRINT(EM_REPORT):   output;
MPRINT(EM_REPORT):   NAME = "Y14";
MPRINT(EM_REPORT):   VALUE = "";
MPRINT(EM_REPORT):   VIEW = 0.04522586522867;
MPRINT(EM_REPORT):   output;
MPRINT(EM_REPORT):   NAME = "Y15";
MPRINT(EM_REPORT):   VALUE = "";
MPRINT(EM_REPORT):   VIEW = 0.04522586522867;
MPRINT(EM_REPORT):   output;
MPRINT(EM_REPORT):   NAME = "Y16";
MPRINT(EM_REPORT):   VALUE = "";
MPRINT(EM_REPORT):   VIEW = 0.04522586522867;
MPRINT(EM_REPORT):   output;
MPRINT(EM_REPORT):   NAME = "TITLE";
MPRINT(EM_REPORT):   VALUE = "";
MPRINT(EM_REPORT):   VIEW = 0.04522586522867;
MPRINT(EM_REPORT):   output;
MPRINT(EM_REPORT):   NAME = "LEGEND";
MPRINT(EM_REPORT):   VALUE = "";
MPRINT(EM_REPORT):   VIEW = 0.04522586522867;
MPRINT(EM_REPORT):   output;
MPRINT(EM_REPORT):   NAME = "LEGENDTITLE";
MPRINT(EM_REPORT):   VALUE = "";
MPRINT(EM_REPORT):   VIEW = 0.04522586522867;
MPRINT(EM_REPORT):   output;
MPRINT(EM_REPORT):   NAME = "SHAPE";
MPRINT(EM_REPORT):   VALUE = "";
MPRINT(EM_REPORT):   VIEW = 0.04522586522867;
MPRINT(EM_REPORT):   output;
MPRINT(EM_REPORT):   NAME = "METHOD";
MPRINT(EM_REPORT):   VALUE = "";
MPRINT(EM_REPORT):   VIEW = 0.04522586522867;
MPRINT(EM_REPORT):   output;
MPRINT(EM_REPORT):   NAME = "NOBINMISS";
MPRINT(EM_REPORT):   VALUE = "";
MPRINT(EM_REPORT):   VIEW = 0.04522586522867;
MPRINT(EM_REPORT):   output;
MPRINT(EM_REPORT):   end;
MPRINT(EM_REPORT):   run;

NOTE: There were 397 observations read from the data set WORK.EM_USER_REPORT.
NOTE: The data set WORK.EM_USER_REPORT has 529 observations and 4 variables.
NOTE: DATA statement used (Total process time):
      real time           0.03 seconds
      cpu time            0.04 seconds
      

MPRINT(EM_TREE_REPORT):  ;
MPRINT(EM_REPORT):   data WORK.EM_USER_REPORT;
MPRINT(EM_REPORT):   set WORK.EM_USER_REPORT end=eof;
MPRINT(EM_REPORT):   output;
MPRINT(EM_REPORT):   if eof then do;
MPRINT(EM_REPORT):   id+1;
MPRINT(EM_REPORT):   NAME = "KEY";
MPRINT(EM_REPORT):   VALUE = "TREE_PLOT";
MPRINT(EM_REPORT):   VIEW = 1;
MPRINT(EM_REPORT):   output;
MPRINT(EM_REPORT):   NAME = "VIEWTYPE";
MPRINT(EM_REPORT):   VALUE = "RESPONSEBAR";
MPRINT(EM_REPORT):   VIEW = 1;
MPRINT(EM_REPORT):   output;
MPRINT(EM_REPORT):   NAME = "AUTODISPLAY";
MPRINT(EM_REPORT):   VALUE = "Y";
MPRINT(EM_REPORT):   VIEW = 1;
MPRINT(EM_REPORT):   output;
MPRINT(EM_REPORT):   NAME = "SPK";
MPRINT(EM_REPORT):   VALUE = "Y";
MPRINT(EM_REPORT):   VIEW = 1;
MPRINT(EM_REPORT):   output;
MPRINT(EM_REPORT):   NAME = "COMPARE";
MPRINT(EM_REPORT):   VALUE = "N";
MPRINT(EM_REPORT):   VIEW = 1;
MPRINT(EM_REPORT):   output;
MPRINT(EM_REPORT):   NAME = "LOCALIZE";
MPRINT(EM_REPORT):   VALUE = "N";
MPRINT(EM_REPORT):   VIEW = 1;
MPRINT(EM_REPORT):   output;
MPRINT(EM_REPORT):   NAME = "EQUALIZEROWX";
MPRINT(EM_REPORT):   VALUE = "N";
MPRINT(EM_REPORT):   VIEW = 1;
MPRINT(EM_REPORT):   output;
MPRINT(EM_REPORT):   NAME = "EQUALIZEROWY";
MPRINT(EM_REPORT):   VALUE = "N";
MPRINT(EM_REPORT):   VIEW = 1;
MPRINT(EM_REPORT):   output;
MPRINT(EM_REPORT):   NAME = "EQUALIZECOLX";
MPRINT(EM_REPORT):   VALUE = "N";
MPRINT(EM_REPORT):   VIEW = 1;
MPRINT(EM_REPORT):   output;
MPRINT(EM_REPORT):   NAME = "EQUALIZECOLY";
MPRINT(EM_REPORT):   VALUE = "N";
MPRINT(EM_REPORT):   VIEW = 1;
MPRINT(EM_REPORT):   output;
MPRINT(EM_REPORT):   NAME = "NROWS";
MPRINT(EM_REPORT):   VALUE = "";
MPRINT(EM_REPORT):   VIEW = 1;
MPRINT(EM_REPORT):   output;
MPRINT(EM_REPORT):   NAME = "NCOLS";
MPRINT(EM_REPORT):   VALUE = "";
MPRINT(EM_REPORT):   VIEW = 1;
MPRINT(EM_REPORT):   output;
MPRINT(EM_REPORT):   NAME = "DISCRETEX";
MPRINT(EM_REPORT):   VALUE = "";
MPRINT(EM_REPORT):   VIEW = 1;
MPRINT(EM_REPORT):   output;
MPRINT(EM_REPORT):   NAME = "DISCRETEY";
MPRINT(EM_REPORT):   VALUE = "";
MPRINT(EM_REPORT):   VIEW = 1;
MPRINT(EM_REPORT):   output;
MPRINT(EM_REPORT):   NAME = "LATTICEX";
MPRINT(EM_REPORT):   VALUE = "";
MPRINT(EM_REPORT):   VIEW = 1;
MPRINT(EM_REPORT):   output;
MPRINT(EM_REPORT):   NAME = "LATTICEY";
MPRINT(EM_REPORT):   VALUE = "";
MPRINT(EM_REPORT):   VIEW = 1;
MPRINT(EM_REPORT):   output;
MPRINT(EM_REPORT):   NAME = "LATTICETYPE";
MPRINT(EM_REPORT):   VALUE = "";
MPRINT(EM_REPORT):   VIEW = 1;
MPRINT(EM_REPORT):   output;
MPRINT(EM_REPORT):   NAME = "ABSOLUTEVALUE";
MPRINT(EM_REPORT):   VALUE = "";
MPRINT(EM_REPORT):   VIEW = 1;
MPRINT(EM_REPORT):   output;
MPRINT(EM_REPORT):   NAME = "SORTORDER";
MPRINT(EM_REPORT):   VALUE = "";
MPRINT(EM_REPORT):   VIEW = 1;
MPRINT(EM_REPORT):   output;
MPRINT(EM_REPORT):   NAME = "SORTORDERY";
MPRINT(EM_REPORT):   VALUE = "";
MPRINT(EM_REPORT):   VIEW = 1;
MPRINT(EM_REPORT):   output;
MPRINT(EM_REPORT):   NAME = "ORIENTATION";
MPRINT(EM_REPORT):   VALUE = "";
MPRINT(EM_REPORT):   VIEW = 1;
MPRINT(EM_REPORT):   output;
MPRINT(EM_REPORT):   NAME = "METHOD";
MPRINT(EM_REPORT):   VALUE = "";
MPRINT(EM_REPORT):   VIEW = 1;
MPRINT(EM_REPORT):   output;
MPRINT(EM_REPORT):   NAME = "DIRECTION";
MPRINT(EM_REPORT):   VALUE = "";
MPRINT(EM_REPORT):   VIEW = 1;
MPRINT(EM_REPORT):   output;
MPRINT(EM_REPORT):   NAME = "BYSET";
MPRINT(EM_REPORT):   VALUE = "";
MPRINT(EM_REPORT):   VIEW = 1;
MPRINT(EM_REPORT):   output;
MPRINT(EM_REPORT):   NAME = "RENDERMODE";
MPRINT(EM_REPORT):   VALUE = "";
MPRINT(EM_REPORT):   VIEW = 1;
MPRINT(EM_REPORT):   output;
MPRINT(EM_REPORT):   NAME = "WHERECLAUSE";
MPRINT(EM_REPORT):   VALUE = "INDEX ne .";
MPRINT(EM_REPORT):   output;
MPRINT(EM_REPORT):   NAME = "DESCRIPTION";
MPRINT(EM_REPORT):   VALUE = "LEAFSTATS";
MPRINT(EM_REPORT):   VIEW = 1;
MPRINT(EM_REPORT):   output;
MPRINT(EM_REPORT):   NAME = "X";
MPRINT(EM_REPORT):   VALUE = "INDEX";
MPRINT(EM_REPORT):   VIEW = 1;
MPRINT(EM_REPORT):   output;
MPRINT(EM_REPORT):   NAME = "EXCLUDEVARS";
MPRINT(EM_REPORT):   VALUE = "";
MPRINT(EM_REPORT):   VIEW = 1;
MPRINT(EM_REPORT):   output;
MPRINT(EM_REPORT):   NAME = "Z";
MPRINT(EM_REPORT):   VALUE = "";
MPRINT(EM_REPORT):   VIEW = 1;
MPRINT(EM_REPORT):   output;
MPRINT(EM_REPORT):   NAME = "YVARS";
MPRINT(EM_REPORT):   VALUE = "";
MPRINT(EM_REPORT):   VIEW = 1;
MPRINT(EM_REPORT):   output;
MPRINT(EM_REPORT):   NAME = "FREQVARS";
MPRINT(EM_REPORT):   VALUE = "";
MPRINT(EM_REPORT):   VIEW = 1;
MPRINT(EM_REPORT):   output;
MPRINT(EM_REPORT):   NAME = "AXIS";
MPRINT(EM_REPORT):   VALUE = "";
MPRINT(EM_REPORT):   VIEW = 1;
MPRINT(EM_REPORT):   output;
MPRINT(EM_REPORT):   NAME = "FREQ";
MPRINT(EM_REPORT):   VALUE = "";
MPRINT(EM_REPORT):   VIEW = 1;
MPRINT(EM_REPORT):   output;
MPRINT(EM_REPORT):   NAME = "GROUP";
MPRINT(EM_REPORT):   VALUE = "";
MPRINT(EM_REPORT):   VIEW = 1;
MPRINT(EM_REPORT):   output;
MPRINT(EM_REPORT):   NAME = "SUBGROUP";
MPRINT(EM_REPORT):   VALUE = "";
MPRINT(EM_REPORT):   VIEW = 1;
MPRINT(EM_REPORT):   output;
MPRINT(EM_REPORT):   NAME = "BLOCK";
MPRINT(EM_REPORT):   VALUE = "MODEL";
MPRINT(EM_REPORT):   VIEW = 1;
MPRINT(EM_REPORT):   output;
MPRINT(EM_REPORT):   NAME = "COLOR";
MPRINT(EM_REPORT):   VALUE = "";
MPRINT(EM_REPORT):   VIEW = 1;
MPRINT(EM_REPORT):   output;
MPRINT(EM_REPORT):   NAME = "COLORINDEX";
MPRINT(EM_REPORT):   VALUE = "";
MPRINT(EM_REPORT):   VIEW = 1;
MPRINT(EM_REPORT):   output;
MPRINT(EM_REPORT):   NAME = "TIPTEXT";
MPRINT(EM_REPORT):   VALUE = "";
MPRINT(EM_REPORT):   VIEW = 1;
MPRINT(EM_REPORT):   output;
MPRINT(EM_REPORT):   NAME = "TIP";
MPRINT(EM_REPORT):   VALUE = "";
MPRINT(EM_REPORT):   VIEW = 1;
MPRINT(EM_REPORT):   output;
MPRINT(EM_REPORT):   NAME = "TOOLTIP";
MPRINT(EM_REPORT):   VALUE = "";
MPRINT(EM_REPORT):   VIEW = 1;
MPRINT(EM_REPORT):   output;
MPRINT(EM_REPORT):   NAME = "REPORTID";
MPRINT(EM_REPORT):   VALUE = "";
MPRINT(EM_REPORT):   VIEW = 1;
MPRINT(EM_REPORT):   output;
MPRINT(EM_REPORT):   NAME = "IDVALUE";
MPRINT(EM_REPORT):   VALUE = "";
MPRINT(EM_REPORT):   VIEW = 1;
MPRINT(EM_REPORT):   output;
MPRINT(EM_REPORT):   NAME = "ID";
MPRINT(EM_REPORT):   VALUE = "";
MPRINT(EM_REPORT):   VIEW = 1;
MPRINT(EM_REPORT):   output;
MPRINT(EM_REPORT):   NAME = "SIZE";
MPRINT(EM_REPORT):   VALUE = "";
MPRINT(EM_REPORT):   VIEW = 1;
MPRINT(EM_REPORT):   output;
MPRINT(EM_REPORT):   NAME = "FROM";
MPRINT(EM_REPORT):   VALUE = "";
MPRINT(EM_REPORT):   VIEW = 1;
MPRINT(EM_REPORT):   output;
MPRINT(EM_REPORT):   NAME = "TO";
MPRINT(EM_REPORT):   VALUE = "";
MPRINT(EM_REPORT):   VIEW = 1;
MPRINT(EM_REPORT):   output;
MPRINT(EM_REPORT):   NAME = "VALUE";
MPRINT(EM_REPORT):   VALUE = "";
MPRINT(EM_REPORT):   VIEW = 1;
MPRINT(EM_REPORT):   output;
MPRINT(EM_REPORT):   NAME = "VIEWS";
MPRINT(EM_REPORT):   VALUE = "";
MPRINT(EM_REPORT):   VIEW = 1;
MPRINT(EM_REPORT):   output;
MPRINT(EM_REPORT):   NAME = "PARENT";
MPRINT(EM_REPORT):   VALUE = "";
MPRINT(EM_REPORT):   VIEW = 1;
MPRINT(EM_REPORT):   output;
MPRINT(EM_REPORT):   NAME = "NODETEXT";
MPRINT(EM_REPORT):   VALUE = "";
MPRINT(EM_REPORT):   VIEW = 1;
MPRINT(EM_REPORT):   output;
MPRINT(EM_REPORT):   NAME = "ABOVETEXT";
MPRINT(EM_REPORT):   VALUE = "";
MPRINT(EM_REPORT):   VIEW = 1;
MPRINT(EM_REPORT):   output;
MPRINT(EM_REPORT):   NAME = "BELOWTEXT";
MPRINT(EM_REPORT):   VALUE = "";
MPRINT(EM_REPORT):   VIEW = 1;
MPRINT(EM_REPORT):   output;
MPRINT(EM_REPORT):   NAME = "NODESIZE";
MPRINT(EM_REPORT):   VALUE = "";
MPRINT(EM_REPORT):   VIEW = 1;
MPRINT(EM_REPORT):   output;
MPRINT(EM_REPORT):   NAME = "STATS";
MPRINT(EM_REPORT):   VALUE = "";
MPRINT(EM_REPORT):   VIEW = 1;
MPRINT(EM_REPORT):   output;
MPRINT(EM_REPORT):   NAME = "CLASSDIST";
MPRINT(EM_REPORT):   VALUE = "";
MPRINT(EM_REPORT):   VIEW = 1;
MPRINT(EM_REPORT):   output;
MPRINT(EM_REPORT):   NAME = "INTDIST";
MPRINT(EM_REPORT):   VALUE = "";
MPRINT(EM_REPORT):   VIEW = 1;
MPRINT(EM_REPORT):   output;
MPRINT(EM_REPORT):   NAME = "FOLDER";
MPRINT(EM_REPORT):   VALUE = "";
MPRINT(EM_REPORT):   VIEW = 1;
MPRINT(EM_REPORT):   output;
MPRINT(EM_REPORT):   NAME = "YPLOTTYPE";
MPRINT(EM_REPORT):   VALUE = "";
MPRINT(EM_REPORT):   VIEW = 1;
MPRINT(EM_REPORT):   output;
MPRINT(EM_REPORT):   NAME = "XREF";
MPRINT(EM_REPORT):   VALUE = "";
MPRINT(EM_REPORT):   VIEW = 1;
MPRINT(EM_REPORT):   output;
MPRINT(EM_REPORT):   NAME = "XREF2";
MPRINT(EM_REPORT):   VALUE = "";
MPRINT(EM_REPORT):   VIEW = 1;
MPRINT(EM_REPORT):   output;
MPRINT(EM_REPORT):   NAME = "YREF";
MPRINT(EM_REPORT):   VALUE = "";
MPRINT(EM_REPORT):   VIEW = 1;
MPRINT(EM_REPORT):   output;
MPRINT(EM_REPORT):   NAME = "Y2REF";
MPRINT(EM_REPORT):   VALUE = "";
MPRINT(EM_REPORT):   VIEW = 1;
MPRINT(EM_REPORT):   output;
MPRINT(EM_REPORT):   NAME = "YREF2";
MPRINT(EM_REPORT):   VALUE = "";
MPRINT(EM_REPORT):   VIEW = 1;
MPRINT(EM_REPORT):   output;
MPRINT(EM_REPORT):   NAME = "Y2REF2";
MPRINT(EM_REPORT):   VALUE = "";
MPRINT(EM_REPORT):   VIEW = 1;
MPRINT(EM_REPORT):   output;
MPRINT(EM_REPORT):   NAME = "GROUPINDEX";
MPRINT(EM_REPORT):   VALUE = "";
MPRINT(EM_REPORT):   VIEW = 1;
MPRINT(EM_REPORT):   output;
MPRINT(EM_REPORT):   NAME = "JOIN";
MPRINT(EM_REPORT):   VALUE = "";
MPRINT(EM_REPORT):   VIEW = 1;
MPRINT(EM_REPORT):   output;
MPRINT(EM_REPORT):   NAME = "XEXCLUDE";
MPRINT(EM_REPORT):   VALUE = "";
MPRINT(EM_REPORT):   VIEW = 1;
MPRINT(EM_REPORT):   output;
MPRINT(EM_REPORT):   NAME = "FREQEXCLUDE";
MPRINT(EM_REPORT):   VALUE = "";
MPRINT(EM_REPORT):   VIEW = 1;
MPRINT(EM_REPORT):   output;
MPRINT(EM_REPORT):   NAME = "YEXCLUDE";
MPRINT(EM_REPORT):   VALUE = "";
MPRINT(EM_REPORT):   VIEW = 1;
MPRINT(EM_REPORT):   output;
MPRINT(EM_REPORT):   NAME = "NAME";
MPRINT(EM_REPORT):   VALUE = "";
MPRINT(EM_REPORT):   VIEW = 1;
MPRINT(EM_REPORT):   output;
MPRINT(EM_REPORT):   NAME = "HEIGHT";
MPRINT(EM_REPORT):   VALUE = "";
MPRINT(EM_REPORT):   VIEW = 1;
MPRINT(EM_REPORT):   output;
MPRINT(EM_REPORT):   NAME = "WIDTH";
MPRINT(EM_REPORT):   VALUE = "";
MPRINT(EM_REPORT):   VIEW = 1;
MPRINT(EM_REPORT):   output;
MPRINT(EM_REPORT):   NAME = "XAXISLABEL";
MPRINT(EM_REPORT):   VALUE = "";
MPRINT(EM_REPORT):   VIEW = 1;
MPRINT(EM_REPORT):   output;
MPRINT(EM_REPORT):   NAME = "Y2AXISLABEL";
MPRINT(EM_REPORT):   VALUE = "";
MPRINT(EM_REPORT):   VIEW = 1;
MPRINT(EM_REPORT):   output;
MPRINT(EM_REPORT):   NAME = "YAXISLABEL";
MPRINT(EM_REPORT):   VALUE = "";
MPRINT(EM_REPORT):   VIEW = 1;
MPRINT(EM_REPORT):   output;
MPRINT(EM_REPORT):   NAME = "DISPLAYXLABEL";
MPRINT(EM_REPORT):   VALUE = "Y";
MPRINT(EM_REPORT):   VIEW = 1;
MPRINT(EM_REPORT):   output;
MPRINT(EM_REPORT):   NAME = "DISPLAYYLABEL";
MPRINT(EM_REPORT):   VALUE = "Y";
MPRINT(EM_REPORT):   VIEW = 1;
MPRINT(EM_REPORT):   output;
MPRINT(EM_REPORT):   NAME = "CHOICETEXT";
MPRINT(EM_REPORT):   VALUE = "";
MPRINT(EM_REPORT):   VIEW = 1;
MPRINT(EM_REPORT):   output;
MPRINT(EM_REPORT):   NAME = "SEGMENTVALUE";
MPRINT(EM_REPORT):   VALUE = "";
MPRINT(EM_REPORT):   VIEW = 1;
MPRINT(EM_REPORT):   output;
MPRINT(EM_REPORT):   NAME = "LOWERBAND";
MPRINT(EM_REPORT):   VALUE = "";
MPRINT(EM_REPORT):   VIEW = 1;
MPRINT(EM_REPORT):   output;
MPRINT(EM_REPORT):   NAME = "UPPERBAND";
MPRINT(EM_REPORT):   VALUE = "";
MPRINT(EM_REPORT):   VIEW = 1;
MPRINT(EM_REPORT):   output;
MPRINT(EM_REPORT):   NAME = "YLINE";
MPRINT(EM_REPORT):   VALUE = "";
MPRINT(EM_REPORT):   VIEW = 1;
MPRINT(EM_REPORT):   output;
MPRINT(EM_REPORT):   NAME = "LINKKEY";
MPRINT(EM_REPORT):   VALUE = "";
MPRINT(EM_REPORT):   VIEW = 1;
MPRINT(EM_REPORT):   output;
MPRINT(EM_REPORT):   NAME = "NODEKEY";
MPRINT(EM_REPORT):   VALUE = "";
MPRINT(EM_REPORT):   VIEW = 1;
MPRINT(EM_REPORT):   output;
MPRINT(EM_REPORT):   NAME = "NODEID";
MPRINT(EM_REPORT):   VALUE = "";
MPRINT(EM_REPORT):   VIEW = 1;
MPRINT(EM_REPORT):   output;
MPRINT(EM_REPORT):   NAME = "NODEVALUE";
MPRINT(EM_REPORT):   VALUE = "";
MPRINT(EM_REPORT):   VIEW = 1;
MPRINT(EM_REPORT):   output;
MPRINT(EM_REPORT):   NAME = "NODECOLOR";
MPRINT(EM_REPORT):   VALUE = "";
MPRINT(EM_REPORT):   VIEW = 1;
MPRINT(EM_REPORT):   output;
MPRINT(EM_REPORT):   NAME = "NODESHAPE";
MPRINT(EM_REPORT):   VALUE = "";
MPRINT(EM_REPORT):   VIEW = 1;
MPRINT(EM_REPORT):   output;
MPRINT(EM_REPORT):   NAME = "NODESHAPEVAR";
MPRINT(EM_REPORT):   VALUE = "";
MPRINT(EM_REPORT):   VIEW = 1;
MPRINT(EM_REPORT):   output;
MPRINT(EM_REPORT):   NAME = "NODELABEL";
MPRINT(EM_REPORT):   VALUE = "";
MPRINT(EM_REPORT):   VIEW = 1;
MPRINT(EM_REPORT):   output;
MPRINT(EM_REPORT):   NAME = "NODETIP";
MPRINT(EM_REPORT):   VALUE = "";
MPRINT(EM_REPORT):   VIEW = 1;
MPRINT(EM_REPORT):   output;
MPRINT(EM_REPORT):   NAME = "LINKID";
MPRINT(EM_REPORT):   VALUE = "";
MPRINT(EM_REPORT):   VIEW = 1;
MPRINT(EM_REPORT):   output;
MPRINT(EM_REPORT):   NAME = "LINKVALUE";
MPRINT(EM_REPORT):   VALUE = "";
MPRINT(EM_REPORT):   VIEW = 1;
MPRINT(EM_REPORT):   output;
MPRINT(EM_REPORT):   NAME = "LINKFROM";
MPRINT(EM_REPORT):   VALUE = "";
MPRINT(EM_REPORT):   VIEW = 1;
MPRINT(EM_REPORT):   output;
MPRINT(EM_REPORT):   NAME = "LINKTO";
MPRINT(EM_REPORT):   VALUE = "";
MPRINT(EM_REPORT):   VIEW = 1;
MPRINT(EM_REPORT):   output;
MPRINT(EM_REPORT):   NAME = "LINKCOLOR";
MPRINT(EM_REPORT):   VALUE = "";
MPRINT(EM_REPORT):   VIEW = 1;
MPRINT(EM_REPORT):   output;
MPRINT(EM_REPORT):   NAME = "LINKWIDTH";
MPRINT(EM_REPORT):   VALUE = "";
MPRINT(EM_REPORT):   VIEW = 1;
MPRINT(EM_REPORT):   output;
MPRINT(EM_REPORT):   NAME = "LINKTIP";
MPRINT(EM_REPORT):   VALUE = "";
MPRINT(EM_REPORT):   VIEW = 1;
MPRINT(EM_REPORT):   output;
MPRINT(EM_REPORT):   NAME = "XFROM";
MPRINT(EM_REPORT):   VALUE = "";
MPRINT(EM_REPORT):   VIEW = 1;
MPRINT(EM_REPORT):   output;
MPRINT(EM_REPORT):   NAME = "XTO";
MPRINT(EM_REPORT):   VALUE = "";
MPRINT(EM_REPORT):   VIEW = 1;
MPRINT(EM_REPORT):   output;
MPRINT(EM_REPORT):   NAME = "YFROM";
MPRINT(EM_REPORT):   VALUE = "";
MPRINT(EM_REPORT):   VIEW = 1;
MPRINT(EM_REPORT):   output;
MPRINT(EM_REPORT):   NAME = "YTO";
MPRINT(EM_REPORT):   VALUE = "";
MPRINT(EM_REPORT):   VIEW = 1;
MPRINT(EM_REPORT):   output;
MPRINT(EM_REPORT):   NAME = "MATRIXVAR";
MPRINT(EM_REPORT):   VALUE = "";
MPRINT(EM_REPORT):   VIEW = 1;
MPRINT(EM_REPORT):   output;
MPRINT(EM_REPORT):   NAME = "RESPONSE";
MPRINT(EM_REPORT):   VALUE = "";
MPRINT(EM_REPORT):   VIEW = 1;
MPRINT(EM_REPORT):   output;
MPRINT(EM_REPORT):   NAME = "SERIES";
MPRINT(EM_REPORT):   VALUE = "";
MPRINT(EM_REPORT):   VIEW = 1;
MPRINT(EM_REPORT):   output;
MPRINT(EM_REPORT):   NAME = "DESCARG";
MPRINT(EM_REPORT):   VALUE = "";
MPRINT(EM_REPORT):   VIEW = 1;
MPRINT(EM_REPORT):   output;
MPRINT(EM_REPORT):   NAME = "SLIDER";
MPRINT(EM_REPORT):   VALUE = "";
MPRINT(EM_REPORT):   VIEW = 1;
MPRINT(EM_REPORT):   output;
MPRINT(EM_REPORT):   NAME = "MarkerSize";
MPRINT(EM_REPORT):   VALUE = "";
MPRINT(EM_REPORT):   VIEW = 1;
MPRINT(EM_REPORT):   output;
MPRINT(EM_REPORT):   NAME = "Marker";
MPRINT(EM_REPORT):   VALUE = "";
MPRINT(EM_REPORT):   VIEW = 1;
MPRINT(EM_REPORT):   output;
MPRINT(EM_REPORT):   NAME = "Y1";
MPRINT(EM_REPORT):   VALUE = "tprob";
MPRINT(EM_REPORT):   VIEW = 1;
MPRINT(EM_REPORT):   output;
MPRINT(EM_REPORT):   NAME = "Y2";
MPRINT(EM_REPORT):   VALUE = "vprob";
MPRINT(EM_REPORT):   VIEW = 1;
MPRINT(EM_REPORT):   output;
MPRINT(EM_REPORT):   NAME = "Y3";
MPRINT(EM_REPORT):   VALUE = "";
MPRINT(EM_REPORT):   VIEW = 1;
MPRINT(EM_REPORT):   output;
MPRINT(EM_REPORT):   NAME = "Y4";
MPRINT(EM_REPORT):   VALUE = "";
MPRINT(EM_REPORT):   VIEW = 1;
MPRINT(EM_REPORT):   output;
MPRINT(EM_REPORT):   NAME = "Y5";
MPRINT(EM_REPORT):   VALUE = "";
MPRINT(EM_REPORT):   VIEW = 1;
MPRINT(EM_REPORT):   output;
MPRINT(EM_REPORT):   NAME = "Y6";
MPRINT(EM_REPORT):   VALUE = "";
MPRINT(EM_REPORT):   VIEW = 1;
MPRINT(EM_REPORT):   output;
MPRINT(EM_REPORT):   NAME = "Y7";
MPRINT(EM_REPORT):   VALUE = "";
MPRINT(EM_REPORT):   VIEW = 1;
MPRINT(EM_REPORT):   output;
MPRINT(EM_REPORT):   NAME = "Y8";
MPRINT(EM_REPORT):   VALUE = "";
MPRINT(EM_REPORT):   VIEW = 1;
MPRINT(EM_REPORT):   output;
MPRINT(EM_REPORT):   NAME = "Y9";
MPRINT(EM_REPORT):   VALUE = "";
MPRINT(EM_REPORT):   VIEW = 1;
MPRINT(EM_REPORT):   output;
MPRINT(EM_REPORT):   NAME = "Y10";
MPRINT(EM_REPORT):   VALUE = "";
MPRINT(EM_REPORT):   VIEW = 1;
MPRINT(EM_REPORT):   output;
MPRINT(EM_REPORT):   NAME = "Y11";
MPRINT(EM_REPORT):   VALUE = "";
MPRINT(EM_REPORT):   VIEW = 1;
MPRINT(EM_REPORT):   output;
MPRINT(EM_REPORT):   NAME = "Y12";
MPRINT(EM_REPORT):   VALUE = "";
MPRINT(EM_REPORT):   VIEW = 1;
MPRINT(EM_REPORT):   output;
MPRINT(EM_REPORT):   NAME = "Y13";
MPRINT(EM_REPORT):   VALUE = "";
MPRINT(EM_REPORT):   VIEW = 1;
MPRINT(EM_REPORT):   output;
MPRINT(EM_REPORT):   NAME = "Y14";
MPRINT(EM_REPORT):   VALUE = "";
MPRINT(EM_REPORT):   VIEW = 1;
MPRINT(EM_REPORT):   output;
MPRINT(EM_REPORT):   NAME = "Y15";
MPRINT(EM_REPORT):   VALUE = "";
MPRINT(EM_REPORT):   VIEW = 1;
MPRINT(EM_REPORT):   output;
MPRINT(EM_REPORT):   NAME = "Y16";
MPRINT(EM_REPORT):   VALUE = "";
MPRINT(EM_REPORT):   VIEW = 1;
MPRINT(EM_REPORT):   output;
MPRINT(EM_REPORT):   NAME = "TITLE";
MPRINT(EM_REPORT):   VALUE = "";
MPRINT(EM_REPORT):   VIEW = 1;
MPRINT(EM_REPORT):   output;
MPRINT(EM_REPORT):   NAME = "LEGEND";
MPRINT(EM_REPORT):   VALUE = "";
MPRINT(EM_REPORT):   VIEW = 1;
MPRINT(EM_REPORT):   output;
MPRINT(EM_REPORT):   NAME = "LEGENDTITLE";
MPRINT(EM_REPORT):   VALUE = "";
MPRINT(EM_REPORT):   VIEW = 1;
MPRINT(EM_REPORT):   output;
MPRINT(EM_REPORT):   NAME = "SHAPE";
MPRINT(EM_REPORT):   VALUE = "";
MPRINT(EM_REPORT):   VIEW = 1;
MPRINT(EM_REPORT):   output;
MPRINT(EM_REPORT):   NAME = "METHOD";
MPRINT(EM_REPORT):   VALUE = "";
MPRINT(EM_REPORT):   VIEW = 1;
MPRINT(EM_REPORT):   output;
MPRINT(EM_REPORT):   NAME = "NOBINMISS";
MPRINT(EM_REPORT):   VALUE = "";
MPRINT(EM_REPORT):   VIEW = 1;
MPRINT(EM_REPORT):   output;
MPRINT(EM_REPORT):   end;
MPRINT(EM_REPORT):   run;

NOTE: There were 529 observations read from the data set WORK.EM_USER_REPORT.
NOTE: The data set WORK.EM_USER_REPORT has 662 observations and 4 variables.
NOTE: DATA statement used (Total process time):
      real time           0.05 seconds
      cpu time            0.04 seconds
      

MPRINT(EM_TREE_REPORT):  ;
MPRINT(EM_TREE_REPORT):  ;
MPRINT(EM_REPORT):   data WORK.EM_USER_REPORT;
MPRINT(EM_REPORT):   set WORK.EM_USER_REPORT end=eof;
MPRINT(EM_REPORT):   output;
MPRINT(EM_REPORT):   if eof then do;
MPRINT(EM_REPORT):   id+1;
MPRINT(EM_REPORT):   NAME = "KEY";
MPRINT(EM_REPORT):   VALUE = "OUTSTATS";
MPRINT(EM_REPORT):   VIEW = 0.82352094297461;
MPRINT(EM_REPORT):   output;
MPRINT(EM_REPORT):   NAME = "VIEWTYPE";
MPRINT(EM_REPORT):   VALUE = "";
MPRINT(EM_REPORT):   VIEW = 0.82352094297461;
MPRINT(EM_REPORT):   output;
MPRINT(EM_REPORT):   NAME = "AUTODISPLAY";
MPRINT(EM_REPORT):   VALUE = "N";
MPRINT(EM_REPORT):   VIEW = 0.82352094297461;
MPRINT(EM_REPORT):   output;
The SAS System

MPRINT(EM_REPORT):   NAME = "SPK";
MPRINT(EM_REPORT):   VALUE = "Y";
MPRINT(EM_REPORT):   VIEW = 0.82352094297461;
MPRINT(EM_REPORT):   output;
MPRINT(EM_REPORT):   NAME = "COMPARE";
MPRINT(EM_REPORT):   VALUE = "N";
MPRINT(EM_REPORT):   VIEW = 0.82352094297461;
MPRINT(EM_REPORT):   output;
MPRINT(EM_REPORT):   NAME = "LOCALIZE";
MPRINT(EM_REPORT):   VALUE = "N";
MPRINT(EM_REPORT):   VIEW = 0.82352094297461;
MPRINT(EM_REPORT):   output;
MPRINT(EM_REPORT):   NAME = "EQUALIZEROWX";
MPRINT(EM_REPORT):   VALUE = "N";
MPRINT(EM_REPORT):   VIEW = 0.82352094297461;
MPRINT(EM_REPORT):   output;
MPRINT(EM_REPORT):   NAME = "EQUALIZEROWY";
MPRINT(EM_REPORT):   VALUE = "N";
MPRINT(EM_REPORT):   VIEW = 0.82352094297461;
MPRINT(EM_REPORT):   output;
MPRINT(EM_REPORT):   NAME = "EQUALIZECOLX";
MPRINT(EM_REPORT):   VALUE = "N";
MPRINT(EM_REPORT):   VIEW = 0.82352094297461;
MPRINT(EM_REPORT):   output;
MPRINT(EM_REPORT):   NAME = "EQUALIZECOLY";
MPRINT(EM_REPORT):   VALUE = "N";
MPRINT(EM_REPORT):   VIEW = 0.82352094297461;
MPRINT(EM_REPORT):   output;
MPRINT(EM_REPORT):   NAME = "NROWS";
MPRINT(EM_REPORT):   VALUE = "";
MPRINT(EM_REPORT):   VIEW = 0.82352094297461;
MPRINT(EM_REPORT):   output;
MPRINT(EM_REPORT):   NAME = "NCOLS";
MPRINT(EM_REPORT):   VALUE = "";
MPRINT(EM_REPORT):   VIEW = 0.82352094297461;
MPRINT(EM_REPORT):   output;
MPRINT(EM_REPORT):   NAME = "DISCRETEX";
MPRINT(EM_REPORT):   VALUE = "";
MPRINT(EM_REPORT):   VIEW = 0.82352094297461;
MPRINT(EM_REPORT):   output;
MPRINT(EM_REPORT):   NAME = "DISCRETEY";
MPRINT(EM_REPORT):   VALUE = "";
MPRINT(EM_REPORT):   VIEW = 0.82352094297461;
MPRINT(EM_REPORT):   output;
MPRINT(EM_REPORT):   NAME = "LATTICEX";
MPRINT(EM_REPORT):   VALUE = "";
MPRINT(EM_REPORT):   VIEW = 0.82352094297461;
MPRINT(EM_REPORT):   output;
MPRINT(EM_REPORT):   NAME = "LATTICEY";
MPRINT(EM_REPORT):   VALUE = "";
MPRINT(EM_REPORT):   VIEW = 0.82352094297461;
MPRINT(EM_REPORT):   output;
MPRINT(EM_REPORT):   NAME = "LATTICETYPE";
MPRINT(EM_REPORT):   VALUE = "";
MPRINT(EM_REPORT):   VIEW = 0.82352094297461;
MPRINT(EM_REPORT):   output;
MPRINT(EM_REPORT):   NAME = "ABSOLUTEVALUE";
MPRINT(EM_REPORT):   VALUE = "";
MPRINT(EM_REPORT):   VIEW = 0.82352094297461;
MPRINT(EM_REPORT):   output;
MPRINT(EM_REPORT):   NAME = "SORTORDER";
MPRINT(EM_REPORT):   VALUE = "";
MPRINT(EM_REPORT):   VIEW = 0.82352094297461;
MPRINT(EM_REPORT):   output;
MPRINT(EM_REPORT):   NAME = "SORTORDERY";
MPRINT(EM_REPORT):   VALUE = "";
MPRINT(EM_REPORT):   VIEW = 0.82352094297461;
MPRINT(EM_REPORT):   output;
MPRINT(EM_REPORT):   NAME = "ORIENTATION";
MPRINT(EM_REPORT):   VALUE = "";
MPRINT(EM_REPORT):   VIEW = 0.82352094297461;
MPRINT(EM_REPORT):   output;
MPRINT(EM_REPORT):   NAME = "METHOD";
MPRINT(EM_REPORT):   VALUE = "";
MPRINT(EM_REPORT):   VIEW = 0.82352094297461;
MPRINT(EM_REPORT):   output;
MPRINT(EM_REPORT):   NAME = "DIRECTION";
MPRINT(EM_REPORT):   VALUE = "";
MPRINT(EM_REPORT):   VIEW = 0.82352094297461;
MPRINT(EM_REPORT):   output;
MPRINT(EM_REPORT):   NAME = "BYSET";
MPRINT(EM_REPORT):   VALUE = "";
MPRINT(EM_REPORT):   VIEW = 0.82352094297461;
MPRINT(EM_REPORT):   output;
MPRINT(EM_REPORT):   NAME = "RENDERMODE";
MPRINT(EM_REPORT):   VALUE = "";
MPRINT(EM_REPORT):   VIEW = 0.82352094297461;
MPRINT(EM_REPORT):   output;
MPRINT(EM_REPORT):   NAME = "DESCRIPTION";
MPRINT(EM_REPORT):   VALUE = "";
MPRINT(EM_REPORT):   VIEW = 0.82352094297461;
MPRINT(EM_REPORT):   output;
MPRINT(EM_REPORT):   NAME = "X";
MPRINT(EM_REPORT):   VALUE = "";
MPRINT(EM_REPORT):   VIEW = 0.82352094297461;
MPRINT(EM_REPORT):   output;
MPRINT(EM_REPORT):   NAME = "EXCLUDEVARS";
MPRINT(EM_REPORT):   VALUE = "";
MPRINT(EM_REPORT):   VIEW = 0.82352094297461;
MPRINT(EM_REPORT):   output;
MPRINT(EM_REPORT):   NAME = "Z";
MPRINT(EM_REPORT):   VALUE = "";
MPRINT(EM_REPORT):   VIEW = 0.82352094297461;
MPRINT(EM_REPORT):   output;
MPRINT(EM_REPORT):   NAME = "YVARS";
MPRINT(EM_REPORT):   VALUE = "";
MPRINT(EM_REPORT):   VIEW = 0.82352094297461;
MPRINT(EM_REPORT):   output;
MPRINT(EM_REPORT):   NAME = "FREQVARS";
MPRINT(EM_REPORT):   VALUE = "";
MPRINT(EM_REPORT):   VIEW = 0.82352094297461;
MPRINT(EM_REPORT):   output;
MPRINT(EM_REPORT):   NAME = "AXIS";
MPRINT(EM_REPORT):   VALUE = "";
MPRINT(EM_REPORT):   VIEW = 0.82352094297461;
MPRINT(EM_REPORT):   output;
MPRINT(EM_REPORT):   NAME = "FREQ";
MPRINT(EM_REPORT):   VALUE = "";
MPRINT(EM_REPORT):   VIEW = 0.82352094297461;
MPRINT(EM_REPORT):   output;
MPRINT(EM_REPORT):   NAME = "GROUP";
MPRINT(EM_REPORT):   VALUE = "";
MPRINT(EM_REPORT):   VIEW = 0.82352094297461;
MPRINT(EM_REPORT):   output;
MPRINT(EM_REPORT):   NAME = "SUBGROUP";
MPRINT(EM_REPORT):   VALUE = "";
MPRINT(EM_REPORT):   VIEW = 0.82352094297461;
MPRINT(EM_REPORT):   output;
MPRINT(EM_REPORT):   NAME = "BLOCK";
MPRINT(EM_REPORT):   VALUE = "CUSTOM";
MPRINT(EM_REPORT):   VIEW = 0.82352094297461;
MPRINT(EM_REPORT):   output;
MPRINT(EM_REPORT):   NAME = "COLOR";
MPRINT(EM_REPORT):   VALUE = "";
MPRINT(EM_REPORT):   VIEW = 0.82352094297461;
MPRINT(EM_REPORT):   output;
MPRINT(EM_REPORT):   NAME = "COLORINDEX";
MPRINT(EM_REPORT):   VALUE = "";
MPRINT(EM_REPORT):   VIEW = 0.82352094297461;
MPRINT(EM_REPORT):   output;
MPRINT(EM_REPORT):   NAME = "TIPTEXT";
MPRINT(EM_REPORT):   VALUE = "";
MPRINT(EM_REPORT):   VIEW = 0.82352094297461;
MPRINT(EM_REPORT):   output;
MPRINT(EM_REPORT):   NAME = "TIP";
MPRINT(EM_REPORT):   VALUE = "";
MPRINT(EM_REPORT):   VIEW = 0.82352094297461;
MPRINT(EM_REPORT):   output;
MPRINT(EM_REPORT):   NAME = "TOOLTIP";
MPRINT(EM_REPORT):   VALUE = "";
MPRINT(EM_REPORT):   VIEW = 0.82352094297461;
MPRINT(EM_REPORT):   output;
MPRINT(EM_REPORT):   NAME = "REPORTID";
MPRINT(EM_REPORT):   VALUE = "";
MPRINT(EM_REPORT):   VIEW = 0.82352094297461;
MPRINT(EM_REPORT):   output;
MPRINT(EM_REPORT):   NAME = "IDVALUE";
MPRINT(EM_REPORT):   VALUE = "";
MPRINT(EM_REPORT):   VIEW = 0.82352094297461;
MPRINT(EM_REPORT):   output;
MPRINT(EM_REPORT):   NAME = "ID";
MPRINT(EM_REPORT):   VALUE = "";
MPRINT(EM_REPORT):   VIEW = 0.82352094297461;
MPRINT(EM_REPORT):   output;
MPRINT(EM_REPORT):   NAME = "SIZE";
MPRINT(EM_REPORT):   VALUE = "";
MPRINT(EM_REPORT):   VIEW = 0.82352094297461;
MPRINT(EM_REPORT):   output;
MPRINT(EM_REPORT):   NAME = "FROM";
MPRINT(EM_REPORT):   VALUE = "";
MPRINT(EM_REPORT):   VIEW = 0.82352094297461;
MPRINT(EM_REPORT):   output;
MPRINT(EM_REPORT):   NAME = "TO";
MPRINT(EM_REPORT):   VALUE = "";
MPRINT(EM_REPORT):   VIEW = 0.82352094297461;
MPRINT(EM_REPORT):   output;
MPRINT(EM_REPORT):   NAME = "VALUE";
MPRINT(EM_REPORT):   VALUE = "";
MPRINT(EM_REPORT):   VIEW = 0.82352094297461;
MPRINT(EM_REPORT):   output;
MPRINT(EM_REPORT):   NAME = "VIEWS";
MPRINT(EM_REPORT):   VALUE = "";
MPRINT(EM_REPORT):   VIEW = 0.82352094297461;
MPRINT(EM_REPORT):   output;
MPRINT(EM_REPORT):   NAME = "PARENT";
MPRINT(EM_REPORT):   VALUE = "";
MPRINT(EM_REPORT):   VIEW = 0.82352094297461;
MPRINT(EM_REPORT):   output;
MPRINT(EM_REPORT):   NAME = "NODETEXT";
MPRINT(EM_REPORT):   VALUE = "";
MPRINT(EM_REPORT):   VIEW = 0.82352094297461;
MPRINT(EM_REPORT):   output;
MPRINT(EM_REPORT):   NAME = "ABOVETEXT";
MPRINT(EM_REPORT):   VALUE = "";
MPRINT(EM_REPORT):   VIEW = 0.82352094297461;
MPRINT(EM_REPORT):   output;
MPRINT(EM_REPORT):   NAME = "BELOWTEXT";
MPRINT(EM_REPORT):   VALUE = "";
MPRINT(EM_REPORT):   VIEW = 0.82352094297461;
MPRINT(EM_REPORT):   output;
MPRINT(EM_REPORT):   NAME = "NODESIZE";
MPRINT(EM_REPORT):   VALUE = "";
MPRINT(EM_REPORT):   VIEW = 0.82352094297461;
MPRINT(EM_REPORT):   output;
MPRINT(EM_REPORT):   NAME = "STATS";
MPRINT(EM_REPORT):   VALUE = "";
MPRINT(EM_REPORT):   VIEW = 0.82352094297461;
MPRINT(EM_REPORT):   output;
MPRINT(EM_REPORT):   NAME = "CLASSDIST";
MPRINT(EM_REPORT):   VALUE = "";
MPRINT(EM_REPORT):   VIEW = 0.82352094297461;
MPRINT(EM_REPORT):   output;
MPRINT(EM_REPORT):   NAME = "INTDIST";
MPRINT(EM_REPORT):   VALUE = "";
MPRINT(EM_REPORT):   VIEW = 0.82352094297461;
MPRINT(EM_REPORT):   output;
MPRINT(EM_REPORT):   NAME = "FOLDER";
MPRINT(EM_REPORT):   VALUE = "";
MPRINT(EM_REPORT):   VIEW = 0.82352094297461;
MPRINT(EM_REPORT):   output;
MPRINT(EM_REPORT):   NAME = "YPLOTTYPE";
MPRINT(EM_REPORT):   VALUE = "";
MPRINT(EM_REPORT):   VIEW = 0.82352094297461;
MPRINT(EM_REPORT):   output;
MPRINT(EM_REPORT):   NAME = "XREF";
MPRINT(EM_REPORT):   VALUE = "";
MPRINT(EM_REPORT):   VIEW = 0.82352094297461;
MPRINT(EM_REPORT):   output;
MPRINT(EM_REPORT):   NAME = "XREF2";
MPRINT(EM_REPORT):   VALUE = "";
MPRINT(EM_REPORT):   VIEW = 0.82352094297461;
MPRINT(EM_REPORT):   output;
MPRINT(EM_REPORT):   NAME = "YREF";
MPRINT(EM_REPORT):   VALUE = "";
MPRINT(EM_REPORT):   VIEW = 0.82352094297461;
MPRINT(EM_REPORT):   output;
MPRINT(EM_REPORT):   NAME = "Y2REF";
MPRINT(EM_REPORT):   VALUE = "";
MPRINT(EM_REPORT):   VIEW = 0.82352094297461;
MPRINT(EM_REPORT):   output;
MPRINT(EM_REPORT):   NAME = "YREF2";
MPRINT(EM_REPORT):   VALUE = "";
MPRINT(EM_REPORT):   VIEW = 0.82352094297461;
MPRINT(EM_REPORT):   output;
MPRINT(EM_REPORT):   NAME = "Y2REF2";
MPRINT(EM_REPORT):   VALUE = "";
MPRINT(EM_REPORT):   VIEW = 0.82352094297461;
MPRINT(EM_REPORT):   output;
MPRINT(EM_REPORT):   NAME = "GROUPINDEX";
MPRINT(EM_REPORT):   VALUE = "";
MPRINT(EM_REPORT):   VIEW = 0.82352094297461;
MPRINT(EM_REPORT):   output;
MPRINT(EM_REPORT):   NAME = "JOIN";
MPRINT(EM_REPORT):   VALUE = "";
MPRINT(EM_REPORT):   VIEW = 0.82352094297461;
MPRINT(EM_REPORT):   output;
MPRINT(EM_REPORT):   NAME = "XEXCLUDE";
MPRINT(EM_REPORT):   VALUE = "";
MPRINT(EM_REPORT):   VIEW = 0.82352094297461;
MPRINT(EM_REPORT):   output;
MPRINT(EM_REPORT):   NAME = "FREQEXCLUDE";
MPRINT(EM_REPORT):   VALUE = "";
MPRINT(EM_REPORT):   VIEW = 0.82352094297461;
MPRINT(EM_REPORT):   output;
MPRINT(EM_REPORT):   NAME = "YEXCLUDE";
MPRINT(EM_REPORT):   VALUE = "";
MPRINT(EM_REPORT):   VIEW = 0.82352094297461;
MPRINT(EM_REPORT):   output;
MPRINT(EM_REPORT):   NAME = "NAME";
MPRINT(EM_REPORT):   VALUE = "";
MPRINT(EM_REPORT):   VIEW = 0.82352094297461;
MPRINT(EM_REPORT):   output;
MPRINT(EM_REPORT):   NAME = "HEIGHT";
MPRINT(EM_REPORT):   VALUE = "";
MPRINT(EM_REPORT):   VIEW = 0.82352094297461;
MPRINT(EM_REPORT):   output;
MPRINT(EM_REPORT):   NAME = "WIDTH";
MPRINT(EM_REPORT):   VALUE = "";
MPRINT(EM_REPORT):   VIEW = 0.82352094297461;
MPRINT(EM_REPORT):   output;
MPRINT(EM_REPORT):   NAME = "XAXISLABEL";
MPRINT(EM_REPORT):   VALUE = "";
MPRINT(EM_REPORT):   VIEW = 0.82352094297461;
MPRINT(EM_REPORT):   output;
MPRINT(EM_REPORT):   NAME = "Y2AXISLABEL";
MPRINT(EM_REPORT):   VALUE = "";
MPRINT(EM_REPORT):   VIEW = 0.82352094297461;
MPRINT(EM_REPORT):   output;
MPRINT(EM_REPORT):   NAME = "YAXISLABEL";
MPRINT(EM_REPORT):   VALUE = "";
MPRINT(EM_REPORT):   VIEW = 0.82352094297461;
MPRINT(EM_REPORT):   output;
MPRINT(EM_REPORT):   NAME = "DISPLAYXLABEL";
MPRINT(EM_REPORT):   VALUE = "Y";
MPRINT(EM_REPORT):   VIEW = 0.82352094297461;
MPRINT(EM_REPORT):   output;
MPRINT(EM_REPORT):   NAME = "DISPLAYYLABEL";
MPRINT(EM_REPORT):   VALUE = "Y";
MPRINT(EM_REPORT):   VIEW = 0.82352094297461;
MPRINT(EM_REPORT):   output;
MPRINT(EM_REPORT):   NAME = "CHOICETEXT";
MPRINT(EM_REPORT):   VALUE = "";
MPRINT(EM_REPORT):   VIEW = 0.82352094297461;
MPRINT(EM_REPORT):   output;
MPRINT(EM_REPORT):   NAME = "SEGMENTVALUE";
MPRINT(EM_REPORT):   VALUE = "";
MPRINT(EM_REPORT):   VIEW = 0.82352094297461;
MPRINT(EM_REPORT):   output;
MPRINT(EM_REPORT):   NAME = "LOWERBAND";
MPRINT(EM_REPORT):   VALUE = "";
MPRINT(EM_REPORT):   VIEW = 0.82352094297461;
MPRINT(EM_REPORT):   output;
MPRINT(EM_REPORT):   NAME = "UPPERBAND";
MPRINT(EM_REPORT):   VALUE = "";
MPRINT(EM_REPORT):   VIEW = 0.82352094297461;
MPRINT(EM_REPORT):   output;
MPRINT(EM_REPORT):   NAME = "YLINE";
MPRINT(EM_REPORT):   VALUE = "";
MPRINT(EM_REPORT):   VIEW = 0.82352094297461;
MPRINT(EM_REPORT):   output;
MPRINT(EM_REPORT):   NAME = "LINKKEY";
MPRINT(EM_REPORT):   VALUE = "";
MPRINT(EM_REPORT):   VIEW = 0.82352094297461;
MPRINT(EM_REPORT):   output;
MPRINT(EM_REPORT):   NAME = "NODEKEY";
MPRINT(EM_REPORT):   VALUE = "";
MPRINT(EM_REPORT):   VIEW = 0.82352094297461;
MPRINT(EM_REPORT):   output;
MPRINT(EM_REPORT):   NAME = "NODEID";
MPRINT(EM_REPORT):   VALUE = "";
MPRINT(EM_REPORT):   VIEW = 0.82352094297461;
MPRINT(EM_REPORT):   output;
MPRINT(EM_REPORT):   NAME = "NODEVALUE";
MPRINT(EM_REPORT):   VALUE = "";
MPRINT(EM_REPORT):   VIEW = 0.82352094297461;
MPRINT(EM_REPORT):   output;
MPRINT(EM_REPORT):   NAME = "NODECOLOR";
MPRINT(EM_REPORT):   VALUE = "";
MPRINT(EM_REPORT):   VIEW = 0.82352094297461;
MPRINT(EM_REPORT):   output;
MPRINT(EM_REPORT):   NAME = "NODESHAPE";
MPRINT(EM_REPORT):   VALUE = "";
MPRINT(EM_REPORT):   VIEW = 0.82352094297461;
MPRINT(EM_REPORT):   output;
MPRINT(EM_REPORT):   NAME = "NODESHAPEVAR";
MPRINT(EM_REPORT):   VALUE = "";
MPRINT(EM_REPORT):   VIEW = 0.82352094297461;
MPRINT(EM_REPORT):   output;
MPRINT(EM_REPORT):   NAME = "NODELABEL";
MPRINT(EM_REPORT):   VALUE = "";
MPRINT(EM_REPORT):   VIEW = 0.82352094297461;
MPRINT(EM_REPORT):   output;
MPRINT(EM_REPORT):   NAME = "NODETIP";
MPRINT(EM_REPORT):   VALUE = "";
MPRINT(EM_REPORT):   VIEW = 0.82352094297461;
MPRINT(EM_REPORT):   output;
MPRINT(EM_REPORT):   NAME = "LINKID";
MPRINT(EM_REPORT):   VALUE = "";
MPRINT(EM_REPORT):   VIEW = 0.82352094297461;
MPRINT(EM_REPORT):   output;
MPRINT(EM_REPORT):   NAME = "LINKVALUE";
MPRINT(EM_REPORT):   VALUE = "";
MPRINT(EM_REPORT):   VIEW = 0.82352094297461;
MPRINT(EM_REPORT):   output;
MPRINT(EM_REPORT):   NAME = "LINKFROM";
MPRINT(EM_REPORT):   VALUE = "";
MPRINT(EM_REPORT):   VIEW = 0.82352094297461;
MPRINT(EM_REPORT):   output;
MPRINT(EM_REPORT):   NAME = "LINKTO";
MPRINT(EM_REPORT):   VALUE = "";
MPRINT(EM_REPORT):   VIEW = 0.82352094297461;
MPRINT(EM_REPORT):   output;
MPRINT(EM_REPORT):   NAME = "LINKCOLOR";
MPRINT(EM_REPORT):   VALUE = "";
MPRINT(EM_REPORT):   VIEW = 0.82352094297461;
MPRINT(EM_REPORT):   output;
MPRINT(EM_REPORT):   NAME = "LINKWIDTH";
MPRINT(EM_REPORT):   VALUE = "";
MPRINT(EM_REPORT):   VIEW = 0.82352094297461;
MPRINT(EM_REPORT):   output;
MPRINT(EM_REPORT):   NAME = "LINKTIP";
MPRINT(EM_REPORT):   VALUE = "";
MPRINT(EM_REPORT):   VIEW = 0.82352094297461;
MPRINT(EM_REPORT):   output;
MPRINT(EM_REPORT):   NAME = "XFROM";
MPRINT(EM_REPORT):   VALUE = "";
MPRINT(EM_REPORT):   VIEW = 0.82352094297461;
MPRINT(EM_REPORT):   output;
MPRINT(EM_REPORT):   NAME = "XTO";
MPRINT(EM_REPORT):   VALUE = "";
MPRINT(EM_REPORT):   VIEW = 0.82352094297461;
MPRINT(EM_REPORT):   output;
MPRINT(EM_REPORT):   NAME = "YFROM";
MPRINT(EM_REPORT):   VALUE = "";
MPRINT(EM_REPORT):   VIEW = 0.82352094297461;
MPRINT(EM_REPORT):   output;
MPRINT(EM_REPORT):   NAME = "YTO";
MPRINT(EM_REPORT):   VALUE = "";
MPRINT(EM_REPORT):   VIEW = 0.82352094297461;
MPRINT(EM_REPORT):   output;
MPRINT(EM_REPORT):   NAME = "MATRIXVAR";
MPRINT(EM_REPORT):   VALUE = "";
MPRINT(EM_REPORT):   VIEW = 0.82352094297461;
MPRINT(EM_REPORT):   output;
MPRINT(EM_REPORT):   NAME = "RESPONSE";
MPRINT(EM_REPORT):   VALUE = "";
MPRINT(EM_REPORT):   VIEW = 0.82352094297461;
MPRINT(EM_REPORT):   output;
MPRINT(EM_REPORT):   NAME = "SERIES";
MPRINT(EM_REPORT):   VALUE = "";
MPRINT(EM_REPORT):   VIEW = 0.82352094297461;
MPRINT(EM_REPORT):   output;
MPRINT(EM_REPORT):   NAME = "DESCARG";
MPRINT(EM_REPORT):   VALUE = "";
MPRINT(EM_REPORT):   VIEW = 0.82352094297461;
MPRINT(EM_REPORT):   output;
MPRINT(EM_REPORT):   NAME = "SLIDER";
MPRINT(EM_REPORT):   VALUE = "";
MPRINT(EM_REPORT):   VIEW = 0.82352094297461;
MPRINT(EM_REPORT):   output;
MPRINT(EM_REPORT):   NAME = "MarkerSize";
MPRINT(EM_REPORT):   VALUE = "";
MPRINT(EM_REPORT):   VIEW = 0.82352094297461;
MPRINT(EM_REPORT):   output;
MPRINT(EM_REPORT):   NAME = "Marker";
MPRINT(EM_REPORT):   VALUE = "";
MPRINT(EM_REPORT):   VIEW = 0.82352094297461;
MPRINT(EM_REPORT):   output;
MPRINT(EM_REPORT):   NAME = "Y1";
MPRINT(EM_REPORT):   VALUE = "";
MPRINT(EM_REPORT):   VIEW = 0.82352094297461;
MPRINT(EM_REPORT):   output;
MPRINT(EM_REPORT):   NAME = "Y2";
MPRINT(EM_REPORT):   VALUE = "";
MPRINT(EM_REPORT):   VIEW = 0.82352094297461;
MPRINT(EM_REPORT):   output;
MPRINT(EM_REPORT):   NAME = "Y3";
MPRINT(EM_REPORT):   VALUE = "";
MPRINT(EM_REPORT):   VIEW = 0.82352094297461;
MPRINT(EM_REPORT):   output;
MPRINT(EM_REPORT):   NAME = "Y4";
MPRINT(EM_REPORT):   VALUE = "";
MPRINT(EM_REPORT):   VIEW = 0.82352094297461;
MPRINT(EM_REPORT):   output;
MPRINT(EM_REPORT):   NAME = "Y5";
MPRINT(EM_REPORT):   VALUE = "";
MPRINT(EM_REPORT):   VIEW = 0.82352094297461;
MPRINT(EM_REPORT):   output;
MPRINT(EM_REPORT):   NAME = "Y6";
MPRINT(EM_REPORT):   VALUE = "";
MPRINT(EM_REPORT):   VIEW = 0.82352094297461;
MPRINT(EM_REPORT):   output;
MPRINT(EM_REPORT):   NAME = "Y7";
MPRINT(EM_REPORT):   VALUE = "";
MPRINT(EM_REPORT):   VIEW = 0.82352094297461;
MPRINT(EM_REPORT):   output;
MPRINT(EM_REPORT):   NAME = "Y8";
MPRINT(EM_REPORT):   VALUE = "";
MPRINT(EM_REPORT):   VIEW = 0.82352094297461;
MPRINT(EM_REPORT):   output;
MPRINT(EM_REPORT):   NAME = "Y9";
MPRINT(EM_REPORT):   VALUE = "";
MPRINT(EM_REPORT):   VIEW = 0.82352094297461;
MPRINT(EM_REPORT):   output;
MPRINT(EM_REPORT):   NAME = "Y10";
MPRINT(EM_REPORT):   VALUE = "";
MPRINT(EM_REPORT):   VIEW = 0.82352094297461;
MPRINT(EM_REPORT):   output;
MPRINT(EM_REPORT):   NAME = "Y11";
MPRINT(EM_REPORT):   VALUE = "";
MPRINT(EM_REPORT):   VIEW = 0.82352094297461;
MPRINT(EM_REPORT):   output;
MPRINT(EM_REPORT):   NAME = "Y12";
MPRINT(EM_REPORT):   VALUE = "";
MPRINT(EM_REPORT):   VIEW = 0.82352094297461;
MPRINT(EM_REPORT):   output;
MPRINT(EM_REPORT):   NAME = "Y13";
MPRINT(EM_REPORT):   VALUE = "";
MPRINT(EM_REPORT):   VIEW = 0.82352094297461;
MPRINT(EM_REPORT):   output;
MPRINT(EM_REPORT):   NAME = "Y14";
MPRINT(EM_REPORT):   VALUE = "";
MPRINT(EM_REPORT):   VIEW = 0.82352094297461;
MPRINT(EM_REPORT):   output;
MPRINT(EM_REPORT):   NAME = "Y15";
MPRINT(EM_REPORT):   VALUE = "";
MPRINT(EM_REPORT):   VIEW = 0.82352094297461;
MPRINT(EM_REPORT):   output;
MPRINT(EM_REPORT):   NAME = "Y16";
MPRINT(EM_REPORT):   VALUE = "";
MPRINT(EM_REPORT):   VIEW = 0.82352094297461;
MPRINT(EM_REPORT):   output;
MPRINT(EM_REPORT):   NAME = "TITLE";
MPRINT(EM_REPORT):   VALUE = "";
MPRINT(EM_REPORT):   VIEW = 0.82352094297461;
MPRINT(EM_REPORT):   output;
MPRINT(EM_REPORT):   NAME = "LEGEND";
MPRINT(EM_REPORT):   VALUE = "";
MPRINT(EM_REPORT):   VIEW = 0.82352094297461;
MPRINT(EM_REPORT):   output;
MPRINT(EM_REPORT):   NAME = "LEGENDTITLE";
MPRINT(EM_REPORT):   VALUE = "";
MPRINT(EM_REPORT):   VIEW = 0.82352094297461;
MPRINT(EM_REPORT):   output;
MPRINT(EM_REPORT):   NAME = "SHAPE";
MPRINT(EM_REPORT):   VALUE = "";
MPRINT(EM_REPORT):   VIEW = 0.82352094297461;
MPRINT(EM_REPORT):   output;
MPRINT(EM_REPORT):   NAME = "METHOD";
MPRINT(EM_REPORT):   VALUE = "";
MPRINT(EM_REPORT):   VIEW = 0.82352094297461;
MPRINT(EM_REPORT):   output;
MPRINT(EM_REPORT):   NAME = "NOBINMISS";
MPRINT(EM_REPORT):   VALUE = "";
MPRINT(EM_REPORT):   VIEW = 0.82352094297461;
MPRINT(EM_REPORT):   output;
MPRINT(EM_REPORT):   end;
MPRINT(EM_REPORT):   run;

NOTE: There were 662 observations read from the data set WORK.EM_USER_REPORT.
NOTE: The data set WORK.EM_USER_REPORT has 794 observations and 4 variables.
NOTE: DATA statement used (Total process time):
      real time           0.08 seconds
      cpu time            0.04 seconds
      

MPRINT(EM_TREE_REPORT):  ;
MPRINT(MAIN):  ;
MPRINT(EM_DIAGRAM):  ;
MPRINT(EM_DIAGRAM):   *------------------------------------------------------------*;
MPRINT(EM_DIAGRAM):   * End REPORT: Tree5;
MPRINT(EM_DIAGRAM):   *------------------------------------------------------------*;
91822      
91823      *------------------------------------------------------------*;
91824      * End REPORT: Tree5;
91825      *------------------------------------------------------------*;

91826      /* Reset EM Options */
91827      options formchar="|----|+|---+=|-/\<>*";
MPRINT(EM_DIAGRAM):    options formchar="|----|+|---+=|-/\<>*";
91828      options nocenter ls=256 ps=10000;
MPRINT(EM_DIAGRAM):   options nocenter ls=256 ps=10000;
91829      goptions reset=all device=GIF NODISPLAY;
MPRINT(EM_DIAGRAM):   goptions reset=all device=GIF NODISPLAY;
91830      proc sort data=WORK.EM_USER_REPORT;
MPRINT(EM_DIAGRAM):    proc sort data=WORK.EM_USER_REPORT;
91831      by ID VIEW;
MPRINT(EM_DIAGRAM):   by ID VIEW;
91832      run;
MPRINT(EM_DIAGRAM):   run;

NOTE: There were 794 observations read from the data set WORK.EM_USER_REPORT.
NOTE: The data set WORK.EM_USER_REPORT has 794 observations and 4 variables.
NOTE: PROCEDURE SORT used (Total process time):
      real time           0.01 seconds
      cpu time            0.01 seconds
      

91833      proc sort data=EMWS1.Part2_CMeta_TRAIN out=WORK.SUBSETINMETA;
MPRINT(EM_DIAGRAM):    proc sort data=EMWS1.Part2_CMeta_TRAIN out=WORK.SUBSETINMETA;
91834      by NAME;
MPRINT(EM_DIAGRAM):   by NAME;
91835      run;
MPRINT(EM_DIAGRAM):   run;

NOTE: There were 33 observations read from the data set EMWS1.PART2_CMETA_TRAIN.
NOTE: The data set WORK.SUBSETINMETA has 33 observations and 20 variables.
NOTE: PROCEDURE SORT used (Total process time):
      real time           0.02 seconds
      cpu time            0.03 seconds
      

91836      proc sort data=EMWS1.Tree5_VariableSet out=WORK.SUBSETVARSET(keep=NAME REPORT);
MPRINT(EM_DIAGRAM):   proc sort data=EMWS1.Tree5_VariableSet out=WORK.SUBSETVARSET(keep=NAME REPORT);
91837      by NAME;
MPRINT(EM_DIAGRAM):   by NAME;
91838      run;
MPRINT(EM_DIAGRAM):   run;

NOTE: There were 33 observations read from the data set EMWS1.TREE5_VARIABLESET.
NOTE: The data set WORK.SUBSETVARSET has 33 observations and 2 variables.
NOTE: PROCEDURE SORT used (Total process time):
      real time           0.01 seconds
      cpu time            0.01 seconds
      

91839      data WORK.ASSESS_META;
MPRINT(EM_DIAGRAM):   data WORK.ASSESS_META;
91840      merge WORK.SUBSETINMETA WORK.SUBSETVARSET;
MPRINT(EM_DIAGRAM):   merge WORK.SUBSETINMETA WORK.SUBSETVARSET;
91841      by NAME;
MPRINT(EM_DIAGRAM):   by NAME;
91842      run;
MPRINT(EM_DIAGRAM):   run;

NOTE: There were 33 observations read from the data set WORK.SUBSETINMETA.
NOTE: There were 33 observations read from the data set WORK.SUBSETVARSET.
NOTE: The data set WORK.ASSESS_META has 33 observations and 20 variables.
NOTE: DATA statement used (Total process time):
      real time           0.02 seconds
      cpu time            0.03 seconds
      

91843      data EM_temp_assessMeta;
MPRINT(EM_DIAGRAM):    data EM_temp_assessMeta;
91844      set EMWS1.Tree5_CMeta_TRAIN;
MPRINT(EM_DIAGRAM):   set EMWS1.Tree5_CMeta_TRAIN;
91845      where role in('DECISION', 'PREDICT', 'RESIDUAL', 'CLASSIFICATION', 'ASSESS', 'COST');
MPRINT(EM_DIAGRAM):   where role in('DECISION', 'PREDICT', 'RESIDUAL', 'CLASSIFICATION', 'ASSESS', 'COST');
91846      run;
MPRINT(EM_DIAGRAM):   run;

NOTE: There were 12 observations read from the data set EMWS1.TREE5_CMETA_TRAIN.
      WHERE role in ('ASSESS', 'CLASSIFICATION', 'COST', 'DECISION', 'PREDICT', 'RESIDUAL');
NOTE: The data set WORK.EM_TEMP_ASSESSMETA has 12 observations and 21 variables.
NOTE: DATA statement used (Total process time):
      real time           0.01 seconds
      cpu time            0.01 seconds
      

91847      data EM_temp_assessdata;
MPRINT(EM_DIAGRAM):    data EM_temp_assessdata;
91848      set EMWS1.Tree5_TRAIN(keep=
91849      F_diagnosis
91850      I_diagnosis
91851      P_diagnosisB
91852      P_diagnosisM
91853      Q_diagnosisB
91854      Q_diagnosisM
91855      R_diagnosisB
91856      R_diagnosisM
91857      U_diagnosis
91858      V_diagnosisB
91859      V_diagnosisM
91860      _WARN_
91861      diagnosis
91862      );
MPRINT(EM_DIAGRAM):   set EMWS1.Tree5_TRAIN(keep= F_diagnosis I_diagnosis P_diagnosisB P_diagnosisM Q_diagnosisB Q_diagnosisM R_diagnosisB R_diagnosisM U_diagnosis V_diagnosisB V_diagnosisM _WARN_ diagnosis );
91863      run;
MPRINT(EM_DIAGRAM):   run;

NOTE: Variable _WARN_ is uninitialized.
NOTE: View EMWS1.TREE5_TRAIN.VIEW used (Total process time):
      real time           0.05 seconds
      cpu time            0.06 seconds
      
NOTE: There were 396 observations read from the data set EMWS1.PART2_TRAIN.
NOTE: There were 396 observations read from the data set EMWS1.TREE5_TRAIN.
NOTE: The data set WORK.EM_TEMP_ASSESSDATA has 396 observations and 13 variables.
NOTE: DATA statement used (Total process time):
      real time           0.06 seconds
      cpu time            0.06 seconds
      

MPRINT(EM_DIAGRAM):    proc freq data=EM_temp_assessdata noprint;
MPRINT(EM_DIAGRAM):   table I_diagnosis*F_diagnosis / out = WORK.Tree5_2JYW0IL nocol norow outpct;
MPRINT(EM_DIAGRAM):   run;
MPRINT(EM_DIAGRAM):    data WORK.Tree5_2JYW0IL;
MPRINT(EM_DIAGRAM):   length _TYPE_ $10 DATAROLE TARGET $32 TARGETLABEL $200 FROM INTO $32 CORRECTTEXT $40 ;
MPRINT(EM_DIAGRAM):   label _TYPE_ = "Outcome Type";
MPRINT(EM_DIAGRAM):   label DATAROLE = "Data Role";
MPRINT(EM_DIAGRAM):   label TARGET = "Target Variable";
MPRINT(EM_DIAGRAM):   label TARGETLABEL = "Target Label";
MPRINT(EM_DIAGRAM):   label FROM = "Target";
MPRINT(EM_DIAGRAM):   label INTO = "Outcome";
MPRINT(EM_DIAGRAM):   label PCT_ROW = "Target Percentage";
MPRINT(EM_DIAGRAM):   label PCT_COL = "Outcome Percentage";
MPRINT(EM_DIAGRAM):   label COUNT = "Frequency Count";
MPRINT(EM_DIAGRAM):   label PERCENT = "Total Percentage";
MPRINT(EM_DIAGRAM):   label CORRECTTEXT = "Correct Text";
MPRINT(EM_DIAGRAM):   label CORRECT = "Correct";
MPRINT(EM_DIAGRAM):   set WORK.Tree5_2JYW0IL(rename=(F_diagnosis=FROM I_diagnosis=INTO));
MPRINT(EM_DIAGRAM):   retain _TYPE_ 'PREDICTION' DATAROLE "TRAIN" TARGET "diagnosis";
MPRINT(EM_DIAGRAM):   if FROM eq INTO then do;
MPRINT(EM_DIAGRAM):   CORRECT = 0;
MPRINT(EM_DIAGRAM):   CORRECTTEXT="Correct";
MPRINT(EM_DIAGRAM):   end;
MPRINT(EM_DIAGRAM):   else do;
MPRINT(EM_DIAGRAM):   CORRECT = 1;
MPRINT(EM_DIAGRAM):   CORRECTTEXT="Incorrect";
MPRINT(EM_DIAGRAM):   end;
MPRINT(EM_DIAGRAM):   run;
MPRINT(EM_DIAGRAM):    data EMWS1.Tree5_EMCLASSIFICATION;
MPRINT(EM_DIAGRAM):   set WORK.Tree5_2JYW0IL;
MPRINT(EM_DIAGRAM):   run;
MPRINT(EM_DIAGRAM):    data WORK.MISCREPORT;
MPRINT(EM_DIAGRAM):   set WORK.Tree5_2JYW0IL;
MPRINT(EM_DIAGRAM):   run;
MPRINT(EM_DIAGRAM):    data WORK.MISCREPORT(drop=INTO FROM _TYPE_);
MPRINT(EM_DIAGRAM):   set WORK.MISCREPORT;
MPRINT(EM_DIAGRAM):   length MISC $12;
MPRINT(EM_DIAGRAM):   if FROM='M' and INTO='M' then MISC='TRUEEVENT';
MPRINT(EM_DIAGRAM):   else if FROM='M' and INTO ne 'M' then MISC='FALSENEVENT';
MPRINT(EM_DIAGRAM):   else if FROM ne 'M' and INTO='M' then MISC='FALSEEVENT';
MPRINT(EM_DIAGRAM):   else if FROM ne'M' and INTO ne 'M' then MISC='TRUENEVENT';
MPRINT(EM_DIAGRAM):   run;
MPRINT(EM_DIAGRAM):   proc sort data=WORK.MISCREPORT nothreads;
MPRINT(EM_DIAGRAM):   by DATAROLE TARGET;
MPRINT(EM_DIAGRAM):   run;
MPRINT(EM_DIAGRAM):   proc summary data=WORK.MISCREPORT NWAY;
MPRINT(EM_DIAGRAM):   output out=WORK.MISCCOUNT(drop=_FREQ_ _TYPE_) SUM=COUNT;
MPRINT(EM_DIAGRAM):   CLASS MISC;
MPRINT(EM_DIAGRAM):   VAR COUNT;
MPRINT(EM_DIAGRAM):   by DATAROLE TARGET;
MPRINT(EM_DIAGRAM):   run;
MPRINT(EM_DIAGRAM):   proc transpose data=WORK.MISCCOUNT out=WORK.MISCREPORT(drop=_NAME_ _LABEL_);
MPRINT(EM_DIAGRAM):   by DATAROLE TARGET;
MPRINT(EM_DIAGRAM):   ID MISC;
MPRINT(EM_DIAGRAM):   run;
MPRINT(EM_DIAGRAM):    data EMWS1.Tree5_EMEVENTREPORT;
MPRINT(EM_DIAGRAM):   length TARGETLABEL $200;
MPRINT(EM_DIAGRAM):   label TARGETLABEL = "Target Label";
MPRINT(EM_DIAGRAM):   set WORK.MISCREPORT;
MPRINT(EM_DIAGRAM):   run;
MPRINT(EM_DIAGRAM):    data ASSESS_REPORTMETA;
MPRINT(EM_DIAGRAM):   set EMWS1.Tree5_VariableSet;
MPRINT(EM_DIAGRAM):   where REPORT='Y';
MPRINT(EM_DIAGRAM):   run;
MPRINT(EM_DIAGRAM):   filename temp catalog 'sashelp.emassmt.em_assess.source';
MPRINT(EM_DIAGRAM):   filename temp;
MPRINT(EM_DIAGRAM):    data _null_;
MPRINT(EM_DIAGRAM):   set EMWS1.Tree5_diagnosis_DM;
MPRINT(EM_DIAGRAM):   where _TYPE_="TARGET";
MPRINT(EM_DIAGRAM):   call symput('ASSMT_EVENT', strip(event));
MPRINT(EM_DIAGRAM):   run;
MPRINT(EM_DIAGRAM):   
MPRINT(EM_ASSESS):   data _ea_tmpdata;
MPRINT(EM_ASSESS):   set EM_temp_assessdata;
MPRINT(EM_ASSESS):   _tmpfreqvar_=1;
MPRINT(EM_ASSESS):   run;
MPRINT(EM_CHECKEMSETINIT):   DATA _NULL_;
MPRINT(EM_CHECKEMSETINIT):   EM_SETINIT = 'N';
MPRINT(EM_CHECKEMSETINIT):   IF SYSPROD('PRODNUM50') THEN EM_SETINIT = 'Y';
MPRINT(EM_CHECKEMSETINIT):   ELSE IF SYSPROD('PRODNUM448') THEN EM_SETINIT = 'Y';
MPRINT(EM_CHECKEMSETINIT):   ELSE IF SYSPROD('PRODNUM102') THEN EM_SETINIT = 'Y';
MPRINT(EM_CHECKEMSETINIT):   ELSE IF SYSPROD('PRODNUM103') THEN EM_SETINIT = 'Y';
MPRINT(EM_CHECKEMSETINIT):   CALL SYMPUT('EM_SETINIT', EM_SETINIT);
MPRINT(EM_CHECKEMSETINIT):   RUN;
MPRINT(EM_ASSESS):  ;
MPRINT(EM_ASSESS):   *;
MPRINT(EM_ASSESS):   * ............ Reading in reporting data set;
MPRINT(EM_ASSESS):   *;
MPRINT(EM_ASSESS):   DATA _NULL_;
MPRINT(EM_ASSESS):   SET ASSESS_REPORTMETA END = EOF;
MPRINT(EM_ASSESS):   IF TYPE = "C" OR UPCASE (LEVEL) IN ("NOMINAL", "BINARY" , "ORDINAL") THEN DO;
MPRINT(EM_ASSESS):   IF UPCASE (NAME) NE UPCASE ("F_diagnosis") THEN DO;
MPRINT(EM_ASSESS):   NUMCTOREPORT + 1;
MPRINT(EM_ASSESS):   CALL SYMPUTX ("REPORTC" || LEFT (PUT (NUMCTOREPORT, 5.)), NAME);
MPRINT(EM_ASSESS):   END;
MPRINT(EM_ASSESS):   ELSE CALL SYMPUTX ("RPRT_TRGT", "C");
MPRINT(EM_ASSESS):   END;
MPRINT(EM_ASSESS):   ELSE IF TYPE = "N" THEN DO;
MPRINT(EM_ASSESS):   IF UPCASE(NAME) NE UPCASE ("F_diagnosis") THEN DO;
MPRINT(EM_ASSESS):   NUMNTOREPORT + 1;
MPRINT(EM_ASSESS):   CALL SYMPUTX ("REPORTN" || LEFT (PUT (NUMNTOREPORT, 5.)), NAME);
MPRINT(EM_ASSESS):   END;
MPRINT(EM_ASSESS):   ELSE CALL SYMPUTX ("RPRT_TRGT", "N");
MPRINT(EM_ASSESS):   END;
MPRINT(EM_ASSESS):   IF EOF THEN DO;
MPRINT(EM_ASSESS):   CALL SYMPUTX ("NUMNTOREPORT", NUMNTOREPORT);
MPRINT(EM_ASSESS):   CALL SYMPUTX ("NUMCTOREPORT", NUMCTOREPORT);
MPRINT(EM_ASSESS):   CALL SYMPUTX ("NUMTOREPORT", SUM (NUMNTOREPORT, NUMCTOREPORT));
MPRINT(EM_ASSESS):   END;
MPRINT(EM_ASSESS):   RUN;
MPRINT(EM_ASSESS):   PROC DMDB DATA = _ea_tmpdata VAROUT = VAROUT DMDBCAT = _D CLASSOUT = _ASSMT_CLASSOUT;
MPRINT(EM_ASSESS):   CLASS F_diagnosis ;

MPRINT(EM_ASSESS):   VAR P_diagnosisM _tmpfreqvar_ ;
MPRINT(EM_ASSESS):   FREQ _tmpfreqvar_;
MPRINT(EM_ASSESS):   RUN ;
MPRINT(EM_ASSESS):   QUIT;
MPRINT(EM_ASSESS):   PROC SORT DATA = _ASSMT_CLASSOUT;
MPRINT(EM_ASSESS):   BY NAME;
MPRINT(EM_ASSESS):   RUN;
MPRINT(EM_ASSESS):   DATA _auxeventname (keep = __event__) ;
MPRINT(EM_ASSESS):   * ;
MPRINT(EM_ASSESS):   * ...FLAG0_1 = ..... TARGET IS 0, 1 & EVENT = 1;

MPRINT(EM_ASSESS):   ;
MPRINT(EM_ASSESS):   length __event__ $ 32;
MPRINT(EM_ASSESS):   RETAIN FLAG0_1 1 NUM1 . NUM0 . __event__ "_missing_" ;

MPRINT(EM_ASSESS):   SET _ASSMT_CLASSOUT END = EOF;
MPRINT(EM_ASSESS):   BY NAME;
MPRINT(EM_ASSESS):   *;
MPRINT(EM_ASSESS):   *;
MPRINT(EM_ASSESS):   * ....... LEVEL = BINARY OR NOMINAL OR ORDINAL;
MPRINT(EM_ASSESS):   *;
MPRINT(EM_ASSESS):   *;

MPRINT(EM_ASSESS):   IF UPCASE(NAME) = UPCASE ("F_diagnosis") THEN DO;
MPRINT(EM_ASSESS):   CUMFREQ + FREQUENCY;
MPRINT(EM_ASSESS):   IF LEVEL NE "." THEN DO;
MPRINT(EM_ASSESS):   N1 + 1;
MPRINT(EM_ASSESS):   IF (NRAW NE 0 AND NRAW NE 1) OR TYPE NE "N" OR "" > " " THEN FLAG0_1 = 0;
MPRINT(EM_ASSESS):   * ;
MPRINT(EM_ASSESS):   * ......................... IF EVENT NE BLANK;
MPRINT(EM_ASSESS):   * ....................LEVEL IS CHAR VAR ;
MPRINT(EM_ASSESS):   * ;
MPRINT(EM_ASSESS):   IF UPCASE("M") = UPCASE(LEVEL) THEN DO;
MPRINT(EM_ASSESS):   NUM1 = FREQUENCY;
MPRINT(EM_ASSESS):   IF TYPE = "C" THEN do;
MPRINT(EM_ASSESS):   CALL SYMPUTX ("EVENTVALUERAW", CRAW );
MPRINT(EM_ASSESS):   __event__ = craw;
MPRINT(EM_ASSESS):   end;
MPRINT(EM_ASSESS):   ELSE do;
MPRINT(EM_ASSESS):   CALL SYMPUTX ("EVENTVALUERAW", NRAW );
MPRINT(EM_ASSESS):   __event__ = nraw;
MPRINT(EM_ASSESS):   end;
MPRINT(EM_ASSESS):   END;
MPRINT(EM_ASSESS):   IF LAST.NAME THEN DO;

MPRINT(EM_ASSESS):   * ;
MPRINT(EM_ASSESS):   * .............. IN NOMINAL CASE, NEED TO GROUP ALL '0' ;
MPRINT(EM_ASSESS):   *;

MPRINT(EM_ASSESS):   NUM0 = SUM (CUMFREQ, - NUM1);
MPRINT(EM_ASSESS):   IF NUM0 < 0 THEN NUM0 = 0;
MPRINT(EM_ASSESS):   IF NUM1 = . THEN NUM1 = 0;
MPRINT(EM_ASSESS):   CALL SYMPUTX ("NUM0", NUM0 );
MPRINT(EM_ASSESS):   CALL SYMPUTX ("NUM1", NUM1);
MPRINT(EM_ASSESS):   CALL SYMPUTX ("PNUM1", NUM1 / CUMFREQ);
MPRINT(EM_ASSESS):   CALL SYMPUTX ("PNUM0", (CUMFREQ - NUM1) / CUMFREQ);
MPRINT(EM_ASSESS):   IF TYPE = "C" THEN DO;
MPRINT(EM_ASSESS):   FLAG0_1 = 0;
MPRINT(EM_ASSESS):   CALL SYMPUTX ("TARGETTYPE", "C" );
MPRINT(EM_ASSESS):   END;
MPRINT(EM_ASSESS):   ELSE IF TYPE = "N" THEN DO;
MPRINT(EM_ASSESS):   IF "" = " " THEN DO;
MPRINT(EM_ASSESS):   IF "M" NE "1" THEN FLAG0_1 = 0;
MPRINT(EM_ASSESS):   END;
MPRINT(EM_ASSESS):   CALL SYMPUTX ("TARGETTYPE", "N" );
MPRINT(EM_ASSESS):   END;
MPRINT(EM_ASSESS):   * ................... IF TYPE = N;
MPRINT(EM_ASSESS):   CALL SYMPUTX ("FLAG0_1", FLAG0_1 );
MPRINT(EM_ASSESS):   END;
MPRINT(EM_ASSESS):   * ..................IF LAST.NAME ;
MPRINT(EM_ASSESS):   END;
MPRINT(EM_ASSESS):   * ...............IF LEVEL NE '.' ;
MPRINT(EM_ASSESS):   END;
MPRINT(EM_ASSESS):   * .............. IF NAME = TARGET;
MPRINT(EM_ASSESS):   ELSE IF "" > " " AND UPCASE(NAME) = UPCASE("") THEN DO;
MPRINT(EM_ASSESS):   NUMDECISIONS + 1;
MPRINT(EM_ASSESS):   LEVEL = TRANSLATE (LEVEL, "_", "'", "_", '"');
MPRINT(EM_ASSESS):   CALL SYMPUTX ("D_LABEL" || LEFT (PUT (NUMDECISIONS, 3.)), LEVEL );
MPRINT(EM_ASSESS):   END;
MPRINT(EM_ASSESS):   * ..................... ELSE IF UPCASE;
MPRINT(EM_ASSESS):   IF EOF THEN DO;
MPRINT(EM_ASSESS):   output _auxeventname;
MPRINT(EM_ASSESS):   CALL SYMPUTX ("NUMOBS", CUMFREQ);
MPRINT(EM_ASSESS):   CALL SYMPUTX ("NUMDECISIONS", NUMDECISIONS);
MPRINT(EM_ASSESS):   END;
MPRINT(EM_ASSESS):   RUN;
MPRINT(EM_ASSESS):   DATA _NULL_;
MPRINT(EM_ASSESS):   SET VAROUT END = EOF;
MPRINT(EM_ASSESS):   IF UPCASE (NAME) = UPCASE ("P_diagnosisM") THEN DO;
MPRINT(EM_ASSESS):   IF N = 0 THEN DO;
MPRINT(EM_ASSESS):   PUT //// "          Warning: All posterior probabilities are missing values ";
MPRINT(EM_ASSESS):   PUT ///;
MPRINT(EM_ASSESS):   CALL SYMPUTX ("ALLMISS", 1);
MPRINT(EM_ASSESS):   STOP;
MPRINT(EM_ASSESS):   END;
MPRINT(EM_ASSESS):   ELSE CALL SYMPUTX ("ALLMISS", 0);
MPRINT(EM_ASSESS):   CALL SYMPUTX ("MINPROB", MIN);
MPRINT(EM_ASSESS):   CALL SYMPUTX ("MAXPROB", MAX);
MPRINT(EM_ASSESS):   CALL SYMPUTX ("DIFF", MAX - MIN);
MPRINT(EM_ASSESS):   CALL SYMPUTX ("NMISSPROB", NMISS);
MPRINT(EM_ASSESS):   END;
MPRINT(EM_ASSESS):   ELSE IF UPCASE (NAME) = UPCASE ("_tmpfreqvar_") THEN DO;
MPRINT(EM_ASSESS):   AUXMIN = MIN - INT (MIN);
MPRINT(EM_ASSESS):   AUXMAX = MAX - INT (MAX);
MPRINT(EM_ASSESS):   IF AUXMIN > 0 OR AUXMAX > 0 THEN CALL SYMPUTX ("USEWEIGHT", "Y");
MPRINT(EM_ASSESS):   ELSE CALL SYMPUTX ("USEWEIGHT", "N");
MPRINT(EM_ASSESS):   END;
MPRINT(EM_ASSESS):   RUN;
MPRINT(EM_ASSESS):   DATA _ANY0;
MPRINT(EM_ASSESS):   SET _ea_tmpdata (KEEP = F_diagnosis P_diagnosisM _tmpfreqvar_ );
MPRINT(EM_ASSESS):   *;
MPRINT(EM_ASSESS):   * ................... No Formats;
MPRINT(EM_ASSESS):   *;
MPRINT(EM_ASSESS):   IF LEFT ( F_diagnosis ) = "M" THEN NTARGET = 1;
MPRINT(EM_ASSESS):   ELSE NTARGET = 0;
MPRINT(EM_ASSESS):   RUN;
MPRINT(EM_ASSESS):   *;
MPRINT(EM_ASSESS):   * .............. Before proc summary of binary case;
MPRINT(EM_ASSESS):   *;
MPRINT(EM_ASSESS):   PROC SUMMARY DATA = _ANY0 (KEEP = P_diagnosisM NTARGET _tmpfreqvar_ WHERE = (NTARGET > . )) NWAY MISSING;
MPRINT(EM_ASSESS):   ;
MPRINT(EM_ASSESS):   CLASS P_diagnosisM ;
MPRINT(EM_ASSESS):   VAR NTARGET ;
MPRINT(EM_ASSESS):   FREQ _tmpfreqvar_ ;
MPRINT(EM_ASSESS):   OUTPUT OUT = ANYSUM (DROP = _TYPE_) MEAN = _MEANTARGET _MEANFREQVAR ;
MPRINT(EM_ASSESS):   RUN;
MPRINT(EM_ASSESS):   QUIT;
MPRINT(EM_ASSESS):   ;
MPRINT(EM_ASSESS):   *;
MPRINT(EM_ASSESS):   * .................... Main Data Set Processing, Binary case;
MPRINT(EM_ASSESS):   *;

MPRINT(EM_ASSESS):   DATA WORK._TEMPRANK (KEEP = BASECAPC BASECAP __EVENT__ BASEEVENTS BASEGAIN BASELIFT BASERESP BASERESPC BESTCAP BESTCAPC BESTGAIN BESTLIFT BESTLIFTC BESTNUMEVENTS BESTRESP BESTRESPC BIN CBASELIFT C_LIFT C_P_CAPT_RESP C_P_RESP GAIN LIFT 
MAXPROB MINPROB MNPROB NUMNONRESP NUMOBS NUMRESP PERCENTILE P_CAPT_RESP P_RESP ) WORK._TEMPSCOREDIST (KEEP = BIN LOWERPROB UPPERPROB EVENTVALUE SCR_NUMEVENTS MODELSCORE SCR_NUMNONEVENTS RANGE NUMOBSINGROUP PERCOBSINGROUP C_PERCOBSINGROUP SCR_P_EVENTS 
SCR_CP_EVENTS SCR_P_NONEVENTS SCR_CP_NONEVENTS SCR_MNPROB SCR_MINPROB SCR_MAXPROB ) ;

MPRINT(EM_ASSESS):   SET ANYSUM END = EOF;

MPRINT(EM_ASSESS):   IF _N_ = 1 THEN SET _AUXEVENTNAME;

MPRINT(EM_ASSESS):   RETAIN MINPROB1 - MINPROB20 1 MAXPROB1 - MAXPROB20 0 MNPROB1 - MNPROB20 0 NUMOBS1 - NUMOBS20 0 NUMRESP1 - NUMRESP20 0 TRUEPOS1 - TRUEPOS1000 0 TRUENEG1 - TRUENEG1000 0 FALSEPOS1 - FALSEPOS1000 0 FALSENEG1 - FALSENEG1000 0 EVENTS1 - 
EVENTS1000 NONEVENTS1 - NONEVENTS1000 0 FIRSTIN1 - FIRSTIN1000 . LASTIN1 - LASTIN1000 . RESPRATE 0.3712121212 _NEVENTS 147 _NNONEVENTS 249 TARGET "NTARGET" ;
MPRINT(EM_ASSESS):   ARRAY MINPROBS (20) MINPROB1 - MINPROB20;
MPRINT(EM_ASSESS):   ARRAY MAXPROBS (20) MAXPROB1 - MAXPROB20;
MPRINT(EM_ASSESS):   ARRAY MNPROBS (20) MNPROB1 - MNPROB20;
MPRINT(EM_ASSESS):   ARRAY NUMOBSS (20) NUMOBS1 - NUMOBS20;
MPRINT(EM_ASSESS):   ARRAY NUMRESPS (20) NUMRESP1 - NUMRESP20;
MPRINT(EM_ASSESS):   ARRAY TRUEPOSX (1000) TRUEPOS1 - TRUEPOS1000;
MPRINT(EM_ASSESS):   ARRAY FALSEPOSX (1000) FALSEPOS1 - FALSEPOS1000;
MPRINT(EM_ASSESS):   ARRAY FALSENEGX (1000) FALSENEG1 - FALSENEG1000;
MPRINT(EM_ASSESS):   ARRAY TRUENEGX (1000) TRUENEG1 - TRUENEG1000;
MPRINT(EM_ASSESS):   ARRAY _EVENTS (1000) EVENTS1 - EVENTS1000;
MPRINT(EM_ASSESS):   ARRAY NONEVENTS (1000) NONEVENTS1 - NONEVENTS1000;
MPRINT(EM_ASSESS):   ARRAY FIRSTIN (1000) FIRSTIN1 - FIRSTIN1000;
MPRINT(EM_ASSESS):   ARRAY LASTIN (1000) LASTIN1 - LASTIN1000;
MPRINT(EM_ASSESS):   RETAIN SCR_MNPROB1 - SCR_MNPROB1000 0 SCR_MINPROB1 - SCR_MINPROB1000 1 SCR_MAXPROB1 - SCR_MAXPROB1000 0;
MPRINT(EM_ASSESS):   ARRAY SCR_MNPROBS (1000) SCR_MNPROB1 - SCR_MNPROB1000;
MPRINT(EM_ASSESS):   ARRAY SCR_MINPROBS (1000) SCR_MINPROB1 - SCR_MINPROB1000;
MPRINT(EM_ASSESS):   ARRAY SCR_MAXPROBS (1000) SCR_MAXPROB1 - SCR_MAXPROB1000;
MPRINT(EM_ASSESS):   DROP SCR_MINPROB1 - SCR_MINPROB1000 SCR_MAXPROB1 - SCR_MAXPROB1000 SCR_MNPROB1 - SCR_MNPROB1000 ;
MPRINT(EM_ASSESS):   *;
MPRINT(EM_ASSESS):   * ...... Area For 8 Financials ;
MPRINT(EM_ASSESS):   *;
MPRINT(EM_ASSESS):   IF _MEANTARGET = . THEN _MEANTARGET = RESPRATE;
MPRINT(EM_ASSESS):   DROP N1 _K SUMWEIGHTS ;
MPRINT(EM_ASSESS):   SUMWEIGHTS = 1;

MPRINT(EM_ASSESS):   DO _K = 1 TO CEIL (_FREQ_);
MPRINT(EM_ASSESS):   IF _K = CEIL (_FREQ_) THEN DO;
MPRINT(EM_ASSESS):   IF _FREQ_ < CEIL (_FREQ_) THEN _WEIGHT = _FREQ_ - FLOOR (_FREQ_);
MPRINT(EM_ASSESS):   ELSE _WEIGHT = 1;
MPRINT(EM_ASSESS):   END;
MPRINT(EM_ASSESS):   ELSE _WEIGHT = 1;
MPRINT(EM_ASSESS):   N1 + _WEIGHT;
MPRINT(EM_ASSESS):   NTARGET = _MEANTARGET ;
MPRINT(EM_ASSESS):   DECILE = MIN (20, CEIL (N1 * 20 / 396));
MPRINT(EM_ASSESS):   MINPROBS ( DECILE) = MIN (MINPROBS ( DECILE), P_diagnosisM );
MPRINT(EM_ASSESS):   MAXPROBS ( DECILE) = MAX (MAXPROBS ( DECILE), P_diagnosisM );
MPRINT(EM_ASSESS):   MNPROBS ( DECILE) = SUM (MNPROBS ( DECILE), P_diagnosisM * _WEIGHT);
MPRINT(EM_ASSESS):   NUMOBSS ( DECILE) = NUMOBSS ( DECILE) + _WEIGHT;
MPRINT(EM_ASSESS):   NUMRESPS ( DECILE) = NUMRESPS ( DECILE) + _MEANTARGET * _WEIGHT;
MPRINT(EM_ASSESS):   END;
MPRINT(EM_ASSESS):   *;
MPRINT(EM_ASSESS):   * ........ outside of do loop, Area for final ROC;
MPRINT(EM_ASSESS):   *;
MPRINT(EM_ASSESS):   *;
MPRINT(EM_ASSESS):   RANKDELTA = (ROUND ( _FREQ_ ) + 1) / 2;
MPRINT(EM_ASSESS):   RANK = UNTIEDRANK + RANKDELTA;
MPRINT(EM_ASSESS):   DROP RANK ;
MPRINT(EM_ASSESS):   SUMRANK1 + RANK * ROUND (_MEANTARGET * _FREQ_, .0000001);
MPRINT(EM_ASSESS):   UNTIEDRANK + ROUND (_FREQ_, .00000001);
MPRINT(EM_ASSESS):   *;
MPRINT(EM_ASSESS):   * ............ Area For ROC Curve;
MPRINT(EM_ASSESS):   *;
MPRINT(EM_ASSESS):   DO _K = 1 TO 1000;
MPRINT(EM_ASSESS):   IF P_diagnosisM * 1000 >= _K THEN DO;
MPRINT(EM_ASSESS):   TRUEPOSX ( _K ) + _FREQ_ * _MEANTARGET ;
MPRINT(EM_ASSESS):   FALSEPOSX ( _K ) + _FREQ_ * (1 - _MEANTARGET) ;
MPRINT(EM_ASSESS):   END;
MPRINT(EM_ASSESS):   ELSE DO;
MPRINT(EM_ASSESS):   TRUENEGX ( _K ) + _FREQ_ * ( 1 - _MEANTARGET) ;
MPRINT(EM_ASSESS):   FALSENEGX ( _K ) + _FREQ_ * _MEANTARGET ;
MPRINT(EM_ASSESS):   END;
MPRINT(EM_ASSESS):   END;
MPRINT(EM_ASSESS):   SLOT = MIN (MAX (CEIL (P_diagnosisM * 100), 1), 100) ;
MPRINT(EM_ASSESS):   DROP SLOT;
MPRINT(EM_ASSESS):   FIRSTIN ( SLOT ) = MIN ( FIRSTIN ( SLOT ), P_diagnosisM);
MPRINT(EM_ASSESS):   LASTIN ( SLOT ) = MAX ( LASTIN ( SLOT ), P_diagnosisM);
MPRINT(EM_ASSESS):   _EVENTS ( SLOT) = _EVENTS ( SLOT) + _FREQ_ * _MEANTARGET;
MPRINT(EM_ASSESS):   NONEVENTS ( SLOT) = NONEVENTS ( SLOT) + _FREQ_ * (1 - _MEANTARGET);
MPRINT(EM_ASSESS):   *;
MPRINT(EM_ASSESS):   * ........ START OF OUTDIST IN BINARY CASE MAIN DATA STEP ;
MPRINT(EM_ASSESS):   *;
MPRINT(EM_ASSESS):   SCR_MNPROBS ( SLOT ) = SUM (SCR_MNPROBS (SLOT), P_diagnosisM * _FREQ_ );
MPRINT(EM_ASSESS):   SCR_MINPROBS ( SLOT ) = MIN (SCR_MINPROBS (SLOT), P_diagnosisM );
MPRINT(EM_ASSESS):   SCR_MAXPROBS ( SLOT ) = MAX (SCR_MAXPROBS (SLOT), P_diagnosisM );
MPRINT(EM_ASSESS):   *;
MPRINT(EM_ASSESS):   * ........ End of Outdist in Binary case main DATA STEP ;
MPRINT(EM_ASSESS):   *;
MPRINT(EM_ASSESS):   IF EOF THEN DO;
MPRINT(EM_ASSESS):   PUT //;
MPRINT(EM_ASSESS):   DO K = 1 TO 20;
MPRINT(EM_ASSESS):   END;
MPRINT(EM_ASSESS):   LENGTH EVENTVALUE $ 32;
MPRINT(EM_ASSESS):   RETAIN EVENTVALUE "M" ;
MPRINT(EM_ASSESS):   *;
MPRINT(EM_ASSESS):   * ......... Start of EOF area of BINARY processing of main data set ;
MPRINT(EM_ASSESS):   *;
MPRINT(EM_ASSESS):   *;
MPRINT(EM_ASSESS):   CALL SYMPUTX ("SUMRANK1", SUMRANK1);
MPRINT(EM_ASSESS):   LENGTH DATAROLE $ 10;
MPRINT(EM_ASSESS):   RETAIN DATAROLE "TRAIN" ;
MPRINT(EM_ASSESS):   RETAIN OVLMIN 0.0126582278 OVLMAX 1 ;
MPRINT(EM_ASSESS):   DROP OVLMIN OVLMAX ;
MPRINT(EM_ASSESS):   C_NUMOBS = 0;
MPRINT(EM_ASSESS):   C_NUM_RESP = 0;
MPRINT(EM_ASSESS):   C_NUM_NONRESP = 0;
MPRINT(EM_ASSESS):   C_P_RESP = 0;
MPRINT(EM_ASSESS):   P_CAPT_RESP = 0;
MPRINT(EM_ASSESS):   C_P_CAPT_RESP = 0;
MPRINT(EM_ASSESS):   PREVIOUSPROFIT = 0;
MPRINT(EM_ASSESS):   MAXPROFIT = 0;
MPRINT(EM_ASSESS):   _KS_BIN_ = 0;
MPRINT(EM_ASSESS):   DROP _KS_BIN_;
MPRINT(EM_ASSESS):   AVGNUMRESP = _NEVENTS / 20;
MPRINT(EM_ASSESS):   BASERESP = 100 * RESPRATE;
MPRINT(EM_ASSESS):   BASERESPC = BASERESP;
MPRINT(EM_ASSESS):   BASECAP = 100 / 20;
MPRINT(EM_ASSESS):   *;
MPRINT(EM_ASSESS):   * ........................Start OF Gainschart = Outranks Area;
MPRINT(EM_ASSESS):   *;
MPRINT(EM_ASSESS):   _KS_BIN_PROB = 0;
MPRINT(EM_ASSESS):   numeventwhole = floor(_NEVENTS/20);
MPRINT(EM_ASSESS):   remainevent= _NEVENTS - (numeventwhole)*20;
MPRINT(EM_ASSESS):   drop numeventwhole remainevent;
MPRINT(EM_ASSESS):   DO GROUP = 20 TO 1 BY -1;

MPRINT(EM_ASSESS):   BASECAPC + BASECAP;
MPRINT(EM_ASSESS):   PERCENTILE = GROUP * (100 / 20);
MPRINT(EM_ASSESS):   MINPROB = MINPROBS ( GROUP);
MPRINT(EM_ASSESS):   MAXPROB = MAXPROBS ( GROUP);
MPRINT(EM_ASSESS):   CALL SYMPUTX ("MINPROB" || LEFT ( PUT (GROUP, 3.)), MINPROB);
MPRINT(EM_ASSESS):   CALL SYMPUTX ("MAXPROB" || LEFT ( PUT (GROUP, 3.)), MAXPROB);
MPRINT(EM_ASSESS):   NUMOBS = NUMOBSS ( GROUP);
MPRINT(EM_ASSESS):   IF NUMOBS > 0 THEN MNPROB = MNPROBS ( GROUP) / NUMOBS;
MPRINT(EM_ASSESS):   ELSE MNPROB = .;
MPRINT(EM_ASSESS):   C_NUMOBS = SUM (NUMOBS, C_NUMOBS);
MPRINT(EM_ASSESS):   NUMRESP = NUMRESPS ( GROUP);
MPRINT(EM_ASSESS):   NUMNONRESP = NUMOBS - NUMRESP;
MPRINT(EM_ASSESS):   C_AVGNUM_RESP + AVGNUMRESP;
MPRINT(EM_ASSESS):   BASEEVENTS = numeventwhole;
MPRINT(EM_ASSESS):   if GROUP > 20-remainevent then BASEEVENTS=BASEEVENTS + 1;
MPRINT(EM_ASSESS):   IF C_NUMOBS <= _NEVENTS THEN DO;
MPRINT(EM_ASSESS):   BESTNUMEVENTS = NUMOBS;
MPRINT(EM_ASSESS):   BESTCAPC = C_NUMOBS * 100 / _NEVENTS;
MPRINT(EM_ASSESS):   END;
MPRINT(EM_ASSESS):   ELSE DO;
MPRINT(EM_ASSESS):   FLAG + 1;
MPRINT(EM_ASSESS):   DROP FLAG;
MPRINT(EM_ASSESS):   BESTNUMEVENTS = _NEVENTS - C_NUMOBS + NUMOBS;
MPRINT(EM_ASSESS):   IF FLAG > 1 THEN BESTNUMEVENTS = 0;
MPRINT(EM_ASSESS):   BESTCAPC = 100;
MPRINT(EM_ASSESS):   END;
MPRINT(EM_ASSESS):   BESTCAP = BESTNUMEVENTS * 100 / _NEVENTS;
MPRINT(EM_ASSESS):   IF C_NUMOBS <= _NEVENTS THEN DO;
MPRINT(EM_ASSESS):   BESTLIFT = ((_NEVENTS+_NNONEVENTS) / 20) /AVGNUMRESP;
MPRINT(EM_ASSESS):   END;
MPRINT(EM_ASSESS):   ELSE DO;
MPRINT(EM_ASSESS):   BESTLIFT = BESTNUMEVENTS / AVGNUMRESP;
MPRINT(EM_ASSESS):   END;
MPRINT(EM_ASSESS):   C_BESTNUMEVENTS + BESTNUMEVENTS;
MPRINT(EM_ASSESS):   DROP C_BESTNUMEVENTS;
MPRINT(EM_ASSESS):   IF C_NUMOBS > 0 THEN BESTLIFTC = C_BESTNUMEVENTS / (_NEVENTS / 396 * C_NUMOBS);
MPRINT(EM_ASSESS):   ELSE BESTLIFTC = .;
MPRINT(EM_ASSESS):   IF NUMOBS > 0 THEN DO;
MPRINT(EM_ASSESS):   BESTRESP = BESTNUMEVENTS * 100 / NUMOBS;
MPRINT(EM_ASSESS):   P_RESP = NUMRESP * 100 / NUMOBS;
MPRINT(EM_ASSESS):   P_NONRESP = NUMNONRESP * 100 / NUMOBS;
MPRINT(EM_ASSESS):   END;
MPRINT(EM_ASSESS):   ELSE DO;
MPRINT(EM_ASSESS):   BESTRESP = .;
MPRINT(EM_ASSESS):   P_RESP = .;
MPRINT(EM_ASSESS):   P_NONRESP = .;
MPRINT(EM_ASSESS):   END;
MPRINT(EM_ASSESS):   IF C_NUMOBS > 0 THEN DO;
MPRINT(EM_ASSESS):   BESTRESPC = C_BESTNUMEVENTS * 100 / C_NUMOBS;
MPRINT(EM_ASSESS):   BESTGAIN = MAX (0, ((C_BESTNUMEVENTS / C_NUMOBS ) / ( AVGNUMRESP / (396/20)) - 1) * 100);
MPRINT(EM_ASSESS):   END;
MPRINT(EM_ASSESS):   ELSE DO;
MPRINT(EM_ASSESS):   BESTRESPC = .;
MPRINT(EM_ASSESS):   BESTGAIN = .;
MPRINT(EM_ASSESS):   END;
MPRINT(EM_ASSESS):   IF NUMNONRESP > 0 THEN ODDS = NUMRESP / NUMNONRESP;
MPRINT(EM_ASSESS):   ELSE ODDS = .;
MPRINT(EM_ASSESS):   C_NUM_RESP = SUM (C_NUM_RESP , NUMRESP );
MPRINT(EM_ASSESS):   C_NUM_NONRESP = SUM (C_NUM_NONRESP, NUMNONRESP );
MPRINT(EM_ASSESS):   IF C_NUM_NONRESP > 0 THEN C_ODDS = C_NUM_RESP / C_NUM_NONRESP;
MPRINT(EM_ASSESS):   ELSE C_ODDS = .;
MPRINT(EM_ASSESS):   IF C_NUMOBS > 0 THEN DO;
MPRINT(EM_ASSESS):   C_P_RESP = C_NUM_RESP * 100 / C_NUMOBS;
MPRINT(EM_ASSESS):   GAIN = ABS(100 * (((C_NUM_RESP / C_NUMOBS ) / (_NEVENTS / 396)) - 1));
MPRINT(EM_ASSESS):   BASEGAIN = 100 * (( (C_AVGNUM_RESP /((20-GROUP+1)* 396/20) ) / ( AVGNUMRESP / (396/20))) - 1);
MPRINT(EM_ASSESS):   END;
MPRINT(EM_ASSESS):   ELSE DO;
MPRINT(EM_ASSESS):   GAIN = .;
MPRINT(EM_ASSESS):   BASEGAIN = .;
MPRINT(EM_ASSESS):   C_P_RESP = .;
MPRINT(EM_ASSESS):   END;
MPRINT(EM_ASSESS):   IF BASEGAIN <= 0 THEN BASEGAIN = 0;
MPRINT(EM_ASSESS):   P_CAPT_RESP = NUMRESP * 100 / _NEVENTS;
MPRINT(EM_ASSESS):   P_CAPT_NONRESP = NUMNONRESP * 100 / ( 396 - _NEVENTS);
MPRINT(EM_ASSESS):   C_P_CAPT_RESP = C_NUM_RESP * 100 / _NEVENTS;
MPRINT(EM_ASSESS):   C_P_CAPT_NONRESP = C_NUM_NONRESP * 100 / ( 396 - _NEVENTS);
MPRINT(EM_ASSESS):   *;
MPRINT(EM_ASSESS):   * Area For Binned KS in Outranks area;
MPRINT(EM_ASSESS):   *;
MPRINT(EM_ASSESS):   _DIFFERENCE = C_P_CAPT_RESP - C_P_CAPT_NONRESP ;
MPRINT(EM_ASSESS):   IF _KS_BIN_ < _DIFFERENCE THEN DO;
MPRINT(EM_ASSESS):   _KS_BIN_ = _DIFFERENCE;
MPRINT(EM_ASSESS):   _KS_BIN_PROB = MINPROB + (MAXPROB - MINPROB) / 2 ;
MPRINT(EM_ASSESS):   END;
MPRINT(EM_ASSESS):   LIFT = P_RESP * .01 / RESPRATE ;
MPRINT(EM_ASSESS):   C_LIFT = C_P_RESP * .01 / RESPRATE;
MPRINT(EM_ASSESS):   IF NUMOBS > 0 THEN DO;
MPRINT(EM_ASSESS):   BASELIFT = AVGNUMRESP / ( RESPRATE * 396/20 );
MPRINT(EM_ASSESS):   END;
MPRINT(EM_ASSESS):   ELSE BASELIFT = .;
MPRINT(EM_ASSESS):   IF C_NUMOBS > 0 THEN CBASELIFT = C_AVGNUM_RESP / (RESPRATE * ((20-GROUP+1)* 396/20));
MPRINT(EM_ASSESS):   ELSE CBASELIFT = .;
MPRINT(EM_ASSESS):   *;
MPRINT(EM_ASSESS):   * ........ WITHIN DO LOOP FOR OUTRANKS;
MPRINT(EM_ASSESS):   *;
MPRINT(EM_ASSESS):   BIN = 20 + 1 - GROUP;
MPRINT(EM_ASSESS):   PERCENTILE = BIN * (100 / 20);
MPRINT(EM_ASSESS):   B_C_P_RESP = PERCENTILE;
MPRINT(EM_ASSESS):   OUTPUT WORK._TEMPRANK ;
MPRINT(EM_ASSESS):   END;
MPRINT(EM_ASSESS):   *;
MPRINT(EM_ASSESS):   * ........................ END OF GAINSCHART = OUTRANKS AREA;
MPRINT(EM_ASSESS):   *;
MPRINT(EM_ASSESS):   CALL SYMPUTX ("MAXPROFITGROUP" , MAXPROFITGROUP);
MPRINT(EM_ASSESS):   CALL SYMPUTX ("MAXPROFIT" , MAXPROFIT );
MPRINT(EM_ASSESS):   KS_ABSDIFF = 0 ;
MPRINT(EM_ASSESS):   MINPRECTPR = 9999;
MPRINT(EM_ASSESS):   Y0 = 1 - RESPRATE;
MPRINT(EM_ASSESS):   Y1 = RESPRATE;
MPRINT(EM_ASSESS):   MAXMUTUAL = 0;
MPRINT(EM_ASSESS):   DROP MAXMUTUAL KSPROB Y0 Y1 KS_ABSDIFF MINPRECTPR;
MPRINT(EM_ASSESS):   *;
MPRINT(EM_ASSESS):   *;
MPRINT(EM_ASSESS):   * .....................About to start Processing Outroc ;
MPRINT(EM_ASSESS):   *;
MPRINT(EM_ASSESS):   *;
MPRINT(EM_ASSESS):   *;
MPRINT(EM_ASSESS):   *;
MPRINT(EM_ASSESS):   * ........................... Finished Processing Outroc ;
MPRINT(EM_ASSESS):   *;
MPRINT(EM_ASSESS):   *;
MPRINT(EM_ASSESS):   *;
MPRINT(EM_ASSESS):   * .............. Outdist ;
MPRINT(EM_ASSESS):   *;
MPRINT(EM_ASSESS):   BIN = 20 ;
MPRINT(EM_ASSESS):   LOWERPROB = (BIN - 1) / 20;
MPRINT(EM_ASSESS):   UPPERPROB = LOWERPROB + (1 / 20);
MPRINT(EM_ASSESS):   MODELSCORE = LOWERPROB + (1 / 20) / 2;
MPRINT(EM_ASSESS):   RANGE = COMPRESS (PUT (LOWERPROB, 4.2) || "-" || PUT (UPPERPROB, 4.2));
MPRINT(EM_ASSESS):   SCR_NUMEVENTS = SUM ( OF EVENTS96 - EVENTS100 );
MPRINT(EM_ASSESS):   SCR_P_EVENTS = SCR_NUMEVENTS * 100 / _NEVENTS;
MPRINT(EM_ASSESS):   SCR_CP_EVENTS = SUM (SCR_P_EVENTS, SCR_CP_EVENTS);
MPRINT(EM_ASSESS):   SCR_NUMNONEVENTS = SUM ( OF NONEVENTS96 - NONEVENTS100);
MPRINT(EM_ASSESS):   NUMOBSINGROUP = SUM (SCR_NUMEVENTS, SCR_NUMNONEVENTS);
MPRINT(EM_ASSESS):   IF NUMOBSINGROUP > 0 THEN SCR_MNPROB = SUM (OF SCR_MNPROB96 - SCR_MNPROB100) / NUMOBSINGROUP;
MPRINT(EM_ASSESS):   ELSE SCR_MNPROB = .;
MPRINT(EM_ASSESS):   SCR_MINPROB = MIN (OF SCR_MINPROB96 - SCR_MINPROB100) ;
MPRINT(EM_ASSESS):   SCR_MAXPROB = MAX (OF SCR_MAXPROB96 - SCR_MAXPROB100) ;
MPRINT(EM_ASSESS):   IF SCR_MINPROB = 1 THEN SCR_MINPROB = .;
MPRINT(EM_ASSESS):   IF SCR_MAXPROB = 0 THEN SCR_MAXPROB = .;
MPRINT(EM_ASSESS):   SCR_P_NONEVENTS = SCR_NUMNONEVENTS * 100 / _NNONEVENTS;
MPRINT(EM_ASSESS):   SCR_CP_NONEVENTS = SUM (SCR_P_NONEVENTS, SCR_CP_NONEVENTS);
MPRINT(EM_ASSESS):   PERCOBSINGROUP = NUMOBSINGROUP * 100 / 396;
MPRINT(EM_ASSESS):   C_PERCOBSINGROUP = SUM (C_PERCOBSINGROUP, PERCOBSINGROUP);
MPRINT(EM_ASSESS):   CALL SYMPUTX ("SCR_MINPROB" || LEFT (PUT (BIN, 3.)), LOWERPROB);
MPRINT(EM_ASSESS):   CALL SYMPUTX ("SCR_MAXPROB" || LEFT (PUT (BIN, 3.)), UPPERPROB);
MPRINT(EM_ASSESS):   BIN = 20 + 1 - 20;
MPRINT(EM_ASSESS):   OUTPUT WORK._TEMPSCOREDIST;
MPRINT(EM_ASSESS):   BIN = 19 ;
MPRINT(EM_ASSESS):   LOWERPROB = (BIN - 1) / 20;
MPRINT(EM_ASSESS):   UPPERPROB = LOWERPROB + (1 / 20);
MPRINT(EM_ASSESS):   MODELSCORE = LOWERPROB + (1 / 20) / 2;
MPRINT(EM_ASSESS):   RANGE = COMPRESS (PUT (LOWERPROB, 4.2) || "-" || PUT (UPPERPROB, 4.2));
MPRINT(EM_ASSESS):   SCR_NUMEVENTS = SUM ( OF EVENTS91 - EVENTS95 );
MPRINT(EM_ASSESS):   SCR_P_EVENTS = SCR_NUMEVENTS * 100 / _NEVENTS;
MPRINT(EM_ASSESS):   SCR_CP_EVENTS = SUM (SCR_P_EVENTS, SCR_CP_EVENTS);
MPRINT(EM_ASSESS):   SCR_NUMNONEVENTS = SUM ( OF NONEVENTS91 - NONEVENTS95);
MPRINT(EM_ASSESS):   NUMOBSINGROUP = SUM (SCR_NUMEVENTS, SCR_NUMNONEVENTS);
MPRINT(EM_ASSESS):   IF NUMOBSINGROUP > 0 THEN SCR_MNPROB = SUM (OF SCR_MNPROB91 - SCR_MNPROB95) / NUMOBSINGROUP;
MPRINT(EM_ASSESS):   ELSE SCR_MNPROB = .;
MPRINT(EM_ASSESS):   SCR_MINPROB = MIN (OF SCR_MINPROB91 - SCR_MINPROB95) ;
MPRINT(EM_ASSESS):   SCR_MAXPROB = MAX (OF SCR_MAXPROB91 - SCR_MAXPROB95) ;
MPRINT(EM_ASSESS):   IF SCR_MINPROB = 1 THEN SCR_MINPROB = .;
MPRINT(EM_ASSESS):   IF SCR_MAXPROB = 0 THEN SCR_MAXPROB = .;
MPRINT(EM_ASSESS):   SCR_P_NONEVENTS = SCR_NUMNONEVENTS * 100 / _NNONEVENTS;
MPRINT(EM_ASSESS):   SCR_CP_NONEVENTS = SUM (SCR_P_NONEVENTS, SCR_CP_NONEVENTS);
MPRINT(EM_ASSESS):   PERCOBSINGROUP = NUMOBSINGROUP * 100 / 396;
MPRINT(EM_ASSESS):   C_PERCOBSINGROUP = SUM (C_PERCOBSINGROUP, PERCOBSINGROUP);
MPRINT(EM_ASSESS):   CALL SYMPUTX ("SCR_MINPROB" || LEFT (PUT (BIN, 3.)), LOWERPROB);
MPRINT(EM_ASSESS):   CALL SYMPUTX ("SCR_MAXPROB" || LEFT (PUT (BIN, 3.)), UPPERPROB);
MPRINT(EM_ASSESS):   BIN = 20 + 1 - 19;
MPRINT(EM_ASSESS):   OUTPUT WORK._TEMPSCOREDIST;
MPRINT(EM_ASSESS):   BIN = 18 ;
MPRINT(EM_ASSESS):   LOWERPROB = (BIN - 1) / 20;
MPRINT(EM_ASSESS):   UPPERPROB = LOWERPROB + (1 / 20);
MPRINT(EM_ASSESS):   MODELSCORE = LOWERPROB + (1 / 20) / 2;
MPRINT(EM_ASSESS):   RANGE = COMPRESS (PUT (LOWERPROB, 4.2) || "-" || PUT (UPPERPROB, 4.2));
MPRINT(EM_ASSESS):   SCR_NUMEVENTS = SUM ( OF EVENTS86 - EVENTS90 );
MPRINT(EM_ASSESS):   SCR_P_EVENTS = SCR_NUMEVENTS * 100 / _NEVENTS;
MPRINT(EM_ASSESS):   SCR_CP_EVENTS = SUM (SCR_P_EVENTS, SCR_CP_EVENTS);
MPRINT(EM_ASSESS):   SCR_NUMNONEVENTS = SUM ( OF NONEVENTS86 - NONEVENTS90);
MPRINT(EM_ASSESS):   NUMOBSINGROUP = SUM (SCR_NUMEVENTS, SCR_NUMNONEVENTS);
MPRINT(EM_ASSESS):   IF NUMOBSINGROUP > 0 THEN SCR_MNPROB = SUM (OF SCR_MNPROB86 - SCR_MNPROB90) / NUMOBSINGROUP;
MPRINT(EM_ASSESS):   ELSE SCR_MNPROB = .;
MPRINT(EM_ASSESS):   SCR_MINPROB = MIN (OF SCR_MINPROB86 - SCR_MINPROB90) ;
MPRINT(EM_ASSESS):   SCR_MAXPROB = MAX (OF SCR_MAXPROB86 - SCR_MAXPROB90) ;
MPRINT(EM_ASSESS):   IF SCR_MINPROB = 1 THEN SCR_MINPROB = .;
MPRINT(EM_ASSESS):   IF SCR_MAXPROB = 0 THEN SCR_MAXPROB = .;
MPRINT(EM_ASSESS):   SCR_P_NONEVENTS = SCR_NUMNONEVENTS * 100 / _NNONEVENTS;
MPRINT(EM_ASSESS):   SCR_CP_NONEVENTS = SUM (SCR_P_NONEVENTS, SCR_CP_NONEVENTS);
MPRINT(EM_ASSESS):   PERCOBSINGROUP = NUMOBSINGROUP * 100 / 396;
MPRINT(EM_ASSESS):   C_PERCOBSINGROUP = SUM (C_PERCOBSINGROUP, PERCOBSINGROUP);
MPRINT(EM_ASSESS):   CALL SYMPUTX ("SCR_MINPROB" || LEFT (PUT (BIN, 3.)), LOWERPROB);
MPRINT(EM_ASSESS):   CALL SYMPUTX ("SCR_MAXPROB" || LEFT (PUT (BIN, 3.)), UPPERPROB);
MPRINT(EM_ASSESS):   BIN = 20 + 1 - 18;
MPRINT(EM_ASSESS):   OUTPUT WORK._TEMPSCOREDIST;
MPRINT(EM_ASSESS):   BIN = 17 ;
MPRINT(EM_ASSESS):   LOWERPROB = (BIN - 1) / 20;
MPRINT(EM_ASSESS):   UPPERPROB = LOWERPROB + (1 / 20);
MPRINT(EM_ASSESS):   MODELSCORE = LOWERPROB + (1 / 20) / 2;
MPRINT(EM_ASSESS):   RANGE = COMPRESS (PUT (LOWERPROB, 4.2) || "-" || PUT (UPPERPROB, 4.2));
MPRINT(EM_ASSESS):   SCR_NUMEVENTS = SUM ( OF EVENTS81 - EVENTS85 );
MPRINT(EM_ASSESS):   SCR_P_EVENTS = SCR_NUMEVENTS * 100 / _NEVENTS;
MPRINT(EM_ASSESS):   SCR_CP_EVENTS = SUM (SCR_P_EVENTS, SCR_CP_EVENTS);
MPRINT(EM_ASSESS):   SCR_NUMNONEVENTS = SUM ( OF NONEVENTS81 - NONEVENTS85);
MPRINT(EM_ASSESS):   NUMOBSINGROUP = SUM (SCR_NUMEVENTS, SCR_NUMNONEVENTS);
MPRINT(EM_ASSESS):   IF NUMOBSINGROUP > 0 THEN SCR_MNPROB = SUM (OF SCR_MNPROB81 - SCR_MNPROB85) / NUMOBSINGROUP;
MPRINT(EM_ASSESS):   ELSE SCR_MNPROB = .;
MPRINT(EM_ASSESS):   SCR_MINPROB = MIN (OF SCR_MINPROB81 - SCR_MINPROB85) ;
MPRINT(EM_ASSESS):   SCR_MAXPROB = MAX (OF SCR_MAXPROB81 - SCR_MAXPROB85) ;
MPRINT(EM_ASSESS):   IF SCR_MINPROB = 1 THEN SCR_MINPROB = .;
MPRINT(EM_ASSESS):   IF SCR_MAXPROB = 0 THEN SCR_MAXPROB = .;
MPRINT(EM_ASSESS):   SCR_P_NONEVENTS = SCR_NUMNONEVENTS * 100 / _NNONEVENTS;
MPRINT(EM_ASSESS):   SCR_CP_NONEVENTS = SUM (SCR_P_NONEVENTS, SCR_CP_NONEVENTS);
MPRINT(EM_ASSESS):   PERCOBSINGROUP = NUMOBSINGROUP * 100 / 396;
MPRINT(EM_ASSESS):   C_PERCOBSINGROUP = SUM (C_PERCOBSINGROUP, PERCOBSINGROUP);
MPRINT(EM_ASSESS):   CALL SYMPUTX ("SCR_MINPROB" || LEFT (PUT (BIN, 3.)), LOWERPROB);
MPRINT(EM_ASSESS):   CALL SYMPUTX ("SCR_MAXPROB" || LEFT (PUT (BIN, 3.)), UPPERPROB);
MPRINT(EM_ASSESS):   BIN = 20 + 1 - 17;
MPRINT(EM_ASSESS):   OUTPUT WORK._TEMPSCOREDIST;
MPRINT(EM_ASSESS):   BIN = 16 ;
MPRINT(EM_ASSESS):   LOWERPROB = (BIN - 1) / 20;
MPRINT(EM_ASSESS):   UPPERPROB = LOWERPROB + (1 / 20);
MPRINT(EM_ASSESS):   MODELSCORE = LOWERPROB + (1 / 20) / 2;
MPRINT(EM_ASSESS):   RANGE = COMPRESS (PUT (LOWERPROB, 4.2) || "-" || PUT (UPPERPROB, 4.2));
MPRINT(EM_ASSESS):   SCR_NUMEVENTS = SUM ( OF EVENTS76 - EVENTS80 );
MPRINT(EM_ASSESS):   SCR_P_EVENTS = SCR_NUMEVENTS * 100 / _NEVENTS;
MPRINT(EM_ASSESS):   SCR_CP_EVENTS = SUM (SCR_P_EVENTS, SCR_CP_EVENTS);
MPRINT(EM_ASSESS):   SCR_NUMNONEVENTS = SUM ( OF NONEVENTS76 - NONEVENTS80);
MPRINT(EM_ASSESS):   NUMOBSINGROUP = SUM (SCR_NUMEVENTS, SCR_NUMNONEVENTS);
MPRINT(EM_ASSESS):   IF NUMOBSINGROUP > 0 THEN SCR_MNPROB = SUM (OF SCR_MNPROB76 - SCR_MNPROB80) / NUMOBSINGROUP;
MPRINT(EM_ASSESS):   ELSE SCR_MNPROB = .;
MPRINT(EM_ASSESS):   SCR_MINPROB = MIN (OF SCR_MINPROB76 - SCR_MINPROB80) ;
MPRINT(EM_ASSESS):   SCR_MAXPROB = MAX (OF SCR_MAXPROB76 - SCR_MAXPROB80) ;
MPRINT(EM_ASSESS):   IF SCR_MINPROB = 1 THEN SCR_MINPROB = .;
MPRINT(EM_ASSESS):   IF SCR_MAXPROB = 0 THEN SCR_MAXPROB = .;
MPRINT(EM_ASSESS):   SCR_P_NONEVENTS = SCR_NUMNONEVENTS * 100 / _NNONEVENTS;
MPRINT(EM_ASSESS):   SCR_CP_NONEVENTS = SUM (SCR_P_NONEVENTS, SCR_CP_NONEVENTS);
MPRINT(EM_ASSESS):   PERCOBSINGROUP = NUMOBSINGROUP * 100 / 396;
MPRINT(EM_ASSESS):   C_PERCOBSINGROUP = SUM (C_PERCOBSINGROUP, PERCOBSINGROUP);
MPRINT(EM_ASSESS):   CALL SYMPUTX ("SCR_MINPROB" || LEFT (PUT (BIN, 3.)), LOWERPROB);
MPRINT(EM_ASSESS):   CALL SYMPUTX ("SCR_MAXPROB" || LEFT (PUT (BIN, 3.)), UPPERPROB);
MPRINT(EM_ASSESS):   BIN = 20 + 1 - 16;
MPRINT(EM_ASSESS):   OUTPUT WORK._TEMPSCOREDIST;
MPRINT(EM_ASSESS):   BIN = 15 ;
MPRINT(EM_ASSESS):   LOWERPROB = (BIN - 1) / 20;
MPRINT(EM_ASSESS):   UPPERPROB = LOWERPROB + (1 / 20);
MPRINT(EM_ASSESS):   MODELSCORE = LOWERPROB + (1 / 20) / 2;
MPRINT(EM_ASSESS):   RANGE = COMPRESS (PUT (LOWERPROB, 4.2) || "-" || PUT (UPPERPROB, 4.2));
MPRINT(EM_ASSESS):   SCR_NUMEVENTS = SUM ( OF EVENTS71 - EVENTS75 );
MPRINT(EM_ASSESS):   SCR_P_EVENTS = SCR_NUMEVENTS * 100 / _NEVENTS;
MPRINT(EM_ASSESS):   SCR_CP_EVENTS = SUM (SCR_P_EVENTS, SCR_CP_EVENTS);
MPRINT(EM_ASSESS):   SCR_NUMNONEVENTS = SUM ( OF NONEVENTS71 - NONEVENTS75);
MPRINT(EM_ASSESS):   NUMOBSINGROUP = SUM (SCR_NUMEVENTS, SCR_NUMNONEVENTS);
MPRINT(EM_ASSESS):   IF NUMOBSINGROUP > 0 THEN SCR_MNPROB = SUM (OF SCR_MNPROB71 - SCR_MNPROB75) / NUMOBSINGROUP;
MPRINT(EM_ASSESS):   ELSE SCR_MNPROB = .;
MPRINT(EM_ASSESS):   SCR_MINPROB = MIN (OF SCR_MINPROB71 - SCR_MINPROB75) ;
MPRINT(EM_ASSESS):   SCR_MAXPROB = MAX (OF SCR_MAXPROB71 - SCR_MAXPROB75) ;
MPRINT(EM_ASSESS):   IF SCR_MINPROB = 1 THEN SCR_MINPROB = .;
MPRINT(EM_ASSESS):   IF SCR_MAXPROB = 0 THEN SCR_MAXPROB = .;
MPRINT(EM_ASSESS):   SCR_P_NONEVENTS = SCR_NUMNONEVENTS * 100 / _NNONEVENTS;
MPRINT(EM_ASSESS):   SCR_CP_NONEVENTS = SUM (SCR_P_NONEVENTS, SCR_CP_NONEVENTS);
MPRINT(EM_ASSESS):   PERCOBSINGROUP = NUMOBSINGROUP * 100 / 396;
MPRINT(EM_ASSESS):   C_PERCOBSINGROUP = SUM (C_PERCOBSINGROUP, PERCOBSINGROUP);
MPRINT(EM_ASSESS):   CALL SYMPUTX ("SCR_MINPROB" || LEFT (PUT (BIN, 3.)), LOWERPROB);
MPRINT(EM_ASSESS):   CALL SYMPUTX ("SCR_MAXPROB" || LEFT (PUT (BIN, 3.)), UPPERPROB);
MPRINT(EM_ASSESS):   BIN = 20 + 1 - 15;
MPRINT(EM_ASSESS):   OUTPUT WORK._TEMPSCOREDIST;
MPRINT(EM_ASSESS):   BIN = 14 ;
MPRINT(EM_ASSESS):   LOWERPROB = (BIN - 1) / 20;
MPRINT(EM_ASSESS):   UPPERPROB = LOWERPROB + (1 / 20);
MPRINT(EM_ASSESS):   MODELSCORE = LOWERPROB + (1 / 20) / 2;
MPRINT(EM_ASSESS):   RANGE = COMPRESS (PUT (LOWERPROB, 4.2) || "-" || PUT (UPPERPROB, 4.2));
MPRINT(EM_ASSESS):   SCR_NUMEVENTS = SUM ( OF EVENTS66 - EVENTS70 );
MPRINT(EM_ASSESS):   SCR_P_EVENTS = SCR_NUMEVENTS * 100 / _NEVENTS;
MPRINT(EM_ASSESS):   SCR_CP_EVENTS = SUM (SCR_P_EVENTS, SCR_CP_EVENTS);
MPRINT(EM_ASSESS):   SCR_NUMNONEVENTS = SUM ( OF NONEVENTS66 - NONEVENTS70);
MPRINT(EM_ASSESS):   NUMOBSINGROUP = SUM (SCR_NUMEVENTS, SCR_NUMNONEVENTS);
MPRINT(EM_ASSESS):   IF NUMOBSINGROUP > 0 THEN SCR_MNPROB = SUM (OF SCR_MNPROB66 - SCR_MNPROB70) / NUMOBSINGROUP;
MPRINT(EM_ASSESS):   ELSE SCR_MNPROB = .;
MPRINT(EM_ASSESS):   SCR_MINPROB = MIN (OF SCR_MINPROB66 - SCR_MINPROB70) ;
MPRINT(EM_ASSESS):   SCR_MAXPROB = MAX (OF SCR_MAXPROB66 - SCR_MAXPROB70) ;
MPRINT(EM_ASSESS):   IF SCR_MINPROB = 1 THEN SCR_MINPROB = .;
MPRINT(EM_ASSESS):   IF SCR_MAXPROB = 0 THEN SCR_MAXPROB = .;
MPRINT(EM_ASSESS):   SCR_P_NONEVENTS = SCR_NUMNONEVENTS * 100 / _NNONEVENTS;
MPRINT(EM_ASSESS):   SCR_CP_NONEVENTS = SUM (SCR_P_NONEVENTS, SCR_CP_NONEVENTS);
MPRINT(EM_ASSESS):   PERCOBSINGROUP = NUMOBSINGROUP * 100 / 396;
MPRINT(EM_ASSESS):   C_PERCOBSINGROUP = SUM (C_PERCOBSINGROUP, PERCOBSINGROUP);
MPRINT(EM_ASSESS):   CALL SYMPUTX ("SCR_MINPROB" || LEFT (PUT (BIN, 3.)), LOWERPROB);
MPRINT(EM_ASSESS):   CALL SYMPUTX ("SCR_MAXPROB" || LEFT (PUT (BIN, 3.)), UPPERPROB);
MPRINT(EM_ASSESS):   BIN = 20 + 1 - 14;
MPRINT(EM_ASSESS):   OUTPUT WORK._TEMPSCOREDIST;
MPRINT(EM_ASSESS):   BIN = 13 ;
MPRINT(EM_ASSESS):   LOWERPROB = (BIN - 1) / 20;
MPRINT(EM_ASSESS):   UPPERPROB = LOWERPROB + (1 / 20);
MPRINT(EM_ASSESS):   MODELSCORE = LOWERPROB + (1 / 20) / 2;
MPRINT(EM_ASSESS):   RANGE = COMPRESS (PUT (LOWERPROB, 4.2) || "-" || PUT (UPPERPROB, 4.2));
MPRINT(EM_ASSESS):   SCR_NUMEVENTS = SUM ( OF EVENTS61 - EVENTS65 );
MPRINT(EM_ASSESS):   SCR_P_EVENTS = SCR_NUMEVENTS * 100 / _NEVENTS;
MPRINT(EM_ASSESS):   SCR_CP_EVENTS = SUM (SCR_P_EVENTS, SCR_CP_EVENTS);
MPRINT(EM_ASSESS):   SCR_NUMNONEVENTS = SUM ( OF NONEVENTS61 - NONEVENTS65);
MPRINT(EM_ASSESS):   NUMOBSINGROUP = SUM (SCR_NUMEVENTS, SCR_NUMNONEVENTS);
MPRINT(EM_ASSESS):   IF NUMOBSINGROUP > 0 THEN SCR_MNPROB = SUM (OF SCR_MNPROB61 - SCR_MNPROB65) / NUMOBSINGROUP;
MPRINT(EM_ASSESS):   ELSE SCR_MNPROB = .;
MPRINT(EM_ASSESS):   SCR_MINPROB = MIN (OF SCR_MINPROB61 - SCR_MINPROB65) ;
MPRINT(EM_ASSESS):   SCR_MAXPROB = MAX (OF SCR_MAXPROB61 - SCR_MAXPROB65) ;
MPRINT(EM_ASSESS):   IF SCR_MINPROB = 1 THEN SCR_MINPROB = .;
MPRINT(EM_ASSESS):   IF SCR_MAXPROB = 0 THEN SCR_MAXPROB = .;
MPRINT(EM_ASSESS):   SCR_P_NONEVENTS = SCR_NUMNONEVENTS * 100 / _NNONEVENTS;
MPRINT(EM_ASSESS):   SCR_CP_NONEVENTS = SUM (SCR_P_NONEVENTS, SCR_CP_NONEVENTS);
MPRINT(EM_ASSESS):   PERCOBSINGROUP = NUMOBSINGROUP * 100 / 396;
MPRINT(EM_ASSESS):   C_PERCOBSINGROUP = SUM (C_PERCOBSINGROUP, PERCOBSINGROUP);
MPRINT(EM_ASSESS):   CALL SYMPUTX ("SCR_MINPROB" || LEFT (PUT (BIN, 3.)), LOWERPROB);
MPRINT(EM_ASSESS):   CALL SYMPUTX ("SCR_MAXPROB" || LEFT (PUT (BIN, 3.)), UPPERPROB);
MPRINT(EM_ASSESS):   BIN = 20 + 1 - 13;
MPRINT(EM_ASSESS):   OUTPUT WORK._TEMPSCOREDIST;
MPRINT(EM_ASSESS):   BIN = 12 ;
MPRINT(EM_ASSESS):   LOWERPROB = (BIN - 1) / 20;
MPRINT(EM_ASSESS):   UPPERPROB = LOWERPROB + (1 / 20);
MPRINT(EM_ASSESS):   MODELSCORE = LOWERPROB + (1 / 20) / 2;
MPRINT(EM_ASSESS):   RANGE = COMPRESS (PUT (LOWERPROB, 4.2) || "-" || PUT (UPPERPROB, 4.2));
MPRINT(EM_ASSESS):   SCR_NUMEVENTS = SUM ( OF EVENTS56 - EVENTS60 );
MPRINT(EM_ASSESS):   SCR_P_EVENTS = SCR_NUMEVENTS * 100 / _NEVENTS;
MPRINT(EM_ASSESS):   SCR_CP_EVENTS = SUM (SCR_P_EVENTS, SCR_CP_EVENTS);
MPRINT(EM_ASSESS):   SCR_NUMNONEVENTS = SUM ( OF NONEVENTS56 - NONEVENTS60);
MPRINT(EM_ASSESS):   NUMOBSINGROUP = SUM (SCR_NUMEVENTS, SCR_NUMNONEVENTS);
MPRINT(EM_ASSESS):   IF NUMOBSINGROUP > 0 THEN SCR_MNPROB = SUM (OF SCR_MNPROB56 - SCR_MNPROB60) / NUMOBSINGROUP;
MPRINT(EM_ASSESS):   ELSE SCR_MNPROB = .;
MPRINT(EM_ASSESS):   SCR_MINPROB = MIN (OF SCR_MINPROB56 - SCR_MINPROB60) ;
MPRINT(EM_ASSESS):   SCR_MAXPROB = MAX (OF SCR_MAXPROB56 - SCR_MAXPROB60) ;
MPRINT(EM_ASSESS):   IF SCR_MINPROB = 1 THEN SCR_MINPROB = .;
MPRINT(EM_ASSESS):   IF SCR_MAXPROB = 0 THEN SCR_MAXPROB = .;
MPRINT(EM_ASSESS):   SCR_P_NONEVENTS = SCR_NUMNONEVENTS * 100 / _NNONEVENTS;
MPRINT(EM_ASSESS):   SCR_CP_NONEVENTS = SUM (SCR_P_NONEVENTS, SCR_CP_NONEVENTS);
MPRINT(EM_ASSESS):   PERCOBSINGROUP = NUMOBSINGROUP * 100 / 396;
MPRINT(EM_ASSESS):   C_PERCOBSINGROUP = SUM (C_PERCOBSINGROUP, PERCOBSINGROUP);
MPRINT(EM_ASSESS):   CALL SYMPUTX ("SCR_MINPROB" || LEFT (PUT (BIN, 3.)), LOWERPROB);
MPRINT(EM_ASSESS):   CALL SYMPUTX ("SCR_MAXPROB" || LEFT (PUT (BIN, 3.)), UPPERPROB);
MPRINT(EM_ASSESS):   BIN = 20 + 1 - 12;
MPRINT(EM_ASSESS):   OUTPUT WORK._TEMPSCOREDIST;
MPRINT(EM_ASSESS):   BIN = 11 ;
MPRINT(EM_ASSESS):   LOWERPROB = (BIN - 1) / 20;
MPRINT(EM_ASSESS):   UPPERPROB = LOWERPROB + (1 / 20);
MPRINT(EM_ASSESS):   MODELSCORE = LOWERPROB + (1 / 20) / 2;
MPRINT(EM_ASSESS):   RANGE = COMPRESS (PUT (LOWERPROB, 4.2) || "-" || PUT (UPPERPROB, 4.2));
MPRINT(EM_ASSESS):   SCR_NUMEVENTS = SUM ( OF EVENTS51 - EVENTS55 );
MPRINT(EM_ASSESS):   SCR_P_EVENTS = SCR_NUMEVENTS * 100 / _NEVENTS;
MPRINT(EM_ASSESS):   SCR_CP_EVENTS = SUM (SCR_P_EVENTS, SCR_CP_EVENTS);
MPRINT(EM_ASSESS):   SCR_NUMNONEVENTS = SUM ( OF NONEVENTS51 - NONEVENTS55);
MPRINT(EM_ASSESS):   NUMOBSINGROUP = SUM (SCR_NUMEVENTS, SCR_NUMNONEVENTS);
MPRINT(EM_ASSESS):   IF NUMOBSINGROUP > 0 THEN SCR_MNPROB = SUM (OF SCR_MNPROB51 - SCR_MNPROB55) / NUMOBSINGROUP;
MPRINT(EM_ASSESS):   ELSE SCR_MNPROB = .;
MPRINT(EM_ASSESS):   SCR_MINPROB = MIN (OF SCR_MINPROB51 - SCR_MINPROB55) ;
MPRINT(EM_ASSESS):   SCR_MAXPROB = MAX (OF SCR_MAXPROB51 - SCR_MAXPROB55) ;
MPRINT(EM_ASSESS):   IF SCR_MINPROB = 1 THEN SCR_MINPROB = .;
MPRINT(EM_ASSESS):   IF SCR_MAXPROB = 0 THEN SCR_MAXPROB = .;
MPRINT(EM_ASSESS):   SCR_P_NONEVENTS = SCR_NUMNONEVENTS * 100 / _NNONEVENTS;
MPRINT(EM_ASSESS):   SCR_CP_NONEVENTS = SUM (SCR_P_NONEVENTS, SCR_CP_NONEVENTS);
MPRINT(EM_ASSESS):   PERCOBSINGROUP = NUMOBSINGROUP * 100 / 396;
MPRINT(EM_ASSESS):   C_PERCOBSINGROUP = SUM (C_PERCOBSINGROUP, PERCOBSINGROUP);
MPRINT(EM_ASSESS):   CALL SYMPUTX ("SCR_MINPROB" || LEFT (PUT (BIN, 3.)), LOWERPROB);
MPRINT(EM_ASSESS):   CALL SYMPUTX ("SCR_MAXPROB" || LEFT (PUT (BIN, 3.)), UPPERPROB);
MPRINT(EM_ASSESS):   BIN = 20 + 1 - 11;
MPRINT(EM_ASSESS):   OUTPUT WORK._TEMPSCOREDIST;
MPRINT(EM_ASSESS):   BIN = 10 ;
MPRINT(EM_ASSESS):   LOWERPROB = (BIN - 1) / 20;
MPRINT(EM_ASSESS):   UPPERPROB = LOWERPROB + (1 / 20);
MPRINT(EM_ASSESS):   MODELSCORE = LOWERPROB + (1 / 20) / 2;
MPRINT(EM_ASSESS):   RANGE = COMPRESS (PUT (LOWERPROB, 4.2) || "-" || PUT (UPPERPROB, 4.2));
MPRINT(EM_ASSESS):   SCR_NUMEVENTS = SUM ( OF EVENTS46 - EVENTS50 );
MPRINT(EM_ASSESS):   SCR_P_EVENTS = SCR_NUMEVENTS * 100 / _NEVENTS;
MPRINT(EM_ASSESS):   SCR_CP_EVENTS = SUM (SCR_P_EVENTS, SCR_CP_EVENTS);
MPRINT(EM_ASSESS):   SCR_NUMNONEVENTS = SUM ( OF NONEVENTS46 - NONEVENTS50);
MPRINT(EM_ASSESS):   NUMOBSINGROUP = SUM (SCR_NUMEVENTS, SCR_NUMNONEVENTS);
MPRINT(EM_ASSESS):   IF NUMOBSINGROUP > 0 THEN SCR_MNPROB = SUM (OF SCR_MNPROB46 - SCR_MNPROB50) / NUMOBSINGROUP;
MPRINT(EM_ASSESS):   ELSE SCR_MNPROB = .;
MPRINT(EM_ASSESS):   SCR_MINPROB = MIN (OF SCR_MINPROB46 - SCR_MINPROB50) ;
MPRINT(EM_ASSESS):   SCR_MAXPROB = MAX (OF SCR_MAXPROB46 - SCR_MAXPROB50) ;
MPRINT(EM_ASSESS):   IF SCR_MINPROB = 1 THEN SCR_MINPROB = .;
MPRINT(EM_ASSESS):   IF SCR_MAXPROB = 0 THEN SCR_MAXPROB = .;
MPRINT(EM_ASSESS):   SCR_P_NONEVENTS = SCR_NUMNONEVENTS * 100 / _NNONEVENTS;
MPRINT(EM_ASSESS):   SCR_CP_NONEVENTS = SUM (SCR_P_NONEVENTS, SCR_CP_NONEVENTS);
MPRINT(EM_ASSESS):   PERCOBSINGROUP = NUMOBSINGROUP * 100 / 396;
MPRINT(EM_ASSESS):   C_PERCOBSINGROUP = SUM (C_PERCOBSINGROUP, PERCOBSINGROUP);
MPRINT(EM_ASSESS):   CALL SYMPUTX ("SCR_MINPROB" || LEFT (PUT (BIN, 3.)), LOWERPROB);
MPRINT(EM_ASSESS):   CALL SYMPUTX ("SCR_MAXPROB" || LEFT (PUT (BIN, 3.)), UPPERPROB);
MPRINT(EM_ASSESS):   BIN = 20 + 1 - 10;
MPRINT(EM_ASSESS):   OUTPUT WORK._TEMPSCOREDIST;
MPRINT(EM_ASSESS):   BIN = 9 ;
MPRINT(EM_ASSESS):   LOWERPROB = (BIN - 1) / 20;
MPRINT(EM_ASSESS):   UPPERPROB = LOWERPROB + (1 / 20);
MPRINT(EM_ASSESS):   MODELSCORE = LOWERPROB + (1 / 20) / 2;
MPRINT(EM_ASSESS):   RANGE = COMPRESS (PUT (LOWERPROB, 4.2) || "-" || PUT (UPPERPROB, 4.2));
MPRINT(EM_ASSESS):   SCR_NUMEVENTS = SUM ( OF EVENTS41 - EVENTS45 );
MPRINT(EM_ASSESS):   SCR_P_EVENTS = SCR_NUMEVENTS * 100 / _NEVENTS;
MPRINT(EM_ASSESS):   SCR_CP_EVENTS = SUM (SCR_P_EVENTS, SCR_CP_EVENTS);
MPRINT(EM_ASSESS):   SCR_NUMNONEVENTS = SUM ( OF NONEVENTS41 - NONEVENTS45);
MPRINT(EM_ASSESS):   NUMOBSINGROUP = SUM (SCR_NUMEVENTS, SCR_NUMNONEVENTS);
MPRINT(EM_ASSESS):   IF NUMOBSINGROUP > 0 THEN SCR_MNPROB = SUM (OF SCR_MNPROB41 - SCR_MNPROB45) / NUMOBSINGROUP;
MPRINT(EM_ASSESS):   ELSE SCR_MNPROB = .;
MPRINT(EM_ASSESS):   SCR_MINPROB = MIN (OF SCR_MINPROB41 - SCR_MINPROB45) ;
MPRINT(EM_ASSESS):   SCR_MAXPROB = MAX (OF SCR_MAXPROB41 - SCR_MAXPROB45) ;
MPRINT(EM_ASSESS):   IF SCR_MINPROB = 1 THEN SCR_MINPROB = .;
MPRINT(EM_ASSESS):   IF SCR_MAXPROB = 0 THEN SCR_MAXPROB = .;
MPRINT(EM_ASSESS):   SCR_P_NONEVENTS = SCR_NUMNONEVENTS * 100 / _NNONEVENTS;
MPRINT(EM_ASSESS):   SCR_CP_NONEVENTS = SUM (SCR_P_NONEVENTS, SCR_CP_NONEVENTS);
MPRINT(EM_ASSESS):   PERCOBSINGROUP = NUMOBSINGROUP * 100 / 396;
MPRINT(EM_ASSESS):   C_PERCOBSINGROUP = SUM (C_PERCOBSINGROUP, PERCOBSINGROUP);
MPRINT(EM_ASSESS):   CALL SYMPUTX ("SCR_MINPROB" || LEFT (PUT (BIN, 3.)), LOWERPROB);
MPRINT(EM_ASSESS):   CALL SYMPUTX ("SCR_MAXPROB" || LEFT (PUT (BIN, 3.)), UPPERPROB);
MPRINT(EM_ASSESS):   BIN = 20 + 1 - 9;
MPRINT(EM_ASSESS):   OUTPUT WORK._TEMPSCOREDIST;
MPRINT(EM_ASSESS):   BIN = 8 ;
MPRINT(EM_ASSESS):   LOWERPROB = (BIN - 1) / 20;
MPRINT(EM_ASSESS):   UPPERPROB = LOWERPROB + (1 / 20);
MPRINT(EM_ASSESS):   MODELSCORE = LOWERPROB + (1 / 20) / 2;
MPRINT(EM_ASSESS):   RANGE = COMPRESS (PUT (LOWERPROB, 4.2) || "-" || PUT (UPPERPROB, 4.2));
MPRINT(EM_ASSESS):   SCR_NUMEVENTS = SUM ( OF EVENTS36 - EVENTS40 );
MPRINT(EM_ASSESS):   SCR_P_EVENTS = SCR_NUMEVENTS * 100 / _NEVENTS;
MPRINT(EM_ASSESS):   SCR_CP_EVENTS = SUM (SCR_P_EVENTS, SCR_CP_EVENTS);
MPRINT(EM_ASSESS):   SCR_NUMNONEVENTS = SUM ( OF NONEVENTS36 - NONEVENTS40);
MPRINT(EM_ASSESS):   NUMOBSINGROUP = SUM (SCR_NUMEVENTS, SCR_NUMNONEVENTS);
MPRINT(EM_ASSESS):   IF NUMOBSINGROUP > 0 THEN SCR_MNPROB = SUM (OF SCR_MNPROB36 - SCR_MNPROB40) / NUMOBSINGROUP;
MPRINT(EM_ASSESS):   ELSE SCR_MNPROB = .;
MPRINT(EM_ASSESS):   SCR_MINPROB = MIN (OF SCR_MINPROB36 - SCR_MINPROB40) ;
MPRINT(EM_ASSESS):   SCR_MAXPROB = MAX (OF SCR_MAXPROB36 - SCR_MAXPROB40) ;
MPRINT(EM_ASSESS):   IF SCR_MINPROB = 1 THEN SCR_MINPROB = .;
MPRINT(EM_ASSESS):   IF SCR_MAXPROB = 0 THEN SCR_MAXPROB = .;
MPRINT(EM_ASSESS):   SCR_P_NONEVENTS = SCR_NUMNONEVENTS * 100 / _NNONEVENTS;
MPRINT(EM_ASSESS):   SCR_CP_NONEVENTS = SUM (SCR_P_NONEVENTS, SCR_CP_NONEVENTS);
MPRINT(EM_ASSESS):   PERCOBSINGROUP = NUMOBSINGROUP * 100 / 396;
MPRINT(EM_ASSESS):   C_PERCOBSINGROUP = SUM (C_PERCOBSINGROUP, PERCOBSINGROUP);
MPRINT(EM_ASSESS):   CALL SYMPUTX ("SCR_MINPROB" || LEFT (PUT (BIN, 3.)), LOWERPROB);
MPRINT(EM_ASSESS):   CALL SYMPUTX ("SCR_MAXPROB" || LEFT (PUT (BIN, 3.)), UPPERPROB);
MPRINT(EM_ASSESS):   BIN = 20 + 1 - 8;
MPRINT(EM_ASSESS):   OUTPUT WORK._TEMPSCOREDIST;
MPRINT(EM_ASSESS):   BIN = 7 ;
MPRINT(EM_ASSESS):   LOWERPROB = (BIN - 1) / 20;
MPRINT(EM_ASSESS):   UPPERPROB = LOWERPROB + (1 / 20);
MPRINT(EM_ASSESS):   MODELSCORE = LOWERPROB + (1 / 20) / 2;
MPRINT(EM_ASSESS):   RANGE = COMPRESS (PUT (LOWERPROB, 4.2) || "-" || PUT (UPPERPROB, 4.2));
MPRINT(EM_ASSESS):   SCR_NUMEVENTS = SUM ( OF EVENTS31 - EVENTS35 );
MPRINT(EM_ASSESS):   SCR_P_EVENTS = SCR_NUMEVENTS * 100 / _NEVENTS;
MPRINT(EM_ASSESS):   SCR_CP_EVENTS = SUM (SCR_P_EVENTS, SCR_CP_EVENTS);
MPRINT(EM_ASSESS):   SCR_NUMNONEVENTS = SUM ( OF NONEVENTS31 - NONEVENTS35);
MPRINT(EM_ASSESS):   NUMOBSINGROUP = SUM (SCR_NUMEVENTS, SCR_NUMNONEVENTS);
MPRINT(EM_ASSESS):   IF NUMOBSINGROUP > 0 THEN SCR_MNPROB = SUM (OF SCR_MNPROB31 - SCR_MNPROB35) / NUMOBSINGROUP;
MPRINT(EM_ASSESS):   ELSE SCR_MNPROB = .;
MPRINT(EM_ASSESS):   SCR_MINPROB = MIN (OF SCR_MINPROB31 - SCR_MINPROB35) ;
MPRINT(EM_ASSESS):   SCR_MAXPROB = MAX (OF SCR_MAXPROB31 - SCR_MAXPROB35) ;
MPRINT(EM_ASSESS):   IF SCR_MINPROB = 1 THEN SCR_MINPROB = .;
MPRINT(EM_ASSESS):   IF SCR_MAXPROB = 0 THEN SCR_MAXPROB = .;
MPRINT(EM_ASSESS):   SCR_P_NONEVENTS = SCR_NUMNONEVENTS * 100 / _NNONEVENTS;
MPRINT(EM_ASSESS):   SCR_CP_NONEVENTS = SUM (SCR_P_NONEVENTS, SCR_CP_NONEVENTS);
MPRINT(EM_ASSESS):   PERCOBSINGROUP = NUMOBSINGROUP * 100 / 396;
MPRINT(EM_ASSESS):   C_PERCOBSINGROUP = SUM (C_PERCOBSINGROUP, PERCOBSINGROUP);
MPRINT(EM_ASSESS):   CALL SYMPUTX ("SCR_MINPROB" || LEFT (PUT (BIN, 3.)), LOWERPROB);
MPRINT(EM_ASSESS):   CALL SYMPUTX ("SCR_MAXPROB" || LEFT (PUT (BIN, 3.)), UPPERPROB);
MPRINT(EM_ASSESS):   BIN = 20 + 1 - 7;
MPRINT(EM_ASSESS):   OUTPUT WORK._TEMPSCOREDIST;
MPRINT(EM_ASSESS):   BIN = 6 ;
MPRINT(EM_ASSESS):   LOWERPROB = (BIN - 1) / 20;
MPRINT(EM_ASSESS):   UPPERPROB = LOWERPROB + (1 / 20);
MPRINT(EM_ASSESS):   MODELSCORE = LOWERPROB + (1 / 20) / 2;
MPRINT(EM_ASSESS):   RANGE = COMPRESS (PUT (LOWERPROB, 4.2) || "-" || PUT (UPPERPROB, 4.2));
MPRINT(EM_ASSESS):   SCR_NUMEVENTS = SUM ( OF EVENTS26 - EVENTS30 );
MPRINT(EM_ASSESS):   SCR_P_EVENTS = SCR_NUMEVENTS * 100 / _NEVENTS;
MPRINT(EM_ASSESS):   SCR_CP_EVENTS = SUM (SCR_P_EVENTS, SCR_CP_EVENTS);
MPRINT(EM_ASSESS):   SCR_NUMNONEVENTS = SUM ( OF NONEVENTS26 - NONEVENTS30);
MPRINT(EM_ASSESS):   NUMOBSINGROUP = SUM (SCR_NUMEVENTS, SCR_NUMNONEVENTS);
MPRINT(EM_ASSESS):   IF NUMOBSINGROUP > 0 THEN SCR_MNPROB = SUM (OF SCR_MNPROB26 - SCR_MNPROB30) / NUMOBSINGROUP;
MPRINT(EM_ASSESS):   ELSE SCR_MNPROB = .;
MPRINT(EM_ASSESS):   SCR_MINPROB = MIN (OF SCR_MINPROB26 - SCR_MINPROB30) ;
MPRINT(EM_ASSESS):   SCR_MAXPROB = MAX (OF SCR_MAXPROB26 - SCR_MAXPROB30) ;
MPRINT(EM_ASSESS):   IF SCR_MINPROB = 1 THEN SCR_MINPROB = .;
MPRINT(EM_ASSESS):   IF SCR_MAXPROB = 0 THEN SCR_MAXPROB = .;
MPRINT(EM_ASSESS):   SCR_P_NONEVENTS = SCR_NUMNONEVENTS * 100 / _NNONEVENTS;
MPRINT(EM_ASSESS):   SCR_CP_NONEVENTS = SUM (SCR_P_NONEVENTS, SCR_CP_NONEVENTS);
MPRINT(EM_ASSESS):   PERCOBSINGROUP = NUMOBSINGROUP * 100 / 396;
MPRINT(EM_ASSESS):   C_PERCOBSINGROUP = SUM (C_PERCOBSINGROUP, PERCOBSINGROUP);
MPRINT(EM_ASSESS):   CALL SYMPUTX ("SCR_MINPROB" || LEFT (PUT (BIN, 3.)), LOWERPROB);
MPRINT(EM_ASSESS):   CALL SYMPUTX ("SCR_MAXPROB" || LEFT (PUT (BIN, 3.)), UPPERPROB);
MPRINT(EM_ASSESS):   BIN = 20 + 1 - 6;
MPRINT(EM_ASSESS):   OUTPUT WORK._TEMPSCOREDIST;
MPRINT(EM_ASSESS):   BIN = 5 ;
MPRINT(EM_ASSESS):   LOWERPROB = (BIN - 1) / 20;
MPRINT(EM_ASSESS):   UPPERPROB = LOWERPROB + (1 / 20);
MPRINT(EM_ASSESS):   MODELSCORE = LOWERPROB + (1 / 20) / 2;
MPRINT(EM_ASSESS):   RANGE = COMPRESS (PUT (LOWERPROB, 4.2) || "-" || PUT (UPPERPROB, 4.2));
MPRINT(EM_ASSESS):   SCR_NUMEVENTS = SUM ( OF EVENTS21 - EVENTS25 );
MPRINT(EM_ASSESS):   SCR_P_EVENTS = SCR_NUMEVENTS * 100 / _NEVENTS;
MPRINT(EM_ASSESS):   SCR_CP_EVENTS = SUM (SCR_P_EVENTS, SCR_CP_EVENTS);
MPRINT(EM_ASSESS):   SCR_NUMNONEVENTS = SUM ( OF NONEVENTS21 - NONEVENTS25);
MPRINT(EM_ASSESS):   NUMOBSINGROUP = SUM (SCR_NUMEVENTS, SCR_NUMNONEVENTS);
MPRINT(EM_ASSESS):   IF NUMOBSINGROUP > 0 THEN SCR_MNPROB = SUM (OF SCR_MNPROB21 - SCR_MNPROB25) / NUMOBSINGROUP;
MPRINT(EM_ASSESS):   ELSE SCR_MNPROB = .;
MPRINT(EM_ASSESS):   SCR_MINPROB = MIN (OF SCR_MINPROB21 - SCR_MINPROB25) ;
MPRINT(EM_ASSESS):   SCR_MAXPROB = MAX (OF SCR_MAXPROB21 - SCR_MAXPROB25) ;
MPRINT(EM_ASSESS):   IF SCR_MINPROB = 1 THEN SCR_MINPROB = .;
MPRINT(EM_ASSESS):   IF SCR_MAXPROB = 0 THEN SCR_MAXPROB = .;
MPRINT(EM_ASSESS):   SCR_P_NONEVENTS = SCR_NUMNONEVENTS * 100 / _NNONEVENTS;
MPRINT(EM_ASSESS):   SCR_CP_NONEVENTS = SUM (SCR_P_NONEVENTS, SCR_CP_NONEVENTS);
MPRINT(EM_ASSESS):   PERCOBSINGROUP = NUMOBSINGROUP * 100 / 396;
MPRINT(EM_ASSESS):   C_PERCOBSINGROUP = SUM (C_PERCOBSINGROUP, PERCOBSINGROUP);
MPRINT(EM_ASSESS):   CALL SYMPUTX ("SCR_MINPROB" || LEFT (PUT (BIN, 3.)), LOWERPROB);
MPRINT(EM_ASSESS):   CALL SYMPUTX ("SCR_MAXPROB" || LEFT (PUT (BIN, 3.)), UPPERPROB);
MPRINT(EM_ASSESS):   BIN = 20 + 1 - 5;
MPRINT(EM_ASSESS):   OUTPUT WORK._TEMPSCOREDIST;
MPRINT(EM_ASSESS):   BIN = 4 ;
MPRINT(EM_ASSESS):   LOWERPROB = (BIN - 1) / 20;
MPRINT(EM_ASSESS):   UPPERPROB = LOWERPROB + (1 / 20);
MPRINT(EM_ASSESS):   MODELSCORE = LOWERPROB + (1 / 20) / 2;
MPRINT(EM_ASSESS):   RANGE = COMPRESS (PUT (LOWERPROB, 4.2) || "-" || PUT (UPPERPROB, 4.2));
MPRINT(EM_ASSESS):   SCR_NUMEVENTS = SUM ( OF EVENTS16 - EVENTS20 );
MPRINT(EM_ASSESS):   SCR_P_EVENTS = SCR_NUMEVENTS * 100 / _NEVENTS;
MPRINT(EM_ASSESS):   SCR_CP_EVENTS = SUM (SCR_P_EVENTS, SCR_CP_EVENTS);
MPRINT(EM_ASSESS):   SCR_NUMNONEVENTS = SUM ( OF NONEVENTS16 - NONEVENTS20);
MPRINT(EM_ASSESS):   NUMOBSINGROUP = SUM (SCR_NUMEVENTS, SCR_NUMNONEVENTS);
MPRINT(EM_ASSESS):   IF NUMOBSINGROUP > 0 THEN SCR_MNPROB = SUM (OF SCR_MNPROB16 - SCR_MNPROB20) / NUMOBSINGROUP;
MPRINT(EM_ASSESS):   ELSE SCR_MNPROB = .;
MPRINT(EM_ASSESS):   SCR_MINPROB = MIN (OF SCR_MINPROB16 - SCR_MINPROB20) ;
MPRINT(EM_ASSESS):   SCR_MAXPROB = MAX (OF SCR_MAXPROB16 - SCR_MAXPROB20) ;
MPRINT(EM_ASSESS):   IF SCR_MINPROB = 1 THEN SCR_MINPROB = .;
MPRINT(EM_ASSESS):   IF SCR_MAXPROB = 0 THEN SCR_MAXPROB = .;
MPRINT(EM_ASSESS):   SCR_P_NONEVENTS = SCR_NUMNONEVENTS * 100 / _NNONEVENTS;
MPRINT(EM_ASSESS):   SCR_CP_NONEVENTS = SUM (SCR_P_NONEVENTS, SCR_CP_NONEVENTS);
MPRINT(EM_ASSESS):   PERCOBSINGROUP = NUMOBSINGROUP * 100 / 396;
MPRINT(EM_ASSESS):   C_PERCOBSINGROUP = SUM (C_PERCOBSINGROUP, PERCOBSINGROUP);
MPRINT(EM_ASSESS):   CALL SYMPUTX ("SCR_MINPROB" || LEFT (PUT (BIN, 3.)), LOWERPROB);
MPRINT(EM_ASSESS):   CALL SYMPUTX ("SCR_MAXPROB" || LEFT (PUT (BIN, 3.)), UPPERPROB);
MPRINT(EM_ASSESS):   BIN = 20 + 1 - 4;
MPRINT(EM_ASSESS):   OUTPUT WORK._TEMPSCOREDIST;
MPRINT(EM_ASSESS):   BIN = 3 ;
MPRINT(EM_ASSESS):   LOWERPROB = (BIN - 1) / 20;
MPRINT(EM_ASSESS):   UPPERPROB = LOWERPROB + (1 / 20);
MPRINT(EM_ASSESS):   MODELSCORE = LOWERPROB + (1 / 20) / 2;
MPRINT(EM_ASSESS):   RANGE = COMPRESS (PUT (LOWERPROB, 4.2) || "-" || PUT (UPPERPROB, 4.2));
MPRINT(EM_ASSESS):   SCR_NUMEVENTS = SUM ( OF EVENTS11 - EVENTS15 );
MPRINT(EM_ASSESS):   SCR_P_EVENTS = SCR_NUMEVENTS * 100 / _NEVENTS;
MPRINT(EM_ASSESS):   SCR_CP_EVENTS = SUM (SCR_P_EVENTS, SCR_CP_EVENTS);
MPRINT(EM_ASSESS):   SCR_NUMNONEVENTS = SUM ( OF NONEVENTS11 - NONEVENTS15);
MPRINT(EM_ASSESS):   NUMOBSINGROUP = SUM (SCR_NUMEVENTS, SCR_NUMNONEVENTS);
MPRINT(EM_ASSESS):   IF NUMOBSINGROUP > 0 THEN SCR_MNPROB = SUM (OF SCR_MNPROB11 - SCR_MNPROB15) / NUMOBSINGROUP;
MPRINT(EM_ASSESS):   ELSE SCR_MNPROB = .;
MPRINT(EM_ASSESS):   SCR_MINPROB = MIN (OF SCR_MINPROB11 - SCR_MINPROB15) ;
MPRINT(EM_ASSESS):   SCR_MAXPROB = MAX (OF SCR_MAXPROB11 - SCR_MAXPROB15) ;
MPRINT(EM_ASSESS):   IF SCR_MINPROB = 1 THEN SCR_MINPROB = .;
MPRINT(EM_ASSESS):   IF SCR_MAXPROB = 0 THEN SCR_MAXPROB = .;
MPRINT(EM_ASSESS):   SCR_P_NONEVENTS = SCR_NUMNONEVENTS * 100 / _NNONEVENTS;
MPRINT(EM_ASSESS):   SCR_CP_NONEVENTS = SUM (SCR_P_NONEVENTS, SCR_CP_NONEVENTS);
MPRINT(EM_ASSESS):   PERCOBSINGROUP = NUMOBSINGROUP * 100 / 396;
MPRINT(EM_ASSESS):   C_PERCOBSINGROUP = SUM (C_PERCOBSINGROUP, PERCOBSINGROUP);
MPRINT(EM_ASSESS):   CALL SYMPUTX ("SCR_MINPROB" || LEFT (PUT (BIN, 3.)), LOWERPROB);
MPRINT(EM_ASSESS):   CALL SYMPUTX ("SCR_MAXPROB" || LEFT (PUT (BIN, 3.)), UPPERPROB);
MPRINT(EM_ASSESS):   BIN = 20 + 1 - 3;
MPRINT(EM_ASSESS):   OUTPUT WORK._TEMPSCOREDIST;
MPRINT(EM_ASSESS):   BIN = 2 ;
MPRINT(EM_ASSESS):   LOWERPROB = (BIN - 1) / 20;
MPRINT(EM_ASSESS):   UPPERPROB = LOWERPROB + (1 / 20);
MPRINT(EM_ASSESS):   MODELSCORE = LOWERPROB + (1 / 20) / 2;
MPRINT(EM_ASSESS):   RANGE = COMPRESS (PUT (LOWERPROB, 4.2) || "-" || PUT (UPPERPROB, 4.2));
MPRINT(EM_ASSESS):   SCR_NUMEVENTS = SUM ( OF EVENTS6 - EVENTS10 );
MPRINT(EM_ASSESS):   SCR_P_EVENTS = SCR_NUMEVENTS * 100 / _NEVENTS;
MPRINT(EM_ASSESS):   SCR_CP_EVENTS = SUM (SCR_P_EVENTS, SCR_CP_EVENTS);
MPRINT(EM_ASSESS):   SCR_NUMNONEVENTS = SUM ( OF NONEVENTS6 - NONEVENTS10);
MPRINT(EM_ASSESS):   NUMOBSINGROUP = SUM (SCR_NUMEVENTS, SCR_NUMNONEVENTS);
MPRINT(EM_ASSESS):   IF NUMOBSINGROUP > 0 THEN SCR_MNPROB = SUM (OF SCR_MNPROB6 - SCR_MNPROB10) / NUMOBSINGROUP;
MPRINT(EM_ASSESS):   ELSE SCR_MNPROB = .;
MPRINT(EM_ASSESS):   SCR_MINPROB = MIN (OF SCR_MINPROB6 - SCR_MINPROB10) ;
MPRINT(EM_ASSESS):   SCR_MAXPROB = MAX (OF SCR_MAXPROB6 - SCR_MAXPROB10) ;
MPRINT(EM_ASSESS):   IF SCR_MINPROB = 1 THEN SCR_MINPROB = .;
MPRINT(EM_ASSESS):   IF SCR_MAXPROB = 0 THEN SCR_MAXPROB = .;
MPRINT(EM_ASSESS):   SCR_P_NONEVENTS = SCR_NUMNONEVENTS * 100 / _NNONEVENTS;
MPRINT(EM_ASSESS):   SCR_CP_NONEVENTS = SUM (SCR_P_NONEVENTS, SCR_CP_NONEVENTS);
MPRINT(EM_ASSESS):   PERCOBSINGROUP = NUMOBSINGROUP * 100 / 396;
MPRINT(EM_ASSESS):   C_PERCOBSINGROUP = SUM (C_PERCOBSINGROUP, PERCOBSINGROUP);
MPRINT(EM_ASSESS):   CALL SYMPUTX ("SCR_MINPROB" || LEFT (PUT (BIN, 3.)), LOWERPROB);
MPRINT(EM_ASSESS):   CALL SYMPUTX ("SCR_MAXPROB" || LEFT (PUT (BIN, 3.)), UPPERPROB);
MPRINT(EM_ASSESS):   BIN = 20 + 1 - 2;
MPRINT(EM_ASSESS):   OUTPUT WORK._TEMPSCOREDIST;
MPRINT(EM_ASSESS):   BIN = 1 ;
MPRINT(EM_ASSESS):   LOWERPROB = (BIN - 1) / 20;
MPRINT(EM_ASSESS):   UPPERPROB = LOWERPROB + (1 / 20);
MPRINT(EM_ASSESS):   MODELSCORE = LOWERPROB + (1 / 20) / 2;
MPRINT(EM_ASSESS):   RANGE = COMPRESS (PUT (LOWERPROB, 4.2) || "-" || PUT (UPPERPROB, 4.2));
MPRINT(EM_ASSESS):   SCR_NUMEVENTS = SUM ( OF EVENTS1 - EVENTS5 );
MPRINT(EM_ASSESS):   SCR_P_EVENTS = SCR_NUMEVENTS * 100 / _NEVENTS;
MPRINT(EM_ASSESS):   SCR_CP_EVENTS = SUM (SCR_P_EVENTS, SCR_CP_EVENTS);
MPRINT(EM_ASSESS):   SCR_NUMNONEVENTS = SUM ( OF NONEVENTS1 - NONEVENTS5);
MPRINT(EM_ASSESS):   NUMOBSINGROUP = SUM (SCR_NUMEVENTS, SCR_NUMNONEVENTS);
MPRINT(EM_ASSESS):   IF NUMOBSINGROUP > 0 THEN SCR_MNPROB = SUM (OF SCR_MNPROB1 - SCR_MNPROB5) / NUMOBSINGROUP;
MPRINT(EM_ASSESS):   ELSE SCR_MNPROB = .;
MPRINT(EM_ASSESS):   SCR_MINPROB = MIN (OF SCR_MINPROB1 - SCR_MINPROB5) ;
MPRINT(EM_ASSESS):   SCR_MAXPROB = MAX (OF SCR_MAXPROB1 - SCR_MAXPROB5) ;
MPRINT(EM_ASSESS):   IF SCR_MINPROB = 1 THEN SCR_MINPROB = .;
MPRINT(EM_ASSESS):   IF SCR_MAXPROB = 0 THEN SCR_MAXPROB = .;
MPRINT(EM_ASSESS):   SCR_P_NONEVENTS = SCR_NUMNONEVENTS * 100 / _NNONEVENTS;
MPRINT(EM_ASSESS):   SCR_CP_NONEVENTS = SUM (SCR_P_NONEVENTS, SCR_CP_NONEVENTS);
MPRINT(EM_ASSESS):   PERCOBSINGROUP = NUMOBSINGROUP * 100 / 396;
MPRINT(EM_ASSESS):   C_PERCOBSINGROUP = SUM (C_PERCOBSINGROUP, PERCOBSINGROUP);
MPRINT(EM_ASSESS):   CALL SYMPUTX ("SCR_MINPROB" || LEFT (PUT (BIN, 3.)), LOWERPROB);
MPRINT(EM_ASSESS):   CALL SYMPUTX ("SCR_MAXPROB" || LEFT (PUT (BIN, 3.)), UPPERPROB);
MPRINT(EM_ASSESS):   BIN = 20 + 1 - 1;
MPRINT(EM_ASSESS):   OUTPUT WORK._TEMPSCOREDIST;
MPRINT(EM_ASSESS):   CALL SYMPUTX ("KSPROB" , PUT (KSPROB, 5.3 ) );
MPRINT(EM_ASSESS):   CALL SYMPUTX ("_KS_BIN_PROB" , _KS_BIN_PROB );
MPRINT(EM_ASSESS):   CALL SYMPUTX ("_KS_BIN_" , _KS_BIN_ / 100 );
MPRINT(EM_ASSESS):   CALL SYMPUTX ("KSDIFF" , KS_ABSDIFF );
MPRINT(EM_ASSESS):   CALL SYMPUTX ("PRECTPR" , PRECTPR );
MPRINT(EM_ASSESS):   CALL SYMPUTX ("MAXMUTUALPROB" , MAXMUTUALPROB);
MPRINT(EM_ASSESS):   END;
MPRINT(EM_ASSESS):   LABEL __EVENT__ = "Event" DECILE = "Depth" BIN = "Bin" NUMOBS = "Number of Observations" ;
MPRINT(EM_ASSESS):   RUN;
MPRINT(EM_ASSESS):   *;
MPRINT(EM_ASSESS):   * RUN for large data set;
MPRINT(EM_ASSESS):   *;
MPRINT(EM_ASSESS):   PROC DATASETS NOLIST;
MPRINT(EM_ASSESS):   DELETE _AUXEVENTNAME;
MPRINT(EM_ASSESS):   QUIT;

MPRINT(EM_ASSESS):   *;
MPRINT(EM_ASSESS):   * Report Vars Area.;
MPRINT(EM_ASSESS):   *;
MPRINT(EM_ASSESS):   *;
MPRINT(EM_ASSESS):   * ...........Start OF Outdist Modification;
MPRINT(EM_ASSESS):   *;

MPRINT(EM_ASSESS):   PROC DATASETS NOLIST LIB = WORK;
MPRINT(EM_ASSESS):   MODIFY _TEMPSCOREDIST;
MPRINT(EM_ASSESS):   RENAME MODELSCORE = SCORE UPPERPROB = UPPOSTERIOR SCR_CP_EVENTS = CUMULATIVEPERCENTAGEOFEVENTS SCR_CP_NONEVENTS = CUMULATIVEPERCENTAGEOFNONEVENTS EVENTVALUE = EVENT LOWERPROB = LOWPOSTERIOR NUMOBSINGROUP = N PERCOBSINGROUP = 
PERCENTAGE SCR_MINPROB = _MINP_ SCR_MAXPROB = _MAXP_ SCR_MNPROB = _MEANP_ RANGE = P_LABEL C_PERCOBSINGROUP = CUMULATIVEPERCENTAGE SCR_NUMEVENTS = NUMBEROFEVENTS SCR_NUMNONEVENTS = NUMBEROFNONEVENTS SCR_P_EVENTS = PERCENTAGEOFEVENTS SCR_P_NONEVENTS = 
PERCENTAGEOFNONEVENTS ;
MPRINT(EM_ASSESS):   *;
MPRINT(EM_ASSESS):   * .................... OUTDIST MODIFICATION LABEL AREA;
MPRINT(EM_ASSESS):   *;
MPRINT(EM_ASSESS):   LABEL BIN = "Bin" N = "Number of Observations" P_LABEL = "Posterior Probability Range" EVENT = "Event" LOWPOSTERIOR = "Lower Bound Posterior Probability" PERCENTAGEOFEVENTS = "Percentage of Events" CUMULATIVEPERCENTAGEOFNONEVENTS = 
"Cumulative Percentage of Nonevents" CUMULATIVEPERCENTAGE = "Cumulative Percentage" PERCENTAGEOFEVENTS = "Percentage of Events" PERCENTAGEOFNONEVENTS = "Percentage of Nonevents" CUMULATIVEPERCENTAGEOFEVENTS = "Cumulative Percentage of Events" UPPOSTERIOR 
= "Upper Bound Posterior Probability" NUMBEROFEVENTS = "Number of Events" PERCENTAGE = "Percentage" NUMBEROFNONEVENTS = "Number of Nonevents" _MEANP_ = "Mean Posterior Probability" _MINP_ = "Min Posterior Probability" _MAXP_ = "Max Posterior Probability" 
SCORE = "Model Score" ;
MPRINT(EM_ASSESS):   RUN;
MPRINT(EM_ASSESS):   QUIT;
MPRINT(EM_ASSESS):   DATA WORK._TEMPSCOREDIST;
MPRINT(EM_ASSESS):   SET WORK._TEMPSCOREDIST (WHERE = (_MEANP_ > .));
MPRINT(EM_ASSESS):   RUN;
MPRINT(EM_ASSESS):   *;
MPRINT(EM_ASSESS):   * ........... END OF OUTDIST MODIFICATION;
MPRINT(EM_ASSESS):   *;
MPRINT(EM_ASSESS):   *;
MPRINT(EM_ASSESS):   * ...........Start of OUTRANKS Modification;
MPRINT(EM_ASSESS):   *;

MPRINT(EM_ASSESS):   PROC DATASETS NOLIST LIB = WORK;
MPRINT(EM_ASSESS):   MODIFY _TEMPRANK;
MPRINT(EM_ASSESS):   RENAME __EVENT__ = EVENT P_RESP = RESP C_P_CAPT_RESP = CAPC P_CAPT_RESP = CAP NUMNONRESP = NUMNEVENT NUMRESP = NUMEVENT BASEEVENTS = BASENUMBEROFEVENTS BESTNUMEVENTS = BESTNUMBEROFEVENTS MAXPROB = _MAXP_ MINPROB = _MINP_ CBASELIFT = 
BASELIFTC C_LIFT = LIFTC MNPROB = _MEANP_ PERCENTILE = DECILE NUMOBS = N NUMEVENT = NUMBEROFEVENTS C_P_RESP = RESPC ;
MPRINT(EM_ASSESS):   *;
MPRINT(EM_ASSESS):   * ................. OUTRANKS;
MPRINT(EM_ASSESS):   *;
MPRINT(EM_ASSESS):   LABEL _MAXP_ = "Max Posterior Probability" _MINP_ = "Min Posterior Probability" _MEANP_ = "Mean Posterior Probability" BASECAP = "Baseline % Captured Response" BASECAPC = "Baseline Cumulative % Captured Response" BASENUMBEROFEVENTS = 
"Baseline Number of Events" BASEGAIN = "Baseline Gain" BASELIFT = "Baseline Lift" BASELIFTC = "Baseline Cumulative Lift" BASERESP = "Baseline % Response" BASERESPC = "Baseline Cumulative % Response" BASELIFTC = "Baseline Cumulative Lift" BESTCAP = "Best % 
Captured Response" BESTCAPC = "Best Cumulative % Captured Response" BESTGAIN = "Best Gain" BESTRESP = "Best % Response" BESTRESPC = "Best Cumulative % Response" BESTLIFT = "Best Lift" BESTLIFTC = "Best Cumulative Lift" BESTNUMBEROFEVENTS = "Best Number of 
Events" CAP = "% Captured Response" CAPC = "Cumulative % Captured Response" DECILE = "Depth" GAIN = "Gain" LIFT = "Lift" LIFTC = "Cumulative Lift" NUMNEVENT = "Number of Nonevents" N = "Number of Observations" EVENT = "Event" RESPC = "Cumulative % 
Response" NUMBEROFEVENTS = "Number of Events" RESP = "% Response" ;
MPRINT(EM_ASSESS):   RUN;
MPRINT(EM_ASSESS):   QUIT;
MPRINT(EM_ASSESS):   DATA WORK._TEMPRANK;
MPRINT(EM_ASSESS):   SET WORK._TEMPRANK (WHERE = (_MEANP_ > .));
MPRINT(EM_ASSESS):   RUN;
MPRINT(EM_ASSESS):   proc datasets lib=work nolist;
MPRINT(EM_ASSESS):   delete _ea_tmpdata;
MPRINT(EM_ASSESS):   run;
MPRINT(EM_ASSESS):   quit;
MPRINT(EM_ASSESS):  ;
MPRINT(EM_ASSESS):   OPTION ERRORS = 20;
MPRINT(EM_DIAGRAM):  ;
MPRINT(EM_DIAGRAM):    data WORK._TEMPRANK;
MPRINT(EM_DIAGRAM):   length target $32 TARGETLABEL $200 dataRole $20;
MPRINT(EM_DIAGRAM):   label TARGETLABEL = "Target Label";
MPRINT(EM_DIAGRAM):   set WORK._TEMPRANK;
MPRINT(EM_DIAGRAM):   retain target "diagnosis";
MPRINT(EM_DIAGRAM):   retain dataRole "TRAIN";
MPRINT(EM_DIAGRAM):   run;
MPRINT(EM_DIAGRAM):   data EMWS1.Tree5_EMRANK;
MPRINT(EM_DIAGRAM):   set WORK._TEMPRANK;
MPRINT(EM_DIAGRAM):   run;
MPRINT(EM_DIAGRAM):    data WORK._TEMPSCOREDIST;
MPRINT(EM_DIAGRAM):   length target $32 TARGETLABEL $200 dataRole $20;
MPRINT(EM_DIAGRAM):   label TARGETLABEL = "Target Label";
MPRINT(EM_DIAGRAM):   set WORK._TEMPSCOREDIST;
MPRINT(EM_DIAGRAM):   retain target "diagnosis";
MPRINT(EM_DIAGRAM):   retain dataRole "TRAIN";
MPRINT(EM_DIAGRAM):   run;
MPRINT(EM_DIAGRAM):   data EMWS1.Tree5_EMSCOREDIST;
MPRINT(EM_DIAGRAM):   set WORK._TEMPSCOREDIST;
MPRINT(EM_DIAGRAM):   run;
96141      data EM_temp_assessMeta;
MPRINT(EM_DIAGRAM):    data EM_temp_assessMeta;
96142      set EMWS1.Tree5_CMeta_TRAIN;
MPRINT(EM_DIAGRAM):   set EMWS1.Tree5_CMeta_TRAIN;
96143      where role in('DECISION', 'PREDICT', 'RESIDUAL', 'CLASSIFICATION', 'ASSESS', 'COST');
MPRINT(EM_DIAGRAM):   where role in('DECISION', 'PREDICT', 'RESIDUAL', 'CLASSIFICATION', 'ASSESS', 'COST');
96144      run;
MPRINT(EM_DIAGRAM):   run;

NOTE: There were 12 observations read from the data set EMWS1.TREE5_CMETA_TRAIN.
      WHERE role in ('ASSESS', 'CLASSIFICATION', 'COST', 'DECISION', 'PREDICT', 'RESIDUAL');
NOTE: The data set WORK.EM_TEMP_ASSESSMETA has 12 observations and 21 variables.
NOTE: DATA statement used (Total process time):
      real time           0.00 seconds
      cpu time            0.00 seconds
      

96145      data EM_temp_assessdata;
MPRINT(EM_DIAGRAM):    data EM_temp_assessdata;
96146      set EMWS1.Tree5_VALIDATE(keep=
96147      F_diagnosis
96148      I_diagnosis
96149      P_diagnosisB
96150      P_diagnosisM
96151      Q_diagnosisB
96152      Q_diagnosisM
96153      R_diagnosisB
96154      R_diagnosisM
96155      U_diagnosis
96156      V_diagnosisB
96157      V_diagnosisM
96158      _WARN_
96159      diagnosis
96160      );
MPRINT(EM_DIAGRAM):   set EMWS1.Tree5_VALIDATE(keep= F_diagnosis I_diagnosis P_diagnosisB P_diagnosisM Q_diagnosisB Q_diagnosisM R_diagnosisB R_diagnosisM U_diagnosis V_diagnosisB V_diagnosisM _WARN_ diagnosis );
96161      run;
MPRINT(EM_DIAGRAM):   run;

NOTE: Variable _WARN_ is uninitialized.
NOTE: View EMWS1.TREE5_VALIDATE.VIEW used (Total process time):
      real time           0.03 seconds
      cpu time            0.03 seconds
      
NOTE: There were 173 observations read from the data set EMWS1.PART2_VALIDATE.
NOTE: There were 173 observations read from the data set EMWS1.TREE5_VALIDATE.
NOTE: The data set WORK.EM_TEMP_ASSESSDATA has 173 observations and 13 variables.
NOTE: DATA statement used (Total process time):
      real time           0.04 seconds
      cpu time            0.04 seconds
      

MPRINT(EM_DIAGRAM):    proc freq data=EM_temp_assessdata noprint;
MPRINT(EM_DIAGRAM):   table I_diagnosis*F_diagnosis / out = WORK.Tree5_3Q6IAHR nocol norow outpct;
MPRINT(EM_DIAGRAM):   run;
MPRINT(EM_DIAGRAM):    data WORK.Tree5_3Q6IAHR;
MPRINT(EM_DIAGRAM):   length _TYPE_ $10 DATAROLE TARGET $32 TARGETLABEL $200 FROM INTO $32 CORRECTTEXT $40 ;
MPRINT(EM_DIAGRAM):   label _TYPE_ = "Outcome Type";
MPRINT(EM_DIAGRAM):   label DATAROLE = "Data Role";
MPRINT(EM_DIAGRAM):   label TARGET = "Target Variable";
MPRINT(EM_DIAGRAM):   label TARGETLABEL = "Target Label";
MPRINT(EM_DIAGRAM):   label FROM = "Target";
MPRINT(EM_DIAGRAM):   label INTO = "Outcome";
MPRINT(EM_DIAGRAM):   label PCT_ROW = "Target Percentage";
MPRINT(EM_DIAGRAM):   label PCT_COL = "Outcome Percentage";
MPRINT(EM_DIAGRAM):   label COUNT = "Frequency Count";
MPRINT(EM_DIAGRAM):   label PERCENT = "Total Percentage";
MPRINT(EM_DIAGRAM):   label CORRECTTEXT = "Correct Text";
MPRINT(EM_DIAGRAM):   label CORRECT = "Correct";
MPRINT(EM_DIAGRAM):   set WORK.Tree5_3Q6IAHR(rename=(F_diagnosis=FROM I_diagnosis=INTO));
MPRINT(EM_DIAGRAM):   retain _TYPE_ 'PREDICTION' DATAROLE "VALIDATE" TARGET "diagnosis";
MPRINT(EM_DIAGRAM):   if FROM eq INTO then do;
MPRINT(EM_DIAGRAM):   CORRECT = 0;
MPRINT(EM_DIAGRAM):   CORRECTTEXT="Correct";
MPRINT(EM_DIAGRAM):   end;
MPRINT(EM_DIAGRAM):   else do;
MPRINT(EM_DIAGRAM):   CORRECT = 1;
MPRINT(EM_DIAGRAM):   CORRECTTEXT="Incorrect";
MPRINT(EM_DIAGRAM):   end;
MPRINT(EM_DIAGRAM):   run;
MPRINT(EM_DIAGRAM):    data EMWS1.Tree5_EMCLASSIFICATION;
MPRINT(EM_DIAGRAM):   set EMWS1.Tree5_EMCLASSIFICATION WORK.Tree5_3Q6IAHR;
MPRINT(EM_DIAGRAM):   run;
MPRINT(EM_DIAGRAM):    data WORK.MISCREPORT;
MPRINT(EM_DIAGRAM):   set WORK.Tree5_3Q6IAHR;
MPRINT(EM_DIAGRAM):   run;
MPRINT(EM_DIAGRAM):    data WORK.MISCREPORT(drop=INTO FROM _TYPE_);
MPRINT(EM_DIAGRAM):   set WORK.MISCREPORT;
MPRINT(EM_DIAGRAM):   length MISC $12;
MPRINT(EM_DIAGRAM):   if FROM='M' and INTO='M' then MISC='TRUEEVENT';
MPRINT(EM_DIAGRAM):   else if FROM='M' and INTO ne 'M' then MISC='FALSENEVENT';
MPRINT(EM_DIAGRAM):   else if FROM ne 'M' and INTO='M' then MISC='FALSEEVENT';
MPRINT(EM_DIAGRAM):   else if FROM ne'M' and INTO ne 'M' then MISC='TRUENEVENT';
MPRINT(EM_DIAGRAM):   run;
MPRINT(EM_DIAGRAM):   proc sort data=WORK.MISCREPORT nothreads;
MPRINT(EM_DIAGRAM):   by DATAROLE TARGET;
MPRINT(EM_DIAGRAM):   run;
MPRINT(EM_DIAGRAM):   proc summary data=WORK.MISCREPORT NWAY;
MPRINT(EM_DIAGRAM):   output out=WORK.MISCCOUNT(drop=_FREQ_ _TYPE_) SUM=COUNT;
MPRINT(EM_DIAGRAM):   CLASS MISC;
MPRINT(EM_DIAGRAM):   VAR COUNT;
MPRINT(EM_DIAGRAM):   by DATAROLE TARGET;
MPRINT(EM_DIAGRAM):   run;
MPRINT(EM_DIAGRAM):   proc transpose data=WORK.MISCCOUNT out=WORK.MISCREPORT(drop=_NAME_ _LABEL_);
MPRINT(EM_DIAGRAM):   by DATAROLE TARGET;
MPRINT(EM_DIAGRAM):   ID MISC;
MPRINT(EM_DIAGRAM):   run;
MPRINT(EM_DIAGRAM):    data EMWS1.Tree5_EMEVENTREPORT;
MPRINT(EM_DIAGRAM):   length TARGETLABEL $200;
MPRINT(EM_DIAGRAM):   label TARGETLABEL = "Target Label";
MPRINT(EM_DIAGRAM):   set EMWS1.Tree5_EMEVENTREPORT WORK.MISCREPORT;
MPRINT(EM_DIAGRAM):   run;
MPRINT(EM_DIAGRAM):    data ASSESS_REPORTMETA;
MPRINT(EM_DIAGRAM):   set EMWS1.Tree5_VariableSet;
MPRINT(EM_DIAGRAM):   where REPORT='Y';
MPRINT(EM_DIAGRAM):   run;
MPRINT(EM_DIAGRAM):   filename temp catalog 'sashelp.emassmt.em_assess.source';
MPRINT(EM_DIAGRAM):   filename temp;
MPRINT(EM_DIAGRAM):    data _null_;
MPRINT(EM_DIAGRAM):   set EMWS1.Tree5_diagnosis_DM;
MPRINT(EM_DIAGRAM):   where _TYPE_="TARGET";
MPRINT(EM_DIAGRAM):   call symput('ASSMT_EVENT', strip(event));
MPRINT(EM_DIAGRAM):   run;
MPRINT(EM_DIAGRAM):   
MPRINT(EM_ASSESS):   data _ea_tmpdata;
MPRINT(EM_ASSESS):   set EM_temp_assessdata;
MPRINT(EM_ASSESS):   _tmpfreqvar_=1;
MPRINT(EM_ASSESS):   run;
MPRINT(EM_CHECKEMSETINIT):   DATA _NULL_;
MPRINT(EM_CHECKEMSETINIT):   EM_SETINIT = 'N';
MPRINT(EM_CHECKEMSETINIT):   IF SYSPROD('PRODNUM50') THEN EM_SETINIT = 'Y';
MPRINT(EM_CHECKEMSETINIT):   ELSE IF SYSPROD('PRODNUM448') THEN EM_SETINIT = 'Y';
MPRINT(EM_CHECKEMSETINIT):   ELSE IF SYSPROD('PRODNUM102') THEN EM_SETINIT = 'Y';
MPRINT(EM_CHECKEMSETINIT):   ELSE IF SYSPROD('PRODNUM103') THEN EM_SETINIT = 'Y';
MPRINT(EM_CHECKEMSETINIT):   CALL SYMPUT('EM_SETINIT', EM_SETINIT);
MPRINT(EM_CHECKEMSETINIT):   RUN;
MPRINT(EM_ASSESS):  ;
MPRINT(EM_ASSESS):   *;
MPRINT(EM_ASSESS):   * ............ Reading in reporting data set;
MPRINT(EM_ASSESS):   *;
MPRINT(EM_ASSESS):   DATA _NULL_;
MPRINT(EM_ASSESS):   SET ASSESS_REPORTMETA END = EOF;
MPRINT(EM_ASSESS):   IF TYPE = "C" OR UPCASE (LEVEL) IN ("NOMINAL", "BINARY" , "ORDINAL") THEN DO;
MPRINT(EM_ASSESS):   IF UPCASE (NAME) NE UPCASE ("F_diagnosis") THEN DO;
MPRINT(EM_ASSESS):   NUMCTOREPORT + 1;
MPRINT(EM_ASSESS):   CALL SYMPUTX ("REPORTC" || LEFT (PUT (NUMCTOREPORT, 5.)), NAME);
MPRINT(EM_ASSESS):   END;
MPRINT(EM_ASSESS):   ELSE CALL SYMPUTX ("RPRT_TRGT", "C");
MPRINT(EM_ASSESS):   END;
MPRINT(EM_ASSESS):   ELSE IF TYPE = "N" THEN DO;
MPRINT(EM_ASSESS):   IF UPCASE(NAME) NE UPCASE ("F_diagnosis") THEN DO;
MPRINT(EM_ASSESS):   NUMNTOREPORT + 1;
MPRINT(EM_ASSESS):   CALL SYMPUTX ("REPORTN" || LEFT (PUT (NUMNTOREPORT, 5.)), NAME);
MPRINT(EM_ASSESS):   END;
MPRINT(EM_ASSESS):   ELSE CALL SYMPUTX ("RPRT_TRGT", "N");
MPRINT(EM_ASSESS):   END;
MPRINT(EM_ASSESS):   IF EOF THEN DO;
MPRINT(EM_ASSESS):   CALL SYMPUTX ("NUMNTOREPORT", NUMNTOREPORT);
MPRINT(EM_ASSESS):   CALL SYMPUTX ("NUMCTOREPORT", NUMCTOREPORT);
MPRINT(EM_ASSESS):   CALL SYMPUTX ("NUMTOREPORT", SUM (NUMNTOREPORT, NUMCTOREPORT));
MPRINT(EM_ASSESS):   END;
MPRINT(EM_ASSESS):   RUN;
MPRINT(EM_ASSESS):   PROC DMDB DATA = _ea_tmpdata VAROUT = VAROUT DMDBCAT = _D CLASSOUT = _ASSMT_CLASSOUT;
MPRINT(EM_ASSESS):   CLASS F_diagnosis ;

MPRINT(EM_ASSESS):   VAR P_diagnosisM _tmpfreqvar_ ;
MPRINT(EM_ASSESS):   FREQ _tmpfreqvar_;
MPRINT(EM_ASSESS):   RUN ;
MPRINT(EM_ASSESS):   QUIT;
MPRINT(EM_ASSESS):   PROC SORT DATA = _ASSMT_CLASSOUT;
MPRINT(EM_ASSESS):   BY NAME;
MPRINT(EM_ASSESS):   RUN;
MPRINT(EM_ASSESS):   DATA _auxeventname (keep = __event__) ;
MPRINT(EM_ASSESS):   * ;
MPRINT(EM_ASSESS):   * ...FLAG0_1 = ..... TARGET IS 0, 1 & EVENT = 1;

MPRINT(EM_ASSESS):   ;
MPRINT(EM_ASSESS):   length __event__ $ 32;
MPRINT(EM_ASSESS):   RETAIN FLAG0_1 1 NUM1 . NUM0 . __event__ "_missing_" ;

MPRINT(EM_ASSESS):   SET _ASSMT_CLASSOUT END = EOF;
MPRINT(EM_ASSESS):   BY NAME;
MPRINT(EM_ASSESS):   *;
MPRINT(EM_ASSESS):   *;
MPRINT(EM_ASSESS):   * ....... LEVEL = BINARY OR NOMINAL OR ORDINAL;
MPRINT(EM_ASSESS):   *;
MPRINT(EM_ASSESS):   *;

MPRINT(EM_ASSESS):   IF UPCASE(NAME) = UPCASE ("F_diagnosis") THEN DO;
MPRINT(EM_ASSESS):   CUMFREQ + FREQUENCY;
MPRINT(EM_ASSESS):   IF LEVEL NE "." THEN DO;
MPRINT(EM_ASSESS):   N1 + 1;
MPRINT(EM_ASSESS):   IF (NRAW NE 0 AND NRAW NE 1) OR TYPE NE "N" OR "" > " " THEN FLAG0_1 = 0;
MPRINT(EM_ASSESS):   * ;
MPRINT(EM_ASSESS):   * ......................... IF EVENT NE BLANK;
MPRINT(EM_ASSESS):   * ....................LEVEL IS CHAR VAR ;
MPRINT(EM_ASSESS):   * ;
MPRINT(EM_ASSESS):   IF UPCASE("M") = UPCASE(LEVEL) THEN DO;
MPRINT(EM_ASSESS):   NUM1 = FREQUENCY;
MPRINT(EM_ASSESS):   IF TYPE = "C" THEN do;
MPRINT(EM_ASSESS):   CALL SYMPUTX ("EVENTVALUERAW", CRAW );
MPRINT(EM_ASSESS):   __event__ = craw;
MPRINT(EM_ASSESS):   end;
MPRINT(EM_ASSESS):   ELSE do;
MPRINT(EM_ASSESS):   CALL SYMPUTX ("EVENTVALUERAW", NRAW );
MPRINT(EM_ASSESS):   __event__ = nraw;
MPRINT(EM_ASSESS):   end;
MPRINT(EM_ASSESS):   END;
MPRINT(EM_ASSESS):   IF LAST.NAME THEN DO;

MPRINT(EM_ASSESS):   * ;
MPRINT(EM_ASSESS):   * .............. IN NOMINAL CASE, NEED TO GROUP ALL '0' ;
MPRINT(EM_ASSESS):   *;

MPRINT(EM_ASSESS):   NUM0 = SUM (CUMFREQ, - NUM1);
MPRINT(EM_ASSESS):   IF NUM0 < 0 THEN NUM0 = 0;
MPRINT(EM_ASSESS):   IF NUM1 = . THEN NUM1 = 0;
MPRINT(EM_ASSESS):   CALL SYMPUTX ("NUM0", NUM0 );
MPRINT(EM_ASSESS):   CALL SYMPUTX ("NUM1", NUM1);
MPRINT(EM_ASSESS):   CALL SYMPUTX ("PNUM1", NUM1 / CUMFREQ);
MPRINT(EM_ASSESS):   CALL SYMPUTX ("PNUM0", (CUMFREQ - NUM1) / CUMFREQ);
MPRINT(EM_ASSESS):   IF TYPE = "C" THEN DO;
MPRINT(EM_ASSESS):   FLAG0_1 = 0;
MPRINT(EM_ASSESS):   CALL SYMPUTX ("TARGETTYPE", "C" );
MPRINT(EM_ASSESS):   END;
MPRINT(EM_ASSESS):   ELSE IF TYPE = "N" THEN DO;
MPRINT(EM_ASSESS):   IF "" = " " THEN DO;
MPRINT(EM_ASSESS):   IF "M" NE "1" THEN FLAG0_1 = 0;
MPRINT(EM_ASSESS):   END;
MPRINT(EM_ASSESS):   CALL SYMPUTX ("TARGETTYPE", "N" );
MPRINT(EM_ASSESS):   END;
MPRINT(EM_ASSESS):   * ................... IF TYPE = N;
MPRINT(EM_ASSESS):   CALL SYMPUTX ("FLAG0_1", FLAG0_1 );
MPRINT(EM_ASSESS):   END;
MPRINT(EM_ASSESS):   * ..................IF LAST.NAME ;
MPRINT(EM_ASSESS):   END;
MPRINT(EM_ASSESS):   * ...............IF LEVEL NE '.' ;
MPRINT(EM_ASSESS):   END;
MPRINT(EM_ASSESS):   * .............. IF NAME = TARGET;
MPRINT(EM_ASSESS):   ELSE IF "" > " " AND UPCASE(NAME) = UPCASE("") THEN DO;
MPRINT(EM_ASSESS):   NUMDECISIONS + 1;
MPRINT(EM_ASSESS):   LEVEL = TRANSLATE (LEVEL, "_", "'", "_", '"');
MPRINT(EM_ASSESS):   CALL SYMPUTX ("D_LABEL" || LEFT (PUT (NUMDECISIONS, 3.)), LEVEL );
MPRINT(EM_ASSESS):   END;
MPRINT(EM_ASSESS):   * ..................... ELSE IF UPCASE;
MPRINT(EM_ASSESS):   IF EOF THEN DO;
MPRINT(EM_ASSESS):   output _auxeventname;
MPRINT(EM_ASSESS):   CALL SYMPUTX ("NUMOBS", CUMFREQ);
MPRINT(EM_ASSESS):   CALL SYMPUTX ("NUMDECISIONS", NUMDECISIONS);
MPRINT(EM_ASSESS):   END;
MPRINT(EM_ASSESS):   RUN;
MPRINT(EM_ASSESS):   DATA _NULL_;
MPRINT(EM_ASSESS):   SET VAROUT END = EOF;
MPRINT(EM_ASSESS):   IF UPCASE (NAME) = UPCASE ("P_diagnosisM") THEN DO;
MPRINT(EM_ASSESS):   IF N = 0 THEN DO;
MPRINT(EM_ASSESS):   PUT //// "          Warning: All posterior probabilities are missing values ";
MPRINT(EM_ASSESS):   PUT ///;
MPRINT(EM_ASSESS):   CALL SYMPUTX ("ALLMISS", 1);
MPRINT(EM_ASSESS):   STOP;
MPRINT(EM_ASSESS):   END;
MPRINT(EM_ASSESS):   ELSE CALL SYMPUTX ("ALLMISS", 0);
MPRINT(EM_ASSESS):   CALL SYMPUTX ("MINPROB", MIN);
MPRINT(EM_ASSESS):   CALL SYMPUTX ("MAXPROB", MAX);
MPRINT(EM_ASSESS):   CALL SYMPUTX ("DIFF", MAX - MIN);
MPRINT(EM_ASSESS):   CALL SYMPUTX ("NMISSPROB", NMISS);
MPRINT(EM_ASSESS):   END;
MPRINT(EM_ASSESS):   ELSE IF UPCASE (NAME) = UPCASE ("_tmpfreqvar_") THEN DO;
MPRINT(EM_ASSESS):   AUXMIN = MIN - INT (MIN);
MPRINT(EM_ASSESS):   AUXMAX = MAX - INT (MAX);
MPRINT(EM_ASSESS):   IF AUXMIN > 0 OR AUXMAX > 0 THEN CALL SYMPUTX ("USEWEIGHT", "Y");
MPRINT(EM_ASSESS):   ELSE CALL SYMPUTX ("USEWEIGHT", "N");
MPRINT(EM_ASSESS):   END;
MPRINT(EM_ASSESS):   RUN;
MPRINT(EM_ASSESS):   DATA _ANY0;
MPRINT(EM_ASSESS):   SET _ea_tmpdata (KEEP = F_diagnosis P_diagnosisM _tmpfreqvar_ );
MPRINT(EM_ASSESS):   *;
MPRINT(EM_ASSESS):   * ................... No Formats;
MPRINT(EM_ASSESS):   *;
MPRINT(EM_ASSESS):   IF LEFT ( F_diagnosis ) = "M" THEN NTARGET = 1;
MPRINT(EM_ASSESS):   ELSE NTARGET = 0;
MPRINT(EM_ASSESS):   RUN;
MPRINT(EM_ASSESS):   *;
MPRINT(EM_ASSESS):   * .............. Before proc summary of binary case;
MPRINT(EM_ASSESS):   *;
MPRINT(EM_ASSESS):   PROC SUMMARY DATA = _ANY0 (KEEP = P_diagnosisM NTARGET _tmpfreqvar_ WHERE = (NTARGET > . )) NWAY MISSING;
MPRINT(EM_ASSESS):   ;
MPRINT(EM_ASSESS):   CLASS P_diagnosisM ;
MPRINT(EM_ASSESS):   VAR NTARGET ;
MPRINT(EM_ASSESS):   FREQ _tmpfreqvar_ ;
MPRINT(EM_ASSESS):   OUTPUT OUT = ANYSUM (DROP = _TYPE_) MEAN = _MEANTARGET _MEANFREQVAR ;
MPRINT(EM_ASSESS):   RUN;
MPRINT(EM_ASSESS):   QUIT;
MPRINT(EM_ASSESS):   ;
MPRINT(EM_ASSESS):   *;
MPRINT(EM_ASSESS):   * .................... Main Data Set Processing, Binary case;
MPRINT(EM_ASSESS):   *;

MPRINT(EM_ASSESS):   DATA WORK._TEMPRANK (KEEP = BASECAPC BASECAP __EVENT__ BASEEVENTS BASEGAIN BASELIFT BASERESP BASERESPC BESTCAP BESTCAPC BESTGAIN BESTLIFT BESTLIFTC BESTNUMEVENTS BESTRESP BESTRESPC BIN CBASELIFT C_LIFT C_P_CAPT_RESP C_P_RESP GAIN LIFT 
MAXPROB MINPROB MNPROB NUMNONRESP NUMOBS NUMRESP PERCENTILE P_CAPT_RESP P_RESP ) WORK._TEMPSCOREDIST (KEEP = BIN LOWERPROB UPPERPROB EVENTVALUE SCR_NUMEVENTS MODELSCORE SCR_NUMNONEVENTS RANGE NUMOBSINGROUP PERCOBSINGROUP C_PERCOBSINGROUP SCR_P_EVENTS 
SCR_CP_EVENTS SCR_P_NONEVENTS SCR_CP_NONEVENTS SCR_MNPROB SCR_MINPROB SCR_MAXPROB ) ;

MPRINT(EM_ASSESS):   SET ANYSUM END = EOF;

MPRINT(EM_ASSESS):   IF _N_ = 1 THEN SET _AUXEVENTNAME;

MPRINT(EM_ASSESS):   RETAIN MINPROB1 - MINPROB20 1 MAXPROB1 - MAXPROB20 0 MNPROB1 - MNPROB20 0 NUMOBS1 - NUMOBS20 0 NUMRESP1 - NUMRESP20 0 TRUEPOS1 - TRUEPOS1000 0 TRUENEG1 - TRUENEG1000 0 FALSEPOS1 - FALSEPOS1000 0 FALSENEG1 - FALSENEG1000 0 EVENTS1 - 
EVENTS1000 NONEVENTS1 - NONEVENTS1000 0 FIRSTIN1 - FIRSTIN1000 . LASTIN1 - LASTIN1000 . RESPRATE 0.3757225434 _NEVENTS 65 _NNONEVENTS 108 TARGET "NTARGET" ;
MPRINT(EM_ASSESS):   ARRAY MINPROBS (20) MINPROB1 - MINPROB20;
MPRINT(EM_ASSESS):   ARRAY MAXPROBS (20) MAXPROB1 - MAXPROB20;
MPRINT(EM_ASSESS):   ARRAY MNPROBS (20) MNPROB1 - MNPROB20;
MPRINT(EM_ASSESS):   ARRAY NUMOBSS (20) NUMOBS1 - NUMOBS20;
MPRINT(EM_ASSESS):   ARRAY NUMRESPS (20) NUMRESP1 - NUMRESP20;
MPRINT(EM_ASSESS):   ARRAY TRUEPOSX (1000) TRUEPOS1 - TRUEPOS1000;
MPRINT(EM_ASSESS):   ARRAY FALSEPOSX (1000) FALSEPOS1 - FALSEPOS1000;
MPRINT(EM_ASSESS):   ARRAY FALSENEGX (1000) FALSENEG1 - FALSENEG1000;
MPRINT(EM_ASSESS):   ARRAY TRUENEGX (1000) TRUENEG1 - TRUENEG1000;
MPRINT(EM_ASSESS):   ARRAY _EVENTS (1000) EVENTS1 - EVENTS1000;
MPRINT(EM_ASSESS):   ARRAY NONEVENTS (1000) NONEVENTS1 - NONEVENTS1000;
MPRINT(EM_ASSESS):   ARRAY FIRSTIN (1000) FIRSTIN1 - FIRSTIN1000;
MPRINT(EM_ASSESS):   ARRAY LASTIN (1000) LASTIN1 - LASTIN1000;
MPRINT(EM_ASSESS):   RETAIN SCR_MNPROB1 - SCR_MNPROB1000 0 SCR_MINPROB1 - SCR_MINPROB1000 1 SCR_MAXPROB1 - SCR_MAXPROB1000 0;
MPRINT(EM_ASSESS):   ARRAY SCR_MNPROBS (1000) SCR_MNPROB1 - SCR_MNPROB1000;
MPRINT(EM_ASSESS):   ARRAY SCR_MINPROBS (1000) SCR_MINPROB1 - SCR_MINPROB1000;
MPRINT(EM_ASSESS):   ARRAY SCR_MAXPROBS (1000) SCR_MAXPROB1 - SCR_MAXPROB1000;
MPRINT(EM_ASSESS):   DROP SCR_MINPROB1 - SCR_MINPROB1000 SCR_MAXPROB1 - SCR_MAXPROB1000 SCR_MNPROB1 - SCR_MNPROB1000 ;
MPRINT(EM_ASSESS):   *;
MPRINT(EM_ASSESS):   * ...... Area For 8 Financials ;
MPRINT(EM_ASSESS):   *;
MPRINT(EM_ASSESS):   IF _MEANTARGET = . THEN _MEANTARGET = RESPRATE;
MPRINT(EM_ASSESS):   DROP N1 _K SUMWEIGHTS ;
MPRINT(EM_ASSESS):   SUMWEIGHTS = 1;

MPRINT(EM_ASSESS):   DO _K = 1 TO CEIL (_FREQ_);
MPRINT(EM_ASSESS):   IF _K = CEIL (_FREQ_) THEN DO;
MPRINT(EM_ASSESS):   IF _FREQ_ < CEIL (_FREQ_) THEN _WEIGHT = _FREQ_ - FLOOR (_FREQ_);
MPRINT(EM_ASSESS):   ELSE _WEIGHT = 1;
MPRINT(EM_ASSESS):   END;
MPRINT(EM_ASSESS):   ELSE _WEIGHT = 1;
MPRINT(EM_ASSESS):   N1 + _WEIGHT;
MPRINT(EM_ASSESS):   NTARGET = _MEANTARGET ;
MPRINT(EM_ASSESS):   DECILE = MIN (20, CEIL (N1 * 20 / 173));
MPRINT(EM_ASSESS):   MINPROBS ( DECILE) = MIN (MINPROBS ( DECILE), P_diagnosisM );
MPRINT(EM_ASSESS):   MAXPROBS ( DECILE) = MAX (MAXPROBS ( DECILE), P_diagnosisM );
MPRINT(EM_ASSESS):   MNPROBS ( DECILE) = SUM (MNPROBS ( DECILE), P_diagnosisM * _WEIGHT);
MPRINT(EM_ASSESS):   NUMOBSS ( DECILE) = NUMOBSS ( DECILE) + _WEIGHT;
MPRINT(EM_ASSESS):   NUMRESPS ( DECILE) = NUMRESPS ( DECILE) + _MEANTARGET * _WEIGHT;
MPRINT(EM_ASSESS):   END;
MPRINT(EM_ASSESS):   *;
MPRINT(EM_ASSESS):   * ........ outside of do loop, Area for final ROC;
MPRINT(EM_ASSESS):   *;
MPRINT(EM_ASSESS):   *;
MPRINT(EM_ASSESS):   RANKDELTA = (ROUND ( _FREQ_ ) + 1) / 2;
MPRINT(EM_ASSESS):   RANK = UNTIEDRANK + RANKDELTA;
MPRINT(EM_ASSESS):   DROP RANK ;
MPRINT(EM_ASSESS):   SUMRANK1 + RANK * ROUND (_MEANTARGET * _FREQ_, .0000001);
MPRINT(EM_ASSESS):   UNTIEDRANK + ROUND (_FREQ_, .00000001);
MPRINT(EM_ASSESS):   *;
MPRINT(EM_ASSESS):   * ............ Area For ROC Curve;
MPRINT(EM_ASSESS):   *;
MPRINT(EM_ASSESS):   DO _K = 1 TO 1000;
MPRINT(EM_ASSESS):   IF P_diagnosisM * 1000 >= _K THEN DO;
MPRINT(EM_ASSESS):   TRUEPOSX ( _K ) + _FREQ_ * _MEANTARGET ;
MPRINT(EM_ASSESS):   FALSEPOSX ( _K ) + _FREQ_ * (1 - _MEANTARGET) ;
MPRINT(EM_ASSESS):   END;
MPRINT(EM_ASSESS):   ELSE DO;
MPRINT(EM_ASSESS):   TRUENEGX ( _K ) + _FREQ_ * ( 1 - _MEANTARGET) ;
MPRINT(EM_ASSESS):   FALSENEGX ( _K ) + _FREQ_ * _MEANTARGET ;
MPRINT(EM_ASSESS):   END;
MPRINT(EM_ASSESS):   END;
MPRINT(EM_ASSESS):   SLOT = MIN (MAX (CEIL (P_diagnosisM * 100), 1), 100) ;
MPRINT(EM_ASSESS):   DROP SLOT;
MPRINT(EM_ASSESS):   FIRSTIN ( SLOT ) = MIN ( FIRSTIN ( SLOT ), P_diagnosisM);
MPRINT(EM_ASSESS):   LASTIN ( SLOT ) = MAX ( LASTIN ( SLOT ), P_diagnosisM);
MPRINT(EM_ASSESS):   _EVENTS ( SLOT) = _EVENTS ( SLOT) + _FREQ_ * _MEANTARGET;
MPRINT(EM_ASSESS):   NONEVENTS ( SLOT) = NONEVENTS ( SLOT) + _FREQ_ * (1 - _MEANTARGET);
MPRINT(EM_ASSESS):   *;
MPRINT(EM_ASSESS):   * ........ START OF OUTDIST IN BINARY CASE MAIN DATA STEP ;
MPRINT(EM_ASSESS):   *;
MPRINT(EM_ASSESS):   SCR_MNPROBS ( SLOT ) = SUM (SCR_MNPROBS (SLOT), P_diagnosisM * _FREQ_ );
MPRINT(EM_ASSESS):   SCR_MINPROBS ( SLOT ) = MIN (SCR_MINPROBS (SLOT), P_diagnosisM );
MPRINT(EM_ASSESS):   SCR_MAXPROBS ( SLOT ) = MAX (SCR_MAXPROBS (SLOT), P_diagnosisM );
MPRINT(EM_ASSESS):   *;
MPRINT(EM_ASSESS):   * ........ End of Outdist in Binary case main DATA STEP ;
MPRINT(EM_ASSESS):   *;
MPRINT(EM_ASSESS):   IF EOF THEN DO;
MPRINT(EM_ASSESS):   PUT //;
MPRINT(EM_ASSESS):   DO K = 1 TO 20;
MPRINT(EM_ASSESS):   END;
MPRINT(EM_ASSESS):   LENGTH EVENTVALUE $ 32;
MPRINT(EM_ASSESS):   RETAIN EVENTVALUE "M" ;
MPRINT(EM_ASSESS):   *;
MPRINT(EM_ASSESS):   * ......... Start of EOF area of BINARY processing of main data set ;
MPRINT(EM_ASSESS):   *;
MPRINT(EM_ASSESS):   *;
MPRINT(EM_ASSESS):   CALL SYMPUTX ("SUMRANK1", SUMRANK1);
MPRINT(EM_ASSESS):   LENGTH DATAROLE $ 10;
MPRINT(EM_ASSESS):   RETAIN DATAROLE "VALIDATE" ;
MPRINT(EM_ASSESS):   RETAIN OVLMIN 0.0126582278 OVLMAX 1 ;
MPRINT(EM_ASSESS):   DROP OVLMIN OVLMAX ;
MPRINT(EM_ASSESS):   C_NUMOBS = 0;
MPRINT(EM_ASSESS):   C_NUM_RESP = 0;
MPRINT(EM_ASSESS):   C_NUM_NONRESP = 0;
MPRINT(EM_ASSESS):   C_P_RESP = 0;
MPRINT(EM_ASSESS):   P_CAPT_RESP = 0;
MPRINT(EM_ASSESS):   C_P_CAPT_RESP = 0;
MPRINT(EM_ASSESS):   PREVIOUSPROFIT = 0;
MPRINT(EM_ASSESS):   MAXPROFIT = 0;
MPRINT(EM_ASSESS):   _KS_BIN_ = 0;
MPRINT(EM_ASSESS):   DROP _KS_BIN_;
MPRINT(EM_ASSESS):   AVGNUMRESP = _NEVENTS / 20;
MPRINT(EM_ASSESS):   BASERESP = 100 * RESPRATE;
MPRINT(EM_ASSESS):   BASERESPC = BASERESP;
MPRINT(EM_ASSESS):   BASECAP = 100 / 20;
MPRINT(EM_ASSESS):   *;
MPRINT(EM_ASSESS):   * ........................Start OF Gainschart = Outranks Area;
MPRINT(EM_ASSESS):   *;
MPRINT(EM_ASSESS):   _KS_BIN_PROB = 0;
MPRINT(EM_ASSESS):   numeventwhole = floor(_NEVENTS/20);
MPRINT(EM_ASSESS):   remainevent= _NEVENTS - (numeventwhole)*20;
MPRINT(EM_ASSESS):   drop numeventwhole remainevent;
MPRINT(EM_ASSESS):   DO GROUP = 20 TO 1 BY -1;

MPRINT(EM_ASSESS):   BASECAPC + BASECAP;
MPRINT(EM_ASSESS):   PERCENTILE = GROUP * (100 / 20);
MPRINT(EM_ASSESS):   MINPROB = MINPROBS ( GROUP);
MPRINT(EM_ASSESS):   MAXPROB = MAXPROBS ( GROUP);
MPRINT(EM_ASSESS):   CALL SYMPUTX ("MINPROB" || LEFT ( PUT (GROUP, 3.)), MINPROB);
MPRINT(EM_ASSESS):   CALL SYMPUTX ("MAXPROB" || LEFT ( PUT (GROUP, 3.)), MAXPROB);
MPRINT(EM_ASSESS):   NUMOBS = NUMOBSS ( GROUP);
MPRINT(EM_ASSESS):   IF NUMOBS > 0 THEN MNPROB = MNPROBS ( GROUP) / NUMOBS;
MPRINT(EM_ASSESS):   ELSE MNPROB = .;
MPRINT(EM_ASSESS):   C_NUMOBS = SUM (NUMOBS, C_NUMOBS);
MPRINT(EM_ASSESS):   NUMRESP = NUMRESPS ( GROUP);
MPRINT(EM_ASSESS):   NUMNONRESP = NUMOBS - NUMRESP;
MPRINT(EM_ASSESS):   C_AVGNUM_RESP + AVGNUMRESP;
MPRINT(EM_ASSESS):   BASEEVENTS = numeventwhole;
MPRINT(EM_ASSESS):   if GROUP > 20-remainevent then BASEEVENTS=BASEEVENTS + 1;
MPRINT(EM_ASSESS):   IF C_NUMOBS <= _NEVENTS THEN DO;
MPRINT(EM_ASSESS):   BESTNUMEVENTS = NUMOBS;
MPRINT(EM_ASSESS):   BESTCAPC = C_NUMOBS * 100 / _NEVENTS;
MPRINT(EM_ASSESS):   END;
MPRINT(EM_ASSESS):   ELSE DO;
MPRINT(EM_ASSESS):   FLAG + 1;
MPRINT(EM_ASSESS):   DROP FLAG;
MPRINT(EM_ASSESS):   BESTNUMEVENTS = _NEVENTS - C_NUMOBS + NUMOBS;
MPRINT(EM_ASSESS):   IF FLAG > 1 THEN BESTNUMEVENTS = 0;
MPRINT(EM_ASSESS):   BESTCAPC = 100;
MPRINT(EM_ASSESS):   END;
MPRINT(EM_ASSESS):   BESTCAP = BESTNUMEVENTS * 100 / _NEVENTS;
MPRINT(EM_ASSESS):   IF C_NUMOBS <= _NEVENTS THEN DO;
MPRINT(EM_ASSESS):   BESTLIFT = ((_NEVENTS+_NNONEVENTS) / 20) /AVGNUMRESP;
MPRINT(EM_ASSESS):   END;
MPRINT(EM_ASSESS):   ELSE DO;
MPRINT(EM_ASSESS):   BESTLIFT = BESTNUMEVENTS / AVGNUMRESP;
MPRINT(EM_ASSESS):   END;
MPRINT(EM_ASSESS):   C_BESTNUMEVENTS + BESTNUMEVENTS;
MPRINT(EM_ASSESS):   DROP C_BESTNUMEVENTS;
MPRINT(EM_ASSESS):   IF C_NUMOBS > 0 THEN BESTLIFTC = C_BESTNUMEVENTS / (_NEVENTS / 173 * C_NUMOBS);
MPRINT(EM_ASSESS):   ELSE BESTLIFTC = .;
MPRINT(EM_ASSESS):   IF NUMOBS > 0 THEN DO;
MPRINT(EM_ASSESS):   BESTRESP = BESTNUMEVENTS * 100 / NUMOBS;
MPRINT(EM_ASSESS):   P_RESP = NUMRESP * 100 / NUMOBS;
MPRINT(EM_ASSESS):   P_NONRESP = NUMNONRESP * 100 / NUMOBS;
MPRINT(EM_ASSESS):   END;
MPRINT(EM_ASSESS):   ELSE DO;
MPRINT(EM_ASSESS):   BESTRESP = .;
MPRINT(EM_ASSESS):   P_RESP = .;
MPRINT(EM_ASSESS):   P_NONRESP = .;
MPRINT(EM_ASSESS):   END;
MPRINT(EM_ASSESS):   IF C_NUMOBS > 0 THEN DO;
MPRINT(EM_ASSESS):   BESTRESPC = C_BESTNUMEVENTS * 100 / C_NUMOBS;
MPRINT(EM_ASSESS):   BESTGAIN = MAX (0, ((C_BESTNUMEVENTS / C_NUMOBS ) / ( AVGNUMRESP / (173/20)) - 1) * 100);
MPRINT(EM_ASSESS):   END;
MPRINT(EM_ASSESS):   ELSE DO;
MPRINT(EM_ASSESS):   BESTRESPC = .;
MPRINT(EM_ASSESS):   BESTGAIN = .;
MPRINT(EM_ASSESS):   END;
MPRINT(EM_ASSESS):   IF NUMNONRESP > 0 THEN ODDS = NUMRESP / NUMNONRESP;
MPRINT(EM_ASSESS):   ELSE ODDS = .;
MPRINT(EM_ASSESS):   C_NUM_RESP = SUM (C_NUM_RESP , NUMRESP );
MPRINT(EM_ASSESS):   C_NUM_NONRESP = SUM (C_NUM_NONRESP, NUMNONRESP );
MPRINT(EM_ASSESS):   IF C_NUM_NONRESP > 0 THEN C_ODDS = C_NUM_RESP / C_NUM_NONRESP;
MPRINT(EM_ASSESS):   ELSE C_ODDS = .;
MPRINT(EM_ASSESS):   IF C_NUMOBS > 0 THEN DO;
MPRINT(EM_ASSESS):   C_P_RESP = C_NUM_RESP * 100 / C_NUMOBS;
MPRINT(EM_ASSESS):   GAIN = ABS(100 * (((C_NUM_RESP / C_NUMOBS ) / (_NEVENTS / 173)) - 1));
MPRINT(EM_ASSESS):   BASEGAIN = 100 * (( (C_AVGNUM_RESP /((20-GROUP+1)* 173/20) ) / ( AVGNUMRESP / (173/20))) - 1);
MPRINT(EM_ASSESS):   END;
MPRINT(EM_ASSESS):   ELSE DO;
MPRINT(EM_ASSESS):   GAIN = .;
MPRINT(EM_ASSESS):   BASEGAIN = .;
MPRINT(EM_ASSESS):   C_P_RESP = .;
MPRINT(EM_ASSESS):   END;
MPRINT(EM_ASSESS):   IF BASEGAIN <= 0 THEN BASEGAIN = 0;
MPRINT(EM_ASSESS):   P_CAPT_RESP = NUMRESP * 100 / _NEVENTS;
MPRINT(EM_ASSESS):   P_CAPT_NONRESP = NUMNONRESP * 100 / ( 173 - _NEVENTS);
MPRINT(EM_ASSESS):   C_P_CAPT_RESP = C_NUM_RESP * 100 / _NEVENTS;
MPRINT(EM_ASSESS):   C_P_CAPT_NONRESP = C_NUM_NONRESP * 100 / ( 173 - _NEVENTS);
MPRINT(EM_ASSESS):   *;
MPRINT(EM_ASSESS):   * Area For Binned KS in Outranks area;
MPRINT(EM_ASSESS):   *;
MPRINT(EM_ASSESS):   _DIFFERENCE = C_P_CAPT_RESP - C_P_CAPT_NONRESP ;
MPRINT(EM_ASSESS):   IF _KS_BIN_ < _DIFFERENCE THEN DO;
MPRINT(EM_ASSESS):   _KS_BIN_ = _DIFFERENCE;
MPRINT(EM_ASSESS):   _KS_BIN_PROB = MINPROB + (MAXPROB - MINPROB) / 2 ;
MPRINT(EM_ASSESS):   END;
MPRINT(EM_ASSESS):   LIFT = P_RESP * .01 / RESPRATE ;
MPRINT(EM_ASSESS):   C_LIFT = C_P_RESP * .01 / RESPRATE;
MPRINT(EM_ASSESS):   IF NUMOBS > 0 THEN DO;
MPRINT(EM_ASSESS):   BASELIFT = AVGNUMRESP / ( RESPRATE * 173/20 );
MPRINT(EM_ASSESS):   END;
MPRINT(EM_ASSESS):   ELSE BASELIFT = .;
MPRINT(EM_ASSESS):   IF C_NUMOBS > 0 THEN CBASELIFT = C_AVGNUM_RESP / (RESPRATE * ((20-GROUP+1)* 173/20));
MPRINT(EM_ASSESS):   ELSE CBASELIFT = .;
MPRINT(EM_ASSESS):   *;
MPRINT(EM_ASSESS):   * ........ WITHIN DO LOOP FOR OUTRANKS;
MPRINT(EM_ASSESS):   *;
MPRINT(EM_ASSESS):   BIN = 20 + 1 - GROUP;
MPRINT(EM_ASSESS):   PERCENTILE = BIN * (100 / 20);
MPRINT(EM_ASSESS):   B_C_P_RESP = PERCENTILE;
MPRINT(EM_ASSESS):   OUTPUT WORK._TEMPRANK ;
MPRINT(EM_ASSESS):   END;
MPRINT(EM_ASSESS):   *;
MPRINT(EM_ASSESS):   * ........................ END OF GAINSCHART = OUTRANKS AREA;
MPRINT(EM_ASSESS):   *;
MPRINT(EM_ASSESS):   CALL SYMPUTX ("MAXPROFITGROUP" , MAXPROFITGROUP);
MPRINT(EM_ASSESS):   CALL SYMPUTX ("MAXPROFIT" , MAXPROFIT );
MPRINT(EM_ASSESS):   KS_ABSDIFF = 0 ;
MPRINT(EM_ASSESS):   MINPRECTPR = 9999;
MPRINT(EM_ASSESS):   Y0 = 1 - RESPRATE;
MPRINT(EM_ASSESS):   Y1 = RESPRATE;
MPRINT(EM_ASSESS):   MAXMUTUAL = 0;
MPRINT(EM_ASSESS):   DROP MAXMUTUAL KSPROB Y0 Y1 KS_ABSDIFF MINPRECTPR;
MPRINT(EM_ASSESS):   *;
MPRINT(EM_ASSESS):   *;
MPRINT(EM_ASSESS):   * .....................About to start Processing Outroc ;
MPRINT(EM_ASSESS):   *;
MPRINT(EM_ASSESS):   *;
MPRINT(EM_ASSESS):   *;
MPRINT(EM_ASSESS):   *;
MPRINT(EM_ASSESS):   * ........................... Finished Processing Outroc ;
MPRINT(EM_ASSESS):   *;
MPRINT(EM_ASSESS):   *;
MPRINT(EM_ASSESS):   *;
MPRINT(EM_ASSESS):   * .............. Outdist ;
MPRINT(EM_ASSESS):   *;
MPRINT(EM_ASSESS):   BIN = 20 ;
MPRINT(EM_ASSESS):   LOWERPROB = (BIN - 1) / 20;
MPRINT(EM_ASSESS):   UPPERPROB = LOWERPROB + (1 / 20);
MPRINT(EM_ASSESS):   MODELSCORE = LOWERPROB + (1 / 20) / 2;
MPRINT(EM_ASSESS):   RANGE = COMPRESS (PUT (LOWERPROB, 4.2) || "-" || PUT (UPPERPROB, 4.2));
MPRINT(EM_ASSESS):   SCR_NUMEVENTS = SUM ( OF EVENTS96 - EVENTS100 );
MPRINT(EM_ASSESS):   SCR_P_EVENTS = SCR_NUMEVENTS * 100 / _NEVENTS;
MPRINT(EM_ASSESS):   SCR_CP_EVENTS = SUM (SCR_P_EVENTS, SCR_CP_EVENTS);
MPRINT(EM_ASSESS):   SCR_NUMNONEVENTS = SUM ( OF NONEVENTS96 - NONEVENTS100);
MPRINT(EM_ASSESS):   NUMOBSINGROUP = SUM (SCR_NUMEVENTS, SCR_NUMNONEVENTS);
MPRINT(EM_ASSESS):   IF NUMOBSINGROUP > 0 THEN SCR_MNPROB = SUM (OF SCR_MNPROB96 - SCR_MNPROB100) / NUMOBSINGROUP;
MPRINT(EM_ASSESS):   ELSE SCR_MNPROB = .;
MPRINT(EM_ASSESS):   SCR_MINPROB = MIN (OF SCR_MINPROB96 - SCR_MINPROB100) ;
MPRINT(EM_ASSESS):   SCR_MAXPROB = MAX (OF SCR_MAXPROB96 - SCR_MAXPROB100) ;
MPRINT(EM_ASSESS):   IF SCR_MINPROB = 1 THEN SCR_MINPROB = .;
MPRINT(EM_ASSESS):   IF SCR_MAXPROB = 0 THEN SCR_MAXPROB = .;
MPRINT(EM_ASSESS):   SCR_P_NONEVENTS = SCR_NUMNONEVENTS * 100 / _NNONEVENTS;
MPRINT(EM_ASSESS):   SCR_CP_NONEVENTS = SUM (SCR_P_NONEVENTS, SCR_CP_NONEVENTS);
MPRINT(EM_ASSESS):   PERCOBSINGROUP = NUMOBSINGROUP * 100 / 173;
MPRINT(EM_ASSESS):   C_PERCOBSINGROUP = SUM (C_PERCOBSINGROUP, PERCOBSINGROUP);
MPRINT(EM_ASSESS):   CALL SYMPUTX ("SCR_MINPROB" || LEFT (PUT (BIN, 3.)), LOWERPROB);
MPRINT(EM_ASSESS):   CALL SYMPUTX ("SCR_MAXPROB" || LEFT (PUT (BIN, 3.)), UPPERPROB);
MPRINT(EM_ASSESS):   BIN = 20 + 1 - 20;
MPRINT(EM_ASSESS):   OUTPUT WORK._TEMPSCOREDIST;
MPRINT(EM_ASSESS):   BIN = 19 ;
MPRINT(EM_ASSESS):   LOWERPROB = (BIN - 1) / 20;
MPRINT(EM_ASSESS):   UPPERPROB = LOWERPROB + (1 / 20);
MPRINT(EM_ASSESS):   MODELSCORE = LOWERPROB + (1 / 20) / 2;
MPRINT(EM_ASSESS):   RANGE = COMPRESS (PUT (LOWERPROB, 4.2) || "-" || PUT (UPPERPROB, 4.2));
MPRINT(EM_ASSESS):   SCR_NUMEVENTS = SUM ( OF EVENTS91 - EVENTS95 );
MPRINT(EM_ASSESS):   SCR_P_EVENTS = SCR_NUMEVENTS * 100 / _NEVENTS;
MPRINT(EM_ASSESS):   SCR_CP_EVENTS = SUM (SCR_P_EVENTS, SCR_CP_EVENTS);
MPRINT(EM_ASSESS):   SCR_NUMNONEVENTS = SUM ( OF NONEVENTS91 - NONEVENTS95);
MPRINT(EM_ASSESS):   NUMOBSINGROUP = SUM (SCR_NUMEVENTS, SCR_NUMNONEVENTS);
MPRINT(EM_ASSESS):   IF NUMOBSINGROUP > 0 THEN SCR_MNPROB = SUM (OF SCR_MNPROB91 - SCR_MNPROB95) / NUMOBSINGROUP;
MPRINT(EM_ASSESS):   ELSE SCR_MNPROB = .;
MPRINT(EM_ASSESS):   SCR_MINPROB = MIN (OF SCR_MINPROB91 - SCR_MINPROB95) ;
MPRINT(EM_ASSESS):   SCR_MAXPROB = MAX (OF SCR_MAXPROB91 - SCR_MAXPROB95) ;
MPRINT(EM_ASSESS):   IF SCR_MINPROB = 1 THEN SCR_MINPROB = .;
MPRINT(EM_ASSESS):   IF SCR_MAXPROB = 0 THEN SCR_MAXPROB = .;
MPRINT(EM_ASSESS):   SCR_P_NONEVENTS = SCR_NUMNONEVENTS * 100 / _NNONEVENTS;
MPRINT(EM_ASSESS):   SCR_CP_NONEVENTS = SUM (SCR_P_NONEVENTS, SCR_CP_NONEVENTS);
MPRINT(EM_ASSESS):   PERCOBSINGROUP = NUMOBSINGROUP * 100 / 173;
MPRINT(EM_ASSESS):   C_PERCOBSINGROUP = SUM (C_PERCOBSINGROUP, PERCOBSINGROUP);
MPRINT(EM_ASSESS):   CALL SYMPUTX ("SCR_MINPROB" || LEFT (PUT (BIN, 3.)), LOWERPROB);
MPRINT(EM_ASSESS):   CALL SYMPUTX ("SCR_MAXPROB" || LEFT (PUT (BIN, 3.)), UPPERPROB);
MPRINT(EM_ASSESS):   BIN = 20 + 1 - 19;
MPRINT(EM_ASSESS):   OUTPUT WORK._TEMPSCOREDIST;
MPRINT(EM_ASSESS):   BIN = 18 ;
MPRINT(EM_ASSESS):   LOWERPROB = (BIN - 1) / 20;
MPRINT(EM_ASSESS):   UPPERPROB = LOWERPROB + (1 / 20);
MPRINT(EM_ASSESS):   MODELSCORE = LOWERPROB + (1 / 20) / 2;
MPRINT(EM_ASSESS):   RANGE = COMPRESS (PUT (LOWERPROB, 4.2) || "-" || PUT (UPPERPROB, 4.2));
MPRINT(EM_ASSESS):   SCR_NUMEVENTS = SUM ( OF EVENTS86 - EVENTS90 );
MPRINT(EM_ASSESS):   SCR_P_EVENTS = SCR_NUMEVENTS * 100 / _NEVENTS;
MPRINT(EM_ASSESS):   SCR_CP_EVENTS = SUM (SCR_P_EVENTS, SCR_CP_EVENTS);
MPRINT(EM_ASSESS):   SCR_NUMNONEVENTS = SUM ( OF NONEVENTS86 - NONEVENTS90);
MPRINT(EM_ASSESS):   NUMOBSINGROUP = SUM (SCR_NUMEVENTS, SCR_NUMNONEVENTS);
MPRINT(EM_ASSESS):   IF NUMOBSINGROUP > 0 THEN SCR_MNPROB = SUM (OF SCR_MNPROB86 - SCR_MNPROB90) / NUMOBSINGROUP;
MPRINT(EM_ASSESS):   ELSE SCR_MNPROB = .;
MPRINT(EM_ASSESS):   SCR_MINPROB = MIN (OF SCR_MINPROB86 - SCR_MINPROB90) ;
MPRINT(EM_ASSESS):   SCR_MAXPROB = MAX (OF SCR_MAXPROB86 - SCR_MAXPROB90) ;
MPRINT(EM_ASSESS):   IF SCR_MINPROB = 1 THEN SCR_MINPROB = .;
MPRINT(EM_ASSESS):   IF SCR_MAXPROB = 0 THEN SCR_MAXPROB = .;
MPRINT(EM_ASSESS):   SCR_P_NONEVENTS = SCR_NUMNONEVENTS * 100 / _NNONEVENTS;
MPRINT(EM_ASSESS):   SCR_CP_NONEVENTS = SUM (SCR_P_NONEVENTS, SCR_CP_NONEVENTS);
MPRINT(EM_ASSESS):   PERCOBSINGROUP = NUMOBSINGROUP * 100 / 173;
MPRINT(EM_ASSESS):   C_PERCOBSINGROUP = SUM (C_PERCOBSINGROUP, PERCOBSINGROUP);
MPRINT(EM_ASSESS):   CALL SYMPUTX ("SCR_MINPROB" || LEFT (PUT (BIN, 3.)), LOWERPROB);
MPRINT(EM_ASSESS):   CALL SYMPUTX ("SCR_MAXPROB" || LEFT (PUT (BIN, 3.)), UPPERPROB);
MPRINT(EM_ASSESS):   BIN = 20 + 1 - 18;
MPRINT(EM_ASSESS):   OUTPUT WORK._TEMPSCOREDIST;
MPRINT(EM_ASSESS):   BIN = 17 ;
MPRINT(EM_ASSESS):   LOWERPROB = (BIN - 1) / 20;
MPRINT(EM_ASSESS):   UPPERPROB = LOWERPROB + (1 / 20);
MPRINT(EM_ASSESS):   MODELSCORE = LOWERPROB + (1 / 20) / 2;
MPRINT(EM_ASSESS):   RANGE = COMPRESS (PUT (LOWERPROB, 4.2) || "-" || PUT (UPPERPROB, 4.2));
MPRINT(EM_ASSESS):   SCR_NUMEVENTS = SUM ( OF EVENTS81 - EVENTS85 );
MPRINT(EM_ASSESS):   SCR_P_EVENTS = SCR_NUMEVENTS * 100 / _NEVENTS;
MPRINT(EM_ASSESS):   SCR_CP_EVENTS = SUM (SCR_P_EVENTS, SCR_CP_EVENTS);
MPRINT(EM_ASSESS):   SCR_NUMNONEVENTS = SUM ( OF NONEVENTS81 - NONEVENTS85);
MPRINT(EM_ASSESS):   NUMOBSINGROUP = SUM (SCR_NUMEVENTS, SCR_NUMNONEVENTS);
MPRINT(EM_ASSESS):   IF NUMOBSINGROUP > 0 THEN SCR_MNPROB = SUM (OF SCR_MNPROB81 - SCR_MNPROB85) / NUMOBSINGROUP;
MPRINT(EM_ASSESS):   ELSE SCR_MNPROB = .;
MPRINT(EM_ASSESS):   SCR_MINPROB = MIN (OF SCR_MINPROB81 - SCR_MINPROB85) ;
MPRINT(EM_ASSESS):   SCR_MAXPROB = MAX (OF SCR_MAXPROB81 - SCR_MAXPROB85) ;
MPRINT(EM_ASSESS):   IF SCR_MINPROB = 1 THEN SCR_MINPROB = .;
MPRINT(EM_ASSESS):   IF SCR_MAXPROB = 0 THEN SCR_MAXPROB = .;
MPRINT(EM_ASSESS):   SCR_P_NONEVENTS = SCR_NUMNONEVENTS * 100 / _NNONEVENTS;
MPRINT(EM_ASSESS):   SCR_CP_NONEVENTS = SUM (SCR_P_NONEVENTS, SCR_CP_NONEVENTS);
MPRINT(EM_ASSESS):   PERCOBSINGROUP = NUMOBSINGROUP * 100 / 173;
MPRINT(EM_ASSESS):   C_PERCOBSINGROUP = SUM (C_PERCOBSINGROUP, PERCOBSINGROUP);
MPRINT(EM_ASSESS):   CALL SYMPUTX ("SCR_MINPROB" || LEFT (PUT (BIN, 3.)), LOWERPROB);
MPRINT(EM_ASSESS):   CALL SYMPUTX ("SCR_MAXPROB" || LEFT (PUT (BIN, 3.)), UPPERPROB);
MPRINT(EM_ASSESS):   BIN = 20 + 1 - 17;
MPRINT(EM_ASSESS):   OUTPUT WORK._TEMPSCOREDIST;
MPRINT(EM_ASSESS):   BIN = 16 ;
MPRINT(EM_ASSESS):   LOWERPROB = (BIN - 1) / 20;
MPRINT(EM_ASSESS):   UPPERPROB = LOWERPROB + (1 / 20);
MPRINT(EM_ASSESS):   MODELSCORE = LOWERPROB + (1 / 20) / 2;
MPRINT(EM_ASSESS):   RANGE = COMPRESS (PUT (LOWERPROB, 4.2) || "-" || PUT (UPPERPROB, 4.2));
MPRINT(EM_ASSESS):   SCR_NUMEVENTS = SUM ( OF EVENTS76 - EVENTS80 );
MPRINT(EM_ASSESS):   SCR_P_EVENTS = SCR_NUMEVENTS * 100 / _NEVENTS;
MPRINT(EM_ASSESS):   SCR_CP_EVENTS = SUM (SCR_P_EVENTS, SCR_CP_EVENTS);
MPRINT(EM_ASSESS):   SCR_NUMNONEVENTS = SUM ( OF NONEVENTS76 - NONEVENTS80);
MPRINT(EM_ASSESS):   NUMOBSINGROUP = SUM (SCR_NUMEVENTS, SCR_NUMNONEVENTS);
MPRINT(EM_ASSESS):   IF NUMOBSINGROUP > 0 THEN SCR_MNPROB = SUM (OF SCR_MNPROB76 - SCR_MNPROB80) / NUMOBSINGROUP;
MPRINT(EM_ASSESS):   ELSE SCR_MNPROB = .;
MPRINT(EM_ASSESS):   SCR_MINPROB = MIN (OF SCR_MINPROB76 - SCR_MINPROB80) ;
MPRINT(EM_ASSESS):   SCR_MAXPROB = MAX (OF SCR_MAXPROB76 - SCR_MAXPROB80) ;
MPRINT(EM_ASSESS):   IF SCR_MINPROB = 1 THEN SCR_MINPROB = .;
MPRINT(EM_ASSESS):   IF SCR_MAXPROB = 0 THEN SCR_MAXPROB = .;
MPRINT(EM_ASSESS):   SCR_P_NONEVENTS = SCR_NUMNONEVENTS * 100 / _NNONEVENTS;
MPRINT(EM_ASSESS):   SCR_CP_NONEVENTS = SUM (SCR_P_NONEVENTS, SCR_CP_NONEVENTS);
MPRINT(EM_ASSESS):   PERCOBSINGROUP = NUMOBSINGROUP * 100 / 173;
MPRINT(EM_ASSESS):   C_PERCOBSINGROUP = SUM (C_PERCOBSINGROUP, PERCOBSINGROUP);
MPRINT(EM_ASSESS):   CALL SYMPUTX ("SCR_MINPROB" || LEFT (PUT (BIN, 3.)), LOWERPROB);
MPRINT(EM_ASSESS):   CALL SYMPUTX ("SCR_MAXPROB" || LEFT (PUT (BIN, 3.)), UPPERPROB);
MPRINT(EM_ASSESS):   BIN = 20 + 1 - 16;
MPRINT(EM_ASSESS):   OUTPUT WORK._TEMPSCOREDIST;
MPRINT(EM_ASSESS):   BIN = 15 ;
MPRINT(EM_ASSESS):   LOWERPROB = (BIN - 1) / 20;
MPRINT(EM_ASSESS):   UPPERPROB = LOWERPROB + (1 / 20);
MPRINT(EM_ASSESS):   MODELSCORE = LOWERPROB + (1 / 20) / 2;
MPRINT(EM_ASSESS):   RANGE = COMPRESS (PUT (LOWERPROB, 4.2) || "-" || PUT (UPPERPROB, 4.2));
MPRINT(EM_ASSESS):   SCR_NUMEVENTS = SUM ( OF EVENTS71 - EVENTS75 );
MPRINT(EM_ASSESS):   SCR_P_EVENTS = SCR_NUMEVENTS * 100 / _NEVENTS;
MPRINT(EM_ASSESS):   SCR_CP_EVENTS = SUM (SCR_P_EVENTS, SCR_CP_EVENTS);
MPRINT(EM_ASSESS):   SCR_NUMNONEVENTS = SUM ( OF NONEVENTS71 - NONEVENTS75);
MPRINT(EM_ASSESS):   NUMOBSINGROUP = SUM (SCR_NUMEVENTS, SCR_NUMNONEVENTS);
MPRINT(EM_ASSESS):   IF NUMOBSINGROUP > 0 THEN SCR_MNPROB = SUM (OF SCR_MNPROB71 - SCR_MNPROB75) / NUMOBSINGROUP;
MPRINT(EM_ASSESS):   ELSE SCR_MNPROB = .;
MPRINT(EM_ASSESS):   SCR_MINPROB = MIN (OF SCR_MINPROB71 - SCR_MINPROB75) ;
MPRINT(EM_ASSESS):   SCR_MAXPROB = MAX (OF SCR_MAXPROB71 - SCR_MAXPROB75) ;
MPRINT(EM_ASSESS):   IF SCR_MINPROB = 1 THEN SCR_MINPROB = .;
MPRINT(EM_ASSESS):   IF SCR_MAXPROB = 0 THEN SCR_MAXPROB = .;
MPRINT(EM_ASSESS):   SCR_P_NONEVENTS = SCR_NUMNONEVENTS * 100 / _NNONEVENTS;
MPRINT(EM_ASSESS):   SCR_CP_NONEVENTS = SUM (SCR_P_NONEVENTS, SCR_CP_NONEVENTS);
MPRINT(EM_ASSESS):   PERCOBSINGROUP = NUMOBSINGROUP * 100 / 173;
MPRINT(EM_ASSESS):   C_PERCOBSINGROUP = SUM (C_PERCOBSINGROUP, PERCOBSINGROUP);
MPRINT(EM_ASSESS):   CALL SYMPUTX ("SCR_MINPROB" || LEFT (PUT (BIN, 3.)), LOWERPROB);
MPRINT(EM_ASSESS):   CALL SYMPUTX ("SCR_MAXPROB" || LEFT (PUT (BIN, 3.)), UPPERPROB);
MPRINT(EM_ASSESS):   BIN = 20 + 1 - 15;
MPRINT(EM_ASSESS):   OUTPUT WORK._TEMPSCOREDIST;
MPRINT(EM_ASSESS):   BIN = 14 ;
MPRINT(EM_ASSESS):   LOWERPROB = (BIN - 1) / 20;
MPRINT(EM_ASSESS):   UPPERPROB = LOWERPROB + (1 / 20);
MPRINT(EM_ASSESS):   MODELSCORE = LOWERPROB + (1 / 20) / 2;
MPRINT(EM_ASSESS):   RANGE = COMPRESS (PUT (LOWERPROB, 4.2) || "-" || PUT (UPPERPROB, 4.2));
MPRINT(EM_ASSESS):   SCR_NUMEVENTS = SUM ( OF EVENTS66 - EVENTS70 );
MPRINT(EM_ASSESS):   SCR_P_EVENTS = SCR_NUMEVENTS * 100 / _NEVENTS;
MPRINT(EM_ASSESS):   SCR_CP_EVENTS = SUM (SCR_P_EVENTS, SCR_CP_EVENTS);
MPRINT(EM_ASSESS):   SCR_NUMNONEVENTS = SUM ( OF NONEVENTS66 - NONEVENTS70);
MPRINT(EM_ASSESS):   NUMOBSINGROUP = SUM (SCR_NUMEVENTS, SCR_NUMNONEVENTS);
MPRINT(EM_ASSESS):   IF NUMOBSINGROUP > 0 THEN SCR_MNPROB = SUM (OF SCR_MNPROB66 - SCR_MNPROB70) / NUMOBSINGROUP;
MPRINT(EM_ASSESS):   ELSE SCR_MNPROB = .;
MPRINT(EM_ASSESS):   SCR_MINPROB = MIN (OF SCR_MINPROB66 - SCR_MINPROB70) ;
MPRINT(EM_ASSESS):   SCR_MAXPROB = MAX (OF SCR_MAXPROB66 - SCR_MAXPROB70) ;
MPRINT(EM_ASSESS):   IF SCR_MINPROB = 1 THEN SCR_MINPROB = .;
MPRINT(EM_ASSESS):   IF SCR_MAXPROB = 0 THEN SCR_MAXPROB = .;
MPRINT(EM_ASSESS):   SCR_P_NONEVENTS = SCR_NUMNONEVENTS * 100 / _NNONEVENTS;
MPRINT(EM_ASSESS):   SCR_CP_NONEVENTS = SUM (SCR_P_NONEVENTS, SCR_CP_NONEVENTS);
MPRINT(EM_ASSESS):   PERCOBSINGROUP = NUMOBSINGROUP * 100 / 173;
MPRINT(EM_ASSESS):   C_PERCOBSINGROUP = SUM (C_PERCOBSINGROUP, PERCOBSINGROUP);
MPRINT(EM_ASSESS):   CALL SYMPUTX ("SCR_MINPROB" || LEFT (PUT (BIN, 3.)), LOWERPROB);
MPRINT(EM_ASSESS):   CALL SYMPUTX ("SCR_MAXPROB" || LEFT (PUT (BIN, 3.)), UPPERPROB);
MPRINT(EM_ASSESS):   BIN = 20 + 1 - 14;
MPRINT(EM_ASSESS):   OUTPUT WORK._TEMPSCOREDIST;
MPRINT(EM_ASSESS):   BIN = 13 ;
MPRINT(EM_ASSESS):   LOWERPROB = (BIN - 1) / 20;
MPRINT(EM_ASSESS):   UPPERPROB = LOWERPROB + (1 / 20);
MPRINT(EM_ASSESS):   MODELSCORE = LOWERPROB + (1 / 20) / 2;
MPRINT(EM_ASSESS):   RANGE = COMPRESS (PUT (LOWERPROB, 4.2) || "-" || PUT (UPPERPROB, 4.2));
MPRINT(EM_ASSESS):   SCR_NUMEVENTS = SUM ( OF EVENTS61 - EVENTS65 );
MPRINT(EM_ASSESS):   SCR_P_EVENTS = SCR_NUMEVENTS * 100 / _NEVENTS;
MPRINT(EM_ASSESS):   SCR_CP_EVENTS = SUM (SCR_P_EVENTS, SCR_CP_EVENTS);
MPRINT(EM_ASSESS):   SCR_NUMNONEVENTS = SUM ( OF NONEVENTS61 - NONEVENTS65);
MPRINT(EM_ASSESS):   NUMOBSINGROUP = SUM (SCR_NUMEVENTS, SCR_NUMNONEVENTS);
MPRINT(EM_ASSESS):   IF NUMOBSINGROUP > 0 THEN SCR_MNPROB = SUM (OF SCR_MNPROB61 - SCR_MNPROB65) / NUMOBSINGROUP;
MPRINT(EM_ASSESS):   ELSE SCR_MNPROB = .;
MPRINT(EM_ASSESS):   SCR_MINPROB = MIN (OF SCR_MINPROB61 - SCR_MINPROB65) ;
MPRINT(EM_ASSESS):   SCR_MAXPROB = MAX (OF SCR_MAXPROB61 - SCR_MAXPROB65) ;
MPRINT(EM_ASSESS):   IF SCR_MINPROB = 1 THEN SCR_MINPROB = .;
MPRINT(EM_ASSESS):   IF SCR_MAXPROB = 0 THEN SCR_MAXPROB = .;
MPRINT(EM_ASSESS):   SCR_P_NONEVENTS = SCR_NUMNONEVENTS * 100 / _NNONEVENTS;
MPRINT(EM_ASSESS):   SCR_CP_NONEVENTS = SUM (SCR_P_NONEVENTS, SCR_CP_NONEVENTS);
MPRINT(EM_ASSESS):   PERCOBSINGROUP = NUMOBSINGROUP * 100 / 173;
MPRINT(EM_ASSESS):   C_PERCOBSINGROUP = SUM (C_PERCOBSINGROUP, PERCOBSINGROUP);
MPRINT(EM_ASSESS):   CALL SYMPUTX ("SCR_MINPROB" || LEFT (PUT (BIN, 3.)), LOWERPROB);
MPRINT(EM_ASSESS):   CALL SYMPUTX ("SCR_MAXPROB" || LEFT (PUT (BIN, 3.)), UPPERPROB);
MPRINT(EM_ASSESS):   BIN = 20 + 1 - 13;
MPRINT(EM_ASSESS):   OUTPUT WORK._TEMPSCOREDIST;
MPRINT(EM_ASSESS):   BIN = 12 ;
MPRINT(EM_ASSESS):   LOWERPROB = (BIN - 1) / 20;
MPRINT(EM_ASSESS):   UPPERPROB = LOWERPROB + (1 / 20);
MPRINT(EM_ASSESS):   MODELSCORE = LOWERPROB + (1 / 20) / 2;
MPRINT(EM_ASSESS):   RANGE = COMPRESS (PUT (LOWERPROB, 4.2) || "-" || PUT (UPPERPROB, 4.2));
MPRINT(EM_ASSESS):   SCR_NUMEVENTS = SUM ( OF EVENTS56 - EVENTS60 );
MPRINT(EM_ASSESS):   SCR_P_EVENTS = SCR_NUMEVENTS * 100 / _NEVENTS;
MPRINT(EM_ASSESS):   SCR_CP_EVENTS = SUM (SCR_P_EVENTS, SCR_CP_EVENTS);
MPRINT(EM_ASSESS):   SCR_NUMNONEVENTS = SUM ( OF NONEVENTS56 - NONEVENTS60);
MPRINT(EM_ASSESS):   NUMOBSINGROUP = SUM (SCR_NUMEVENTS, SCR_NUMNONEVENTS);
MPRINT(EM_ASSESS):   IF NUMOBSINGROUP > 0 THEN SCR_MNPROB = SUM (OF SCR_MNPROB56 - SCR_MNPROB60) / NUMOBSINGROUP;
MPRINT(EM_ASSESS):   ELSE SCR_MNPROB = .;
MPRINT(EM_ASSESS):   SCR_MINPROB = MIN (OF SCR_MINPROB56 - SCR_MINPROB60) ;
MPRINT(EM_ASSESS):   SCR_MAXPROB = MAX (OF SCR_MAXPROB56 - SCR_MAXPROB60) ;
MPRINT(EM_ASSESS):   IF SCR_MINPROB = 1 THEN SCR_MINPROB = .;
MPRINT(EM_ASSESS):   IF SCR_MAXPROB = 0 THEN SCR_MAXPROB = .;
MPRINT(EM_ASSESS):   SCR_P_NONEVENTS = SCR_NUMNONEVENTS * 100 / _NNONEVENTS;
MPRINT(EM_ASSESS):   SCR_CP_NONEVENTS = SUM (SCR_P_NONEVENTS, SCR_CP_NONEVENTS);
MPRINT(EM_ASSESS):   PERCOBSINGROUP = NUMOBSINGROUP * 100 / 173;
MPRINT(EM_ASSESS):   C_PERCOBSINGROUP = SUM (C_PERCOBSINGROUP, PERCOBSINGROUP);
MPRINT(EM_ASSESS):   CALL SYMPUTX ("SCR_MINPROB" || LEFT (PUT (BIN, 3.)), LOWERPROB);
MPRINT(EM_ASSESS):   CALL SYMPUTX ("SCR_MAXPROB" || LEFT (PUT (BIN, 3.)), UPPERPROB);
MPRINT(EM_ASSESS):   BIN = 20 + 1 - 12;
MPRINT(EM_ASSESS):   OUTPUT WORK._TEMPSCOREDIST;
MPRINT(EM_ASSESS):   BIN = 11 ;
MPRINT(EM_ASSESS):   LOWERPROB = (BIN - 1) / 20;
MPRINT(EM_ASSESS):   UPPERPROB = LOWERPROB + (1 / 20);
MPRINT(EM_ASSESS):   MODELSCORE = LOWERPROB + (1 / 20) / 2;
MPRINT(EM_ASSESS):   RANGE = COMPRESS (PUT (LOWERPROB, 4.2) || "-" || PUT (UPPERPROB, 4.2));
MPRINT(EM_ASSESS):   SCR_NUMEVENTS = SUM ( OF EVENTS51 - EVENTS55 );
MPRINT(EM_ASSESS):   SCR_P_EVENTS = SCR_NUMEVENTS * 100 / _NEVENTS;
MPRINT(EM_ASSESS):   SCR_CP_EVENTS = SUM (SCR_P_EVENTS, SCR_CP_EVENTS);
MPRINT(EM_ASSESS):   SCR_NUMNONEVENTS = SUM ( OF NONEVENTS51 - NONEVENTS55);
MPRINT(EM_ASSESS):   NUMOBSINGROUP = SUM (SCR_NUMEVENTS, SCR_NUMNONEVENTS);
MPRINT(EM_ASSESS):   IF NUMOBSINGROUP > 0 THEN SCR_MNPROB = SUM (OF SCR_MNPROB51 - SCR_MNPROB55) / NUMOBSINGROUP;
MPRINT(EM_ASSESS):   ELSE SCR_MNPROB = .;
MPRINT(EM_ASSESS):   SCR_MINPROB = MIN (OF SCR_MINPROB51 - SCR_MINPROB55) ;
MPRINT(EM_ASSESS):   SCR_MAXPROB = MAX (OF SCR_MAXPROB51 - SCR_MAXPROB55) ;
MPRINT(EM_ASSESS):   IF SCR_MINPROB = 1 THEN SCR_MINPROB = .;
MPRINT(EM_ASSESS):   IF SCR_MAXPROB = 0 THEN SCR_MAXPROB = .;
MPRINT(EM_ASSESS):   SCR_P_NONEVENTS = SCR_NUMNONEVENTS * 100 / _NNONEVENTS;
MPRINT(EM_ASSESS):   SCR_CP_NONEVENTS = SUM (SCR_P_NONEVENTS, SCR_CP_NONEVENTS);
MPRINT(EM_ASSESS):   PERCOBSINGROUP = NUMOBSINGROUP * 100 / 173;
MPRINT(EM_ASSESS):   C_PERCOBSINGROUP = SUM (C_PERCOBSINGROUP, PERCOBSINGROUP);
MPRINT(EM_ASSESS):   CALL SYMPUTX ("SCR_MINPROB" || LEFT (PUT (BIN, 3.)), LOWERPROB);
MPRINT(EM_ASSESS):   CALL SYMPUTX ("SCR_MAXPROB" || LEFT (PUT (BIN, 3.)), UPPERPROB);
MPRINT(EM_ASSESS):   BIN = 20 + 1 - 11;
MPRINT(EM_ASSESS):   OUTPUT WORK._TEMPSCOREDIST;
MPRINT(EM_ASSESS):   BIN = 10 ;
MPRINT(EM_ASSESS):   LOWERPROB = (BIN - 1) / 20;
MPRINT(EM_ASSESS):   UPPERPROB = LOWERPROB + (1 / 20);
MPRINT(EM_ASSESS):   MODELSCORE = LOWERPROB + (1 / 20) / 2;
MPRINT(EM_ASSESS):   RANGE = COMPRESS (PUT (LOWERPROB, 4.2) || "-" || PUT (UPPERPROB, 4.2));
MPRINT(EM_ASSESS):   SCR_NUMEVENTS = SUM ( OF EVENTS46 - EVENTS50 );
MPRINT(EM_ASSESS):   SCR_P_EVENTS = SCR_NUMEVENTS * 100 / _NEVENTS;
MPRINT(EM_ASSESS):   SCR_CP_EVENTS = SUM (SCR_P_EVENTS, SCR_CP_EVENTS);
MPRINT(EM_ASSESS):   SCR_NUMNONEVENTS = SUM ( OF NONEVENTS46 - NONEVENTS50);
MPRINT(EM_ASSESS):   NUMOBSINGROUP = SUM (SCR_NUMEVENTS, SCR_NUMNONEVENTS);
MPRINT(EM_ASSESS):   IF NUMOBSINGROUP > 0 THEN SCR_MNPROB = SUM (OF SCR_MNPROB46 - SCR_MNPROB50) / NUMOBSINGROUP;
MPRINT(EM_ASSESS):   ELSE SCR_MNPROB = .;
MPRINT(EM_ASSESS):   SCR_MINPROB = MIN (OF SCR_MINPROB46 - SCR_MINPROB50) ;
MPRINT(EM_ASSESS):   SCR_MAXPROB = MAX (OF SCR_MAXPROB46 - SCR_MAXPROB50) ;
MPRINT(EM_ASSESS):   IF SCR_MINPROB = 1 THEN SCR_MINPROB = .;
MPRINT(EM_ASSESS):   IF SCR_MAXPROB = 0 THEN SCR_MAXPROB = .;
MPRINT(EM_ASSESS):   SCR_P_NONEVENTS = SCR_NUMNONEVENTS * 100 / _NNONEVENTS;
MPRINT(EM_ASSESS):   SCR_CP_NONEVENTS = SUM (SCR_P_NONEVENTS, SCR_CP_NONEVENTS);
MPRINT(EM_ASSESS):   PERCOBSINGROUP = NUMOBSINGROUP * 100 / 173;
MPRINT(EM_ASSESS):   C_PERCOBSINGROUP = SUM (C_PERCOBSINGROUP, PERCOBSINGROUP);
MPRINT(EM_ASSESS):   CALL SYMPUTX ("SCR_MINPROB" || LEFT (PUT (BIN, 3.)), LOWERPROB);
MPRINT(EM_ASSESS):   CALL SYMPUTX ("SCR_MAXPROB" || LEFT (PUT (BIN, 3.)), UPPERPROB);
MPRINT(EM_ASSESS):   BIN = 20 + 1 - 10;
MPRINT(EM_ASSESS):   OUTPUT WORK._TEMPSCOREDIST;
MPRINT(EM_ASSESS):   BIN = 9 ;
MPRINT(EM_ASSESS):   LOWERPROB = (BIN - 1) / 20;
MPRINT(EM_ASSESS):   UPPERPROB = LOWERPROB + (1 / 20);
MPRINT(EM_ASSESS):   MODELSCORE = LOWERPROB + (1 / 20) / 2;
MPRINT(EM_ASSESS):   RANGE = COMPRESS (PUT (LOWERPROB, 4.2) || "-" || PUT (UPPERPROB, 4.2));
MPRINT(EM_ASSESS):   SCR_NUMEVENTS = SUM ( OF EVENTS41 - EVENTS45 );
MPRINT(EM_ASSESS):   SCR_P_EVENTS = SCR_NUMEVENTS * 100 / _NEVENTS;
MPRINT(EM_ASSESS):   SCR_CP_EVENTS = SUM (SCR_P_EVENTS, SCR_CP_EVENTS);
MPRINT(EM_ASSESS):   SCR_NUMNONEVENTS = SUM ( OF NONEVENTS41 - NONEVENTS45);
MPRINT(EM_ASSESS):   NUMOBSINGROUP = SUM (SCR_NUMEVENTS, SCR_NUMNONEVENTS);
MPRINT(EM_ASSESS):   IF NUMOBSINGROUP > 0 THEN SCR_MNPROB = SUM (OF SCR_MNPROB41 - SCR_MNPROB45) / NUMOBSINGROUP;
MPRINT(EM_ASSESS):   ELSE SCR_MNPROB = .;
MPRINT(EM_ASSESS):   SCR_MINPROB = MIN (OF SCR_MINPROB41 - SCR_MINPROB45) ;
MPRINT(EM_ASSESS):   SCR_MAXPROB = MAX (OF SCR_MAXPROB41 - SCR_MAXPROB45) ;
MPRINT(EM_ASSESS):   IF SCR_MINPROB = 1 THEN SCR_MINPROB = .;
MPRINT(EM_ASSESS):   IF SCR_MAXPROB = 0 THEN SCR_MAXPROB = .;
MPRINT(EM_ASSESS):   SCR_P_NONEVENTS = SCR_NUMNONEVENTS * 100 / _NNONEVENTS;
MPRINT(EM_ASSESS):   SCR_CP_NONEVENTS = SUM (SCR_P_NONEVENTS, SCR_CP_NONEVENTS);
MPRINT(EM_ASSESS):   PERCOBSINGROUP = NUMOBSINGROUP * 100 / 173;
MPRINT(EM_ASSESS):   C_PERCOBSINGROUP = SUM (C_PERCOBSINGROUP, PERCOBSINGROUP);
MPRINT(EM_ASSESS):   CALL SYMPUTX ("SCR_MINPROB" || LEFT (PUT (BIN, 3.)), LOWERPROB);
MPRINT(EM_ASSESS):   CALL SYMPUTX ("SCR_MAXPROB" || LEFT (PUT (BIN, 3.)), UPPERPROB);
MPRINT(EM_ASSESS):   BIN = 20 + 1 - 9;
MPRINT(EM_ASSESS):   OUTPUT WORK._TEMPSCOREDIST;
MPRINT(EM_ASSESS):   BIN = 8 ;
MPRINT(EM_ASSESS):   LOWERPROB = (BIN - 1) / 20;
MPRINT(EM_ASSESS):   UPPERPROB = LOWERPROB + (1 / 20);
MPRINT(EM_ASSESS):   MODELSCORE = LOWERPROB + (1 / 20) / 2;
MPRINT(EM_ASSESS):   RANGE = COMPRESS (PUT (LOWERPROB, 4.2) || "-" || PUT (UPPERPROB, 4.2));
MPRINT(EM_ASSESS):   SCR_NUMEVENTS = SUM ( OF EVENTS36 - EVENTS40 );
MPRINT(EM_ASSESS):   SCR_P_EVENTS = SCR_NUMEVENTS * 100 / _NEVENTS;
MPRINT(EM_ASSESS):   SCR_CP_EVENTS = SUM (SCR_P_EVENTS, SCR_CP_EVENTS);
MPRINT(EM_ASSESS):   SCR_NUMNONEVENTS = SUM ( OF NONEVENTS36 - NONEVENTS40);
MPRINT(EM_ASSESS):   NUMOBSINGROUP = SUM (SCR_NUMEVENTS, SCR_NUMNONEVENTS);
MPRINT(EM_ASSESS):   IF NUMOBSINGROUP > 0 THEN SCR_MNPROB = SUM (OF SCR_MNPROB36 - SCR_MNPROB40) / NUMOBSINGROUP;
MPRINT(EM_ASSESS):   ELSE SCR_MNPROB = .;
MPRINT(EM_ASSESS):   SCR_MINPROB = MIN (OF SCR_MINPROB36 - SCR_MINPROB40) ;
MPRINT(EM_ASSESS):   SCR_MAXPROB = MAX (OF SCR_MAXPROB36 - SCR_MAXPROB40) ;
MPRINT(EM_ASSESS):   IF SCR_MINPROB = 1 THEN SCR_MINPROB = .;
MPRINT(EM_ASSESS):   IF SCR_MAXPROB = 0 THEN SCR_MAXPROB = .;
MPRINT(EM_ASSESS):   SCR_P_NONEVENTS = SCR_NUMNONEVENTS * 100 / _NNONEVENTS;
MPRINT(EM_ASSESS):   SCR_CP_NONEVENTS = SUM (SCR_P_NONEVENTS, SCR_CP_NONEVENTS);
MPRINT(EM_ASSESS):   PERCOBSINGROUP = NUMOBSINGROUP * 100 / 173;
MPRINT(EM_ASSESS):   C_PERCOBSINGROUP = SUM (C_PERCOBSINGROUP, PERCOBSINGROUP);
MPRINT(EM_ASSESS):   CALL SYMPUTX ("SCR_MINPROB" || LEFT (PUT (BIN, 3.)), LOWERPROB);
MPRINT(EM_ASSESS):   CALL SYMPUTX ("SCR_MAXPROB" || LEFT (PUT (BIN, 3.)), UPPERPROB);
MPRINT(EM_ASSESS):   BIN = 20 + 1 - 8;
MPRINT(EM_ASSESS):   OUTPUT WORK._TEMPSCOREDIST;
MPRINT(EM_ASSESS):   BIN = 7 ;
MPRINT(EM_ASSESS):   LOWERPROB = (BIN - 1) / 20;
MPRINT(EM_ASSESS):   UPPERPROB = LOWERPROB + (1 / 20);
MPRINT(EM_ASSESS):   MODELSCORE = LOWERPROB + (1 / 20) / 2;
MPRINT(EM_ASSESS):   RANGE = COMPRESS (PUT (LOWERPROB, 4.2) || "-" || PUT (UPPERPROB, 4.2));
MPRINT(EM_ASSESS):   SCR_NUMEVENTS = SUM ( OF EVENTS31 - EVENTS35 );
MPRINT(EM_ASSESS):   SCR_P_EVENTS = SCR_NUMEVENTS * 100 / _NEVENTS;
MPRINT(EM_ASSESS):   SCR_CP_EVENTS = SUM (SCR_P_EVENTS, SCR_CP_EVENTS);
MPRINT(EM_ASSESS):   SCR_NUMNONEVENTS = SUM ( OF NONEVENTS31 - NONEVENTS35);
MPRINT(EM_ASSESS):   NUMOBSINGROUP = SUM (SCR_NUMEVENTS, SCR_NUMNONEVENTS);
MPRINT(EM_ASSESS):   IF NUMOBSINGROUP > 0 THEN SCR_MNPROB = SUM (OF SCR_MNPROB31 - SCR_MNPROB35) / NUMOBSINGROUP;
MPRINT(EM_ASSESS):   ELSE SCR_MNPROB = .;
MPRINT(EM_ASSESS):   SCR_MINPROB = MIN (OF SCR_MINPROB31 - SCR_MINPROB35) ;
MPRINT(EM_ASSESS):   SCR_MAXPROB = MAX (OF SCR_MAXPROB31 - SCR_MAXPROB35) ;
MPRINT(EM_ASSESS):   IF SCR_MINPROB = 1 THEN SCR_MINPROB = .;
MPRINT(EM_ASSESS):   IF SCR_MAXPROB = 0 THEN SCR_MAXPROB = .;
MPRINT(EM_ASSESS):   SCR_P_NONEVENTS = SCR_NUMNONEVENTS * 100 / _NNONEVENTS;
MPRINT(EM_ASSESS):   SCR_CP_NONEVENTS = SUM (SCR_P_NONEVENTS, SCR_CP_NONEVENTS);
MPRINT(EM_ASSESS):   PERCOBSINGROUP = NUMOBSINGROUP * 100 / 173;
MPRINT(EM_ASSESS):   C_PERCOBSINGROUP = SUM (C_PERCOBSINGROUP, PERCOBSINGROUP);
MPRINT(EM_ASSESS):   CALL SYMPUTX ("SCR_MINPROB" || LEFT (PUT (BIN, 3.)), LOWERPROB);
MPRINT(EM_ASSESS):   CALL SYMPUTX ("SCR_MAXPROB" || LEFT (PUT (BIN, 3.)), UPPERPROB);
MPRINT(EM_ASSESS):   BIN = 20 + 1 - 7;
MPRINT(EM_ASSESS):   OUTPUT WORK._TEMPSCOREDIST;
MPRINT(EM_ASSESS):   BIN = 6 ;
MPRINT(EM_ASSESS):   LOWERPROB = (BIN - 1) / 20;
MPRINT(EM_ASSESS):   UPPERPROB = LOWERPROB + (1 / 20);
MPRINT(EM_ASSESS):   MODELSCORE = LOWERPROB + (1 / 20) / 2;
MPRINT(EM_ASSESS):   RANGE = COMPRESS (PUT (LOWERPROB, 4.2) || "-" || PUT (UPPERPROB, 4.2));
MPRINT(EM_ASSESS):   SCR_NUMEVENTS = SUM ( OF EVENTS26 - EVENTS30 );
MPRINT(EM_ASSESS):   SCR_P_EVENTS = SCR_NUMEVENTS * 100 / _NEVENTS;
MPRINT(EM_ASSESS):   SCR_CP_EVENTS = SUM (SCR_P_EVENTS, SCR_CP_EVENTS);
MPRINT(EM_ASSESS):   SCR_NUMNONEVENTS = SUM ( OF NONEVENTS26 - NONEVENTS30);
MPRINT(EM_ASSESS):   NUMOBSINGROUP = SUM (SCR_NUMEVENTS, SCR_NUMNONEVENTS);
MPRINT(EM_ASSESS):   IF NUMOBSINGROUP > 0 THEN SCR_MNPROB = SUM (OF SCR_MNPROB26 - SCR_MNPROB30) / NUMOBSINGROUP;
MPRINT(EM_ASSESS):   ELSE SCR_MNPROB = .;
MPRINT(EM_ASSESS):   SCR_MINPROB = MIN (OF SCR_MINPROB26 - SCR_MINPROB30) ;
MPRINT(EM_ASSESS):   SCR_MAXPROB = MAX (OF SCR_MAXPROB26 - SCR_MAXPROB30) ;
MPRINT(EM_ASSESS):   IF SCR_MINPROB = 1 THEN SCR_MINPROB = .;
MPRINT(EM_ASSESS):   IF SCR_MAXPROB = 0 THEN SCR_MAXPROB = .;
MPRINT(EM_ASSESS):   SCR_P_NONEVENTS = SCR_NUMNONEVENTS * 100 / _NNONEVENTS;
MPRINT(EM_ASSESS):   SCR_CP_NONEVENTS = SUM (SCR_P_NONEVENTS, SCR_CP_NONEVENTS);
MPRINT(EM_ASSESS):   PERCOBSINGROUP = NUMOBSINGROUP * 100 / 173;
MPRINT(EM_ASSESS):   C_PERCOBSINGROUP = SUM (C_PERCOBSINGROUP, PERCOBSINGROUP);
MPRINT(EM_ASSESS):   CALL SYMPUTX ("SCR_MINPROB" || LEFT (PUT (BIN, 3.)), LOWERPROB);
MPRINT(EM_ASSESS):   CALL SYMPUTX ("SCR_MAXPROB" || LEFT (PUT (BIN, 3.)), UPPERPROB);
MPRINT(EM_ASSESS):   BIN = 20 + 1 - 6;
MPRINT(EM_ASSESS):   OUTPUT WORK._TEMPSCOREDIST;
MPRINT(EM_ASSESS):   BIN = 5 ;
MPRINT(EM_ASSESS):   LOWERPROB = (BIN - 1) / 20;
MPRINT(EM_ASSESS):   UPPERPROB = LOWERPROB + (1 / 20);
MPRINT(EM_ASSESS):   MODELSCORE = LOWERPROB + (1 / 20) / 2;
MPRINT(EM_ASSESS):   RANGE = COMPRESS (PUT (LOWERPROB, 4.2) || "-" || PUT (UPPERPROB, 4.2));
MPRINT(EM_ASSESS):   SCR_NUMEVENTS = SUM ( OF EVENTS21 - EVENTS25 );
MPRINT(EM_ASSESS):   SCR_P_EVENTS = SCR_NUMEVENTS * 100 / _NEVENTS;
MPRINT(EM_ASSESS):   SCR_CP_EVENTS = SUM (SCR_P_EVENTS, SCR_CP_EVENTS);
MPRINT(EM_ASSESS):   SCR_NUMNONEVENTS = SUM ( OF NONEVENTS21 - NONEVENTS25);
MPRINT(EM_ASSESS):   NUMOBSINGROUP = SUM (SCR_NUMEVENTS, SCR_NUMNONEVENTS);
MPRINT(EM_ASSESS):   IF NUMOBSINGROUP > 0 THEN SCR_MNPROB = SUM (OF SCR_MNPROB21 - SCR_MNPROB25) / NUMOBSINGROUP;
MPRINT(EM_ASSESS):   ELSE SCR_MNPROB = .;
MPRINT(EM_ASSESS):   SCR_MINPROB = MIN (OF SCR_MINPROB21 - SCR_MINPROB25) ;
MPRINT(EM_ASSESS):   SCR_MAXPROB = MAX (OF SCR_MAXPROB21 - SCR_MAXPROB25) ;
MPRINT(EM_ASSESS):   IF SCR_MINPROB = 1 THEN SCR_MINPROB = .;
MPRINT(EM_ASSESS):   IF SCR_MAXPROB = 0 THEN SCR_MAXPROB = .;
MPRINT(EM_ASSESS):   SCR_P_NONEVENTS = SCR_NUMNONEVENTS * 100 / _NNONEVENTS;
MPRINT(EM_ASSESS):   SCR_CP_NONEVENTS = SUM (SCR_P_NONEVENTS, SCR_CP_NONEVENTS);
MPRINT(EM_ASSESS):   PERCOBSINGROUP = NUMOBSINGROUP * 100 / 173;
MPRINT(EM_ASSESS):   C_PERCOBSINGROUP = SUM (C_PERCOBSINGROUP, PERCOBSINGROUP);
MPRINT(EM_ASSESS):   CALL SYMPUTX ("SCR_MINPROB" || LEFT (PUT (BIN, 3.)), LOWERPROB);
MPRINT(EM_ASSESS):   CALL SYMPUTX ("SCR_MAXPROB" || LEFT (PUT (BIN, 3.)), UPPERPROB);
MPRINT(EM_ASSESS):   BIN = 20 + 1 - 5;
MPRINT(EM_ASSESS):   OUTPUT WORK._TEMPSCOREDIST;
MPRINT(EM_ASSESS):   BIN = 4 ;
MPRINT(EM_ASSESS):   LOWERPROB = (BIN - 1) / 20;
MPRINT(EM_ASSESS):   UPPERPROB = LOWERPROB + (1 / 20);
MPRINT(EM_ASSESS):   MODELSCORE = LOWERPROB + (1 / 20) / 2;
MPRINT(EM_ASSESS):   RANGE = COMPRESS (PUT (LOWERPROB, 4.2) || "-" || PUT (UPPERPROB, 4.2));
MPRINT(EM_ASSESS):   SCR_NUMEVENTS = SUM ( OF EVENTS16 - EVENTS20 );
MPRINT(EM_ASSESS):   SCR_P_EVENTS = SCR_NUMEVENTS * 100 / _NEVENTS;
MPRINT(EM_ASSESS):   SCR_CP_EVENTS = SUM (SCR_P_EVENTS, SCR_CP_EVENTS);
MPRINT(EM_ASSESS):   SCR_NUMNONEVENTS = SUM ( OF NONEVENTS16 - NONEVENTS20);
MPRINT(EM_ASSESS):   NUMOBSINGROUP = SUM (SCR_NUMEVENTS, SCR_NUMNONEVENTS);
MPRINT(EM_ASSESS):   IF NUMOBSINGROUP > 0 THEN SCR_MNPROB = SUM (OF SCR_MNPROB16 - SCR_MNPROB20) / NUMOBSINGROUP;
MPRINT(EM_ASSESS):   ELSE SCR_MNPROB = .;
MPRINT(EM_ASSESS):   SCR_MINPROB = MIN (OF SCR_MINPROB16 - SCR_MINPROB20) ;
MPRINT(EM_ASSESS):   SCR_MAXPROB = MAX (OF SCR_MAXPROB16 - SCR_MAXPROB20) ;
MPRINT(EM_ASSESS):   IF SCR_MINPROB = 1 THEN SCR_MINPROB = .;
MPRINT(EM_ASSESS):   IF SCR_MAXPROB = 0 THEN SCR_MAXPROB = .;
MPRINT(EM_ASSESS):   SCR_P_NONEVENTS = SCR_NUMNONEVENTS * 100 / _NNONEVENTS;
MPRINT(EM_ASSESS):   SCR_CP_NONEVENTS = SUM (SCR_P_NONEVENTS, SCR_CP_NONEVENTS);
MPRINT(EM_ASSESS):   PERCOBSINGROUP = NUMOBSINGROUP * 100 / 173;
MPRINT(EM_ASSESS):   C_PERCOBSINGROUP = SUM (C_PERCOBSINGROUP, PERCOBSINGROUP);
MPRINT(EM_ASSESS):   CALL SYMPUTX ("SCR_MINPROB" || LEFT (PUT (BIN, 3.)), LOWERPROB);
MPRINT(EM_ASSESS):   CALL SYMPUTX ("SCR_MAXPROB" || LEFT (PUT (BIN, 3.)), UPPERPROB);
MPRINT(EM_ASSESS):   BIN = 20 + 1 - 4;
MPRINT(EM_ASSESS):   OUTPUT WORK._TEMPSCOREDIST;
MPRINT(EM_ASSESS):   BIN = 3 ;
MPRINT(EM_ASSESS):   LOWERPROB = (BIN - 1) / 20;
MPRINT(EM_ASSESS):   UPPERPROB = LOWERPROB + (1 / 20);
MPRINT(EM_ASSESS):   MODELSCORE = LOWERPROB + (1 / 20) / 2;
MPRINT(EM_ASSESS):   RANGE = COMPRESS (PUT (LOWERPROB, 4.2) || "-" || PUT (UPPERPROB, 4.2));
MPRINT(EM_ASSESS):   SCR_NUMEVENTS = SUM ( OF EVENTS11 - EVENTS15 );
MPRINT(EM_ASSESS):   SCR_P_EVENTS = SCR_NUMEVENTS * 100 / _NEVENTS;
MPRINT(EM_ASSESS):   SCR_CP_EVENTS = SUM (SCR_P_EVENTS, SCR_CP_EVENTS);
MPRINT(EM_ASSESS):   SCR_NUMNONEVENTS = SUM ( OF NONEVENTS11 - NONEVENTS15);
MPRINT(EM_ASSESS):   NUMOBSINGROUP = SUM (SCR_NUMEVENTS, SCR_NUMNONEVENTS);
MPRINT(EM_ASSESS):   IF NUMOBSINGROUP > 0 THEN SCR_MNPROB = SUM (OF SCR_MNPROB11 - SCR_MNPROB15) / NUMOBSINGROUP;
MPRINT(EM_ASSESS):   ELSE SCR_MNPROB = .;
MPRINT(EM_ASSESS):   SCR_MINPROB = MIN (OF SCR_MINPROB11 - SCR_MINPROB15) ;
MPRINT(EM_ASSESS):   SCR_MAXPROB = MAX (OF SCR_MAXPROB11 - SCR_MAXPROB15) ;
MPRINT(EM_ASSESS):   IF SCR_MINPROB = 1 THEN SCR_MINPROB = .;
MPRINT(EM_ASSESS):   IF SCR_MAXPROB = 0 THEN SCR_MAXPROB = .;
MPRINT(EM_ASSESS):   SCR_P_NONEVENTS = SCR_NUMNONEVENTS * 100 / _NNONEVENTS;
MPRINT(EM_ASSESS):   SCR_CP_NONEVENTS = SUM (SCR_P_NONEVENTS, SCR_CP_NONEVENTS);
MPRINT(EM_ASSESS):   PERCOBSINGROUP = NUMOBSINGROUP * 100 / 173;
MPRINT(EM_ASSESS):   C_PERCOBSINGROUP = SUM (C_PERCOBSINGROUP, PERCOBSINGROUP);
MPRINT(EM_ASSESS):   CALL SYMPUTX ("SCR_MINPROB" || LEFT (PUT (BIN, 3.)), LOWERPROB);
MPRINT(EM_ASSESS):   CALL SYMPUTX ("SCR_MAXPROB" || LEFT (PUT (BIN, 3.)), UPPERPROB);
MPRINT(EM_ASSESS):   BIN = 20 + 1 - 3;
MPRINT(EM_ASSESS):   OUTPUT WORK._TEMPSCOREDIST;
MPRINT(EM_ASSESS):   BIN = 2 ;
MPRINT(EM_ASSESS):   LOWERPROB = (BIN - 1) / 20;
MPRINT(EM_ASSESS):   UPPERPROB = LOWERPROB + (1 / 20);
MPRINT(EM_ASSESS):   MODELSCORE = LOWERPROB + (1 / 20) / 2;
MPRINT(EM_ASSESS):   RANGE = COMPRESS (PUT (LOWERPROB, 4.2) || "-" || PUT (UPPERPROB, 4.2));
MPRINT(EM_ASSESS):   SCR_NUMEVENTS = SUM ( OF EVENTS6 - EVENTS10 );
MPRINT(EM_ASSESS):   SCR_P_EVENTS = SCR_NUMEVENTS * 100 / _NEVENTS;
MPRINT(EM_ASSESS):   SCR_CP_EVENTS = SUM (SCR_P_EVENTS, SCR_CP_EVENTS);
MPRINT(EM_ASSESS):   SCR_NUMNONEVENTS = SUM ( OF NONEVENTS6 - NONEVENTS10);
MPRINT(EM_ASSESS):   NUMOBSINGROUP = SUM (SCR_NUMEVENTS, SCR_NUMNONEVENTS);
MPRINT(EM_ASSESS):   IF NUMOBSINGROUP > 0 THEN SCR_MNPROB = SUM (OF SCR_MNPROB6 - SCR_MNPROB10) / NUMOBSINGROUP;
MPRINT(EM_ASSESS):   ELSE SCR_MNPROB = .;
MPRINT(EM_ASSESS):   SCR_MINPROB = MIN (OF SCR_MINPROB6 - SCR_MINPROB10) ;
MPRINT(EM_ASSESS):   SCR_MAXPROB = MAX (OF SCR_MAXPROB6 - SCR_MAXPROB10) ;
MPRINT(EM_ASSESS):   IF SCR_MINPROB = 1 THEN SCR_MINPROB = .;
MPRINT(EM_ASSESS):   IF SCR_MAXPROB = 0 THEN SCR_MAXPROB = .;
MPRINT(EM_ASSESS):   SCR_P_NONEVENTS = SCR_NUMNONEVENTS * 100 / _NNONEVENTS;
MPRINT(EM_ASSESS):   SCR_CP_NONEVENTS = SUM (SCR_P_NONEVENTS, SCR_CP_NONEVENTS);
MPRINT(EM_ASSESS):   PERCOBSINGROUP = NUMOBSINGROUP * 100 / 173;
MPRINT(EM_ASSESS):   C_PERCOBSINGROUP = SUM (C_PERCOBSINGROUP, PERCOBSINGROUP);
MPRINT(EM_ASSESS):   CALL SYMPUTX ("SCR_MINPROB" || LEFT (PUT (BIN, 3.)), LOWERPROB);
MPRINT(EM_ASSESS):   CALL SYMPUTX ("SCR_MAXPROB" || LEFT (PUT (BIN, 3.)), UPPERPROB);
MPRINT(EM_ASSESS):   BIN = 20 + 1 - 2;
MPRINT(EM_ASSESS):   OUTPUT WORK._TEMPSCOREDIST;
MPRINT(EM_ASSESS):   BIN = 1 ;
MPRINT(EM_ASSESS):   LOWERPROB = (BIN - 1) / 20;
MPRINT(EM_ASSESS):   UPPERPROB = LOWERPROB + (1 / 20);
MPRINT(EM_ASSESS):   MODELSCORE = LOWERPROB + (1 / 20) / 2;
MPRINT(EM_ASSESS):   RANGE = COMPRESS (PUT (LOWERPROB, 4.2) || "-" || PUT (UPPERPROB, 4.2));
MPRINT(EM_ASSESS):   SCR_NUMEVENTS = SUM ( OF EVENTS1 - EVENTS5 );
MPRINT(EM_ASSESS):   SCR_P_EVENTS = SCR_NUMEVENTS * 100 / _NEVENTS;
MPRINT(EM_ASSESS):   SCR_CP_EVENTS = SUM (SCR_P_EVENTS, SCR_CP_EVENTS);
MPRINT(EM_ASSESS):   SCR_NUMNONEVENTS = SUM ( OF NONEVENTS1 - NONEVENTS5);
MPRINT(EM_ASSESS):   NUMOBSINGROUP = SUM (SCR_NUMEVENTS, SCR_NUMNONEVENTS);
MPRINT(EM_ASSESS):   IF NUMOBSINGROUP > 0 THEN SCR_MNPROB = SUM (OF SCR_MNPROB1 - SCR_MNPROB5) / NUMOBSINGROUP;
MPRINT(EM_ASSESS):   ELSE SCR_MNPROB = .;
MPRINT(EM_ASSESS):   SCR_MINPROB = MIN (OF SCR_MINPROB1 - SCR_MINPROB5) ;
MPRINT(EM_ASSESS):   SCR_MAXPROB = MAX (OF SCR_MAXPROB1 - SCR_MAXPROB5) ;
MPRINT(EM_ASSESS):   IF SCR_MINPROB = 1 THEN SCR_MINPROB = .;
MPRINT(EM_ASSESS):   IF SCR_MAXPROB = 0 THEN SCR_MAXPROB = .;
MPRINT(EM_ASSESS):   SCR_P_NONEVENTS = SCR_NUMNONEVENTS * 100 / _NNONEVENTS;
MPRINT(EM_ASSESS):   SCR_CP_NONEVENTS = SUM (SCR_P_NONEVENTS, SCR_CP_NONEVENTS);
MPRINT(EM_ASSESS):   PERCOBSINGROUP = NUMOBSINGROUP * 100 / 173;
MPRINT(EM_ASSESS):   C_PERCOBSINGROUP = SUM (C_PERCOBSINGROUP, PERCOBSINGROUP);
MPRINT(EM_ASSESS):   CALL SYMPUTX ("SCR_MINPROB" || LEFT (PUT (BIN, 3.)), LOWERPROB);
MPRINT(EM_ASSESS):   CALL SYMPUTX ("SCR_MAXPROB" || LEFT (PUT (BIN, 3.)), UPPERPROB);
MPRINT(EM_ASSESS):   BIN = 20 + 1 - 1;
MPRINT(EM_ASSESS):   OUTPUT WORK._TEMPSCOREDIST;
MPRINT(EM_ASSESS):   CALL SYMPUTX ("KSPROB" , PUT (KSPROB, 5.3 ) );
MPRINT(EM_ASSESS):   CALL SYMPUTX ("_KS_BIN_PROB" , _KS_BIN_PROB );
MPRINT(EM_ASSESS):   CALL SYMPUTX ("_KS_BIN_" , _KS_BIN_ / 100 );
MPRINT(EM_ASSESS):   CALL SYMPUTX ("KSDIFF" , KS_ABSDIFF );
MPRINT(EM_ASSESS):   CALL SYMPUTX ("PRECTPR" , PRECTPR );
MPRINT(EM_ASSESS):   CALL SYMPUTX ("MAXMUTUALPROB" , MAXMUTUALPROB);
MPRINT(EM_ASSESS):   END;
MPRINT(EM_ASSESS):   LABEL __EVENT__ = "Event" DECILE = "Depth" BIN = "Bin" NUMOBS = "Number of Observations" ;
MPRINT(EM_ASSESS):   RUN;
MPRINT(EM_ASSESS):   *;
MPRINT(EM_ASSESS):   * RUN for large data set;
MPRINT(EM_ASSESS):   *;
MPRINT(EM_ASSESS):   PROC DATASETS NOLIST;
MPRINT(EM_ASSESS):   DELETE _AUXEVENTNAME;
MPRINT(EM_ASSESS):   QUIT;

MPRINT(EM_ASSESS):   *;
MPRINT(EM_ASSESS):   * Report Vars Area.;
MPRINT(EM_ASSESS):   *;
MPRINT(EM_ASSESS):   *;
MPRINT(EM_ASSESS):   * ...........Start OF Outdist Modification;
MPRINT(EM_ASSESS):   *;

MPRINT(EM_ASSESS):   PROC DATASETS NOLIST LIB = WORK;
MPRINT(EM_ASSESS):   MODIFY _TEMPSCOREDIST;
MPRINT(EM_ASSESS):   RENAME MODELSCORE = SCORE UPPERPROB = UPPOSTERIOR SCR_CP_EVENTS = CUMULATIVEPERCENTAGEOFEVENTS SCR_CP_NONEVENTS = CUMULATIVEPERCENTAGEOFNONEVENTS EVENTVALUE = EVENT LOWERPROB = LOWPOSTERIOR NUMOBSINGROUP = N PERCOBSINGROUP = 
PERCENTAGE SCR_MINPROB = _MINP_ SCR_MAXPROB = _MAXP_ SCR_MNPROB = _MEANP_ RANGE = P_LABEL C_PERCOBSINGROUP = CUMULATIVEPERCENTAGE SCR_NUMEVENTS = NUMBEROFEVENTS SCR_NUMNONEVENTS = NUMBEROFNONEVENTS SCR_P_EVENTS = PERCENTAGEOFEVENTS SCR_P_NONEVENTS = 
PERCENTAGEOFNONEVENTS ;
MPRINT(EM_ASSESS):   *;
MPRINT(EM_ASSESS):   * .................... OUTDIST MODIFICATION LABEL AREA;
MPRINT(EM_ASSESS):   *;
MPRINT(EM_ASSESS):   LABEL BIN = "Bin" N = "Number of Observations" P_LABEL = "Posterior Probability Range" EVENT = "Event" LOWPOSTERIOR = "Lower Bound Posterior Probability" PERCENTAGEOFEVENTS = "Percentage of Events" CUMULATIVEPERCENTAGEOFNONEVENTS = 
"Cumulative Percentage of Nonevents" CUMULATIVEPERCENTAGE = "Cumulative Percentage" PERCENTAGEOFEVENTS = "Percentage of Events" PERCENTAGEOFNONEVENTS = "Percentage of Nonevents" CUMULATIVEPERCENTAGEOFEVENTS = "Cumulative Percentage of Events" UPPOSTERIOR 
= "Upper Bound Posterior Probability" NUMBEROFEVENTS = "Number of Events" PERCENTAGE = "Percentage" NUMBEROFNONEVENTS = "Number of Nonevents" _MEANP_ = "Mean Posterior Probability" _MINP_ = "Min Posterior Probability" _MAXP_ = "Max Posterior Probability" 
SCORE = "Model Score" ;
MPRINT(EM_ASSESS):   RUN;
MPRINT(EM_ASSESS):   QUIT;
MPRINT(EM_ASSESS):   DATA WORK._TEMPSCOREDIST;
MPRINT(EM_ASSESS):   SET WORK._TEMPSCOREDIST (WHERE = (_MEANP_ > .));
MPRINT(EM_ASSESS):   RUN;
MPRINT(EM_ASSESS):   *;
MPRINT(EM_ASSESS):   * ........... END OF OUTDIST MODIFICATION;
MPRINT(EM_ASSESS):   *;
MPRINT(EM_ASSESS):   *;
MPRINT(EM_ASSESS):   * ...........Start of OUTRANKS Modification;
MPRINT(EM_ASSESS):   *;

MPRINT(EM_ASSESS):   PROC DATASETS NOLIST LIB = WORK;
MPRINT(EM_ASSESS):   MODIFY _TEMPRANK;
MPRINT(EM_ASSESS):   RENAME __EVENT__ = EVENT P_RESP = RESP C_P_CAPT_RESP = CAPC P_CAPT_RESP = CAP NUMNONRESP = NUMNEVENT NUMRESP = NUMEVENT BASEEVENTS = BASENUMBEROFEVENTS BESTNUMEVENTS = BESTNUMBEROFEVENTS MAXPROB = _MAXP_ MINPROB = _MINP_ CBASELIFT = 
BASELIFTC C_LIFT = LIFTC MNPROB = _MEANP_ PERCENTILE = DECILE NUMOBS = N NUMEVENT = NUMBEROFEVENTS C_P_RESP = RESPC ;
MPRINT(EM_ASSESS):   *;
MPRINT(EM_ASSESS):   * ................. OUTRANKS;
MPRINT(EM_ASSESS):   *;
MPRINT(EM_ASSESS):   LABEL _MAXP_ = "Max Posterior Probability" _MINP_ = "Min Posterior Probability" _MEANP_ = "Mean Posterior Probability" BASECAP = "Baseline % Captured Response" BASECAPC = "Baseline Cumulative % Captured Response" BASENUMBEROFEVENTS = 
"Baseline Number of Events" BASEGAIN = "Baseline Gain" BASELIFT = "Baseline Lift" BASELIFTC = "Baseline Cumulative Lift" BASERESP = "Baseline % Response" BASERESPC = "Baseline Cumulative % Response" BASELIFTC = "Baseline Cumulative Lift" BESTCAP = "Best % 
Captured Response" BESTCAPC = "Best Cumulative % Captured Response" BESTGAIN = "Best Gain" BESTRESP = "Best % Response" BESTRESPC = "Best Cumulative % Response" BESTLIFT = "Best Lift" BESTLIFTC = "Best Cumulative Lift" BESTNUMBEROFEVENTS = "Best Number of 
Events" CAP = "% Captured Response" CAPC = "Cumulative % Captured Response" DECILE = "Depth" GAIN = "Gain" LIFT = "Lift" LIFTC = "Cumulative Lift" NUMNEVENT = "Number of Nonevents" N = "Number of Observations" EVENT = "Event" RESPC = "Cumulative % 
Response" NUMBEROFEVENTS = "Number of Events" RESP = "% Response" ;
MPRINT(EM_ASSESS):   RUN;
MPRINT(EM_ASSESS):   QUIT;
MPRINT(EM_ASSESS):   DATA WORK._TEMPRANK;
MPRINT(EM_ASSESS):   SET WORK._TEMPRANK (WHERE = (_MEANP_ > .));
MPRINT(EM_ASSESS):   RUN;
MPRINT(EM_ASSESS):   proc datasets lib=work nolist;
MPRINT(EM_ASSESS):   delete _ea_tmpdata;
MPRINT(EM_ASSESS):   run;
MPRINT(EM_ASSESS):   quit;
MPRINT(EM_ASSESS):  ;
MPRINT(EM_ASSESS):   OPTION ERRORS = 20;
MPRINT(EM_DIAGRAM):  ;
MPRINT(EM_DIAGRAM):    data WORK._TEMPRANK;
MPRINT(EM_DIAGRAM):   length target $32 TARGETLABEL $200 dataRole $20;
MPRINT(EM_DIAGRAM):   label TARGETLABEL = "Target Label";
MPRINT(EM_DIAGRAM):   set WORK._TEMPRANK;
MPRINT(EM_DIAGRAM):   retain target "diagnosis";
MPRINT(EM_DIAGRAM):   retain dataRole "VALIDATE";
MPRINT(EM_DIAGRAM):   run;
MPRINT(EM_DIAGRAM):   data EMWS1.Tree5_EMRANK;
MPRINT(EM_DIAGRAM):   length target $32;
MPRINT(EM_DIAGRAM):   length TARGETLABEL $200;
MPRINT(EM_DIAGRAM):   length dataRole $20;
MPRINT(EM_DIAGRAM):   length EVENT $32;
MPRINT(EM_DIAGRAM):   set EMWS1.Tree5_EMRANK WORK._TEMPRANK;
MPRINT(EM_DIAGRAM):   run;
MPRINT(EM_DIAGRAM):    data WORK._TEMPSCOREDIST;
MPRINT(EM_DIAGRAM):   length target $32 TARGETLABEL $200 dataRole $20;
MPRINT(EM_DIAGRAM):   label TARGETLABEL = "Target Label";
MPRINT(EM_DIAGRAM):   set WORK._TEMPSCOREDIST;
MPRINT(EM_DIAGRAM):   retain target "diagnosis";
MPRINT(EM_DIAGRAM):   retain dataRole "VALIDATE";
MPRINT(EM_DIAGRAM):   run;
MPRINT(EM_DIAGRAM):   data EMWS1.Tree5_EMSCOREDIST;
MPRINT(EM_DIAGRAM):   length target $32;
MPRINT(EM_DIAGRAM):   length TARGETLABEL $200;
MPRINT(EM_DIAGRAM):   length dataRole $20;
MPRINT(EM_DIAGRAM):   length EVENT $32;
MPRINT(EM_DIAGRAM):   length P_LABEL $9;
MPRINT(EM_DIAGRAM):   set EMWS1.Tree5_EMSCOREDIST WORK._TEMPSCOREDIST;
MPRINT(EM_DIAGRAM):   run;
100448     %let _cn = %sysfunc(getoption(CENTER));
100449     options nocenter;
MPRINT(EM_DIAGRAM):    options nocenter;
100450     proc print data=EMWS1.Tree5_EMREPORTFIT noobs label;
MPRINT(EM_DIAGRAM):   proc print data=EMWS1.Tree5_EMREPORTFIT noobs label;
100451     var STAT LABEL TRAIN
100452     VALIDATE
100453     ;
MPRINT(EM_DIAGRAM):   var STAT LABEL TRAIN VALIDATE ;
100454     by TARGET TARGETLABEL;
MPRINT(EM_DIAGRAM):   by TARGET TARGETLABEL;
100455     title9 ' ';
MPRINT(EM_DIAGRAM):   title9 ' ';
100456     title10 "%sysfunc(sasmsg(sashelp.dmine, rpt_fitstat_title  , NOQUOTE))";
MPRINT(EM_DIAGRAM):   title10 "Fit Statistics";
MPRINT(EM_DIAGRAM):   run;
100457     run;

NOTE: There were 8 observations read from the data set EMWS1.TREE5_EMREPORTFIT.
NOTE: The PROCEDURE PRINT printed page 39.
NOTE: PROCEDURE PRINT used (Total process time):
      real time           0.01 seconds
      cpu time            0.00 seconds
      

100458     title10;
MPRINT(EM_DIAGRAM):   title10;
100459     options &_cn;
MPRINT(EM_DIAGRAM):   options NOCENTER;
100460     proc sort data=EMWS1.Tree5_EMCLASSIFICATION nothreads;
MPRINT(EM_DIAGRAM):    proc sort data=EMWS1.Tree5_EMCLASSIFICATION nothreads;
100461     by DATAROLE TARGET TARGETLABEL;
MPRINT(EM_DIAGRAM):   by DATAROLE TARGET TARGETLABEL;
100462     run;
MPRINT(EM_DIAGRAM):   run;

NOTE: There were 8 observations read from the data set EMWS1.TREE5_EMCLASSIFICATION.
NOTE: The data set EMWS1.TREE5_EMCLASSIFICATION has 8 observations and 12 variables.
NOTE: PROCEDURE SORT used (Total process time):
      real time           0.01 seconds
      cpu time            0.01 seconds
      

100463     %let _cn = %sysfunc(getoption(CENTER));
100464     options nocenter;
MPRINT(EM_DIAGRAM):   options nocenter;
100465     proc print data=EMWS1.Tree5_EMCLASSIFICATION noobs label;
MPRINT(EM_DIAGRAM):   proc print data=EMWS1.Tree5_EMCLASSIFICATION noobs label;
100466     var from into pct_row pct_col count percent
100467     ;
MPRINT(EM_DIAGRAM):   var from into pct_row pct_col count percent ;
100468     by DATAROLE TARGET TARGETLABEL;
MPRINT(EM_DIAGRAM):   by DATAROLE TARGET TARGETLABEL;
100469     label FROM = "%sysfunc(sasmsg(sashelp.dmine, rpt_target_vlabel ,     NOQUOTE))";
MPRINT(EM_DIAGRAM):   label FROM = "Target";
100470     label INTO = "%sysfunc(sasmsg(sashelp.dmine, rpt_outcome_vlabel ,    NOQUOTE))";
MPRINT(EM_DIAGRAM):   label INTO = "Outcome";
100471     label PCT_ROW = "%sysfunc(sasmsg(sashelp.dmine, rpt_targetpct_vlabel ,  NOQUOTE))";
MPRINT(EM_DIAGRAM):   label PCT_ROW = "Target Percentage";
100472     label PCT_COL = "%sysfunc(sasmsg(sashelp.dmine, rpt_outcomepct_vlabel , NOQUOTE))";
MPRINT(EM_DIAGRAM):   label PCT_COL = "Outcome Percentage";
100473     label COUNT = "%sysfunc(sasmsg(sashelp.dmine, rpt_count_vlabel ,      NOQUOTE))";
MPRINT(EM_DIAGRAM):   label COUNT = "Frequency Count";
100474     label PERCENT = "%sysfunc(sasmsg(sashelp.dmine, rpt_totalpct_vlabel ,   NOQUOTE))";
MPRINT(EM_DIAGRAM):   label PERCENT = "Total Percentage";
100475     where _TYPE_='PREDICTION';
MPRINT(EM_DIAGRAM):   where _TYPE_='PREDICTION';
100476     title9 ' ';
MPRINT(EM_DIAGRAM):   title9 ' ';
100477     title10 "%sysfunc(sasmsg(sashelp.dmine, rpt_classification_title    , NOQUOTE))";
MPRINT(EM_DIAGRAM):   title10 "Classification Table";
MPRINT(EM_DIAGRAM):   run;
100478     run;

NOTE: There were 8 observations read from the data set EMWS1.TREE5_EMCLASSIFICATION.
      WHERE _TYPE_='PREDICTION';
NOTE: The PROCEDURE PRINT printed page 40.
NOTE: PROCEDURE PRINT used (Total process time):
      real time           0.04 seconds
      cpu time            0.01 seconds
      

100479     title9;
MPRINT(EM_DIAGRAM):   title9;
100480     title10;
MPRINT(EM_DIAGRAM):   title10;
100481     options &_cn;
MPRINT(EM_DIAGRAM):   options NOCENTER;
100482     %let _cn = %sysfunc(getoption(CENTER));
100483     options nocenter;
MPRINT(EM_DIAGRAM):    options nocenter;
100484     data EMWS1.Tree5_EMEVENTREPORT;
MPRINT(EM_DIAGRAM):   data EMWS1.Tree5_EMEVENTREPORT;
100485     length DATAROLE TARGET $32 TARGETLABEL $200 FALSENEVENT TRUENEVENT FALSEEVENT TRUEEVENT 8;
MPRINT(EM_DIAGRAM):   length DATAROLE TARGET $32 TARGETLABEL $200 FALSENEVENT TRUENEVENT FALSEEVENT TRUEEVENT 8;
100486     label DATAROLE = "%sysfunc(sasmsg(sashelp.dmine, rpt_datarole_vlabel ,    NOQUOTE))" TARGET = "%sysfunc(sasmsg(sashelp.dmine, rpt_target_vlabel ,      NOQUOTE))" TARGETLABEL = "%sysfunc(sasmsg(sashelp.dmine, meta_targetlabel_vlabel, NOQUOTE))"
100486   ! FALSEEVENT
100487     = "%sysfunc(sasmsg(sashelp.dmine, rpt_falseevent_vlabel ,  NOQUOTE))" FALSENEVENT = "%sysfunc(sasmsg(sashelp.dmine, rpt_falsenevent_vlabel , NOQUOTE))" TRUEEVENT = "%sysfunc(sasmsg(sashelp.dmine, rpt_trueevent_vlabel ,   NOQUOTE))" TRUENEVENT =
100488        "%sysfunc(sasmsg(sashelp.dmine, rpt_truenevent_vlabel ,  NOQUOTE))";
MPRINT(EM_DIAGRAM):   label DATAROLE = "Data Role" TARGET = "Target" TARGETLABEL = "Target Label" FALSEEVENT = "False Positive" FALSENEVENT = "False Negative" TRUEEVENT = "True Positive" TRUENEVENT = "True Negative";
100489     FALSEEVENT=0;
MPRINT(EM_DIAGRAM):   FALSEEVENT=0;
100490     FALSENEVENT=0;
MPRINT(EM_DIAGRAM):   FALSENEVENT=0;
100491     TRUEEVENT=0;
MPRINT(EM_DIAGRAM):   TRUEEVENT=0;
100492     TRUENEVENT=0;
MPRINT(EM_DIAGRAM):   TRUENEVENT=0;
100493     set EMWS1.Tree5_EMEVENTREPORT;
MPRINT(EM_DIAGRAM):   set EMWS1.Tree5_EMEVENTREPORT;
100494     run;
MPRINT(EM_DIAGRAM):   run;

NOTE: There were 2 observations read from the data set EMWS1.TREE5_EMEVENTREPORT.
NOTE: The data set EMWS1.TREE5_EMEVENTREPORT has 2 observations and 7 variables.
NOTE: DATA statement used (Total process time):
      real time           0.01 seconds
      cpu time            0.01 seconds
      

100495     proc print data=EMWS1.Tree5_EMEVENTREPORT noobs label;
MPRINT(EM_DIAGRAM):   proc print data=EMWS1.Tree5_EMEVENTREPORT noobs label;
100496     title9 ' ';
MPRINT(EM_DIAGRAM):   title9 ' ';
100497     title10 "%sysfunc(sasmsg(sashelp.dmine, rpt_eventtable_title    , NOQUOTE))";
MPRINT(EM_DIAGRAM):   title10 "Event Classification Table";
MPRINT(EM_DIAGRAM):   by notsorted DATAROLE notsorted TARGET notsorted TARGETLABEL;
MPRINT(EM_DIAGRAM):   run;
100498     by notsorted DATAROLE notsorted TARGET notsorted TARGETLABEL;
100499     run;

NOTE: There were 2 observations read from the data set EMWS1.TREE5_EMEVENTREPORT.
NOTE: The PROCEDURE PRINT printed page 41.
NOTE: PROCEDURE PRINT used (Total process time):
      real time           0.02 seconds
      cpu time            0.01 seconds
      

100500     title10;
MPRINT(EM_DIAGRAM):   title10;
100501     options &_cn;
MPRINT(EM_DIAGRAM):   options NOCENTER;
100502     proc datasets library=EMWS1 nolist;
MPRINT(EM_DIAGRAM):    proc datasets library=EMWS1 nolist;
100503     modify Tree5_EMRANK;
MPRINT(EM_DIAGRAM):   modify Tree5_EMRANK;
MPRINT(EM_DIAGRAM):   label target = "Target Variable";
100504     label target = "%sysfunc(sasmsg(sashelp.dmine, rpt_targetvar_vlabel ,   NOQUOTE))";
MPRINT(EM_DIAGRAM):   label datarole = "Data Role";
100505     label datarole = "%sysfunc(sasmsg(sashelp.dmine, rpt_datarole_vlabel ,    NOQUOTE))";
MPRINT(EM_DIAGRAM):   run;
100506     run;

NOTE: MODIFY was successful for EMWS1.TREE5_EMRANK.DATA.
100507     quit;
MPRINT(EM_DIAGRAM):   quit;

NOTE: PROCEDURE DATASETS used (Total process time):
      real time           0.09 seconds
      cpu time            0.09 seconds
      

100508     %let _cn = %sysfunc(getoption(CENTER));
100509     options nocenter;
MPRINT(EM_DIAGRAM):    options nocenter;
100510     proc print data=EMWS1.Tree5_EMRANK label noobs;
MPRINT(EM_DIAGRAM):   proc print data=EMWS1.Tree5_EMRANK label noobs;
100511     var
100512     decile gain lift liftc resp respc N _meanP_;
MPRINT(EM_DIAGRAM):   var decile gain lift liftc resp respc N _meanP_;
100513     by
100514     notsorted DATAROLE
100515     notsorted TARGET
100516     notsorted TARGETLABEL
100517     ;
MPRINT(EM_DIAGRAM):   by notsorted DATAROLE notsorted TARGET notsorted TARGETLABEL ;
100518     title9 ' ';
MPRINT(EM_DIAGRAM):   title9 ' ';
100519     title10 "%sysfunc(sasmsg(sashelp.dmine, rpt_scoreranking_title , NOQUOTE))";
MPRINT(EM_DIAGRAM):   title10 "Assessment Score Rankings";
MPRINT(EM_DIAGRAM):   run;
100520     run;

NOTE: There were 40 observations read from the data set EMWS1.TREE5_EMRANK.
NOTE: The PROCEDURE PRINT printed page 42.
NOTE: PROCEDURE PRINT used (Total process time):
      real time           0.03 seconds
      cpu time            0.01 seconds
      

100521     title10;
MPRINT(EM_DIAGRAM):   title10;
100522     options &_cn;
MPRINT(EM_DIAGRAM):   options NOCENTER;
100523     proc datasets library=EMWS1 nolist;
MPRINT(EM_DIAGRAM):    proc datasets library=EMWS1 nolist;
100524     modify Tree5_EMSCOREDIST;
MPRINT(EM_DIAGRAM):   modify Tree5_EMSCOREDIST;
MPRINT(EM_DIAGRAM):   label target = "Target Variable";
100525     label target = "%sysfunc(sasmsg(sashelp.dmine, rpt_targetvar_vlabel ,      NOQUOTE))";
MPRINT(EM_DIAGRAM):   label datarole = "Data Role";
100526     label datarole = "%sysfunc(sasmsg(sashelp.dmine, rpt_datarole_vlabel ,    NOQUOTE))";
MPRINT(EM_DIAGRAM):   run;
100527     run;

NOTE: MODIFY was successful for EMWS1.TREE5_EMSCOREDIST.DATA.
100528     quit;
MPRINT(EM_DIAGRAM):   quit;

NOTE: PROCEDURE DATASETS used (Total process time):
      real time           0.03 seconds
      cpu time            0.03 seconds
      

MPRINT(EM_DIAGRAM):    options nocenter;
MPRINT(EM_DIAGRAM):   proc print data=EMWS1.Tree5_EMSCOREDIST label noobs;
MPRINT(EM_DIAGRAM):   var p_label numberOfEvents numberOfNonEvents _meanp_ percentage;
MPRINT(EM_DIAGRAM):   by notsorted DATAROLE notsorted TARGET notsorted TARGETLABEL ;
MPRINT(EM_DIAGRAM):   where TARGET in( "diagnosis" );
MPRINT(EM_DIAGRAM):   title9 ' ';
MPRINT(EM_DIAGRAM):   title10 "Assessment Score Distribution";
MPRINT(EM_DIAGRAM):   run;
MPRINT(EM_DIAGRAM):   title10;
MPRINT(EM_DIAGRAM):   options NOCENTER;
MPRINT(EM_DIAGRAM):   proc printto;
MPRINT(EM_DIAGRAM):   run;
