MPRINT(EM_DIAGRAM):    data _null_;
MPRINT(EM_DIAGRAM):   call symput('NLDATE', strip(put(date(), NLDATE.)));
MPRINT(EM_DIAGRAM):   call symput('NLTIME', strip(put(datetime(), NLTIME.)));
MPRINT(EM_DIAGRAM):   run;
MPRINT(EM_DIAGRAM):   data _null_;
MPRINT(EM_DIAGRAM):   nldate= sasmsg("sashelp.dmine", "log_date_note", 'N', "October 03, 2026" );
MPRINT(EM_DIAGRAM):   nltime= sasmsg("sashelp.dmine", "log_time_note", 'N', "18:26:04" );
MPRINT(EM_DIAGRAM):   put "*------------------------------------------------------------*";
MPRINT(EM_DIAGRAM):   put "* Score Log";
MPRINT(EM_DIAGRAM):   put nldate;
MPRINT(EM_DIAGRAM):   put nltime;
MPRINT(EM_DIAGRAM):   put "*------------------------------------------------------------*";
MPRINT(EM_DIAGRAM):   run;
*------------------------------------------------------------*
* Score Log
Date:                October 03, 2026
Time:                18:26:04
*------------------------------------------------------------*
MPRINT(EM_DIAGRAM):    filename O153B7C5 "C:\Users\student\OneDrive - Bryant University\Documents\GitHub\Projects_in_R\Assignments\Assignment 3\Workspaces\EMWS1\Tree5\EMSCORE.out" encoding="UTF-8" NOBOM;
MPRINT(EM_DIAGRAM):   proc printto print=O153B7C5 new;
MPRINT(EM_DIAGRAM):   run;
89184      %let EMEXCEPTIONSTRING=;
89185      *------------------------------------------------------------*;
MPRINT(EM_DIAGRAM):    *------------------------------------------------------------*;
89186      * SCORE: Tree5;
MPRINT(EM_DIAGRAM):   * SCORE: Tree5;
89187      *------------------------------------------------------------*;
MPRINT(EM_DIAGRAM):   *------------------------------------------------------------*;
89188      %let EM_ACTION = SCORE;
89189      %let syscc = 0;
89190      %macro main;
89191      
89192        %if %upcase(&EM_ACTION) = CREATE %then %do;
89193          filename temp catalog 'sashelp.emmodl.tree_create.source';
89194          %include temp;
89195          filename temp;
89196      
89197          %em_tree_create;
89198        %end;
89199      
89200         %else
89201         %if %upcase(&EM_ACTION) = TRAIN %then %do;
89202      
89203             filename temp catalog 'sashelp.emmodl.tree_train.source';
89204             %include temp;
89205             filename temp;
89206             %em_tree_train;
89207         %end;
89208      
89209        %else
89210        %if %upcase(&EM_ACTION) = SCORE %then %do;
89211          filename temp catalog 'sashelp.emmodl.tree_score.source';
89212          %include temp;
89213          filename temp;
89214      
89215          %em_tree_score;
89216      
89217        %end;
89218      
89219        %else
89220        %if %upcase(&EM_ACTION) = REPORT %then %do;
89221      
89222             filename temp catalog 'sashelp.emmodl.tree_report.source';
89223             %include temp;
89224             filename temp;
89225      
89226             %em_tree_report;
89227         %end;
89228      
89229        %else
89230        %if %upcase(&EM_ACTION) = OPENINT %then %do;
89231      
89232             filename temp catalog 'sashelp.emmodl.tree_actions.source';
89233             %include temp;
89234             filename temp;
89235             %EM_TREE_OPENTREEVIEWER;
89236      
89237         %end;
89238      
89239        %else
89240        %if %upcase(&EM_ACTION) = CLOSEINT %then %do;
89241      
89242             filename temp catalog 'sashelp.emmodl.tree_actions.source';
89243             %include temp;
89244             filename temp;
89245             %EM_TREE_CLOSETREEVIEWER;
89246      
89247         %end;
89248      
89249      
89250         %doendm:
89251      %mend main;
89252      
89253      %main;
MPRINT(EM_DIAGRAM):    
MPRINT(MAIN):   filename temp catalog 'sashelp.emmodl.tree_score.source';
NOTE: %INCLUDE (level 1) file TEMP is file SASHELP.EMMODL.TREE_SCORE.SOURCE.
89255     +%macro em_tree_score;
89257     +   /* determine if multiple targets will be processed */
89258     +   %let em_tree_multipleTargets=N;
89259     +   %let em_tree_numTarget=1;
89260     +   %if "&EM_PROPERTY_USEMULTIPLETARGET" eq "Y" %then %do;
89261     +      /* determine if there are any ordinal target variables - if so, multiple targets are not supported */
89262     +      %if &EM_NUM_ORDINAL_TARGET gt 0 %then %do;
89263     +         %let em_tree_multipleTargets=N;
89264     +      %end;
89265     +      %else %do;
89266     +         /* create macro array of targets  */
89267     +         data _null_;
89268     +           set &EM_DATA_VARIABLESET(where=(ROLE='TARGET' AND LEVEL^='ORDINAL')) end=eof;
89269     +           call symput('em_tree_targetVars'!!strip(put(_N_, BEST.)), strip(Name));
89270     +           if eof then
89271     +             call symput('em_tree_numTarget', strip(put(_N_, BEST.)));
89272     +        run;
89274     +        %if &em_tree_numTarget gt 1 %then %do;
89275     +           %let em_tree_multipleTargets=Y;
89276     +        %end;
89277     +      %end;
89278     +   %end;
89280     +   /* build flow and publish scoring code */
89281     +   %EM_GETNAME(key=TREEFLOW, type=FILE, extension=sas);
89282     +   %EM_GETNAME(key=TREEPUBLISH, type=FILE, extension=sas);
89284     +   filename treeflow "&EM_USER_TREEFLOW";
89285     +   filename treepub "&EM_USER_TREEPUBLISH";
89287     +   filename flowref  "&EM_FILE_EMFLOWSCORECODE";
89288     +   filename pubref   "&EM_FILE_EMPUBLISHSCORECODE";
89290     +   %em_copyfile(infref=treeflow, outfref=flowref);
89291     +   %em_copyfile(infref=treepub, outfref=pubref);
89293     +   filename treeflow;
89294     +   filename treepub;
89296     +   /* if priors are used, add code to generate unadjusted residuals in export */
89297     +   %let useAdjPriors = N;
89298     +   data _null_;
89299     +     set &EM_DEC_DECMETA(where=(_TYPE_="DECPRIOR"));
89300     +     if USE="Y" then call symput('useAdjPriors', 'Y');
89301     +   run;
89302     +   %if (("&em_tree_multipleTargets" eq "N") AND ("&useAdjPriors" eq "Y")) %then %do;
89303     +      filename temp catalog 'sashelp.emutil.em_makeunadjustedresidualvars.source';
89304     +      %include temp;
89305     +      filename temp;
89307     +      %EM_GETNAME(key=adjResidualCode, type=FILE, extension=sas);
89308     +      filename adjref "&EM_USER_adjResidualCode";
89309     +      %makeUnadjustedResidualVars(target=%EM_TARGET, decmeta=&EM_DEC_DECMETA, fref=adjref);
89311     +      %em_copyfile(infref=adjref, outfref=flowref, append=Y);
89313     +      filename adjref;
89314     +   %end;
89316     +   /* LEAF */
89317     +   %if "&EM_PROPERTY_LEAFID" eq "Y" %then %do;
89318     +      data _null_;
89319     +        file flowref mod;
89320     +        put 'drop _LEAF_;';
89321     +      run;
89323     +      data _null_;
89324     +        file pubref mod;
89325     +        put 'drop _LEAF_;';
89326     +      run;
89328     +   %end;
89330     +   filename flowref;
89331     +   filename pubref;
89333     +   /* em_metachange code */
89334     +   %if "&EM_PROPERTY_LEAFID" eq "Y" %then %do;
89335     +     %EM_METACHANGE(name=_NODE_, role=&EM_PROPERTY_NODEROLE, LEVEL=NOMINAL);
89336     +   %end;
89338     +   /* variable selection based on importance stat    */
89339     +   %if "&EM_PROPERTY_VARSELECTION" eq "Y" %then %do;
89340     +     %EM_GETNAME(key=OUTIMPORT, type=DATA);
89341     +     %let dsid = %sysfunc(open(&EM_USER_OUTIMPORT(where=(IMPORTANCE<0.05))));
89342     +     %let varnum = %sysfunc(varnum(&dsid, NAME));
89343     +     %let obs = %sysfunc(fetch(&dsid));
89344     +     %do %while(&obs=0);
89345     +       %let temp = %nrbquote(%sysfunc(getvarc(&dsid, &varnum)));
89346     +       %let varname = %nrbquote(%sysfunc(tranwrd(&temp,  %str(%"),"")));
89347     +       %EM_METACHANGE(name=&varname, role=REJECTED);
89348     +       %let obs = %sysfunc(fetch(&dsid));
89349     +     %end;
89350     +     %if &dsid %then %let dsid=%sysfunc(close(&dsid));
89351     +   %end;
89353     +   /* set Q_ varaibles to role of ASSESS when in the presense of prior probabilities */
89354     +   %if %sysfunc(exist(&EM_DEC_DECMETA)) %then %do;
89355     +    %let tree_pred_vars = ;
89356     +    %let tree_pred_lvl =;
89357     +    %let numpred= 0;
89359     +    data _null_;
89360     +     set &EM_DEC_DECMETA(where=(_TYPE_="PREDICTED")) end=eof;
89361     +     call symput('tree_pred_vars'!!strip(put(_N_, BEST.)), strip(VARIABLE));
89362     +     call symput('tree_pred_lvl'!!strip(put(_N_, BEST.)), strip(LEVEL));
89363     +     if eof then
89364     +       call symput('numpred', strip(put(_N_, BEST.)));
89365     +    run;
89366     +   %end;
89368     +   %if &numpred ne 0 %then %do;
89369     +    %do i=1 %to &numpred;
89370     +      %let qpred = Q%substr(&&tree_pred_vars&i,2);
89371     +      %EM_METACHANGE(name=&qpred, role=ASSESS);
89372     +    %end;
89373     +   %end;
89375     +   /* determine if multiple targets will be processed */
89376     +   %let em_tree_multipleTargets=N;
89377     +   %let em_tree_numTarget=1;
89378     +   %if "&EM_PROPERTY_USEMULTIPLETARGET" eq "Y" %then %do;
89379     +      /* determine if there are any ordinal target variables - if so, multiple targets are not supported */
89380     +      %if &EM_NUM_ORDINAL_TARGET gt 0 %then %do;
89381     +         %let em_tree_multipleTargets=N;
89382     +      %end;
89383     +      %else %do;
89384     +        data _null_;
89385     +          set &EM_DATA_VARIABLESET(where=(ROLE='TARGET' AND LEVEL^='ORDINAL')) end=eof;
89386     +          if eof then
89387     +            call symput('em_tree_numTarget', strip(put(_N_, BEST.)));
89388     +        run;
89390     +        %if &em_tree_numTarget gt 1 %then %do;
89391     +           %let em_tree_multipleTargets=Y;
89392     +        %end;
89393     +     %end;
89394     +   %end;
89396     +   /* need to include this code to do the %em_report for OUTIMPORT here instead of in Report code so _loop data set is created when group processing */
89397     +   %if "&em_tree_multipleTargets" eq "N" %then %do;
89399     +      /* variable importance */
89400     +      %EM_GETNAME(key=OUTIMPORT, type=DATA);
89401     +      %if %sysfunc(exist(&EM_USER_OUTIMPORT)) eq 1 %then %do;
89403     +         %let validexist=0;
89404     +         %if (("&EM_IMPORT_VALIDATE" ne "") AND (%sysfunc(exist(&EM_IMPORT_VALIDATE)) or %sysfunc(exist(&EM_IMPORT_VALIDATE,VIEW)))) %then %do;
89405     +           %let validexist=1;
89406     +         %end;
89408     +         /* determine if vars exists - properties could indicate they are they but freeze=Y would mean the node wasn't retrained */
89409     +         /* and the columns may not be generated                                                                                 */
89410     +         %let em_tree_cvexists=;
89411     +         %let em_tree_surrexists=.;
89412     +         data _null_;
89413     +            set &EM_USER_OUTIMPORT (obs=2) end=eof;
89414     +            if eof then do ;
89415     +               call symput("em_tree_cvexists" , strip(put(cvimportance,best.))) ;
89416     +               call symput("em_tree_surrexists", strip(put(nsurrogates, best.)));
89417     +            end;
89418     +         run;
89420     +         data &EM_USER_OUTIMPORT;
89421     +            set &EM_USER_OUTIMPORT;
89423     +            /* format columns based on Precison value specified */
89424     +            format importance 15.&EM_PROPERTY_PRECISION
89425     +                 %if &validexist %then %do;
89426     +                   vimportance ratio 15.&EM_PROPERTY_PRECISION
89427     +                 %end;
89428     +                 %if "&EM_TREE_CVEXISTS" ne "." %then %do;
89429     +                   cvimportance vimportance ratio 15.&EM_PROPERTY_PRECISION
89430     +                 %end;
89431     +            ;
89432     +            label  NAME       = "%sysfunc(sasmsg(sashelp.dmine, meta_name_vlabel, noquote))"
89433     +                 LABEL        = "%sysfunc(sasmsg(sashelp.dmine, meta_label_vlabel, noquote))"
89434     +                 NRULES       = "%sysfunc(sasmsg(sashelp.dmine, rpt_nrules_vlabel, noquote))"
89435     +                 IMPORTANCE   = "%sysfunc(sasmsg(sashelp.dmine, rpt_importance_vlabel, noquote))"
89436     +                 %if "&em_tree_surrexists" ne "" %then %do;
89437     +                   NSURROGATES  = "%sysfunc(sasmsg(sashelp.dmine, rpt_nsurrogates_vlabel, noquote))"
89438     +                 %end;
89439     +                 %if &validexist %then %do;
89440     +                   VIMPORTANCE = "%sysfunc(sasmsg(sashelp.dmine, rpt_vimportance_vlabel, noquote))"
89441     +                   RATIO       = "%sysfunc(sasmsg(sashelp.dmine, rpt_ratio_vlabel, noquote))"
89442     +                 %end;
89443     +                 %if "&EM_TREE_CVEXISTS" ne "" %then %do;
89444     +                   VIMPORTANCE = "%sysfunc(sasmsg(sashelp.dmine, rpt_vimportance_vlabel, noquote))"
89445     +                   CVIMPORTANCE =  "%sysfunc(sasmsg(sashelp.dmine, rpt_cvimport_vlabel, noquote))"
89446     +                   CVRULES= "%sysfunc(sasmsg(sashelp.dmine, rpt_cvrules_vlabel, noquote))"
89447     +                   RATIO = "%sysfunc(sasmsg(sashelp.dmine, rpt_ratio_vlabel, noquote))"
89448     +                 %end;
89449     +            ;
89450     +         run;
89452     +         %EM_REPORT(key=OUTIMPORT, viewtype=DATA, block=MODEL, description=IMPORTANCE, autodisplay=N);
89453     +      %end;
89454     +   %end;
89456     +   %doendm:
89457     +%mend em_tree_score;
NOTE: %INCLUDE (level 1) ending.
MPRINT(MAIN):   filename temp;
NOTE: Fileref TEMP has been deassigned.
MPRINT(EM_TREE_SCORE):  ;
MPRINT(EM_TREE_SCORE):  ;
MPRINT(EM_TREE_SCORE):   filename treeflow "C:\Users\student\OneDrive - Bryant University\Documents\GitHub\Projects_in_R\Assignments\Assignment 3\Workspaces\EMWS1\Tree5\TREEFLOW.sas";
MPRINT(EM_TREE_SCORE):   filename treepub "C:\Users\student\OneDrive - Bryant University\Documents\GitHub\Projects_in_R\Assignments\Assignment 3\Workspaces\EMWS1\Tree5\TREEPUBLISH.sas";
MPRINT(EM_TREE_SCORE):   filename flowref "C:\Users\student\OneDrive - Bryant University\Documents\GitHub\Projects_in_R\Assignments\Assignment 3\Workspaces\EMWS1\Tree5\EMFLOWSCORE.sas";
MPRINT(EM_TREE_SCORE):   filename pubref "C:\Users\student\OneDrive - Bryant University\Documents\GitHub\Projects_in_R\Assignments\Assignment 3\Workspaces\EMWS1\Tree5\EMPUBLISHSCORE.sas";
MPRINT(EM_COPYFILE):   data _null_;
MPRINT(EM_COPYFILE):   length line $20000;
MPRINT(EM_COPYFILE):   file flowref lrecl=20000;
MPRINT(EM_COPYFILE):   fid=fopen("treeflow",'i',20000,'v');
MPRINT(EM_COPYFILE):   if fid > 0 then do;
MPRINT(EM_COPYFILE):   do while(^fread(fid));
MPRINT(EM_COPYFILE):   rlen = frlen(fid);
MPRINT(EM_COPYFILE):   rc= fget(fid,line,20000);
MPRINT(EM_COPYFILE):   start = length(line)-length(left(line))+1;
MPRINT(EM_COPYFILE):   line=strip(line);
MPRINT(EM_COPYFILE):   put @start line;
MPRINT(EM_COPYFILE):   end;
MPRINT(EM_COPYFILE):   if fid > 0 then rc=fclose(fid);
MPRINT(EM_COPYFILE):   end;
MPRINT(EM_COPYFILE):   run;

NOTE: The file FLOWREF is:
      Filename=C:\Users\student\OneDrive - Bryant University\Documents\GitHub\Projects_in_R\Assignments\Assignment 3\Workspaces\EMWS1\Tree5\EMFLOWSCORE.sas,
      RECFM=V,LRECL=20000,File Size (bytes)=0,
      Last Modified=03Oct2026:18:26:04,
      Create Time=03Oct2026:18:21:56

NOTE: 126 records were written to the file FLOWREF.
      The minimum record length was 1.
      The maximum record length was 65.
NOTE: DATA statement used (Total process time):
      real time           0.01 seconds
      cpu time            0.01 seconds
      

MPRINT(EM_TREE_SCORE):  ;
MPRINT(EM_COPYFILE):   data _null_;
MPRINT(EM_COPYFILE):   length line $20000;
MPRINT(EM_COPYFILE):   file pubref lrecl=20000;
MPRINT(EM_COPYFILE):   fid=fopen("treepub",'i',20000,'v');
MPRINT(EM_COPYFILE):   if fid > 0 then do;
MPRINT(EM_COPYFILE):   do while(^fread(fid));
MPRINT(EM_COPYFILE):   rlen = frlen(fid);
MPRINT(EM_COPYFILE):   rc= fget(fid,line,20000);
MPRINT(EM_COPYFILE):   start = length(line)-length(left(line))+1;
MPRINT(EM_COPYFILE):   line=strip(line);
MPRINT(EM_COPYFILE):   put @start line;
MPRINT(EM_COPYFILE):   end;
MPRINT(EM_COPYFILE):   if fid > 0 then rc=fclose(fid);
MPRINT(EM_COPYFILE):   end;
MPRINT(EM_COPYFILE):   run;

NOTE: The file PUBREF is:
      Filename=C:\Users\student\OneDrive - Bryant University\Documents\GitHub\Projects_in_R\Assignments\Assignment 3\Workspaces\EMWS1\Tree5\EMPUBLISHSCORE.sas,
      RECFM=V,LRECL=20000,File Size (bytes)=0,
      Last Modified=03Oct2026:18:26:04,
      Create Time=03Oct2026:18:21:56

NOTE: 104 records were written to the file PUBREF.
      The minimum record length was 1.
      The maximum record length was 65.
NOTE: DATA statement used (Total process time):
      real time           0.00 seconds
      cpu time            0.00 seconds
      

MPRINT(EM_TREE_SCORE):  ;
MPRINT(EM_TREE_SCORE):   filename treeflow;
NOTE: Fileref TREEFLOW has been deassigned.
MPRINT(EM_TREE_SCORE):   filename treepub;
NOTE: Fileref TREEPUB has been deassigned.
MPRINT(EM_TREE_SCORE):   data _null_;
MPRINT(EM_TREE_SCORE):   set EMWS1.Tree5_diagnosis_DM(where=(_TYPE_="DECPRIOR"));
MPRINT(EM_TREE_SCORE):   if USE="Y" then call symput('useAdjPriors', 'Y');
MPRINT(EM_TREE_SCORE):   run;

NOTE: There were 1 observations read from the data set EMWS1.TREE5_DIAGNOSIS_DM.
      WHERE _TYPE_='DECPRIOR';
NOTE: DATA statement used (Total process time):
      real time           0.00 seconds
      cpu time            0.00 seconds
      

MPRINT(EM_TREE_SCORE):   data _null_;
MPRINT(EM_TREE_SCORE):   file flowref mod;
MPRINT(EM_TREE_SCORE):   put 'drop _LEAF_;';
MPRINT(EM_TREE_SCORE):   run;

NOTE: The file FLOWREF is:
      Filename=C:\Users\student\OneDrive - Bryant University\Documents\GitHub\Projects_in_R\Assignments\Assignment 3\Workspaces\EMWS1\Tree5\EMFLOWSCORE.sas,
      RECFM=V,LRECL=32767,File Size (bytes)=4482,
      Last Modified=03Oct2026:18:26:04,
      Create Time=03Oct2026:18:21:56

NOTE: 1 record was written to the file FLOWREF.
      The minimum record length was 12.
      The maximum record length was 12.
NOTE: DATA statement used (Total process time):
      real time           0.00 seconds
      cpu time            0.00 seconds
      

MPRINT(EM_TREE_SCORE):   data _null_;
MPRINT(EM_TREE_SCORE):   file pubref mod;
MPRINT(EM_TREE_SCORE):   put 'drop _LEAF_;';
MPRINT(EM_TREE_SCORE):   run;

NOTE: The file PUBREF is:
      Filename=C:\Users\student\OneDrive - Bryant University\Documents\GitHub\Projects_in_R\Assignments\Assignment 3\Workspaces\EMWS1\Tree5\EMPUBLISHSCORE.sas,
      RECFM=V,LRECL=32767,File Size (bytes)=3815,
      Last Modified=03Oct2026:18:26:04,
      Create Time=03Oct2026:18:21:56

NOTE: 1 record was written to the file PUBREF.
      The minimum record length was 12.
      The maximum record length was 12.
NOTE: DATA statement used (Total process time):
      real time           0.00 seconds
      cpu time            0.00 seconds
      

MPRINT(EM_TREE_SCORE):   filename flowref;
NOTE: Fileref FLOWREF has been deassigned.
MPRINT(EM_TREE_SCORE):   filename pubref;
NOTE: Fileref PUBREF has been deassigned.
MPRINT(EM_METACHANGE):   data WORK.EM_METACHANGE;
MPRINT(EM_METACHANGE):   length KEY $32 DELETE $1 UNAME $32 ROLE $32 LEVEL $10 ORDER $8 COMMENT $64 LOWERLIMIT 8 UPPERLIMIT 8;
MPRINT(EM_METACHANGE):   KEY = upcase("CDELTA_TRAIN");
MPRINT(EM_METACHANGE):   UNAME = upcase("_NODE_");
MPRINT(EM_METACHANGE):   DELETE = upcase("N");
MPRINT(EM_METACHANGE):   ROLE = upcase("SEGMENT");
MPRINT(EM_METACHANGE):   LEVEL = upcase("NOMINAL");
MPRINT(EM_METACHANGE):   ORDER = upcase("");
MPRINT(EM_METACHANGE):   COMMENT = "";
MPRINT(EM_METACHANGE):   LOWERLIMIT = .;
MPRINT(EM_METACHANGE):   UPPERLIMIT = .;
MPRINT(EM_METACHANGE):   output;
MPRINT(EM_METACHANGE):   run;

NOTE: The data set WORK.EM_METACHANGE has 1 observations and 9 variables.
NOTE: DATA statement used (Total process time):
      real time           0.00 seconds
      cpu time            0.01 seconds
      

MPRINT(EM_TREE_SCORE):  ;
MPRINT(EM_TREE_SCORE):  ;
MPRINT(EM_METACHANGE):   data WORK.EM_METACHANGE;
MPRINT(EM_METACHANGE):   set WORK.EM_METACHANGE end=eof;
MPRINT(EM_METACHANGE):   output;
MPRINT(EM_METACHANGE):   if eof then do;
MPRINT(EM_METACHANGE):   KEY = upcase("CDELTA_TRAIN");
MPRINT(EM_METACHANGE):   UNAME = upcase("fractal_dimension_se            ");
MPRINT(EM_METACHANGE):   DELETE = upcase("N");
MPRINT(EM_METACHANGE):   ROLE = upcase("REJECTED");
MPRINT(EM_METACHANGE):   LEVEL = upcase("");
MPRINT(EM_METACHANGE):   ORDER = upcase("");
MPRINT(EM_METACHANGE):   COMMENT = "";
MPRINT(EM_METACHANGE):   LOWERLIMIT = .;
MPRINT(EM_METACHANGE):   UPPERLIMIT = .;
MPRINT(EM_METACHANGE):   output;
MPRINT(EM_METACHANGE):   end;
MPRINT(EM_METACHANGE):   run;

NOTE: There were 1 observations read from the data set WORK.EM_METACHANGE.
NOTE: The data set WORK.EM_METACHANGE has 2 observations and 9 variables.
NOTE: DATA statement used (Total process time):
      real time           0.05 seconds
      cpu time            0.03 seconds
      

MPRINT(EM_TREE_SCORE):  ;
MPRINT(EM_METACHANGE):   data WORK.EM_METACHANGE;
MPRINT(EM_METACHANGE):   set WORK.EM_METACHANGE end=eof;
MPRINT(EM_METACHANGE):   output;
MPRINT(EM_METACHANGE):   if eof then do;
MPRINT(EM_METACHANGE):   KEY = upcase("CDELTA_TRAIN");
MPRINT(EM_METACHANGE):   UNAME = upcase("area_worst                      ");
MPRINT(EM_METACHANGE):   DELETE = upcase("N");
MPRINT(EM_METACHANGE):   ROLE = upcase("REJECTED");
MPRINT(EM_METACHANGE):   LEVEL = upcase("");
MPRINT(EM_METACHANGE):   ORDER = upcase("");
MPRINT(EM_METACHANGE):   COMMENT = "";
MPRINT(EM_METACHANGE):   LOWERLIMIT = .;
MPRINT(EM_METACHANGE):   UPPERLIMIT = .;
MPRINT(EM_METACHANGE):   output;
MPRINT(EM_METACHANGE):   end;
MPRINT(EM_METACHANGE):   run;

NOTE: There were 2 observations read from the data set WORK.EM_METACHANGE.
NOTE: The data set WORK.EM_METACHANGE has 3 observations and 9 variables.
NOTE: DATA statement used (Total process time):
      real time           0.04 seconds
      cpu time            0.03 seconds
      

MPRINT(EM_TREE_SCORE):  ;
MPRINT(EM_METACHANGE):   data WORK.EM_METACHANGE;
MPRINT(EM_METACHANGE):   set WORK.EM_METACHANGE end=eof;
MPRINT(EM_METACHANGE):   output;
MPRINT(EM_METACHANGE):   if eof then do;
MPRINT(EM_METACHANGE):   KEY = upcase("CDELTA_TRAIN");
MPRINT(EM_METACHANGE):   UNAME = upcase("compactness_se                  ");
MPRINT(EM_METACHANGE):   DELETE = upcase("N");
MPRINT(EM_METACHANGE):   ROLE = upcase("REJECTED");
MPRINT(EM_METACHANGE):   LEVEL = upcase("");
MPRINT(EM_METACHANGE):   ORDER = upcase("");
MPRINT(EM_METACHANGE):   COMMENT = "";
MPRINT(EM_METACHANGE):   LOWERLIMIT = .;
MPRINT(EM_METACHANGE):   UPPERLIMIT = .;
MPRINT(EM_METACHANGE):   output;
MPRINT(EM_METACHANGE):   end;
MPRINT(EM_METACHANGE):   run;

NOTE: There were 3 observations read from the data set WORK.EM_METACHANGE.
NOTE: The data set WORK.EM_METACHANGE has 4 observations and 9 variables.
NOTE: DATA statement used (Total process time):
      real time           0.03 seconds
      cpu time            0.01 seconds
      

MPRINT(EM_TREE_SCORE):  ;
MPRINT(EM_METACHANGE):   data WORK.EM_METACHANGE;
MPRINT(EM_METACHANGE):   set WORK.EM_METACHANGE end=eof;
MPRINT(EM_METACHANGE):   output;
MPRINT(EM_METACHANGE):   if eof then do;
MPRINT(EM_METACHANGE):   KEY = upcase("CDELTA_TRAIN");
MPRINT(EM_METACHANGE):   UNAME = upcase("compactness_worst               ");
MPRINT(EM_METACHANGE):   DELETE = upcase("N");
MPRINT(EM_METACHANGE):   ROLE = upcase("REJECTED");
MPRINT(EM_METACHANGE):   LEVEL = upcase("");
MPRINT(EM_METACHANGE):   ORDER = upcase("");
MPRINT(EM_METACHANGE):   COMMENT = "";
MPRINT(EM_METACHANGE):   LOWERLIMIT = .;
MPRINT(EM_METACHANGE):   UPPERLIMIT = .;
MPRINT(EM_METACHANGE):   output;
MPRINT(EM_METACHANGE):   end;
MPRINT(EM_METACHANGE):   run;

NOTE: There were 4 observations read from the data set WORK.EM_METACHANGE.
NOTE: The data set WORK.EM_METACHANGE has 5 observations and 9 variables.
NOTE: DATA statement used (Total process time):
      real time           0.02 seconds
      cpu time            0.01 seconds
      

MPRINT(EM_TREE_SCORE):  ;
MPRINT(EM_METACHANGE):   data WORK.EM_METACHANGE;
MPRINT(EM_METACHANGE):   set WORK.EM_METACHANGE end=eof;
MPRINT(EM_METACHANGE):   output;
MPRINT(EM_METACHANGE):   if eof then do;
MPRINT(EM_METACHANGE):   KEY = upcase("CDELTA_TRAIN");
MPRINT(EM_METACHANGE):   UNAME = upcase("concave_points_mean             ");
MPRINT(EM_METACHANGE):   DELETE = upcase("N");
MPRINT(EM_METACHANGE):   ROLE = upcase("REJECTED");
MPRINT(EM_METACHANGE):   LEVEL = upcase("");
MPRINT(EM_METACHANGE):   ORDER = upcase("");
MPRINT(EM_METACHANGE):   COMMENT = "";
MPRINT(EM_METACHANGE):   LOWERLIMIT = .;
MPRINT(EM_METACHANGE):   UPPERLIMIT = .;
MPRINT(EM_METACHANGE):   output;
MPRINT(EM_METACHANGE):   end;
MPRINT(EM_METACHANGE):   run;

NOTE: There were 5 observations read from the data set WORK.EM_METACHANGE.
NOTE: The data set WORK.EM_METACHANGE has 6 observations and 9 variables.
NOTE: DATA statement used (Total process time):
      real time           0.03 seconds
      cpu time            0.00 seconds
      

MPRINT(EM_TREE_SCORE):  ;
MPRINT(EM_METACHANGE):   data WORK.EM_METACHANGE;
MPRINT(EM_METACHANGE):   set WORK.EM_METACHANGE end=eof;
MPRINT(EM_METACHANGE):   output;
MPRINT(EM_METACHANGE):   if eof then do;
MPRINT(EM_METACHANGE):   KEY = upcase("CDELTA_TRAIN");
MPRINT(EM_METACHANGE):   UNAME = upcase("concave_points_se               ");
MPRINT(EM_METACHANGE):   DELETE = upcase("N");
MPRINT(EM_METACHANGE):   ROLE = upcase("REJECTED");
MPRINT(EM_METACHANGE):   LEVEL = upcase("");
MPRINT(EM_METACHANGE):   ORDER = upcase("");
MPRINT(EM_METACHANGE):   COMMENT = "";
MPRINT(EM_METACHANGE):   LOWERLIMIT = .;
MPRINT(EM_METACHANGE):   UPPERLIMIT = .;
MPRINT(EM_METACHANGE):   output;
MPRINT(EM_METACHANGE):   end;
MPRINT(EM_METACHANGE):   run;

NOTE: There were 6 observations read from the data set WORK.EM_METACHANGE.
NOTE: The data set WORK.EM_METACHANGE has 7 observations and 9 variables.
NOTE: DATA statement used (Total process time):
      real time           0.04 seconds
      cpu time            0.03 seconds
      

MPRINT(EM_TREE_SCORE):  ;
MPRINT(EM_METACHANGE):   data WORK.EM_METACHANGE;
MPRINT(EM_METACHANGE):   set WORK.EM_METACHANGE end=eof;
MPRINT(EM_METACHANGE):   output;
MPRINT(EM_METACHANGE):   if eof then do;
MPRINT(EM_METACHANGE):   KEY = upcase("CDELTA_TRAIN");
MPRINT(EM_METACHANGE):   UNAME = upcase("area_se                         ");
MPRINT(EM_METACHANGE):   DELETE = upcase("N");
MPRINT(EM_METACHANGE):   ROLE = upcase("REJECTED");
MPRINT(EM_METACHANGE):   LEVEL = upcase("");
MPRINT(EM_METACHANGE):   ORDER = upcase("");
MPRINT(EM_METACHANGE):   COMMENT = "";
MPRINT(EM_METACHANGE):   LOWERLIMIT = .;
MPRINT(EM_METACHANGE):   UPPERLIMIT = .;
MPRINT(EM_METACHANGE):   output;
MPRINT(EM_METACHANGE):   end;
MPRINT(EM_METACHANGE):   run;

NOTE: There were 7 observations read from the data set WORK.EM_METACHANGE.
NOTE: The data set WORK.EM_METACHANGE has 8 observations and 9 variables.
NOTE: DATA statement used (Total process time):
      real time           0.02 seconds
      cpu time            0.01 seconds
      

MPRINT(EM_TREE_SCORE):  ;
MPRINT(EM_METACHANGE):   data WORK.EM_METACHANGE;
MPRINT(EM_METACHANGE):   set WORK.EM_METACHANGE end=eof;
MPRINT(EM_METACHANGE):   output;
MPRINT(EM_METACHANGE):   if eof then do;
MPRINT(EM_METACHANGE):   KEY = upcase("CDELTA_TRAIN");
MPRINT(EM_METACHANGE):   UNAME = upcase("concavity_mean                  ");
MPRINT(EM_METACHANGE):   DELETE = upcase("N");
MPRINT(EM_METACHANGE):   ROLE = upcase("REJECTED");
MPRINT(EM_METACHANGE):   LEVEL = upcase("");
MPRINT(EM_METACHANGE):   ORDER = upcase("");
MPRINT(EM_METACHANGE):   COMMENT = "";
MPRINT(EM_METACHANGE):   LOWERLIMIT = .;
MPRINT(EM_METACHANGE):   UPPERLIMIT = .;
MPRINT(EM_METACHANGE):   output;
MPRINT(EM_METACHANGE):   end;
MPRINT(EM_METACHANGE):   run;

NOTE: There were 8 observations read from the data set WORK.EM_METACHANGE.
NOTE: The data set WORK.EM_METACHANGE has 9 observations and 9 variables.
NOTE: DATA statement used (Total process time):
      real time           0.03 seconds
      cpu time            0.01 seconds
      

MPRINT(EM_TREE_SCORE):  ;
MPRINT(EM_METACHANGE):   data WORK.EM_METACHANGE;
MPRINT(EM_METACHANGE):   set WORK.EM_METACHANGE end=eof;
MPRINT(EM_METACHANGE):   output;
MPRINT(EM_METACHANGE):   if eof then do;
MPRINT(EM_METACHANGE):   KEY = upcase("CDELTA_TRAIN");
MPRINT(EM_METACHANGE):   UNAME = upcase("concavity_se                    ");
MPRINT(EM_METACHANGE):   DELETE = upcase("N");
MPRINT(EM_METACHANGE):   ROLE = upcase("REJECTED");
MPRINT(EM_METACHANGE):   LEVEL = upcase("");
MPRINT(EM_METACHANGE):   ORDER = upcase("");
MPRINT(EM_METACHANGE):   COMMENT = "";
MPRINT(EM_METACHANGE):   LOWERLIMIT = .;
MPRINT(EM_METACHANGE):   UPPERLIMIT = .;
MPRINT(EM_METACHANGE):   output;
MPRINT(EM_METACHANGE):   end;
MPRINT(EM_METACHANGE):   run;

NOTE: There were 9 observations read from the data set WORK.EM_METACHANGE.
NOTE: The data set WORK.EM_METACHANGE has 10 observations and 9 variables.
NOTE: DATA statement used (Total process time):
      real time           0.02 seconds
      cpu time            0.01 seconds
      

MPRINT(EM_TREE_SCORE):  ;
MPRINT(EM_METACHANGE):   data WORK.EM_METACHANGE;
MPRINT(EM_METACHANGE):   set WORK.EM_METACHANGE end=eof;
MPRINT(EM_METACHANGE):   output;
MPRINT(EM_METACHANGE):   if eof then do;
MPRINT(EM_METACHANGE):   KEY = upcase("CDELTA_TRAIN");
MPRINT(EM_METACHANGE):   UNAME = upcase("concavity_worst                 ");
MPRINT(EM_METACHANGE):   DELETE = upcase("N");
MPRINT(EM_METACHANGE):   ROLE = upcase("REJECTED");
MPRINT(EM_METACHANGE):   LEVEL = upcase("");
MPRINT(EM_METACHANGE):   ORDER = upcase("");
MPRINT(EM_METACHANGE):   COMMENT = "";
MPRINT(EM_METACHANGE):   LOWERLIMIT = .;
MPRINT(EM_METACHANGE):   UPPERLIMIT = .;
MPRINT(EM_METACHANGE):   output;
MPRINT(EM_METACHANGE):   end;
MPRINT(EM_METACHANGE):   run;

NOTE: There were 10 observations read from the data set WORK.EM_METACHANGE.
NOTE: The data set WORK.EM_METACHANGE has 11 observations and 9 variables.
NOTE: DATA statement used (Total process time):
      real time           0.03 seconds
      cpu time            0.01 seconds
      

MPRINT(EM_TREE_SCORE):  ;
MPRINT(EM_METACHANGE):   data WORK.EM_METACHANGE;
MPRINT(EM_METACHANGE):   set WORK.EM_METACHANGE end=eof;
MPRINT(EM_METACHANGE):   output;
MPRINT(EM_METACHANGE):   if eof then do;
MPRINT(EM_METACHANGE):   KEY = upcase("CDELTA_TRAIN");
MPRINT(EM_METACHANGE):   UNAME = upcase("fractal_dimension_mean          ");
MPRINT(EM_METACHANGE):   DELETE = upcase("N");
MPRINT(EM_METACHANGE):   ROLE = upcase("REJECTED");
MPRINT(EM_METACHANGE):   LEVEL = upcase("");
MPRINT(EM_METACHANGE):   ORDER = upcase("");
MPRINT(EM_METACHANGE):   COMMENT = "";
MPRINT(EM_METACHANGE):   LOWERLIMIT = .;
MPRINT(EM_METACHANGE):   UPPERLIMIT = .;
MPRINT(EM_METACHANGE):   output;
MPRINT(EM_METACHANGE):   end;
MPRINT(EM_METACHANGE):   run;

NOTE: There were 11 observations read from the data set WORK.EM_METACHANGE.
NOTE: The data set WORK.EM_METACHANGE has 12 observations and 9 variables.
NOTE: DATA statement used (Total process time):
      real time           0.03 seconds
      cpu time            0.01 seconds
      

MPRINT(EM_TREE_SCORE):  ;
MPRINT(EM_METACHANGE):   data WORK.EM_METACHANGE;
MPRINT(EM_METACHANGE):   set WORK.EM_METACHANGE end=eof;
MPRINT(EM_METACHANGE):   output;
MPRINT(EM_METACHANGE):   if eof then do;
MPRINT(EM_METACHANGE):   KEY = upcase("CDELTA_TRAIN");
MPRINT(EM_METACHANGE):   UNAME = upcase("radius_worst                    ");
MPRINT(EM_METACHANGE):   DELETE = upcase("N");
MPRINT(EM_METACHANGE):   ROLE = upcase("REJECTED");
MPRINT(EM_METACHANGE):   LEVEL = upcase("");
MPRINT(EM_METACHANGE):   ORDER = upcase("");
MPRINT(EM_METACHANGE):   COMMENT = "";
MPRINT(EM_METACHANGE):   LOWERLIMIT = .;
MPRINT(EM_METACHANGE):   UPPERLIMIT = .;
MPRINT(EM_METACHANGE):   output;
MPRINT(EM_METACHANGE):   end;
MPRINT(EM_METACHANGE):   run;

NOTE: There were 12 observations read from the data set WORK.EM_METACHANGE.
NOTE: The data set WORK.EM_METACHANGE has 13 observations and 9 variables.
NOTE: DATA statement used (Total process time):
      real time           0.04 seconds
      cpu time            0.03 seconds
      

MPRINT(EM_TREE_SCORE):  ;
MPRINT(EM_METACHANGE):   data WORK.EM_METACHANGE;
MPRINT(EM_METACHANGE):   set WORK.EM_METACHANGE end=eof;
MPRINT(EM_METACHANGE):   output;
MPRINT(EM_METACHANGE):   if eof then do;
MPRINT(EM_METACHANGE):   KEY = upcase("CDELTA_TRAIN");
MPRINT(EM_METACHANGE):   UNAME = upcase("fractal_dimension_worst         ");
MPRINT(EM_METACHANGE):   DELETE = upcase("N");
MPRINT(EM_METACHANGE):   ROLE = upcase("REJECTED");
MPRINT(EM_METACHANGE):   LEVEL = upcase("");
MPRINT(EM_METACHANGE):   ORDER = upcase("");
MPRINT(EM_METACHANGE):   COMMENT = "";
MPRINT(EM_METACHANGE):   LOWERLIMIT = .;
MPRINT(EM_METACHANGE):   UPPERLIMIT = .;
MPRINT(EM_METACHANGE):   output;
MPRINT(EM_METACHANGE):   end;
MPRINT(EM_METACHANGE):   run;

NOTE: There were 13 observations read from the data set WORK.EM_METACHANGE.
NOTE: The data set WORK.EM_METACHANGE has 14 observations and 9 variables.
NOTE: DATA statement used (Total process time):
      real time           0.03 seconds
      cpu time            0.01 seconds
      

MPRINT(EM_TREE_SCORE):  ;
MPRINT(EM_METACHANGE):   data WORK.EM_METACHANGE;
MPRINT(EM_METACHANGE):   set WORK.EM_METACHANGE end=eof;
MPRINT(EM_METACHANGE):   output;
MPRINT(EM_METACHANGE):   if eof then do;
MPRINT(EM_METACHANGE):   KEY = upcase("CDELTA_TRAIN");
MPRINT(EM_METACHANGE):   UNAME = upcase("perimeter_mean                  ");
MPRINT(EM_METACHANGE):   DELETE = upcase("N");
MPRINT(EM_METACHANGE):   ROLE = upcase("REJECTED");
MPRINT(EM_METACHANGE):   LEVEL = upcase("");
MPRINT(EM_METACHANGE):   ORDER = upcase("");
MPRINT(EM_METACHANGE):   COMMENT = "";
MPRINT(EM_METACHANGE):   LOWERLIMIT = .;
MPRINT(EM_METACHANGE):   UPPERLIMIT = .;
MPRINT(EM_METACHANGE):   output;
MPRINT(EM_METACHANGE):   end;
MPRINT(EM_METACHANGE):   run;

NOTE: There were 14 observations read from the data set WORK.EM_METACHANGE.
NOTE: The data set WORK.EM_METACHANGE has 15 observations and 9 variables.
NOTE: DATA statement used (Total process time):
      real time           0.01 seconds
      cpu time            0.00 seconds
      

MPRINT(EM_TREE_SCORE):  ;
MPRINT(EM_METACHANGE):   data WORK.EM_METACHANGE;
MPRINT(EM_METACHANGE):   set WORK.EM_METACHANGE end=eof;
MPRINT(EM_METACHANGE):   output;
MPRINT(EM_METACHANGE):   if eof then do;
MPRINT(EM_METACHANGE):   KEY = upcase("CDELTA_TRAIN");
MPRINT(EM_METACHANGE):   UNAME = upcase("perimeter_se                    ");
MPRINT(EM_METACHANGE):   DELETE = upcase("N");
MPRINT(EM_METACHANGE):   ROLE = upcase("REJECTED");
MPRINT(EM_METACHANGE):   LEVEL = upcase("");
MPRINT(EM_METACHANGE):   ORDER = upcase("");
MPRINT(EM_METACHANGE):   COMMENT = "";
MPRINT(EM_METACHANGE):   LOWERLIMIT = .;
MPRINT(EM_METACHANGE):   UPPERLIMIT = .;
MPRINT(EM_METACHANGE):   output;
MPRINT(EM_METACHANGE):   end;
MPRINT(EM_METACHANGE):   run;

NOTE: There were 15 observations read from the data set WORK.EM_METACHANGE.
NOTE: The data set WORK.EM_METACHANGE has 16 observations and 9 variables.
NOTE: DATA statement used (Total process time):
      real time           0.01 seconds
      cpu time            0.03 seconds
      

MPRINT(EM_TREE_SCORE):  ;
MPRINT(EM_METACHANGE):   data WORK.EM_METACHANGE;
MPRINT(EM_METACHANGE):   set WORK.EM_METACHANGE end=eof;
MPRINT(EM_METACHANGE):   output;
MPRINT(EM_METACHANGE):   if eof then do;
MPRINT(EM_METACHANGE):   KEY = upcase("CDELTA_TRAIN");
MPRINT(EM_METACHANGE):   UNAME = upcase("compactness_mean                ");
MPRINT(EM_METACHANGE):   DELETE = upcase("N");
MPRINT(EM_METACHANGE):   ROLE = upcase("REJECTED");
MPRINT(EM_METACHANGE):   LEVEL = upcase("");
MPRINT(EM_METACHANGE):   ORDER = upcase("");
MPRINT(EM_METACHANGE):   COMMENT = "";
MPRINT(EM_METACHANGE):   LOWERLIMIT = .;
MPRINT(EM_METACHANGE):   UPPERLIMIT = .;
MPRINT(EM_METACHANGE):   output;
MPRINT(EM_METACHANGE):   end;
MPRINT(EM_METACHANGE):   run;

NOTE: There were 16 observations read from the data set WORK.EM_METACHANGE.
NOTE: The data set WORK.EM_METACHANGE has 17 observations and 9 variables.
NOTE: DATA statement used (Total process time):
      real time           0.01 seconds
      cpu time            0.00 seconds
      

MPRINT(EM_TREE_SCORE):  ;
MPRINT(EM_METACHANGE):   data WORK.EM_METACHANGE;
MPRINT(EM_METACHANGE):   set WORK.EM_METACHANGE end=eof;
MPRINT(EM_METACHANGE):   output;
MPRINT(EM_METACHANGE):   if eof then do;
MPRINT(EM_METACHANGE):   KEY = upcase("CDELTA_TRAIN");
MPRINT(EM_METACHANGE):   UNAME = upcase("radius_mean                     ");
MPRINT(EM_METACHANGE):   DELETE = upcase("N");
MPRINT(EM_METACHANGE):   ROLE = upcase("REJECTED");
MPRINT(EM_METACHANGE):   LEVEL = upcase("");
MPRINT(EM_METACHANGE):   ORDER = upcase("");
MPRINT(EM_METACHANGE):   COMMENT = "";
MPRINT(EM_METACHANGE):   LOWERLIMIT = .;
MPRINT(EM_METACHANGE):   UPPERLIMIT = .;
MPRINT(EM_METACHANGE):   output;
MPRINT(EM_METACHANGE):   end;
MPRINT(EM_METACHANGE):   run;

NOTE: There were 17 observations read from the data set WORK.EM_METACHANGE.
NOTE: The data set WORK.EM_METACHANGE has 18 observations and 9 variables.
NOTE: DATA statement used (Total process time):
      real time           0.03 seconds
      cpu time            0.01 seconds
      

MPRINT(EM_TREE_SCORE):  ;
MPRINT(EM_METACHANGE):   data WORK.EM_METACHANGE;
MPRINT(EM_METACHANGE):   set WORK.EM_METACHANGE end=eof;
MPRINT(EM_METACHANGE):   output;
MPRINT(EM_METACHANGE):   if eof then do;
MPRINT(EM_METACHANGE):   KEY = upcase("CDELTA_TRAIN");
MPRINT(EM_METACHANGE):   UNAME = upcase("radius_se                       ");
MPRINT(EM_METACHANGE):   DELETE = upcase("N");
MPRINT(EM_METACHANGE):   ROLE = upcase("REJECTED");
MPRINT(EM_METACHANGE):   LEVEL = upcase("");
MPRINT(EM_METACHANGE):   ORDER = upcase("");
MPRINT(EM_METACHANGE):   COMMENT = "";
MPRINT(EM_METACHANGE):   LOWERLIMIT = .;
MPRINT(EM_METACHANGE):   UPPERLIMIT = .;
MPRINT(EM_METACHANGE):   output;
MPRINT(EM_METACHANGE):   end;
MPRINT(EM_METACHANGE):   run;

NOTE: There were 18 observations read from the data set WORK.EM_METACHANGE.
NOTE: The data set WORK.EM_METACHANGE has 19 observations and 9 variables.
NOTE: DATA statement used (Total process time):
      real time           0.04 seconds
      cpu time            0.01 seconds
      

MPRINT(EM_TREE_SCORE):  ;
MPRINT(EM_METACHANGE):   data WORK.EM_METACHANGE;
MPRINT(EM_METACHANGE):   set WORK.EM_METACHANGE end=eof;
MPRINT(EM_METACHANGE):   output;
MPRINT(EM_METACHANGE):   if eof then do;
MPRINT(EM_METACHANGE):   KEY = upcase("CDELTA_TRAIN");
MPRINT(EM_METACHANGE):   UNAME = upcase("smoothness_worst                ");
MPRINT(EM_METACHANGE):   DELETE = upcase("N");
MPRINT(EM_METACHANGE):   ROLE = upcase("REJECTED");
MPRINT(EM_METACHANGE):   LEVEL = upcase("");
MPRINT(EM_METACHANGE):   ORDER = upcase("");
MPRINT(EM_METACHANGE):   COMMENT = "";
MPRINT(EM_METACHANGE):   LOWERLIMIT = .;
MPRINT(EM_METACHANGE):   UPPERLIMIT = .;
MPRINT(EM_METACHANGE):   output;
MPRINT(EM_METACHANGE):   end;
MPRINT(EM_METACHANGE):   run;

NOTE: There were 19 observations read from the data set WORK.EM_METACHANGE.
NOTE: The data set WORK.EM_METACHANGE has 20 observations and 9 variables.
NOTE: DATA statement used (Total process time):
      real time           0.03 seconds
      cpu time            0.03 seconds
      

MPRINT(EM_TREE_SCORE):  ;
MPRINT(EM_METACHANGE):   data WORK.EM_METACHANGE;
MPRINT(EM_METACHANGE):   set WORK.EM_METACHANGE end=eof;
MPRINT(EM_METACHANGE):   output;
MPRINT(EM_METACHANGE):   if eof then do;
MPRINT(EM_METACHANGE):   KEY = upcase("CDELTA_TRAIN");
MPRINT(EM_METACHANGE):   UNAME = upcase("smoothness_mean                 ");
MPRINT(EM_METACHANGE):   DELETE = upcase("N");
MPRINT(EM_METACHANGE):   ROLE = upcase("REJECTED");
MPRINT(EM_METACHANGE):   LEVEL = upcase("");
MPRINT(EM_METACHANGE):   ORDER = upcase("");
MPRINT(EM_METACHANGE):   COMMENT = "";
MPRINT(EM_METACHANGE):   LOWERLIMIT = .;
MPRINT(EM_METACHANGE):   UPPERLIMIT = .;
MPRINT(EM_METACHANGE):   output;
MPRINT(EM_METACHANGE):   end;
MPRINT(EM_METACHANGE):   run;

NOTE: There were 20 observations read from the data set WORK.EM_METACHANGE.
NOTE: The data set WORK.EM_METACHANGE has 21 observations and 9 variables.
NOTE: DATA statement used (Total process time):
      real time           0.02 seconds
      cpu time            0.00 seconds
      

MPRINT(EM_TREE_SCORE):  ;
MPRINT(EM_METACHANGE):   data WORK.EM_METACHANGE;
MPRINT(EM_METACHANGE):   set WORK.EM_METACHANGE end=eof;
MPRINT(EM_METACHANGE):   output;
MPRINT(EM_METACHANGE):   if eof then do;
MPRINT(EM_METACHANGE):   KEY = upcase("CDELTA_TRAIN");
MPRINT(EM_METACHANGE):   UNAME = upcase("smoothness_se                   ");
MPRINT(EM_METACHANGE):   DELETE = upcase("N");
MPRINT(EM_METACHANGE):   ROLE = upcase("REJECTED");
MPRINT(EM_METACHANGE):   LEVEL = upcase("");
MPRINT(EM_METACHANGE):   ORDER = upcase("");
MPRINT(EM_METACHANGE):   COMMENT = "";
MPRINT(EM_METACHANGE):   LOWERLIMIT = .;
MPRINT(EM_METACHANGE):   UPPERLIMIT = .;
MPRINT(EM_METACHANGE):   output;
MPRINT(EM_METACHANGE):   end;
MPRINT(EM_METACHANGE):   run;

NOTE: There were 21 observations read from the data set WORK.EM_METACHANGE.
NOTE: The data set WORK.EM_METACHANGE has 22 observations and 9 variables.
NOTE: DATA statement used (Total process time):
      real time           0.05 seconds
      cpu time            0.01 seconds
      

MPRINT(EM_TREE_SCORE):  ;
MPRINT(EM_METACHANGE):   data WORK.EM_METACHANGE;
MPRINT(EM_METACHANGE):   set WORK.EM_METACHANGE end=eof;
MPRINT(EM_METACHANGE):   output;
MPRINT(EM_METACHANGE):   if eof then do;
MPRINT(EM_METACHANGE):   KEY = upcase("CDELTA_TRAIN");
MPRINT(EM_METACHANGE):   UNAME = upcase("symmetry_worst                  ");
MPRINT(EM_METACHANGE):   DELETE = upcase("N");
MPRINT(EM_METACHANGE):   ROLE = upcase("REJECTED");
MPRINT(EM_METACHANGE):   LEVEL = upcase("");
MPRINT(EM_METACHANGE):   ORDER = upcase("");
MPRINT(EM_METACHANGE):   COMMENT = "";
MPRINT(EM_METACHANGE):   LOWERLIMIT = .;
MPRINT(EM_METACHANGE):   UPPERLIMIT = .;
MPRINT(EM_METACHANGE):   output;
MPRINT(EM_METACHANGE):   end;
MPRINT(EM_METACHANGE):   run;

NOTE: There were 22 observations read from the data set WORK.EM_METACHANGE.
NOTE: The data set WORK.EM_METACHANGE has 23 observations and 9 variables.
NOTE: DATA statement used (Total process time):
      real time           0.04 seconds
      cpu time            0.01 seconds
      

MPRINT(EM_TREE_SCORE):  ;
MPRINT(EM_METACHANGE):   data WORK.EM_METACHANGE;
MPRINT(EM_METACHANGE):   set WORK.EM_METACHANGE end=eof;
MPRINT(EM_METACHANGE):   output;
MPRINT(EM_METACHANGE):   if eof then do;
MPRINT(EM_METACHANGE):   KEY = upcase("CDELTA_TRAIN");
MPRINT(EM_METACHANGE):   UNAME = upcase("symmetry_mean                   ");
MPRINT(EM_METACHANGE):   DELETE = upcase("N");
MPRINT(EM_METACHANGE):   ROLE = upcase("REJECTED");
MPRINT(EM_METACHANGE):   LEVEL = upcase("");
MPRINT(EM_METACHANGE):   ORDER = upcase("");
MPRINT(EM_METACHANGE):   COMMENT = "";
MPRINT(EM_METACHANGE):   LOWERLIMIT = .;
MPRINT(EM_METACHANGE):   UPPERLIMIT = .;
MPRINT(EM_METACHANGE):   output;
MPRINT(EM_METACHANGE):   end;
MPRINT(EM_METACHANGE):   run;

NOTE: There were 23 observations read from the data set WORK.EM_METACHANGE.
NOTE: The data set WORK.EM_METACHANGE has 24 observations and 9 variables.
NOTE: DATA statement used (Total process time):
      real time           0.04 seconds
      cpu time            0.03 seconds
      

MPRINT(EM_TREE_SCORE):  ;
MPRINT(EM_METACHANGE):   data WORK.EM_METACHANGE;
MPRINT(EM_METACHANGE):   set WORK.EM_METACHANGE end=eof;
MPRINT(EM_METACHANGE):   output;
MPRINT(EM_METACHANGE):   if eof then do;
MPRINT(EM_METACHANGE):   KEY = upcase("CDELTA_TRAIN");
MPRINT(EM_METACHANGE):   UNAME = upcase("symmetry_se                     ");
MPRINT(EM_METACHANGE):   DELETE = upcase("N");
MPRINT(EM_METACHANGE):   ROLE = upcase("REJECTED");
MPRINT(EM_METACHANGE):   LEVEL = upcase("");
MPRINT(EM_METACHANGE):   ORDER = upcase("");
MPRINT(EM_METACHANGE):   COMMENT = "";
MPRINT(EM_METACHANGE):   LOWERLIMIT = .;
MPRINT(EM_METACHANGE):   UPPERLIMIT = .;
MPRINT(EM_METACHANGE):   output;
MPRINT(EM_METACHANGE):   end;
MPRINT(EM_METACHANGE):   run;

NOTE: There were 24 observations read from the data set WORK.EM_METACHANGE.
NOTE: The data set WORK.EM_METACHANGE has 25 observations and 9 variables.
NOTE: DATA statement used (Total process time):
      real time           0.03 seconds
      cpu time            0.03 seconds
      

MPRINT(EM_TREE_SCORE):  ;
MPRINT(EM_TREE_SCORE):   data _null_;
MPRINT(EM_TREE_SCORE):   set EMWS1.Tree5_diagnosis_DM(where=(_TYPE_="PREDICTED")) end=eof;
MPRINT(EM_TREE_SCORE):   call symput('tree_pred_vars'!!strip(put(_N_, BEST.)), strip(VARIABLE));
MPRINT(EM_TREE_SCORE):   call symput('tree_pred_lvl'!!strip(put(_N_, BEST.)), strip(LEVEL));
MPRINT(EM_TREE_SCORE):   if eof then call symput('numpred', strip(put(_N_, BEST.)));
MPRINT(EM_TREE_SCORE):   run;

NOTE: There were 2 observations read from the data set EMWS1.TREE5_DIAGNOSIS_DM.
      WHERE _TYPE_='PREDICTED';
NOTE: DATA statement used (Total process time):
      real time           0.00 seconds
      cpu time            0.01 seconds
      

MPRINT(EM_METACHANGE):   data WORK.EM_METACHANGE;
MPRINT(EM_METACHANGE):   set WORK.EM_METACHANGE end=eof;
MPRINT(EM_METACHANGE):   output;
MPRINT(EM_METACHANGE):   if eof then do;
MPRINT(EM_METACHANGE):   KEY = upcase("CDELTA_TRAIN");
MPRINT(EM_METACHANGE):   UNAME = upcase("Q_diagnosisM");
MPRINT(EM_METACHANGE):   DELETE = upcase("N");
MPRINT(EM_METACHANGE):   ROLE = upcase("ASSESS");
MPRINT(EM_METACHANGE):   LEVEL = upcase("");
MPRINT(EM_METACHANGE):   ORDER = upcase("");
MPRINT(EM_METACHANGE):   COMMENT = "";
MPRINT(EM_METACHANGE):   LOWERLIMIT = .;
MPRINT(EM_METACHANGE):   UPPERLIMIT = .;
MPRINT(EM_METACHANGE):   output;
MPRINT(EM_METACHANGE):   end;
MPRINT(EM_METACHANGE):   run;

NOTE: There were 25 observations read from the data set WORK.EM_METACHANGE.
NOTE: The data set WORK.EM_METACHANGE has 26 observations and 9 variables.
NOTE: DATA statement used (Total process time):
      real time           0.02 seconds
      cpu time            0.01 seconds
      

MPRINT(EM_TREE_SCORE):  ;
MPRINT(EM_METACHANGE):   data WORK.EM_METACHANGE;
MPRINT(EM_METACHANGE):   set WORK.EM_METACHANGE end=eof;
MPRINT(EM_METACHANGE):   output;
MPRINT(EM_METACHANGE):   if eof then do;
MPRINT(EM_METACHANGE):   KEY = upcase("CDELTA_TRAIN");
MPRINT(EM_METACHANGE):   UNAME = upcase("Q_diagnosisB");
MPRINT(EM_METACHANGE):   DELETE = upcase("N");
MPRINT(EM_METACHANGE):   ROLE = upcase("ASSESS");
MPRINT(EM_METACHANGE):   LEVEL = upcase("");
MPRINT(EM_METACHANGE):   ORDER = upcase("");
MPRINT(EM_METACHANGE):   COMMENT = "";
MPRINT(EM_METACHANGE):   LOWERLIMIT = .;
MPRINT(EM_METACHANGE):   UPPERLIMIT = .;
MPRINT(EM_METACHANGE):   output;
MPRINT(EM_METACHANGE):   end;
MPRINT(EM_METACHANGE):   run;

NOTE: There were 26 observations read from the data set WORK.EM_METACHANGE.
NOTE: The data set WORK.EM_METACHANGE has 27 observations and 9 variables.
NOTE: DATA statement used (Total process time):
      real time           0.04 seconds
      cpu time            0.03 seconds
      

MPRINT(EM_TREE_SCORE):  ;
MPRINT(EM_TREE_SCORE):  ;
MPRINT(EM_TREE_SCORE):   data _null_;
MPRINT(EM_TREE_SCORE):   set EMWS1.Tree5_OUTIMPORT (obs=2) end=eof;
MPRINT(EM_TREE_SCORE):   if eof then do ;
MPRINT(EM_TREE_SCORE):   call symput("em_tree_cvexists" , strip(put(cvimportance,best.))) ;
MPRINT(EM_TREE_SCORE):   call symput("em_tree_surrexists", strip(put(nsurrogates, best.)));
MPRINT(EM_TREE_SCORE):   end;
MPRINT(EM_TREE_SCORE):   run;

NOTE: Variable cvimportance is uninitialized.
NOTE: Variable nsurrogates is uninitialized.
NOTE: There were 2 observations read from the data set EMWS1.TREE5_OUTIMPORT.
NOTE: DATA statement used (Total process time):
      real time           0.00 seconds
      cpu time            0.00 seconds
      

MPRINT(EM_TREE_SCORE):   data EMWS1.Tree5_OUTIMPORT;
MPRINT(EM_TREE_SCORE):   set EMWS1.Tree5_OUTIMPORT;
MPRINT(EM_TREE_SCORE):   format importance 15.4 vimportance ratio 15.4 ;
MPRINT(EM_TREE_SCORE):   label NAME = "Variable Name" LABEL = "Label" NRULES = "Number of Splitting Rules" IMPORTANCE = "Importance" NSURROGATES = "Number of Surrogate Rules" VIMPORTANCE = "Validation Importance" RATIO = "Ratio of Validation to Training 
Importance" VIMPORTANCE = "Validation Importance" CVIMPORTANCE = "Relative Importance" CVRULES= "Number of Rules in CV Trees" RATIO = "Ratio of Validation to Training Importance" ;
MPRINT(EM_TREE_SCORE):   run;

NOTE: Variable NSURROGATES is uninitialized.
NOTE: Variable CVIMPORTANCE is uninitialized.
NOTE: Variable CVRULES is uninitialized.
NOTE: There were 27 observations read from the data set EMWS1.TREE5_OUTIMPORT.
NOTE: The data set EMWS1.TREE5_OUTIMPORT has 27 observations and 6 variables.
NOTE: DATA statement used (Total process time):
      real time           0.07 seconds
      cpu time            0.07 seconds
      

MPRINT(EM_REPORT):   data WORK.EM_USER_REPORT;
MPRINT(EM_REPORT):   retain id 0;
MPRINT(EM_REPORT):   id + 1;
MPRINT(EM_REPORT):   length VIEW 8 NAME $32 VALUE $400;
MPRINT(EM_REPORT):   NAME = "KEY";
MPRINT(EM_REPORT):   VALUE = "OUTIMPORT";
MPRINT(EM_REPORT):   VIEW = 0.21985925837413;
MPRINT(EM_REPORT):   output;
MPRINT(EM_REPORT):   NAME = "VIEWTYPE";
MPRINT(EM_REPORT):   VALUE = "DATA";
MPRINT(EM_REPORT):   VIEW = 0.21985925837413;
MPRINT(EM_REPORT):   output;
MPRINT(EM_REPORT):   NAME = "AUTODISPLAY";
MPRINT(EM_REPORT):   VALUE = "N";
MPRINT(EM_REPORT):   VIEW = 0.21985925837413;
MPRINT(EM_REPORT):   output;
MPRINT(EM_REPORT):   NAME = "SPK";
MPRINT(EM_REPORT):   VALUE = "Y";
MPRINT(EM_REPORT):   VIEW = 0.21985925837413;
MPRINT(EM_REPORT):   output;
MPRINT(EM_REPORT):   NAME = "COMPARE";
MPRINT(EM_REPORT):   VALUE = "N";
MPRINT(EM_REPORT):   VIEW = 0.21985925837413;
MPRINT(EM_REPORT):   output;
MPRINT(EM_REPORT):   NAME = "LOCALIZE";
MPRINT(EM_REPORT):   VALUE = "N";
MPRINT(EM_REPORT):   VIEW = 0.21985925837413;
MPRINT(EM_REPORT):   output;
MPRINT(EM_REPORT):   NAME = "EQUALIZEROWX";
MPRINT(EM_REPORT):   VALUE = "N";
MPRINT(EM_REPORT):   VIEW = 0.21985925837413;
MPRINT(EM_REPORT):   output;
MPRINT(EM_REPORT):   NAME = "EQUALIZEROWY";
MPRINT(EM_REPORT):   VALUE = "N";
MPRINT(EM_REPORT):   VIEW = 0.21985925837413;
MPRINT(EM_REPORT):   output;
MPRINT(EM_REPORT):   NAME = "EQUALIZECOLX";
MPRINT(EM_REPORT):   VALUE = "N";
MPRINT(EM_REPORT):   VIEW = 0.21985925837413;
MPRINT(EM_REPORT):   output;
MPRINT(EM_REPORT):   NAME = "EQUALIZECOLY";
MPRINT(EM_REPORT):   VALUE = "N";
MPRINT(EM_REPORT):   VIEW = 0.21985925837413;
MPRINT(EM_REPORT):   output;
MPRINT(EM_REPORT):   NAME = "NROWS";
MPRINT(EM_REPORT):   VALUE = "";
MPRINT(EM_REPORT):   VIEW = 0.21985925837413;
MPRINT(EM_REPORT):   output;
MPRINT(EM_REPORT):   NAME = "NCOLS";
MPRINT(EM_REPORT):   VALUE = "";
MPRINT(EM_REPORT):   VIEW = 0.21985925837413;
MPRINT(EM_REPORT):   output;
MPRINT(EM_REPORT):   NAME = "DISCRETEX";
MPRINT(EM_REPORT):   VALUE = "";
MPRINT(EM_REPORT):   VIEW = 0.21985925837413;
MPRINT(EM_REPORT):   output;
MPRINT(EM_REPORT):   NAME = "DISCRETEY";
MPRINT(EM_REPORT):   VALUE = "";
MPRINT(EM_REPORT):   VIEW = 0.21985925837413;
MPRINT(EM_REPORT):   output;
MPRINT(EM_REPORT):   NAME = "LATTICEX";
MPRINT(EM_REPORT):   VALUE = "";
MPRINT(EM_REPORT):   VIEW = 0.21985925837413;
MPRINT(EM_REPORT):   output;
MPRINT(EM_REPORT):   NAME = "LATTICEY";
MPRINT(EM_REPORT):   VALUE = "";
MPRINT(EM_REPORT):   VIEW = 0.21985925837413;
MPRINT(EM_REPORT):   output;
MPRINT(EM_REPORT):   NAME = "LATTICETYPE";
MPRINT(EM_REPORT):   VALUE = "";
MPRINT(EM_REPORT):   VIEW = 0.21985925837413;
MPRINT(EM_REPORT):   output;
MPRINT(EM_REPORT):   NAME = "ABSOLUTEVALUE";
MPRINT(EM_REPORT):   VALUE = "";
MPRINT(EM_REPORT):   VIEW = 0.21985925837413;
MPRINT(EM_REPORT):   output;
MPRINT(EM_REPORT):   NAME = "SORTORDER";
MPRINT(EM_REPORT):   VALUE = "";
MPRINT(EM_REPORT):   VIEW = 0.21985925837413;
MPRINT(EM_REPORT):   output;
MPRINT(EM_REPORT):   NAME = "SORTORDERY";
MPRINT(EM_REPORT):   VALUE = "";
MPRINT(EM_REPORT):   VIEW = 0.21985925837413;
MPRINT(EM_REPORT):   output;
MPRINT(EM_REPORT):   NAME = "ORIENTATION";
MPRINT(EM_REPORT):   VALUE = "";
MPRINT(EM_REPORT):   VIEW = 0.21985925837413;
MPRINT(EM_REPORT):   output;
MPRINT(EM_REPORT):   NAME = "METHOD";
MPRINT(EM_REPORT):   VALUE = "";
MPRINT(EM_REPORT):   VIEW = 0.21985925837413;
MPRINT(EM_REPORT):   output;
MPRINT(EM_REPORT):   NAME = "DIRECTION";
MPRINT(EM_REPORT):   VALUE = "";
MPRINT(EM_REPORT):   VIEW = 0.21985925837413;
MPRINT(EM_REPORT):   output;
MPRINT(EM_REPORT):   NAME = "BYSET";
MPRINT(EM_REPORT):   VALUE = "";
MPRINT(EM_REPORT):   VIEW = 0.21985925837413;
MPRINT(EM_REPORT):   output;
MPRINT(EM_REPORT):   NAME = "RENDERMODE";
MPRINT(EM_REPORT):   VALUE = "";
MPRINT(EM_REPORT):   VIEW = 0.21985925837413;
MPRINT(EM_REPORT):   output;
MPRINT(EM_REPORT):   NAME = "DESCRIPTION";
MPRINT(EM_REPORT):   VALUE = "IMPORTANCE";
MPRINT(EM_REPORT):   VIEW = 0.21985925837413;
MPRINT(EM_REPORT):   output;
MPRINT(EM_REPORT):   NAME = "X";
MPRINT(EM_REPORT):   VALUE = "";
MPRINT(EM_REPORT):   VIEW = 0.21985925837413;
MPRINT(EM_REPORT):   output;
MPRINT(EM_REPORT):   NAME = "EXCLUDEVARS";
MPRINT(EM_REPORT):   VALUE = "";
MPRINT(EM_REPORT):   VIEW = 0.21985925837413;
MPRINT(EM_REPORT):   output;
MPRINT(EM_REPORT):   NAME = "Z";
MPRINT(EM_REPORT):   VALUE = "";
MPRINT(EM_REPORT):   VIEW = 0.21985925837413;
MPRINT(EM_REPORT):   output;
MPRINT(EM_REPORT):   NAME = "YVARS";
MPRINT(EM_REPORT):   VALUE = "";
MPRINT(EM_REPORT):   VIEW = 0.21985925837413;
MPRINT(EM_REPORT):   output;
MPRINT(EM_REPORT):   NAME = "FREQVARS";
MPRINT(EM_REPORT):   VALUE = "";
MPRINT(EM_REPORT):   VIEW = 0.21985925837413;
MPRINT(EM_REPORT):   output;
MPRINT(EM_REPORT):   NAME = "AXIS";
MPRINT(EM_REPORT):   VALUE = "";
MPRINT(EM_REPORT):   VIEW = 0.21985925837413;
MPRINT(EM_REPORT):   output;
MPRINT(EM_REPORT):   NAME = "FREQ";
MPRINT(EM_REPORT):   VALUE = "";
MPRINT(EM_REPORT):   VIEW = 0.21985925837413;
MPRINT(EM_REPORT):   output;
MPRINT(EM_REPORT):   NAME = "GROUP";
MPRINT(EM_REPORT):   VALUE = "";
MPRINT(EM_REPORT):   VIEW = 0.21985925837413;
MPRINT(EM_REPORT):   output;
MPRINT(EM_REPORT):   NAME = "SUBGROUP";
MPRINT(EM_REPORT):   VALUE = "";
MPRINT(EM_REPORT):   VIEW = 0.21985925837413;
MPRINT(EM_REPORT):   output;
MPRINT(EM_REPORT):   NAME = "BLOCK";
MPRINT(EM_REPORT):   VALUE = "MODEL";
MPRINT(EM_REPORT):   VIEW = 0.21985925837413;
MPRINT(EM_REPORT):   output;
MPRINT(EM_REPORT):   NAME = "COLOR";
MPRINT(EM_REPORT):   VALUE = "";
MPRINT(EM_REPORT):   VIEW = 0.21985925837413;
MPRINT(EM_REPORT):   output;
MPRINT(EM_REPORT):   NAME = "COLORINDEX";
MPRINT(EM_REPORT):   VALUE = "";
MPRINT(EM_REPORT):   VIEW = 0.21985925837413;
MPRINT(EM_REPORT):   output;
MPRINT(EM_REPORT):   NAME = "TIPTEXT";
MPRINT(EM_REPORT):   VALUE = "";
MPRINT(EM_REPORT):   VIEW = 0.21985925837413;
MPRINT(EM_REPORT):   output;
MPRINT(EM_REPORT):   NAME = "TIP";
MPRINT(EM_REPORT):   VALUE = "";
MPRINT(EM_REPORT):   VIEW = 0.21985925837413;
MPRINT(EM_REPORT):   output;
MPRINT(EM_REPORT):   NAME = "TOOLTIP";
MPRINT(EM_REPORT):   VALUE = "";
MPRINT(EM_REPORT):   VIEW = 0.21985925837413;
MPRINT(EM_REPORT):   output;
MPRINT(EM_REPORT):   NAME = "REPORTID";
MPRINT(EM_REPORT):   VALUE = "";
MPRINT(EM_REPORT):   VIEW = 0.21985925837413;
MPRINT(EM_REPORT):   output;
MPRINT(EM_REPORT):   NAME = "IDVALUE";
MPRINT(EM_REPORT):   VALUE = "";
MPRINT(EM_REPORT):   VIEW = 0.21985925837413;
MPRINT(EM_REPORT):   output;
MPRINT(EM_REPORT):   NAME = "ID";
MPRINT(EM_REPORT):   VALUE = "";
MPRINT(EM_REPORT):   VIEW = 0.21985925837413;
MPRINT(EM_REPORT):   output;
MPRINT(EM_REPORT):   NAME = "SIZE";
MPRINT(EM_REPORT):   VALUE = "";
MPRINT(EM_REPORT):   VIEW = 0.21985925837413;
MPRINT(EM_REPORT):   output;
MPRINT(EM_REPORT):   NAME = "FROM";
MPRINT(EM_REPORT):   VALUE = "";
MPRINT(EM_REPORT):   VIEW = 0.21985925837413;
MPRINT(EM_REPORT):   output;
MPRINT(EM_REPORT):   NAME = "TO";
MPRINT(EM_REPORT):   VALUE = "";
MPRINT(EM_REPORT):   VIEW = 0.21985925837413;
MPRINT(EM_REPORT):   output;
MPRINT(EM_REPORT):   NAME = "VALUE";
MPRINT(EM_REPORT):   VALUE = "";
MPRINT(EM_REPORT):   VIEW = 0.21985925837413;
MPRINT(EM_REPORT):   output;
MPRINT(EM_REPORT):   NAME = "VIEWS";
MPRINT(EM_REPORT):   VALUE = "";
MPRINT(EM_REPORT):   VIEW = 0.21985925837413;
MPRINT(EM_REPORT):   output;
MPRINT(EM_REPORT):   NAME = "PARENT";
MPRINT(EM_REPORT):   VALUE = "";
MPRINT(EM_REPORT):   VIEW = 0.21985925837413;
MPRINT(EM_REPORT):   output;
MPRINT(EM_REPORT):   NAME = "NODETEXT";
MPRINT(EM_REPORT):   VALUE = "";
MPRINT(EM_REPORT):   VIEW = 0.21985925837413;
MPRINT(EM_REPORT):   output;
MPRINT(EM_REPORT):   NAME = "ABOVETEXT";
MPRINT(EM_REPORT):   VALUE = "";
MPRINT(EM_REPORT):   VIEW = 0.21985925837413;
MPRINT(EM_REPORT):   output;
MPRINT(EM_REPORT):   NAME = "BELOWTEXT";
MPRINT(EM_REPORT):   VALUE = "";
MPRINT(EM_REPORT):   VIEW = 0.21985925837413;
MPRINT(EM_REPORT):   output;
MPRINT(EM_REPORT):   NAME = "NODESIZE";
MPRINT(EM_REPORT):   VALUE = "";
MPRINT(EM_REPORT):   VIEW = 0.21985925837413;
MPRINT(EM_REPORT):   output;
MPRINT(EM_REPORT):   NAME = "STATS";
MPRINT(EM_REPORT):   VALUE = "";
MPRINT(EM_REPORT):   VIEW = 0.21985925837413;
MPRINT(EM_REPORT):   output;
MPRINT(EM_REPORT):   NAME = "CLASSDIST";
MPRINT(EM_REPORT):   VALUE = "";
MPRINT(EM_REPORT):   VIEW = 0.21985925837413;
MPRINT(EM_REPORT):   output;
MPRINT(EM_REPORT):   NAME = "INTDIST";
MPRINT(EM_REPORT):   VALUE = "";
MPRINT(EM_REPORT):   VIEW = 0.21985925837413;
MPRINT(EM_REPORT):   output;
MPRINT(EM_REPORT):   NAME = "FOLDER";
MPRINT(EM_REPORT):   VALUE = "";
MPRINT(EM_REPORT):   VIEW = 0.21985925837413;
MPRINT(EM_REPORT):   output;
MPRINT(EM_REPORT):   NAME = "YPLOTTYPE";
MPRINT(EM_REPORT):   VALUE = "";
MPRINT(EM_REPORT):   VIEW = 0.21985925837413;
MPRINT(EM_REPORT):   output;
MPRINT(EM_REPORT):   NAME = "XREF";
MPRINT(EM_REPORT):   VALUE = "";
MPRINT(EM_REPORT):   VIEW = 0.21985925837413;
MPRINT(EM_REPORT):   output;
MPRINT(EM_REPORT):   NAME = "XREF2";
MPRINT(EM_REPORT):   VALUE = "";
MPRINT(EM_REPORT):   VIEW = 0.21985925837413;
MPRINT(EM_REPORT):   output;
MPRINT(EM_REPORT):   NAME = "YREF";
MPRINT(EM_REPORT):   VALUE = "";
MPRINT(EM_REPORT):   VIEW = 0.21985925837413;
MPRINT(EM_REPORT):   output;
MPRINT(EM_REPORT):   NAME = "Y2REF";
MPRINT(EM_REPORT):   VALUE = "";
MPRINT(EM_REPORT):   VIEW = 0.21985925837413;
MPRINT(EM_REPORT):   output;
MPRINT(EM_REPORT):   NAME = "YREF2";
MPRINT(EM_REPORT):   VALUE = "";
MPRINT(EM_REPORT):   VIEW = 0.21985925837413;
MPRINT(EM_REPORT):   output;
MPRINT(EM_REPORT):   NAME = "Y2REF2";
MPRINT(EM_REPORT):   VALUE = "";
MPRINT(EM_REPORT):   VIEW = 0.21985925837413;
MPRINT(EM_REPORT):   output;
MPRINT(EM_REPORT):   NAME = "GROUPINDEX";
MPRINT(EM_REPORT):   VALUE = "";
MPRINT(EM_REPORT):   VIEW = 0.21985925837413;
MPRINT(EM_REPORT):   output;
MPRINT(EM_REPORT):   NAME = "JOIN";
MPRINT(EM_REPORT):   VALUE = "";
MPRINT(EM_REPORT):   VIEW = 0.21985925837413;
MPRINT(EM_REPORT):   output;
MPRINT(EM_REPORT):   NAME = "XEXCLUDE";
MPRINT(EM_REPORT):   VALUE = "";
MPRINT(EM_REPORT):   VIEW = 0.21985925837413;
MPRINT(EM_REPORT):   output;
MPRINT(EM_REPORT):   NAME = "FREQEXCLUDE";
MPRINT(EM_REPORT):   VALUE = "";
MPRINT(EM_REPORT):   VIEW = 0.21985925837413;
MPRINT(EM_REPORT):   output;
MPRINT(EM_REPORT):   NAME = "YEXCLUDE";
MPRINT(EM_REPORT):   VALUE = "";
MPRINT(EM_REPORT):   VIEW = 0.21985925837413;
MPRINT(EM_REPORT):   output;
MPRINT(EM_REPORT):   NAME = "NAME";
MPRINT(EM_REPORT):   VALUE = "";
MPRINT(EM_REPORT):   VIEW = 0.21985925837413;
MPRINT(EM_REPORT):   output;
MPRINT(EM_REPORT):   NAME = "HEIGHT";
MPRINT(EM_REPORT):   VALUE = "";
MPRINT(EM_REPORT):   VIEW = 0.21985925837413;
MPRINT(EM_REPORT):   output;
MPRINT(EM_REPORT):   NAME = "WIDTH";
MPRINT(EM_REPORT):   VALUE = "";
MPRINT(EM_REPORT):   VIEW = 0.21985925837413;
MPRINT(EM_REPORT):   output;
MPRINT(EM_REPORT):   NAME = "XAXISLABEL";
MPRINT(EM_REPORT):   VALUE = "";
MPRINT(EM_REPORT):   VIEW = 0.21985925837413;
MPRINT(EM_REPORT):   output;
MPRINT(EM_REPORT):   NAME = "Y2AXISLABEL";
MPRINT(EM_REPORT):   VALUE = "";
MPRINT(EM_REPORT):   VIEW = 0.21985925837413;
MPRINT(EM_REPORT):   output;
MPRINT(EM_REPORT):   NAME = "YAXISLABEL";
MPRINT(EM_REPORT):   VALUE = "";
MPRINT(EM_REPORT):   VIEW = 0.21985925837413;
MPRINT(EM_REPORT):   output;
MPRINT(EM_REPORT):   NAME = "DISPLAYXLABEL";
MPRINT(EM_REPORT):   VALUE = "Y";
MPRINT(EM_REPORT):   VIEW = 0.21985925837413;
MPRINT(EM_REPORT):   output;
MPRINT(EM_REPORT):   NAME = "DISPLAYYLABEL";
MPRINT(EM_REPORT):   VALUE = "Y";
MPRINT(EM_REPORT):   VIEW = 0.21985925837413;
MPRINT(EM_REPORT):   output;
MPRINT(EM_REPORT):   NAME = "CHOICETEXT";
MPRINT(EM_REPORT):   VALUE = "";
MPRINT(EM_REPORT):   VIEW = 0.21985925837413;
MPRINT(EM_REPORT):   output;
MPRINT(EM_REPORT):   NAME = "SEGMENTVALUE";
MPRINT(EM_REPORT):   VALUE = "";
MPRINT(EM_REPORT):   VIEW = 0.21985925837413;
MPRINT(EM_REPORT):   output;
MPRINT(EM_REPORT):   NAME = "LOWERBAND";
MPRINT(EM_REPORT):   VALUE = "";
MPRINT(EM_REPORT):   VIEW = 0.21985925837413;
MPRINT(EM_REPORT):   output;
MPRINT(EM_REPORT):   NAME = "UPPERBAND";
MPRINT(EM_REPORT):   VALUE = "";
MPRINT(EM_REPORT):   VIEW = 0.21985925837413;
MPRINT(EM_REPORT):   output;
MPRINT(EM_REPORT):   NAME = "YLINE";
MPRINT(EM_REPORT):   VALUE = "";
MPRINT(EM_REPORT):   VIEW = 0.21985925837413;
MPRINT(EM_REPORT):   output;
MPRINT(EM_REPORT):   NAME = "LINKKEY";
MPRINT(EM_REPORT):   VALUE = "";
MPRINT(EM_REPORT):   VIEW = 0.21985925837413;
MPRINT(EM_REPORT):   output;
MPRINT(EM_REPORT):   NAME = "NODEKEY";
MPRINT(EM_REPORT):   VALUE = "";
MPRINT(EM_REPORT):   VIEW = 0.21985925837413;
MPRINT(EM_REPORT):   output;
MPRINT(EM_REPORT):   NAME = "NODEID";
MPRINT(EM_REPORT):   VALUE = "";
MPRINT(EM_REPORT):   VIEW = 0.21985925837413;
MPRINT(EM_REPORT):   output;
MPRINT(EM_REPORT):   NAME = "NODEVALUE";
MPRINT(EM_REPORT):   VALUE = "";
MPRINT(EM_REPORT):   VIEW = 0.21985925837413;
MPRINT(EM_REPORT):   output;
MPRINT(EM_REPORT):   NAME = "NODECOLOR";
MPRINT(EM_REPORT):   VALUE = "";
MPRINT(EM_REPORT):   VIEW = 0.21985925837413;
MPRINT(EM_REPORT):   output;
MPRINT(EM_REPORT):   NAME = "NODESHAPE";
MPRINT(EM_REPORT):   VALUE = "";
MPRINT(EM_REPORT):   VIEW = 0.21985925837413;
MPRINT(EM_REPORT):   output;
MPRINT(EM_REPORT):   NAME = "NODESHAPEVAR";
MPRINT(EM_REPORT):   VALUE = "";
MPRINT(EM_REPORT):   VIEW = 0.21985925837413;
MPRINT(EM_REPORT):   output;
MPRINT(EM_REPORT):   NAME = "NODELABEL";
MPRINT(EM_REPORT):   VALUE = "";
MPRINT(EM_REPORT):   VIEW = 0.21985925837413;
MPRINT(EM_REPORT):   output;
MPRINT(EM_REPORT):   NAME = "NODETIP";
MPRINT(EM_REPORT):   VALUE = "";
MPRINT(EM_REPORT):   VIEW = 0.21985925837413;
MPRINT(EM_REPORT):   output;
MPRINT(EM_REPORT):   NAME = "LINKID";
MPRINT(EM_REPORT):   VALUE = "";
MPRINT(EM_REPORT):   VIEW = 0.21985925837413;
MPRINT(EM_REPORT):   output;
MPRINT(EM_REPORT):   NAME = "LINKVALUE";
MPRINT(EM_REPORT):   VALUE = "";
MPRINT(EM_REPORT):   VIEW = 0.21985925837413;
MPRINT(EM_REPORT):   output;
MPRINT(EM_REPORT):   NAME = "LINKFROM";
MPRINT(EM_REPORT):   VALUE = "";
MPRINT(EM_REPORT):   VIEW = 0.21985925837413;
MPRINT(EM_REPORT):   output;
MPRINT(EM_REPORT):   NAME = "LINKTO";
MPRINT(EM_REPORT):   VALUE = "";
MPRINT(EM_REPORT):   VIEW = 0.21985925837413;
MPRINT(EM_REPORT):   output;
MPRINT(EM_REPORT):   NAME = "LINKCOLOR";
MPRINT(EM_REPORT):   VALUE = "";
MPRINT(EM_REPORT):   VIEW = 0.21985925837413;
MPRINT(EM_REPORT):   output;
MPRINT(EM_REPORT):   NAME = "LINKWIDTH";
MPRINT(EM_REPORT):   VALUE = "";
MPRINT(EM_REPORT):   VIEW = 0.21985925837413;
MPRINT(EM_REPORT):   output;
MPRINT(EM_REPORT):   NAME = "LINKTIP";
MPRINT(EM_REPORT):   VALUE = "";
MPRINT(EM_REPORT):   VIEW = 0.21985925837413;
MPRINT(EM_REPORT):   output;
MPRINT(EM_REPORT):   NAME = "XFROM";
MPRINT(EM_REPORT):   VALUE = "";
MPRINT(EM_REPORT):   VIEW = 0.21985925837413;
MPRINT(EM_REPORT):   output;
MPRINT(EM_REPORT):   NAME = "XTO";
MPRINT(EM_REPORT):   VALUE = "";
MPRINT(EM_REPORT):   VIEW = 0.21985925837413;
MPRINT(EM_REPORT):   output;
MPRINT(EM_REPORT):   NAME = "YFROM";
MPRINT(EM_REPORT):   VALUE = "";
MPRINT(EM_REPORT):   VIEW = 0.21985925837413;
MPRINT(EM_REPORT):   output;
MPRINT(EM_REPORT):   NAME = "YTO";
MPRINT(EM_REPORT):   VALUE = "";
MPRINT(EM_REPORT):   VIEW = 0.21985925837413;
MPRINT(EM_REPORT):   output;
MPRINT(EM_REPORT):   NAME = "MATRIXVAR";
MPRINT(EM_REPORT):   VALUE = "";
MPRINT(EM_REPORT):   VIEW = 0.21985925837413;
MPRINT(EM_REPORT):   output;
MPRINT(EM_REPORT):   NAME = "RESPONSE";
MPRINT(EM_REPORT):   VALUE = "";
MPRINT(EM_REPORT):   VIEW = 0.21985925837413;
MPRINT(EM_REPORT):   output;
MPRINT(EM_REPORT):   NAME = "SERIES";
MPRINT(EM_REPORT):   VALUE = "";
MPRINT(EM_REPORT):   VIEW = 0.21985925837413;
MPRINT(EM_REPORT):   output;
MPRINT(EM_REPORT):   NAME = "DESCARG";
MPRINT(EM_REPORT):   VALUE = "";
MPRINT(EM_REPORT):   VIEW = 0.21985925837413;
MPRINT(EM_REPORT):   output;
MPRINT(EM_REPORT):   NAME = "SLIDER";
MPRINT(EM_REPORT):   VALUE = "";
MPRINT(EM_REPORT):   VIEW = 0.21985925837413;
MPRINT(EM_REPORT):   output;
MPRINT(EM_REPORT):   NAME = "MarkerSize";
MPRINT(EM_REPORT):   VALUE = "";
MPRINT(EM_REPORT):   VIEW = 0.21985925837413;
MPRINT(EM_REPORT):   output;
MPRINT(EM_REPORT):   NAME = "Marker";
MPRINT(EM_REPORT):   VALUE = "";
MPRINT(EM_REPORT):   VIEW = 0.21985925837413;
MPRINT(EM_REPORT):   output;
MPRINT(EM_REPORT):   NAME = "Y1";
MPRINT(EM_REPORT):   VALUE = "";
MPRINT(EM_REPORT):   VIEW = 0.21985925837413;
MPRINT(EM_REPORT):   output;
MPRINT(EM_REPORT):   NAME = "Y2";
MPRINT(EM_REPORT):   VALUE = "";
MPRINT(EM_REPORT):   VIEW = 0.21985925837413;
MPRINT(EM_REPORT):   output;
MPRINT(EM_REPORT):   NAME = "Y3";
MPRINT(EM_REPORT):   VALUE = "";
MPRINT(EM_REPORT):   VIEW = 0.21985925837413;
MPRINT(EM_REPORT):   output;
MPRINT(EM_REPORT):   NAME = "Y4";
MPRINT(EM_REPORT):   VALUE = "";
MPRINT(EM_REPORT):   VIEW = 0.21985925837413;
MPRINT(EM_REPORT):   output;
MPRINT(EM_REPORT):   NAME = "Y5";
MPRINT(EM_REPORT):   VALUE = "";
MPRINT(EM_REPORT):   VIEW = 0.21985925837413;
MPRINT(EM_REPORT):   output;
MPRINT(EM_REPORT):   NAME = "Y6";
MPRINT(EM_REPORT):   VALUE = "";
MPRINT(EM_REPORT):   VIEW = 0.21985925837413;
MPRINT(EM_REPORT):   output;
MPRINT(EM_REPORT):   NAME = "Y7";
MPRINT(EM_REPORT):   VALUE = "";
MPRINT(EM_REPORT):   VIEW = 0.21985925837413;
MPRINT(EM_REPORT):   output;
MPRINT(EM_REPORT):   NAME = "Y8";
MPRINT(EM_REPORT):   VALUE = "";
MPRINT(EM_REPORT):   VIEW = 0.21985925837413;
MPRINT(EM_REPORT):   output;
MPRINT(EM_REPORT):   NAME = "Y9";
MPRINT(EM_REPORT):   VALUE = "";
MPRINT(EM_REPORT):   VIEW = 0.21985925837413;
MPRINT(EM_REPORT):   output;
MPRINT(EM_REPORT):   NAME = "Y10";
MPRINT(EM_REPORT):   VALUE = "";
MPRINT(EM_REPORT):   VIEW = 0.21985925837413;
MPRINT(EM_REPORT):   output;
MPRINT(EM_REPORT):   NAME = "Y11";
MPRINT(EM_REPORT):   VALUE = "";
MPRINT(EM_REPORT):   VIEW = 0.21985925837413;
MPRINT(EM_REPORT):   output;
MPRINT(EM_REPORT):   NAME = "Y12";
MPRINT(EM_REPORT):   VALUE = "";
MPRINT(EM_REPORT):   VIEW = 0.21985925837413;
MPRINT(EM_REPORT):   output;
MPRINT(EM_REPORT):   NAME = "Y13";
MPRINT(EM_REPORT):   VALUE = "";
MPRINT(EM_REPORT):   VIEW = 0.21985925837413;
MPRINT(EM_REPORT):   output;
MPRINT(EM_REPORT):   NAME = "Y14";
MPRINT(EM_REPORT):   VALUE = "";
MPRINT(EM_REPORT):   VIEW = 0.21985925837413;
MPRINT(EM_REPORT):   output;
MPRINT(EM_REPORT):   NAME = "Y15";
MPRINT(EM_REPORT):   VALUE = "";
MPRINT(EM_REPORT):   VIEW = 0.21985925837413;
MPRINT(EM_REPORT):   output;
MPRINT(EM_REPORT):   NAME = "Y16";
MPRINT(EM_REPORT):   VALUE = "";
MPRINT(EM_REPORT):   VIEW = 0.21985925837413;
MPRINT(EM_REPORT):   output;
MPRINT(EM_REPORT):   NAME = "TITLE";
MPRINT(EM_REPORT):   VALUE = "";
MPRINT(EM_REPORT):   VIEW = 0.21985925837413;
MPRINT(EM_REPORT):   output;
MPRINT(EM_REPORT):   NAME = "LEGEND";
MPRINT(EM_REPORT):   VALUE = "";
MPRINT(EM_REPORT):   VIEW = 0.21985925837413;
MPRINT(EM_REPORT):   output;
MPRINT(EM_REPORT):   NAME = "LEGENDTITLE";
MPRINT(EM_REPORT):   VALUE = "";
MPRINT(EM_REPORT):   VIEW = 0.21985925837413;
MPRINT(EM_REPORT):   output;
MPRINT(EM_REPORT):   NAME = "SHAPE";
MPRINT(EM_REPORT):   VALUE = "";
MPRINT(EM_REPORT):   VIEW = 0.21985925837413;
MPRINT(EM_REPORT):   output;
MPRINT(EM_REPORT):   NAME = "METHOD";
MPRINT(EM_REPORT):   VALUE = "";
MPRINT(EM_REPORT):   VIEW = 0.21985925837413;
MPRINT(EM_REPORT):   output;
MPRINT(EM_REPORT):   NAME = "NOBINMISS";
MPRINT(EM_REPORT):   VALUE = "";
MPRINT(EM_REPORT):   VIEW = 0.21985925837413;
MPRINT(EM_REPORT):   output;
MPRINT(EM_REPORT):   run;

NOTE: The data set WORK.EM_USER_REPORT has 132 observations and 4 variables.
NOTE: DATA statement used (Total process time):
      real time           0.06 seconds
      cpu time            0.04 seconds
      

MPRINT(EM_TREE_SCORE):  ;
MPRINT(MAIN):  ;
MPRINT(EM_DIAGRAM):  ;
MPRINT(EM_DIAGRAM):   *------------------------------------------------------------*;
MPRINT(EM_DIAGRAM):   * End SCORE: Tree5;
MPRINT(EM_DIAGRAM):   *------------------------------------------------------------*;
89458      
89459      *------------------------------------------------------------*;
89460      * End SCORE: Tree5;
89461      *------------------------------------------------------------*;

89462      proc sort data=WORK.EM_METACHANGE;
MPRINT(EM_DIAGRAM):    proc sort data=WORK.EM_METACHANGE;
89463      by key uname;
MPRINT(EM_DIAGRAM):   by key uname;
89464      run;
MPRINT(EM_DIAGRAM):   run;

NOTE: There were 27 observations read from the data set WORK.EM_METACHANGE.
NOTE: The data set WORK.EM_METACHANGE has 27 observations and 9 variables.
NOTE: PROCEDURE SORT used (Total process time):
      real time           0.01 seconds
      cpu time            0.01 seconds
      

89465      filename x "C:\Users\student\OneDrive - Bryant University\Documents\GitHub\Projects_in_R\Assignments\Assignment 3\Workspaces\EMWS1\Tree5\CDELTA_TRAIN.sas";
MPRINT(EM_DIAGRAM):    filename x "C:\Users\student\OneDrive - Bryant University\Documents\GitHub\Projects_in_R\Assignments\Assignment 3\Workspaces\EMWS1\Tree5\CDELTA_TRAIN.sas";
89466      data _null_;
MPRINT(EM_DIAGRAM):   data _null_;
89467      file x;
MPRINT(EM_DIAGRAM):   file x;
89468      put 'if upcase(NAME) = "AREA_SE" then do;';
MPRINT(EM_DIAGRAM):   put 'if upcase(NAME) = "AREA_SE" then do;';
89469      put 'ROLE = "REJECTED";';
MPRINT(EM_DIAGRAM):   put 'ROLE = "REJECTED";';
89470      put 'end;';
MPRINT(EM_DIAGRAM):   put 'end;';
89471      put 'else ';
MPRINT(EM_DIAGRAM):   put 'else ';
89472      put 'if upcase(NAME) = "AREA_WORST" then do;';
MPRINT(EM_DIAGRAM):   put 'if upcase(NAME) = "AREA_WORST" then do;';
89473      put 'ROLE = "REJECTED";';
MPRINT(EM_DIAGRAM):   put 'ROLE = "REJECTED";';
89474      put 'end;';
MPRINT(EM_DIAGRAM):   put 'end;';
89475      put 'else ';
MPRINT(EM_DIAGRAM):   put 'else ';
89476      put 'if upcase(NAME) = "COMPACTNESS_MEAN" then do;';
MPRINT(EM_DIAGRAM):   put 'if upcase(NAME) = "COMPACTNESS_MEAN" then do;';
89477      put 'ROLE = "REJECTED";';
MPRINT(EM_DIAGRAM):   put 'ROLE = "REJECTED";';
89478      put 'end;';
MPRINT(EM_DIAGRAM):   put 'end;';
89479      put 'else ';
MPRINT(EM_DIAGRAM):   put 'else ';
89480      put 'if upcase(NAME) = "COMPACTNESS_SE" then do;';
MPRINT(EM_DIAGRAM):   put 'if upcase(NAME) = "COMPACTNESS_SE" then do;';
89481      put 'ROLE = "REJECTED";';
MPRINT(EM_DIAGRAM):   put 'ROLE = "REJECTED";';
89482      put 'end;';
MPRINT(EM_DIAGRAM):   put 'end;';
89483      put 'else ';
MPRINT(EM_DIAGRAM):   put 'else ';
89484      put 'if upcase(NAME) = "COMPACTNESS_WORST" then do;';
MPRINT(EM_DIAGRAM):   put 'if upcase(NAME) = "COMPACTNESS_WORST" then do;';
89485      put 'ROLE = "REJECTED";';
MPRINT(EM_DIAGRAM):   put 'ROLE = "REJECTED";';
89486      put 'end;';
MPRINT(EM_DIAGRAM):   put 'end;';
89487      put 'else ';
MPRINT(EM_DIAGRAM):   put 'else ';
89488      put 'if upcase(NAME) = "CONCAVE_POINTS_MEAN" then do;';
MPRINT(EM_DIAGRAM):   put 'if upcase(NAME) = "CONCAVE_POINTS_MEAN" then do;';
89489      put 'ROLE = "REJECTED";';
MPRINT(EM_DIAGRAM):   put 'ROLE = "REJECTED";';
89490      put 'end;';
MPRINT(EM_DIAGRAM):   put 'end;';
89491      put 'else ';
MPRINT(EM_DIAGRAM):   put 'else ';
89492      put 'if upcase(NAME) = "CONCAVE_POINTS_SE" then do;';
MPRINT(EM_DIAGRAM):   put 'if upcase(NAME) = "CONCAVE_POINTS_SE" then do;';
89493      put 'ROLE = "REJECTED";';
MPRINT(EM_DIAGRAM):   put 'ROLE = "REJECTED";';
89494      put 'end;';
MPRINT(EM_DIAGRAM):   put 'end;';
89495      put 'else ';
MPRINT(EM_DIAGRAM):   put 'else ';
89496      put 'if upcase(NAME) = "CONCAVITY_MEAN" then do;';
MPRINT(EM_DIAGRAM):   put 'if upcase(NAME) = "CONCAVITY_MEAN" then do;';
89497      put 'ROLE = "REJECTED";';
MPRINT(EM_DIAGRAM):   put 'ROLE = "REJECTED";';
89498      put 'end;';
MPRINT(EM_DIAGRAM):   put 'end;';
89499      put 'else ';
MPRINT(EM_DIAGRAM):   put 'else ';
89500      put 'if upcase(NAME) = "CONCAVITY_SE" then do;';
MPRINT(EM_DIAGRAM):   put 'if upcase(NAME) = "CONCAVITY_SE" then do;';
89501      put 'ROLE = "REJECTED";';
MPRINT(EM_DIAGRAM):   put 'ROLE = "REJECTED";';
89502      put 'end;';
MPRINT(EM_DIAGRAM):   put 'end;';
89503      put 'else ';
MPRINT(EM_DIAGRAM):   put 'else ';
89504      put 'if upcase(NAME) = "CONCAVITY_WORST" then do;';
MPRINT(EM_DIAGRAM):   put 'if upcase(NAME) = "CONCAVITY_WORST" then do;';
89505      put 'ROLE = "REJECTED";';
MPRINT(EM_DIAGRAM):   put 'ROLE = "REJECTED";';
89506      put 'end;';
MPRINT(EM_DIAGRAM):   put 'end;';
89507      put 'else ';
MPRINT(EM_DIAGRAM):   put 'else ';
89508      put 'if upcase(NAME) = "FRACTAL_DIMENSION_MEAN" then do;';
MPRINT(EM_DIAGRAM):   put 'if upcase(NAME) = "FRACTAL_DIMENSION_MEAN" then do;';
89509      put 'ROLE = "REJECTED";';
MPRINT(EM_DIAGRAM):   put 'ROLE = "REJECTED";';
89510      put 'end;';
MPRINT(EM_DIAGRAM):   put 'end;';
89511      put 'else ';
MPRINT(EM_DIAGRAM):   put 'else ';
89512      put 'if upcase(NAME) = "FRACTAL_DIMENSION_SE" then do;';
MPRINT(EM_DIAGRAM):   put 'if upcase(NAME) = "FRACTAL_DIMENSION_SE" then do;';
89513      put 'ROLE = "REJECTED";';
MPRINT(EM_DIAGRAM):   put 'ROLE = "REJECTED";';
89514      put 'end;';
MPRINT(EM_DIAGRAM):   put 'end;';
89515      put 'else ';
MPRINT(EM_DIAGRAM):   put 'else ';
89516      put 'if upcase(NAME) = "FRACTAL_DIMENSION_WORST" then do;';
MPRINT(EM_DIAGRAM):   put 'if upcase(NAME) = "FRACTAL_DIMENSION_WORST" then do;';
89517      put 'ROLE = "REJECTED";';
MPRINT(EM_DIAGRAM):   put 'ROLE = "REJECTED";';
89518      put 'end;';
MPRINT(EM_DIAGRAM):   put 'end;';
89519      put 'else ';
MPRINT(EM_DIAGRAM):   put 'else ';
89520      put 'if upcase(NAME) = "PERIMETER_MEAN" then do;';
MPRINT(EM_DIAGRAM):   put 'if upcase(NAME) = "PERIMETER_MEAN" then do;';
89521      put 'ROLE = "REJECTED";';
MPRINT(EM_DIAGRAM):   put 'ROLE = "REJECTED";';
89522      put 'end;';
MPRINT(EM_DIAGRAM):   put 'end;';
89523      put 'else ';
MPRINT(EM_DIAGRAM):   put 'else ';
89524      put 'if upcase(NAME) = "PERIMETER_SE" then do;';
MPRINT(EM_DIAGRAM):   put 'if upcase(NAME) = "PERIMETER_SE" then do;';
89525      put 'ROLE = "REJECTED";';
MPRINT(EM_DIAGRAM):   put 'ROLE = "REJECTED";';
89526      put 'end;';
MPRINT(EM_DIAGRAM):   put 'end;';
89527      put 'else ';
MPRINT(EM_DIAGRAM):   put 'else ';
89528      put 'if upcase(NAME) = "Q_DIAGNOSISB" then do;';
MPRINT(EM_DIAGRAM):   put 'if upcase(NAME) = "Q_DIAGNOSISB" then do;';
89529      put 'ROLE = "ASSESS";';
MPRINT(EM_DIAGRAM):   put 'ROLE = "ASSESS";';
89530      put 'end;';
MPRINT(EM_DIAGRAM):   put 'end;';
89531      put 'else ';
MPRINT(EM_DIAGRAM):   put 'else ';
89532      put 'if upcase(NAME) = "Q_DIAGNOSISM" then do;';
MPRINT(EM_DIAGRAM):   put 'if upcase(NAME) = "Q_DIAGNOSISM" then do;';
89533      put 'ROLE = "ASSESS";';
MPRINT(EM_DIAGRAM):   put 'ROLE = "ASSESS";';
89534      put 'end;';
MPRINT(EM_DIAGRAM):   put 'end;';
89535      put 'else ';
MPRINT(EM_DIAGRAM):   put 'else ';
89536      put 'if upcase(NAME) = "RADIUS_MEAN" then do;';
MPRINT(EM_DIAGRAM):   put 'if upcase(NAME) = "RADIUS_MEAN" then do;';
89537      put 'ROLE = "REJECTED";';
MPRINT(EM_DIAGRAM):   put 'ROLE = "REJECTED";';
89538      put 'end;';
MPRINT(EM_DIAGRAM):   put 'end;';
89539      put 'else ';
MPRINT(EM_DIAGRAM):   put 'else ';
89540      put 'if upcase(NAME) = "RADIUS_SE" then do;';
MPRINT(EM_DIAGRAM):   put 'if upcase(NAME) = "RADIUS_SE" then do;';
89541      put 'ROLE = "REJECTED";';
MPRINT(EM_DIAGRAM):   put 'ROLE = "REJECTED";';
89542      put 'end;';
MPRINT(EM_DIAGRAM):   put 'end;';
89543      put 'else ';
MPRINT(EM_DIAGRAM):   put 'else ';
89544      put 'if upcase(NAME) = "RADIUS_WORST" then do;';
MPRINT(EM_DIAGRAM):   put 'if upcase(NAME) = "RADIUS_WORST" then do;';
89545      put 'ROLE = "REJECTED";';
MPRINT(EM_DIAGRAM):   put 'ROLE = "REJECTED";';
89546      put 'end;';
MPRINT(EM_DIAGRAM):   put 'end;';
89547      put 'else ';
MPRINT(EM_DIAGRAM):   put 'else ';
89548      put 'if upcase(NAME) = "SMOOTHNESS_MEAN" then do;';
MPRINT(EM_DIAGRAM):   put 'if upcase(NAME) = "SMOOTHNESS_MEAN" then do;';
89549      put 'ROLE = "REJECTED";';
MPRINT(EM_DIAGRAM):   put 'ROLE = "REJECTED";';
89550      put 'end;';
MPRINT(EM_DIAGRAM):   put 'end;';
89551      put 'else ';
MPRINT(EM_DIAGRAM):   put 'else ';
89552      put 'if upcase(NAME) = "SMOOTHNESS_SE" then do;';
MPRINT(EM_DIAGRAM):   put 'if upcase(NAME) = "SMOOTHNESS_SE" then do;';
89553      put 'ROLE = "REJECTED";';
MPRINT(EM_DIAGRAM):   put 'ROLE = "REJECTED";';
89554      put 'end;';
MPRINT(EM_DIAGRAM):   put 'end;';
89555      put 'else ';
MPRINT(EM_DIAGRAM):   put 'else ';
89556      put 'if upcase(NAME) = "SMOOTHNESS_WORST" then do;';
MPRINT(EM_DIAGRAM):   put 'if upcase(NAME) = "SMOOTHNESS_WORST" then do;';
89557      put 'ROLE = "REJECTED";';
MPRINT(EM_DIAGRAM):   put 'ROLE = "REJECTED";';
89558      put 'end;';
MPRINT(EM_DIAGRAM):   put 'end;';
89559      put 'else ';
MPRINT(EM_DIAGRAM):   put 'else ';
89560      put 'if upcase(NAME) = "SYMMETRY_MEAN" then do;';
MPRINT(EM_DIAGRAM):   put 'if upcase(NAME) = "SYMMETRY_MEAN" then do;';
89561      put 'ROLE = "REJECTED";';
MPRINT(EM_DIAGRAM):   put 'ROLE = "REJECTED";';
89562      put 'end;';
MPRINT(EM_DIAGRAM):   put 'end;';
89563      put 'else ';
MPRINT(EM_DIAGRAM):   put 'else ';
89564      put 'if upcase(NAME) = "SYMMETRY_SE" then do;';
MPRINT(EM_DIAGRAM):   put 'if upcase(NAME) = "SYMMETRY_SE" then do;';
89565      put 'ROLE = "REJECTED";';
MPRINT(EM_DIAGRAM):   put 'ROLE = "REJECTED";';
89566      put 'end;';
MPRINT(EM_DIAGRAM):   put 'end;';
89567      put 'else ';
MPRINT(EM_DIAGRAM):   put 'else ';
89568      put 'if upcase(NAME) = "SYMMETRY_WORST" then do;';
MPRINT(EM_DIAGRAM):   put 'if upcase(NAME) = "SYMMETRY_WORST" then do;';
89569      put 'ROLE = "REJECTED";';
MPRINT(EM_DIAGRAM):   put 'ROLE = "REJECTED";';
89570      put 'end;';
MPRINT(EM_DIAGRAM):   put 'end;';
89571      put 'else ';
MPRINT(EM_DIAGRAM):   put 'else ';
89572      put 'if upcase(NAME) = "_NODE_" then do;';
MPRINT(EM_DIAGRAM):   put 'if upcase(NAME) = "_NODE_" then do;';
89573      put 'ROLE = "SEGMENT";';
MPRINT(EM_DIAGRAM):   put 'ROLE = "SEGMENT";';
89574      put 'LEVEL = "NOMINAL";';
MPRINT(EM_DIAGRAM):   put 'LEVEL = "NOMINAL";';
89575      put 'end;';
MPRINT(EM_DIAGRAM):   put 'end;';
89576      run;
MPRINT(EM_DIAGRAM):   run;

NOTE: The file X is:
      Filename=C:\Users\student\OneDrive - Bryant University\Documents\GitHub\Projects_in_R\Assignments\Assignment 3\Workspaces\EMWS1\Tree5\CDELTA_TRAIN.sas,
      RECFM=V,LRECL=32767,File Size (bytes)=0,
      Last Modified=03Oct2026:18:26:05,
      Create Time=03Oct2026:18:21:56

NOTE: 108 records were written to the file X.
      The minimum record length was 4.
      The maximum record length was 52.
NOTE: DATA statement used (Total process time):
      real time           0.00 seconds
      cpu time            0.00 seconds
      

89577      filename x;
MPRINT(EM_DIAGRAM):   filename x;
NOTE: Fileref X has been deassigned.
89578      filename emflow "C:\Users\student\OneDrive - Bryant University\Documents\GitHub\Projects_in_R\Assignments\Assignment 3\Workspaces\EMWS1\Tree5\EMFLOWSCORE.sas";
MPRINT(EM_DIAGRAM):    filename emflow "C:\Users\student\OneDrive - Bryant University\Documents\GitHub\Projects_in_R\Assignments\Assignment 3\Workspaces\EMWS1\Tree5\EMFLOWSCORE.sas";
MPRINT(EM_DIAGRAM):   *------------------------------------------------------------*;
MPRINT(EM_DIAGRAM):   * Tree5: Scoring DATA data;
MPRINT(EM_DIAGRAM):   *------------------------------------------------------------*;
89579      *------------------------------------------------------------*;
89580      * Tree5: Scoring DATA data;
89581      *------------------------------------------------------------*;
89582      data EMWS1.Tree5_TRAIN
89583      / view=EMWS1.Tree5_TRAIN
89584      ;
MPRINT(EM_DIAGRAM):   data EMWS1.Tree5_TRAIN / view=EMWS1.Tree5_TRAIN ;
89585      set EMWS1.Part2_TRAIN
89586      ;
MPRINT(EM_DIAGRAM):   set EMWS1.Part2_TRAIN ;
89587      %inc emflow;
NOTE: %INCLUDE (level 1) file EMFLOW is file C:\Users\student\OneDrive - Bryant University\Documents\GitHub\Projects_in_R\Assignments\Assignment 3\Workspaces\EMWS1\Tree5\EMFLOWSCORE.sas.
89588     +****************************************************************;
MPRINT(EM_DIAGRAM):   ****************************************************************;
89589     +******             DECISION TREE SCORING CODE             ******;
MPRINT(EM_DIAGRAM):   ****** DECISION TREE SCORING CODE ******;
89590     +****************************************************************;
MPRINT(EM_DIAGRAM):   ****************************************************************;
89591     +
89592     +******         LENGTHS OF NEW CHARACTER VARIABLES         ******;
MPRINT(EM_DIAGRAM):   ****** LENGTHS OF NEW CHARACTER VARIABLES ******;
89593     +LENGTH F_diagnosis  $    1;
MPRINT(EM_DIAGRAM):   LENGTH F_diagnosis $ 1;
89594     +LENGTH I_diagnosis  $    1;
MPRINT(EM_DIAGRAM):   LENGTH I_diagnosis $ 1;
89595     +LENGTH U_diagnosis  $    1;
MPRINT(EM_DIAGRAM):   LENGTH U_diagnosis $ 1;
89596     +LENGTH _WARN_  $    4;
MPRINT(EM_DIAGRAM):   LENGTH _WARN_ $ 4;
89597     +
89598     +******              LABELS FOR NEW VARIABLES              ******;
MPRINT(EM_DIAGRAM):   ****** LABELS FOR NEW VARIABLES ******;
89599     +label _NODE_ = 'Node' ;
MPRINT(EM_DIAGRAM):   label _NODE_ = 'Node' ;
89600     +label _LEAF_ = 'Leaf' ;
MPRINT(EM_DIAGRAM):   label _LEAF_ = 'Leaf' ;
89601     +label P_diagnosisM = 'Predicted: diagnosis=M' ;
MPRINT(EM_DIAGRAM):   label P_diagnosisM = 'Predicted: diagnosis=M' ;
89602     +label P_diagnosisB = 'Predicted: diagnosis=B' ;
MPRINT(EM_DIAGRAM):   label P_diagnosisB = 'Predicted: diagnosis=B' ;
89603     +label Q_diagnosisM = 'Unadjusted P: diagnosis=M' ;
MPRINT(EM_DIAGRAM):   label Q_diagnosisM = 'Unadjusted P: diagnosis=M' ;
89604     +label Q_diagnosisB = 'Unadjusted P: diagnosis=B' ;
MPRINT(EM_DIAGRAM):   label Q_diagnosisB = 'Unadjusted P: diagnosis=B' ;
89605     +label V_diagnosisM = 'Validated: diagnosis=M' ;
MPRINT(EM_DIAGRAM):   label V_diagnosisM = 'Validated: diagnosis=M' ;
89606     +label V_diagnosisB = 'Validated: diagnosis=B' ;
MPRINT(EM_DIAGRAM):   label V_diagnosisB = 'Validated: diagnosis=B' ;
89607     +label R_diagnosisM = 'Residual: diagnosis=M' ;
MPRINT(EM_DIAGRAM):   label R_diagnosisM = 'Residual: diagnosis=M' ;
89608     +label R_diagnosisB = 'Residual: diagnosis=B' ;
MPRINT(EM_DIAGRAM):   label R_diagnosisB = 'Residual: diagnosis=B' ;
89609     +label F_diagnosis = 'From: diagnosis' ;
MPRINT(EM_DIAGRAM):   label F_diagnosis = 'From: diagnosis' ;
89610     +label I_diagnosis = 'Into: diagnosis' ;
MPRINT(EM_DIAGRAM):   label I_diagnosis = 'Into: diagnosis' ;
89611     +label U_diagnosis = 'Unnormalized Into: diagnosis' ;
MPRINT(EM_DIAGRAM):   label U_diagnosis = 'Unnormalized Into: diagnosis' ;
89612     +label _WARN_ = 'Warnings' ;
MPRINT(EM_DIAGRAM):   label _WARN_ = 'Warnings' ;
89613     +
89614     +
89615     +******      TEMPORARY VARIABLES FOR FORMATTED VALUES      ******;
MPRINT(EM_DIAGRAM):   ****** TEMPORARY VARIABLES FOR FORMATTED VALUES ******;
89616     +LENGTH _ARBFMT_1 $      1; DROP _ARBFMT_1;
MPRINT(EM_DIAGRAM):   LENGTH _ARBFMT_1 $ 1;
MPRINT(EM_DIAGRAM):   DROP _ARBFMT_1;
89617     +_ARBFMT_1 = ' '; /* Initialize to avoid warning. */
MPRINT(EM_DIAGRAM):   _ARBFMT_1 = ' ';
89618     +
89619     +
89620     +_ARBFMT_1 = PUT( diagnosis , $1.);
MPRINT(EM_DIAGRAM):   _ARBFMT_1 = PUT( diagnosis , $1.);
89621     + %DMNORMCP( _ARBFMT_1, F_diagnosis );
MPRINT(DMNORMCP):   F_diagnosis=dmnorm(_ARBFMT_1,
MPRINT(DMNORLEN):  32
MPRINT(DMNORMCP):  );
MPRINT(EM_DIAGRAM):  ;
89622     +
89623     +******             ASSIGN OBSERVATION TO NODE             ******;
MPRINT(EM_DIAGRAM):   ****** ASSIGN OBSERVATION TO NODE ******;
89624     +IF  NOT MISSING(perimeter_worst ) AND
89625     +                 107.2 <= perimeter_worst  THEN DO;
MPRINT(EM_DIAGRAM):   IF NOT MISSING(perimeter_worst ) AND 107.2 <= perimeter_worst THEN DO;
89626     +  IF  NOT MISSING(perimeter_worst ) AND
89627     +    perimeter_worst  <                114.6 THEN DO;
MPRINT(EM_DIAGRAM):   IF NOT MISSING(perimeter_worst ) AND perimeter_worst < 114.6 THEN DO;
89628     +    IF  NOT MISSING(area_mean ) AND
89629     +      area_mean  <               608.95 THEN DO;
MPRINT(EM_DIAGRAM):   IF NOT MISSING(area_mean ) AND area_mean < 608.95 THEN DO;
89630     +      _NODE_  =                   10;
MPRINT(EM_DIAGRAM):   _NODE_ = 10;
89631     +      _LEAF_  =                    3;
MPRINT(EM_DIAGRAM):   _LEAF_ = 3;
89632     +      P_diagnosisM  =                    1;
MPRINT(EM_DIAGRAM):   P_diagnosisM = 1;
89633     +      P_diagnosisB  =                    0;
MPRINT(EM_DIAGRAM):   P_diagnosisB = 0;
89634     +      Q_diagnosisM  =                    1;
MPRINT(EM_DIAGRAM):   Q_diagnosisM = 1;
89635     +      Q_diagnosisB  =                    0;
MPRINT(EM_DIAGRAM):   Q_diagnosisB = 0;
89636     +      V_diagnosisM  =                    1;
MPRINT(EM_DIAGRAM):   V_diagnosisM = 1;
89637     +      V_diagnosisB  =                    0;
MPRINT(EM_DIAGRAM):   V_diagnosisB = 0;
89638     +      I_diagnosis  = 'M' ;
MPRINT(EM_DIAGRAM):   I_diagnosis = 'M' ;
89639     +      U_diagnosis  = 'M' ;
MPRINT(EM_DIAGRAM):   U_diagnosis = 'M' ;
89640     +      END;
MPRINT(EM_DIAGRAM):   END;
89641     +    ELSE DO;
MPRINT(EM_DIAGRAM):   ELSE DO;
89642     +      _NODE_  =                   11;
MPRINT(EM_DIAGRAM):   _NODE_ = 11;
89643     +      _LEAF_  =                    4;
MPRINT(EM_DIAGRAM):   _LEAF_ = 4;
89644     +      P_diagnosisM  =                  0.3;
MPRINT(EM_DIAGRAM):   P_diagnosisM = 0.3;
89645     +      P_diagnosisB  =                  0.7;
MPRINT(EM_DIAGRAM):   P_diagnosisB = 0.7;
89646     +      Q_diagnosisM  =                  0.3;
MPRINT(EM_DIAGRAM):   Q_diagnosisM = 0.3;
89647     +      Q_diagnosisB  =                  0.7;
MPRINT(EM_DIAGRAM):   Q_diagnosisB = 0.7;
89648     +      V_diagnosisM  =     0.22222222222222;
MPRINT(EM_DIAGRAM):   V_diagnosisM = 0.22222222222222;
89649     +      V_diagnosisB  =     0.77777777777777;
MPRINT(EM_DIAGRAM):   V_diagnosisB = 0.77777777777777;
89650     +      I_diagnosis  = 'B' ;
MPRINT(EM_DIAGRAM):   I_diagnosis = 'B' ;
89651     +      U_diagnosis  = 'B' ;
MPRINT(EM_DIAGRAM):   U_diagnosis = 'B' ;
89652     +      END;
MPRINT(EM_DIAGRAM):   END;
89653     +    END;
MPRINT(EM_DIAGRAM):   END;
89654     +  ELSE DO;
MPRINT(EM_DIAGRAM):   ELSE DO;
89655     +    _NODE_  =                    7;
MPRINT(EM_DIAGRAM):   _NODE_ = 7;
89656     +    _LEAF_  =                    5;
MPRINT(EM_DIAGRAM):   _LEAF_ = 5;
89657     +    P_diagnosisM  =                    1;
MPRINT(EM_DIAGRAM):   P_diagnosisM = 1;
89658     +    P_diagnosisB  =                    0;
MPRINT(EM_DIAGRAM):   P_diagnosisB = 0;
89659     +    Q_diagnosisM  =                    1;
MPRINT(EM_DIAGRAM):   Q_diagnosisM = 1;
89660     +    Q_diagnosisB  =                    0;
MPRINT(EM_DIAGRAM):   Q_diagnosisB = 0;
89661     +    V_diagnosisM  =      0.9090909090909;
MPRINT(EM_DIAGRAM):   V_diagnosisM = 0.9090909090909;
89662     +    V_diagnosisB  =     0.09090909090909;
MPRINT(EM_DIAGRAM):   V_diagnosisB = 0.09090909090909;
89663     +    I_diagnosis  = 'M' ;
MPRINT(EM_DIAGRAM):   I_diagnosis = 'M' ;
89664     +    U_diagnosis  = 'M' ;
MPRINT(EM_DIAGRAM):   U_diagnosis = 'M' ;
89665     +    END;
MPRINT(EM_DIAGRAM):   END;
89666     +  END;
MPRINT(EM_DIAGRAM):   END;
89667     +ELSE DO;
MPRINT(EM_DIAGRAM):   ELSE DO;
89668     +  IF  NOT MISSING(concave_points_worst ) AND
89669     +                  0.1589 <= concave_points_worst  THEN DO;
MPRINT(EM_DIAGRAM):   IF NOT MISSING(concave_points_worst ) AND 0.1589 <= concave_points_worst THEN DO;
89670     +    _NODE_  =                    5;
MPRINT(EM_DIAGRAM):   _NODE_ = 5;
89671     +    _LEAF_  =                    2;
MPRINT(EM_DIAGRAM):   _LEAF_ = 2;
89672     +    P_diagnosisM  =                0.875;
MPRINT(EM_DIAGRAM):   P_diagnosisM = 0.875;
89673     +    P_diagnosisB  =                0.125;
MPRINT(EM_DIAGRAM):   P_diagnosisB = 0.125;
89674     +    Q_diagnosisM  =                0.875;
MPRINT(EM_DIAGRAM):   Q_diagnosisM = 0.875;
89675     +    Q_diagnosisB  =                0.125;
MPRINT(EM_DIAGRAM):   Q_diagnosisB = 0.125;
89676     +    V_diagnosisM  =     0.83333333333333;
MPRINT(EM_DIAGRAM):   V_diagnosisM = 0.83333333333333;
89677     +    V_diagnosisB  =     0.16666666666666;
MPRINT(EM_DIAGRAM):   V_diagnosisB = 0.16666666666666;
89678     +    I_diagnosis  = 'M' ;
MPRINT(EM_DIAGRAM):   I_diagnosis = 'M' ;
89679     +    U_diagnosis  = 'M' ;
MPRINT(EM_DIAGRAM):   U_diagnosis = 'M' ;
89680     +    END;
MPRINT(EM_DIAGRAM):   END;
89681     +  ELSE DO;
MPRINT(EM_DIAGRAM):   ELSE DO;
89682     +    _NODE_  =                    4;
MPRINT(EM_DIAGRAM):   _NODE_ = 4;
89683     +    _LEAF_  =                    1;
MPRINT(EM_DIAGRAM):   _LEAF_ = 1;
89684     +    P_diagnosisM  =      0.0126582278481;
MPRINT(EM_DIAGRAM):   P_diagnosisM = 0.0126582278481;
89685     +    P_diagnosisB  =     0.98734177215189;
MPRINT(EM_DIAGRAM):   P_diagnosisB = 0.98734177215189;
89686     +    Q_diagnosisM  =      0.0126582278481;
MPRINT(EM_DIAGRAM):   Q_diagnosisM = 0.0126582278481;
89687     +    Q_diagnosisB  =     0.98734177215189;
MPRINT(EM_DIAGRAM):   Q_diagnosisB = 0.98734177215189;
89688     +    V_diagnosisM  =     0.05940594059405;
MPRINT(EM_DIAGRAM):   V_diagnosisM = 0.05940594059405;
89689     +    V_diagnosisB  =     0.94059405940594;
MPRINT(EM_DIAGRAM):   V_diagnosisB = 0.94059405940594;
89690     +    I_diagnosis  = 'B' ;
MPRINT(EM_DIAGRAM):   I_diagnosis = 'B' ;
89691     +    U_diagnosis  = 'B' ;
MPRINT(EM_DIAGRAM):   U_diagnosis = 'B' ;
89692     +    END;
MPRINT(EM_DIAGRAM):   END;
89693     +  END;
MPRINT(EM_DIAGRAM):   END;
89694     +
89695     +*****  RESIDUALS R_ *************;
MPRINT(EM_DIAGRAM):   ***** RESIDUALS R_ *************;
89696     +IF  F_diagnosis  NE 'M'
89697     +AND F_diagnosis  NE 'B'  THEN DO;
MPRINT(EM_DIAGRAM):   IF F_diagnosis NE 'M' AND F_diagnosis NE 'B' THEN DO;
89698     +        R_diagnosisM  = .;
MPRINT(EM_DIAGRAM):   R_diagnosisM = .;
89699     +        R_diagnosisB  = .;
MPRINT(EM_DIAGRAM):   R_diagnosisB = .;
89700     + END;
MPRINT(EM_DIAGRAM):   END;
89701     + ELSE DO;
MPRINT(EM_DIAGRAM):   ELSE DO;
89702     +       R_diagnosisM  =  -P_diagnosisM ;
MPRINT(EM_DIAGRAM):   R_diagnosisM = -P_diagnosisM ;
89703     +       R_diagnosisB  =  -P_diagnosisB ;
MPRINT(EM_DIAGRAM):   R_diagnosisB = -P_diagnosisB ;
89704     +       SELECT( F_diagnosis  );
MPRINT(EM_DIAGRAM):   SELECT( F_diagnosis );
89705     +          WHEN( 'M'  ) R_diagnosisM  = R_diagnosisM  +1;
MPRINT(EM_DIAGRAM):   WHEN( 'M' ) R_diagnosisM = R_diagnosisM +1;
89706     +          WHEN( 'B'  ) R_diagnosisB  = R_diagnosisB  +1;
MPRINT(EM_DIAGRAM):   WHEN( 'B' ) R_diagnosisB = R_diagnosisB +1;
89707     +       END;
MPRINT(EM_DIAGRAM):   END;
89708     + END;
MPRINT(EM_DIAGRAM):   END;
89709     +
89710     +****************************************************************;
MPRINT(EM_DIAGRAM):   ****************************************************************;
89711     +******          END OF DECISION TREE SCORING CODE         ******;
MPRINT(EM_DIAGRAM):   ****** END OF DECISION TREE SCORING CODE ******;
89712     +****************************************************************;
MPRINT(EM_DIAGRAM):   ****************************************************************;
89713     +
89714     +drop _LEAF_;
MPRINT(EM_DIAGRAM):   drop _LEAF_;
NOTE: %INCLUDE (level 1) ending.
MPRINT(EM_DIAGRAM):   run;
89715      run;

NOTE: DATA STEP view saved on file EMWS1.TREE5_TRAIN.
NOTE: A stored DATA STEP view cannot run under a different operating system.
NOTE: DATA statement used (Total process time):
      real time           0.00 seconds
      cpu time            0.01 seconds
      

MPRINT(EM_DIAGRAM):   quit;
89716      quit;
89717      filename emflow;
MPRINT(EM_DIAGRAM):   filename emflow;
NOTE: Fileref EMFLOW has been deassigned.
89718      filename emflow "C:\Users\student\OneDrive - Bryant University\Documents\GitHub\Projects_in_R\Assignments\Assignment 3\Workspaces\EMWS1\Tree5\EMFLOWSCORE.sas";
MPRINT(EM_DIAGRAM):    filename emflow "C:\Users\student\OneDrive - Bryant University\Documents\GitHub\Projects_in_R\Assignments\Assignment 3\Workspaces\EMWS1\Tree5\EMFLOWSCORE.sas";
MPRINT(EM_DIAGRAM):   *------------------------------------------------------------*;
MPRINT(EM_DIAGRAM):   * Tree5: Scoring VALIDATE data;
MPRINT(EM_DIAGRAM):   *------------------------------------------------------------*;
89719      *------------------------------------------------------------*;
89720      * Tree5: Scoring VALIDATE data;
89721      *------------------------------------------------------------*;
89722      data EMWS1.Tree5_VALIDATE
89723      / view=EMWS1.Tree5_VALIDATE
89724      ;
MPRINT(EM_DIAGRAM):   data EMWS1.Tree5_VALIDATE / view=EMWS1.Tree5_VALIDATE ;
89725      set EMWS1.Part2_VALIDATE
89726      ;
MPRINT(EM_DIAGRAM):   set EMWS1.Part2_VALIDATE ;
89727      %inc emflow;
NOTE: %INCLUDE (level 1) file EMFLOW is file C:\Users\student\OneDrive - Bryant University\Documents\GitHub\Projects_in_R\Assignments\Assignment 3\Workspaces\EMWS1\Tree5\EMFLOWSCORE.sas.
89728     +****************************************************************;
MPRINT(EM_DIAGRAM):   ****************************************************************;
89729     +******             DECISION TREE SCORING CODE             ******;
MPRINT(EM_DIAGRAM):   ****** DECISION TREE SCORING CODE ******;
89730     +****************************************************************;
MPRINT(EM_DIAGRAM):   ****************************************************************;
89731     +
89732     +******         LENGTHS OF NEW CHARACTER VARIABLES         ******;
MPRINT(EM_DIAGRAM):   ****** LENGTHS OF NEW CHARACTER VARIABLES ******;
89733     +LENGTH F_diagnosis  $    1;
MPRINT(EM_DIAGRAM):   LENGTH F_diagnosis $ 1;
89734     +LENGTH I_diagnosis  $    1;
MPRINT(EM_DIAGRAM):   LENGTH I_diagnosis $ 1;
89735     +LENGTH U_diagnosis  $    1;
MPRINT(EM_DIAGRAM):   LENGTH U_diagnosis $ 1;
89736     +LENGTH _WARN_  $    4;
MPRINT(EM_DIAGRAM):   LENGTH _WARN_ $ 4;
89737     +
89738     +******              LABELS FOR NEW VARIABLES              ******;
MPRINT(EM_DIAGRAM):   ****** LABELS FOR NEW VARIABLES ******;
89739     +label _NODE_ = 'Node' ;
MPRINT(EM_DIAGRAM):   label _NODE_ = 'Node' ;
89740     +label _LEAF_ = 'Leaf' ;
MPRINT(EM_DIAGRAM):   label _LEAF_ = 'Leaf' ;
89741     +label P_diagnosisM = 'Predicted: diagnosis=M' ;
MPRINT(EM_DIAGRAM):   label P_diagnosisM = 'Predicted: diagnosis=M' ;
89742     +label P_diagnosisB = 'Predicted: diagnosis=B' ;
MPRINT(EM_DIAGRAM):   label P_diagnosisB = 'Predicted: diagnosis=B' ;
89743     +label Q_diagnosisM = 'Unadjusted P: diagnosis=M' ;
MPRINT(EM_DIAGRAM):   label Q_diagnosisM = 'Unadjusted P: diagnosis=M' ;
89744     +label Q_diagnosisB = 'Unadjusted P: diagnosis=B' ;
MPRINT(EM_DIAGRAM):   label Q_diagnosisB = 'Unadjusted P: diagnosis=B' ;
89745     +label V_diagnosisM = 'Validated: diagnosis=M' ;
MPRINT(EM_DIAGRAM):   label V_diagnosisM = 'Validated: diagnosis=M' ;
89746     +label V_diagnosisB = 'Validated: diagnosis=B' ;
MPRINT(EM_DIAGRAM):   label V_diagnosisB = 'Validated: diagnosis=B' ;
89747     +label R_diagnosisM = 'Residual: diagnosis=M' ;
MPRINT(EM_DIAGRAM):   label R_diagnosisM = 'Residual: diagnosis=M' ;
89748     +label R_diagnosisB = 'Residual: diagnosis=B' ;
MPRINT(EM_DIAGRAM):   label R_diagnosisB = 'Residual: diagnosis=B' ;
89749     +label F_diagnosis = 'From: diagnosis' ;
MPRINT(EM_DIAGRAM):   label F_diagnosis = 'From: diagnosis' ;
89750     +label I_diagnosis = 'Into: diagnosis' ;
MPRINT(EM_DIAGRAM):   label I_diagnosis = 'Into: diagnosis' ;
89751     +label U_diagnosis = 'Unnormalized Into: diagnosis' ;
MPRINT(EM_DIAGRAM):   label U_diagnosis = 'Unnormalized Into: diagnosis' ;
89752     +label _WARN_ = 'Warnings' ;
MPRINT(EM_DIAGRAM):   label _WARN_ = 'Warnings' ;
89753     +
89754     +
89755     +******      TEMPORARY VARIABLES FOR FORMATTED VALUES      ******;
MPRINT(EM_DIAGRAM):   ****** TEMPORARY VARIABLES FOR FORMATTED VALUES ******;
89756     +LENGTH _ARBFMT_1 $      1; DROP _ARBFMT_1;
MPRINT(EM_DIAGRAM):   LENGTH _ARBFMT_1 $ 1;
MPRINT(EM_DIAGRAM):   DROP _ARBFMT_1;
89757     +_ARBFMT_1 = ' '; /* Initialize to avoid warning. */
MPRINT(EM_DIAGRAM):   _ARBFMT_1 = ' ';
89758     +
89759     +
89760     +_ARBFMT_1 = PUT( diagnosis , $1.);
MPRINT(EM_DIAGRAM):   _ARBFMT_1 = PUT( diagnosis , $1.);
89761     + %DMNORMCP( _ARBFMT_1, F_diagnosis );
MPRINT(DMNORMCP):   F_diagnosis=dmnorm(_ARBFMT_1,
MPRINT(DMNORLEN):  32
MPRINT(DMNORMCP):  );
MPRINT(EM_DIAGRAM):  ;
89762     +
89763     +******             ASSIGN OBSERVATION TO NODE             ******;
MPRINT(EM_DIAGRAM):   ****** ASSIGN OBSERVATION TO NODE ******;
89764     +IF  NOT MISSING(perimeter_worst ) AND
89765     +                 107.2 <= perimeter_worst  THEN DO;
MPRINT(EM_DIAGRAM):   IF NOT MISSING(perimeter_worst ) AND 107.2 <= perimeter_worst THEN DO;
89766     +  IF  NOT MISSING(perimeter_worst ) AND
89767     +    perimeter_worst  <                114.6 THEN DO;
MPRINT(EM_DIAGRAM):   IF NOT MISSING(perimeter_worst ) AND perimeter_worst < 114.6 THEN DO;
89768     +    IF  NOT MISSING(area_mean ) AND
89769     +      area_mean  <               608.95 THEN DO;
MPRINT(EM_DIAGRAM):   IF NOT MISSING(area_mean ) AND area_mean < 608.95 THEN DO;
89770     +      _NODE_  =                   10;
MPRINT(EM_DIAGRAM):   _NODE_ = 10;
89771     +      _LEAF_  =                    3;
MPRINT(EM_DIAGRAM):   _LEAF_ = 3;
89772     +      P_diagnosisM  =                    1;
MPRINT(EM_DIAGRAM):   P_diagnosisM = 1;
89773     +      P_diagnosisB  =                    0;
MPRINT(EM_DIAGRAM):   P_diagnosisB = 0;
89774     +      Q_diagnosisM  =                    1;
MPRINT(EM_DIAGRAM):   Q_diagnosisM = 1;
89775     +      Q_diagnosisB  =                    0;
MPRINT(EM_DIAGRAM):   Q_diagnosisB = 0;
89776     +      V_diagnosisM  =                    1;
MPRINT(EM_DIAGRAM):   V_diagnosisM = 1;
89777     +      V_diagnosisB  =                    0;
MPRINT(EM_DIAGRAM):   V_diagnosisB = 0;
89778     +      I_diagnosis  = 'M' ;
MPRINT(EM_DIAGRAM):   I_diagnosis = 'M' ;
89779     +      U_diagnosis  = 'M' ;
MPRINT(EM_DIAGRAM):   U_diagnosis = 'M' ;
89780     +      END;
MPRINT(EM_DIAGRAM):   END;
89781     +    ELSE DO;
MPRINT(EM_DIAGRAM):   ELSE DO;
89782     +      _NODE_  =                   11;
MPRINT(EM_DIAGRAM):   _NODE_ = 11;
89783     +      _LEAF_  =                    4;
MPRINT(EM_DIAGRAM):   _LEAF_ = 4;
89784     +      P_diagnosisM  =                  0.3;
MPRINT(EM_DIAGRAM):   P_diagnosisM = 0.3;
89785     +      P_diagnosisB  =                  0.7;
MPRINT(EM_DIAGRAM):   P_diagnosisB = 0.7;
89786     +      Q_diagnosisM  =                  0.3;
MPRINT(EM_DIAGRAM):   Q_diagnosisM = 0.3;
89787     +      Q_diagnosisB  =                  0.7;
MPRINT(EM_DIAGRAM):   Q_diagnosisB = 0.7;
89788     +      V_diagnosisM  =     0.22222222222222;
MPRINT(EM_DIAGRAM):   V_diagnosisM = 0.22222222222222;
89789     +      V_diagnosisB  =     0.77777777777777;
MPRINT(EM_DIAGRAM):   V_diagnosisB = 0.77777777777777;
89790     +      I_diagnosis  = 'B' ;
MPRINT(EM_DIAGRAM):   I_diagnosis = 'B' ;
89791     +      U_diagnosis  = 'B' ;
MPRINT(EM_DIAGRAM):   U_diagnosis = 'B' ;
89792     +      END;
MPRINT(EM_DIAGRAM):   END;
89793     +    END;
MPRINT(EM_DIAGRAM):   END;
89794     +  ELSE DO;
MPRINT(EM_DIAGRAM):   ELSE DO;
89795     +    _NODE_  =                    7;
MPRINT(EM_DIAGRAM):   _NODE_ = 7;
89796     +    _LEAF_  =                    5;
MPRINT(EM_DIAGRAM):   _LEAF_ = 5;
89797     +    P_diagnosisM  =                    1;
MPRINT(EM_DIAGRAM):   P_diagnosisM = 1;
89798     +    P_diagnosisB  =                    0;
MPRINT(EM_DIAGRAM):   P_diagnosisB = 0;
89799     +    Q_diagnosisM  =                    1;
MPRINT(EM_DIAGRAM):   Q_diagnosisM = 1;
89800     +    Q_diagnosisB  =                    0;
MPRINT(EM_DIAGRAM):   Q_diagnosisB = 0;
89801     +    V_diagnosisM  =      0.9090909090909;
MPRINT(EM_DIAGRAM):   V_diagnosisM = 0.9090909090909;
89802     +    V_diagnosisB  =     0.09090909090909;
MPRINT(EM_DIAGRAM):   V_diagnosisB = 0.09090909090909;
89803     +    I_diagnosis  = 'M' ;
MPRINT(EM_DIAGRAM):   I_diagnosis = 'M' ;
89804     +    U_diagnosis  = 'M' ;
MPRINT(EM_DIAGRAM):   U_diagnosis = 'M' ;
89805     +    END;
MPRINT(EM_DIAGRAM):   END;
89806     +  END;
MPRINT(EM_DIAGRAM):   END;
89807     +ELSE DO;
MPRINT(EM_DIAGRAM):   ELSE DO;
89808     +  IF  NOT MISSING(concave_points_worst ) AND
89809     +                  0.1589 <= concave_points_worst  THEN DO;
MPRINT(EM_DIAGRAM):   IF NOT MISSING(concave_points_worst ) AND 0.1589 <= concave_points_worst THEN DO;
89810     +    _NODE_  =                    5;
MPRINT(EM_DIAGRAM):   _NODE_ = 5;
89811     +    _LEAF_  =                    2;
MPRINT(EM_DIAGRAM):   _LEAF_ = 2;
89812     +    P_diagnosisM  =                0.875;
MPRINT(EM_DIAGRAM):   P_diagnosisM = 0.875;
89813     +    P_diagnosisB  =                0.125;
MPRINT(EM_DIAGRAM):   P_diagnosisB = 0.125;
89814     +    Q_diagnosisM  =                0.875;
MPRINT(EM_DIAGRAM):   Q_diagnosisM = 0.875;
89815     +    Q_diagnosisB  =                0.125;
MPRINT(EM_DIAGRAM):   Q_diagnosisB = 0.125;
89816     +    V_diagnosisM  =     0.83333333333333;
MPRINT(EM_DIAGRAM):   V_diagnosisM = 0.83333333333333;
89817     +    V_diagnosisB  =     0.16666666666666;
MPRINT(EM_DIAGRAM):   V_diagnosisB = 0.16666666666666;
89818     +    I_diagnosis  = 'M' ;
MPRINT(EM_DIAGRAM):   I_diagnosis = 'M' ;
89819     +    U_diagnosis  = 'M' ;
MPRINT(EM_DIAGRAM):   U_diagnosis = 'M' ;
89820     +    END;
MPRINT(EM_DIAGRAM):   END;
89821     +  ELSE DO;
MPRINT(EM_DIAGRAM):   ELSE DO;
89822     +    _NODE_  =                    4;
MPRINT(EM_DIAGRAM):   _NODE_ = 4;
89823     +    _LEAF_  =                    1;
MPRINT(EM_DIAGRAM):   _LEAF_ = 1;
89824     +    P_diagnosisM  =      0.0126582278481;
MPRINT(EM_DIAGRAM):   P_diagnosisM = 0.0126582278481;
89825     +    P_diagnosisB  =     0.98734177215189;
MPRINT(EM_DIAGRAM):   P_diagnosisB = 0.98734177215189;
89826     +    Q_diagnosisM  =      0.0126582278481;
MPRINT(EM_DIAGRAM):   Q_diagnosisM = 0.0126582278481;
89827     +    Q_diagnosisB  =     0.98734177215189;
MPRINT(EM_DIAGRAM):   Q_diagnosisB = 0.98734177215189;
89828     +    V_diagnosisM  =     0.05940594059405;
MPRINT(EM_DIAGRAM):   V_diagnosisM = 0.05940594059405;
89829     +    V_diagnosisB  =     0.94059405940594;
MPRINT(EM_DIAGRAM):   V_diagnosisB = 0.94059405940594;
89830     +    I_diagnosis  = 'B' ;
MPRINT(EM_DIAGRAM):   I_diagnosis = 'B' ;
89831     +    U_diagnosis  = 'B' ;
MPRINT(EM_DIAGRAM):   U_diagnosis = 'B' ;
89832     +    END;
MPRINT(EM_DIAGRAM):   END;
89833     +  END;
MPRINT(EM_DIAGRAM):   END;
89834     +
89835     +*****  RESIDUALS R_ *************;
MPRINT(EM_DIAGRAM):   ***** RESIDUALS R_ *************;
89836     +IF  F_diagnosis  NE 'M'
89837     +AND F_diagnosis  NE 'B'  THEN DO;
MPRINT(EM_DIAGRAM):   IF F_diagnosis NE 'M' AND F_diagnosis NE 'B' THEN DO;
89838     +        R_diagnosisM  = .;
MPRINT(EM_DIAGRAM):   R_diagnosisM = .;
89839     +        R_diagnosisB  = .;
MPRINT(EM_DIAGRAM):   R_diagnosisB = .;
89840     + END;
MPRINT(EM_DIAGRAM):   END;
89841     + ELSE DO;
MPRINT(EM_DIAGRAM):   ELSE DO;
89842     +       R_diagnosisM  =  -P_diagnosisM ;
MPRINT(EM_DIAGRAM):   R_diagnosisM = -P_diagnosisM ;
89843     +       R_diagnosisB  =  -P_diagnosisB ;
MPRINT(EM_DIAGRAM):   R_diagnosisB = -P_diagnosisB ;
89844     +       SELECT( F_diagnosis  );
MPRINT(EM_DIAGRAM):   SELECT( F_diagnosis );
89845     +          WHEN( 'M'  ) R_diagnosisM  = R_diagnosisM  +1;
MPRINT(EM_DIAGRAM):   WHEN( 'M' ) R_diagnosisM = R_diagnosisM +1;
89846     +          WHEN( 'B'  ) R_diagnosisB  = R_diagnosisB  +1;
MPRINT(EM_DIAGRAM):   WHEN( 'B' ) R_diagnosisB = R_diagnosisB +1;
89847     +       END;
MPRINT(EM_DIAGRAM):   END;
89848     + END;
MPRINT(EM_DIAGRAM):   END;
89849     +
89850     +****************************************************************;
MPRINT(EM_DIAGRAM):   ****************************************************************;
89851     +******          END OF DECISION TREE SCORING CODE         ******;
MPRINT(EM_DIAGRAM):   ****** END OF DECISION TREE SCORING CODE ******;
89852     +****************************************************************;
MPRINT(EM_DIAGRAM):   ****************************************************************;
89853     +
89854     +drop _LEAF_;
MPRINT(EM_DIAGRAM):   drop _LEAF_;
NOTE: %INCLUDE (level 1) ending.
MPRINT(EM_DIAGRAM):   run;
89855      run;

NOTE: DATA STEP view saved on file EMWS1.TREE5_VALIDATE.
NOTE: A stored DATA STEP view cannot run under a different operating system.
NOTE: DATA statement used (Total process time):
      real time           0.02 seconds
      cpu time            0.03 seconds
      

MPRINT(EM_DIAGRAM):   quit;
89856      quit;
89857      filename emflow;
MPRINT(EM_DIAGRAM):   filename emflow;
NOTE: Fileref EMFLOW has been deassigned.
NOTE: View EMWS1.TREE5_TRAIN.VIEW used (Total process time):
      real time           0.03 seconds
      cpu time            0.03 seconds
      
89859      proc sort data=WORK.EM_USER_REPORT;
MPRINT(EM_DIAGRAM):     proc sort data=WORK.EM_USER_REPORT;
89860      by ID VIEW;
MPRINT(EM_DIAGRAM):   by ID VIEW;
89861      run;
MPRINT(EM_DIAGRAM):   run;

NOTE: There were 132 observations read from the data set WORK.EM_USER_REPORT.
NOTE: The data set WORK.EM_USER_REPORT has 132 observations and 4 variables.
NOTE: PROCEDURE SORT used (Total process time):
      real time           0.00 seconds
      cpu time            0.00 seconds
      

89862      *------------------------------------------------------------*;
MPRINT(EM_DIAGRAM):    *------------------------------------------------------------*;
89863      * Tree5: Computing metadata for TRAIN data;
MPRINT(EM_DIAGRAM):   * Tree5: Computing metadata for TRAIN data;
89864      *------------------------------------------------------------*;
MPRINT(EM_DIAGRAM):   *------------------------------------------------------------*;

NOTE: View EMWS1.TREE5_TRAIN.VIEW used (Total process time):
      real time           0.04 seconds
      cpu time            0.03 seconds
      
MPRINT(EM_DIAGRAM):    *------------------------------------------------------------*;
MPRINT(EM_DIAGRAM):   * &nodeid: Computing Metadata for TRAIN data;
MPRINT(EM_DIAGRAM):   *------------------------------------------------------------*;
MPRINT(EM_DIAGRAM):   filename _delta "C:\Users\student\OneDrive - Bryant University\Documents\GitHub\Projects_in_R\Assignments\Assignment 3\Workspaces\EMWS1\Tree5\CDELTA_TRAIN.sas";
MPRINT(EMADVISECOLUMNS):   proc display c=sashelp.emmeta.advisecolumns.scl;
MPRINT(EMADVISECOLUMNS):   run;
MPRINT(EMADVISECOLUMNS):    options validvarname=any;
MPRINT(EMADVISECOLUMNS):   proc contents data=EMWS1.Tree5_TRAIN out=_tempAdvisor noprint;
MPRINT(EMADVISECOLUMNS):   run;
MPRINT(EMADVISECOLUMNS):   options validvarname=V7;
MPRINT(EMADVISECOLUMNS):    data _null_;
MPRINT(EMADVISECOLUMNS):   dsid = open('EMWS1.Tree5_TRAIN');
MPRINT(EMADVISECOLUMNS):   call symput('_dsidTable', strip(put(dsid, best.)));
MPRINT(EMADVISECOLUMNS):   if dsid then do;
MPRINT(EMADVISECOLUMNS):   call symput('_engineTable', attrc(dsid, 'ENGINE'));
MPRINT(EMADVISECOLUMNS):   dsid = close(dsid);
MPRINT(EMADVISECOLUMNS):   end;
MPRINT(EMADVISECOLUMNS):   run;
MPRINT(EMADVISECOLUMNS):    proc contents data=EMWS1.Tree5_TRAIN out=WORK.M2BUXKNU noprint;
MPRINT(EMADVISECOLUMNS):   run;
MPRINT(EMADVISECOLUMNS):    data WORK.M2BUXKNU;
MPRINT(EMADVISECOLUMNS):   length NAME $ 64 TYPE $ 1 LABEL $ 200 FORMAT $ 36 INFORMAT $36 INDEX $ 1 INDEXTYPE $ 9;
MPRINT(EMADVISECOLUMNS):   label NAME =;
MPRINT(EMADVISECOLUMNS):   set WORK.M2BUXKNU(keep=name type length label format formatl formatd informat informl informd idxusage rename=(type=itype));
MPRINT(EMADVISECOLUMNS):   if itype = 1 then type = 'N';
MPRINT(EMADVISECOLUMNS):   else type = 'C';
MPRINT(EMADVISECOLUMNS):   if formatl > 0 then do;
MPRINT(EMADVISECOLUMNS):   if format ne '' then do;
MPRINT(EMADVISECOLUMNS):   if type='N' then format = strip(format)!!strip(put(formatl, best12.))!!'.'!!strip(put(formatd, best12.));
MPRINT(EMADVISECOLUMNS):   else format = strip(format)!!strip(put(formatl, best12.))!!'.';
MPRINT(EMADVISECOLUMNS):   end;
MPRINT(EMADVISECOLUMNS):   else format = strip(put(formatl, best12.))!!'.'!!strip(put(formatd, best12.));
MPRINT(EMADVISECOLUMNS):   end;
MPRINT(EMADVISECOLUMNS):   else if format ne '' then format = strip(format)!!'.';
MPRINT(EMADVISECOLUMNS):   if informl > 0 then do;
MPRINT(EMADVISECOLUMNS):   if informat ne ' ' then do;
MPRINT(EMADVISECOLUMNS):   if type='N' then informat = strip(informat)!!strip(put(informl, best12.))!!'.'!!strip(put(informd, best12.));
MPRINT(EMADVISECOLUMNS):   else informat = strip(informat)!!strip(put(informl, best12.))!!'.';
MPRINT(EMADVISECOLUMNS):   end;
MPRINT(EMADVISECOLUMNS):   else informat = strip(put(informl, best12.))!!'.'!!strip(put(informd, best12.));
MPRINT(EMADVISECOLUMNS):   end;
MPRINT(EMADVISECOLUMNS):   else if informat ne '' then informat = strip(informat)!!'.';
MPRINT(EMADVISECOLUMNS):   if idxusage = 'NONE' then index ="N";
MPRINT(EMADVISECOLUMNS):   else index = "Y";
MPRINT(EMADVISECOLUMNS):   indextype = idxusage;
MPRINT(EMADVISECOLUMNS):   drop idxusage itype formatl formatd informl informd;
MPRINT(EMADVISECOLUMNS):   run;
MPRINT(EMADVISECOLUMNS):    data WORK.M2BUXKNU;
MPRINT(EMADVISECOLUMNS):   length UNAME $64;
MPRINT(EMADVISECOLUMNS):   set WORK.M2BUXKNU;
MPRINT(EMADVISECOLUMNS):   UNAME = upcase(NAME);
MPRINT(EMADVISECOLUMNS):   run;
MPRINT(EMADVISECOLUMNS):    proc sort data=WORK.M18TIWGH NOTHREADS;
MPRINT(EMADVISECOLUMNS):   by UNAME;
MPRINT(EMADVISECOLUMNS):   run;
MPRINT(EMADVISECOLUMNS):    data WORK.M18TIWGH;
MPRINT(EMADVISECOLUMNS):   drop UNAME;
MPRINT(EMADVISECOLUMNS):   set WORK.M18TIWGH;
MPRINT(EMADVISECOLUMNS):   run;
MPRINT(EMADVISECOLUMNS):    data WORK.M0L3RXB7(keep=NAME ATTR);
MPRINT(EMADVISECOLUMNS):   length ATTR $ 20;
MPRINT(EMADVISECOLUMNS):   set WORK.M18TIWGH;
MPRINT(EMADVISECOLUMNS):   if level ne "INTERVAL" then do;
MPRINT(EMADVISECOLUMNS):   if order = ' ' then do;
MPRINT(EMADVISECOLUMNS):   attr = 'ORDER';
MPRINT(EMADVISECOLUMNS):   output;
MPRINT(EMADVISECOLUMNS):   end;
MPRINT(EMADVISECOLUMNS):   end;
MPRINT(EMADVISECOLUMNS):   if format ne ' ' and formattype = ' ' then do;
MPRINT(EMADVISECOLUMNS):   attr = 'FORMATTYPE';
MPRINT(EMADVISECOLUMNS):   output;
MPRINT(EMADVISECOLUMNS):   end;
MPRINT(EMADVISECOLUMNS):   if role = ' ' then do;
MPRINT(EMADVISECOLUMNS):   attr = 'ROLE';
MPRINT(EMADVISECOLUMNS):   output;
MPRINT(EMADVISECOLUMNS):   end;
MPRINT(EMADVISECOLUMNS):   if level = ' ' then do;
MPRINT(EMADVISECOLUMNS):   attr = 'LEVEL';
MPRINT(EMADVISECOLUMNS):   output;
MPRINT(EMADVISECOLUMNS):   end;
MPRINT(EMADVISECOLUMNS):   if type = ' ' then do;
MPRINT(EMADVISECOLUMNS):   attr = 'TYPE';
MPRINT(EMADVISECOLUMNS):   output;
MPRINT(EMADVISECOLUMNS):   end;
MPRINT(EMADVISECOLUMNS):   if index = ' ' then do;
MPRINT(EMADVISECOLUMNS):   attr = 'INDEX';
MPRINT(EMADVISECOLUMNS):   output;
MPRINT(EMADVISECOLUMNS):   end;
MPRINT(EMADVISECOLUMNS):   if report = ' ' then do;
MPRINT(EMADVISECOLUMNS):   attr = 'REPORT';
MPRINT(EMADVISECOLUMNS):   output;
MPRINT(EMADVISECOLUMNS):   end;
MPRINT(EMADVISECOLUMNS):   run;
MPRINT(EMADVISECOLUMNS):   proc sort NOTHREADS;
MPRINT(EMADVISECOLUMNS):   by attr;
MPRINT(EMADVISECOLUMNS):   run;
MPRINT(EMADVISECOLUMNS):    data WORK.M18TIWGH;
MPRINT(EMADVISECOLUMNS):   length NAME $64 ROLE $ 32 LEVEL $ 10 ORDER $ 8 CREATOR $32 FORMATTYPE $ 10 FAMILY $ 10 LOWERLIMIT 8 UPPERLIMIT 8 REPORT $1 DISTRIBUTION $ 20 COMMENT $64;
MPRINT(EMADVISECOLUMNS):   length levelAssigned 8 roleAssigned 8 PRICE 8;
MPRINT(EMADVISECOLUMNS):   set WORK.M18TIWGH;
MPRINT(EMADVISECOLUMNS):   if formattype = ' ' then do;
MPRINT(EMADVISECOLUMNS):   if format ne ' ' then do;
MPRINT(EMADVISECOLUMNS):   if type = 'N' then do;
MPRINT(EMADVISECOLUMNS):   pos = indexc(format,'.1234567890');
MPRINT(EMADVISECOLUMNS):   if pos > 1 then tempfmt = substr(format,1, pos-1);
MPRINT(EMADVISECOLUMNS):   else tempfmt = ' ';
MPRINT(EMADVISECOLUMNS):   flen = length(tempfmt);
MPRINT(EMADVISECOLUMNS):   select;
MPRINT(EMADVISECOLUMNS):   when(tempfmt in ("DATE" "DAY" "DDMMYY" "DOWNAME" "JULDAY" "JULIAN" "MMDDYY" "MMDDYYD" "MMDDYYC" "MMDDYYN" "MMDDYYP" "MMDDYYS" "MONNAME" "MONTH" "MONYY" "NENGO" "QTR" "QTRR" "WEEKDATE" "WEEKDATX" "WEEKDAY" "WORDDATE" "WORDDATX" 
"YEAR" "YYMMDD" "YYMON" "YYMMDDC" "YYMMDDD" "YYMMDDN" "YYMMDDP" "YYMMDDS" "EURDFDE" "NJDATE" "NLDATE" "EURDFDD" "EURDFDWN" "EURDFMN" "EURDFMY" "EURDFWK" "EURDFWKX" "EURDFWDX" "EURDFDN" "EURDFDE" )) formattype = 'DATE';
MPRINT(EMADVISECOLUMNS):   when(tempfmt in ("DATETIME" "EURDFDT" "TOD" )) formattype = "DATETIME";
MPRINT(EMADVISECOLUMNS):   when(tempfmt in ("HHMM" "HOUR" "MMSS" "TIME" "TIMEAMPM" )) formattype = "TIME";
MPRINT(EMADVISECOLUMNS):   when(tempfmt in ("COMMA" "COMMAX" "DOLLAR" "DOLLARX" "E" "FRACT" "NEGPAREN" "PERCENT")) formattype="QUANTITY";
MPRINT(EMADVISECOLUMNS):   when(tempfmt in ("BINARY" "HEX" "IB" "OCTAL" "PD" "PIB" "PK" "RB" "SSN" "Z" "ZD")) formattype = "CODING";
MPRINT(EMADVISECOLUMNS):   otherwise do;
MPRINT(EMADVISECOLUMNS):   formattype = "USER";
MPRINT(EMADVISECOLUMNS):   if compress(tempfmt, '0123456789.', '') = '' then formattype='NUM';
MPRINT(EMADVISECOLUMNS):   else if substr(tempfmt, 1, 6)='NLDATE' then formattype = "DATE";
MPRINT(EMADVISECOLUMNS):   else if substr(tempfmt, 1, 6)='NLDATM' then formattype = "DATETIME";
MPRINT(EMADVISECOLUMNS):   else if substr(tempfmt, 1, 4)='NLTIM' then formattype = "TIME";
MPRINT(EMADVISECOLUMNS):   else if flen >= 4 then do;
MPRINT(EMADVISECOLUMNS):   str = substr(tempfmt,1,4);
MPRINT(EMADVISECOLUMNS):   if str in ("MMYY" "YYMM" "YYQR") then formattype ="DATE";
MPRINT(EMADVISECOLUMNS):   else if str = "S370" then formattype = "CODING";
MPRINT(EMADVISECOLUMNS):   else if str = "BEST" then formattype = "NUM";
MPRINT(EMADVISECOLUMNS):   drop str;
MPRINT(EMADVISECOLUMNS):   end;
MPRINT(EMADVISECOLUMNS):   else if flen >=3 and substr(tempfmt,1,3) = "YYQ" then formatType = "DATE";
MPRINT(EMADVISECOLUMNS):   end;
MPRINT(EMADVISECOLUMNS):   end;
MPRINT(EMADVISECOLUMNS):   drop flen tempfmt pos;
MPRINT(EMADVISECOLUMNS):   end;
MPRINT(EMADVISECOLUMNS):   else do;
MPRINT(EMADVISECOLUMNS):   formatType = "CATEGORY";
MPRINT(EMADVISECOLUMNS):   end;
MPRINT(EMADVISECOLUMNS):   end;
MPRINT(EMADVISECOLUMNS):   if formatType = "NUM" then do;
MPRINT(EMADVISECOLUMNS):   if index = "Y" then formatType = "DISCRETE";
MPRINT(EMADVISECOLUMNS):   else formatType = "QUANTITY";
MPRINT(EMADVISECOLUMNS):   end;
MPRINT(EMADVISECOLUMNS):   end;
MPRINT(EMADVISECOLUMNS):   if level = ' ' then do;
MPRINT(EMADVISECOLUMNS):   if formatType in ("CATEGORY", "CODING", "ID") or type = "C" then level = "NOMINAL";
MPRINT(EMADVISECOLUMNS):   else level = "INTERVAL";
MPRINT(EMADVISECOLUMNS):   levelAssigned = 1;
MPRINT(EMADVISECOLUMNS):   end;
MPRINT(EMADVISECOLUMNS):   else level = upcase(level);
MPRINT(EMADVISECOLUMNS):   if role = ' ' then do;
MPRINT(EMADVISECOLUMNS):   length name_prefix $8 _uname $64;
MPRINT(EMADVISECOLUMNS):   drop name_prefix _uname _freqflag;
MPRINT(EMADVISECOLUMNS):   retain _freqflag;
MPRINT(EMADVISECOLUMNS):   if LENGTH> 80 then ROLE = 'TEXT';
MPRINT(EMADVISECOLUMNS):   _uname = upcase(NAME);
MPRINT(EMADVISECOLUMNS):   select(_uname);
MPRINT(EMADVISECOLUMNS):   when('_PARTIND_') do;
MPRINT(EMADVISECOLUMNS):   ROLE = 'ID';
MPRINT(EMADVISECOLUMNS):   LEVEL = 'NOMINAL';
MPRINT(EMADVISECOLUMNS):   end;
MPRINT(EMADVISECOLUMNS):   when('_WARN_') ROLE = 'ASSESS';
MPRINT(EMADVISECOLUMNS):   when('EM_SEGMENT') do;
MPRINT(EMADVISECOLUMNS):   ROLE = 'SEGMENT';
MPRINT(EMADVISECOLUMNS):   LEVEL = 'NOMINAL';
MPRINT(EMADVISECOLUMNS):   end;
MPRINT(EMADVISECOLUMNS):   when('_NODE_') do;
MPRINT(EMADVISECOLUMNS):   ROLE = 'SEGMENT';
MPRINT(EMADVISECOLUMNS):   LEVEL = 'NOMINAL';
MPRINT(EMADVISECOLUMNS):   end;
MPRINT(EMADVISECOLUMNS):   when('EM_CLASSTARGET') ROLE = 'ASSESS';
MPRINT(EMADVISECOLUMNS):   when('EM_VALUETARGET') ROLE = 'ASSESS';
MPRINT(EMADVISECOLUMNS):   when('EM_PREDICTION') ROLE = 'PREDICT';
MPRINT(EMADVISECOLUMNS):   when('EM_PROBABILITY') ROLE = 'PREDICT';
MPRINT(EMADVISECOLUMNS):   when('EM_EVENTPROBABILITY') ROLE = 'PREDICT';
MPRINT(EMADVISECOLUMNS):   when('EM_CLASSIFICATION') ROLE = 'CLASSIFICATION';
MPRINT(EMADVISECOLUMNS):   when('EM_DECISION') ROLE = 'DECISION';
MPRINT(EMADVISECOLUMNS):   when('EM_PROFIT') ROLE = 'ASSESS';
MPRINT(EMADVISECOLUMNS):   when('EM_LOSS') ROLE = 'ASSESS';
MPRINT(EMADVISECOLUMNS):   when('EM_ROI') ROLE = 'ASSESS';
MPRINT(EMADVISECOLUMNS):   when('URI') ROLE = 'URL';
MPRINT(EMADVISECOLUMNS):   when('FILTERED') ROLE = 'TEXTLOC';
MPRINT(EMADVISECOLUMNS):   otherwise do;
MPRINT(EMADVISECOLUMNS):   if upcase(NAME) =: 'ZIP' then do;
MPRINT(EMADVISECOLUMNS):   ROLE = 'REJECTED';
MPRINT(EMADVISECOLUMNS):   LEVEL = 'NOMINAL';
MPRINT(EMADVISECOLUMNS):   COMMENT = 'Rejected by: Exceed the maximum class level of %s';
MPRINT(EMADVISECOLUMNS):   end;
MPRINT(EMADVISECOLUMNS):   else if upcase(NAME) in('FREQ', 'FREQUENCY') then do;
MPRINT(EMADVISECOLUMNS):   ROLE = 'FREQ';
MPRINT(EMADVISECOLUMNS):   if TYPE = 'C' then ROLE = 'INPUT';
MPRINT(EMADVISECOLUMNS):   else if _freqflag =1 then ROLE='REJECTED';
MPRINT(EMADVISECOLUMNS):   end;
MPRINT(EMADVISECOLUMNS):   else do;
MPRINT(EMADVISECOLUMNS):   name_prefix = scan(_uname, 1, '_');
MPRINT(EMADVISECOLUMNS):   if scan(_uname, 2, '_') = '' then name_prefix='';
MPRINT(EMADVISECOLUMNS):   if name_prefix in('F', 'I', 'U') then do;
MPRINT(EMADVISECOLUMNS):   ROLE = 'CLASSIFICATION';
MPRINT(EMADVISECOLUMNS):   LEVEL = 'NOMINAL';
MPRINT(EMADVISECOLUMNS):   end;
MPRINT(EMADVISECOLUMNS):   else if name_prefix in('Q') then ROLE = 'ASSESS';
MPRINT(EMADVISECOLUMNS):   else if name_prefix in('P', 'V') then ROLE = 'PREDICT';
MPRINT(EMADVISECOLUMNS):   else if name_prefix in('R', 'RS', 'RT', 'RD', 'RDS', 'RDT', 'RA', 'RAS', 'RAT') then ROLE = 'RESIDUAL';
MPRINT(EMADVISECOLUMNS):   else if name_prefix ='D' then do;
MPRINT(EMADVISECOLUMNS):   ROLE = 'DECISION';
MPRINT(EMADVISECOLUMNS):   LEVEL = 'NOMINAL';
MPRINT(EMADVISECOLUMNS):   end;
MPRINT(EMADVISECOLUMNS):   else if name_prefix ='B' then do;
MPRINT(EMADVISECOLUMNS):   ROLE = 'SEGMENT';
MPRINT(EMADVISECOLUMNS):   LEVEL = 'NOMINAL';
MPRINT(EMADVISECOLUMNS):   end;
MPRINT(EMADVISECOLUMNS):   else if name_prefix in('EP', 'BP', 'CP', 'EL', 'CL', 'BL', 'ROI', 'IC') then ROLE = 'ASSESS';
MPRINT(EMADVISECOLUMNS):   else do;
MPRINT(EMADVISECOLUMNS):   array _ROLE_ (19) $32 _TEMPORARY_ ('ASSESS','CLASSIFICATION','CENSOR', 'COST', 'CROSSID', 'DECISION', 'ID','INPUT', 'LABEL', 'MISSING','PREDICT','REFERRER','REJECTED', 'RESIDUAL','SEGMENT', 'SEQUENCE','TARGET', 'TEXT', 'TIMEID');
MPRINT(EMADVISECOLUMNS):   drop _found_ i;
MPRINT(EMADVISECOLUMNS):   _found_=0;
MPRINT(EMADVISECOLUMNS):   do i=1 to 19 until(_found_=1);
MPRINT(EMADVISECOLUMNS):   if index(_uname, trim(_ROLE_{i}))=1 then do;
MPRINT(EMADVISECOLUMNS):   ROLE=_ROLE_{i};
MPRINT(EMADVISECOLUMNS):   if ROLE = 'ID' then LEVEL = 'NOMINAL';
MPRINT(EMADVISECOLUMNS):   else if ROLE = 'SEGMENT' then LEVEL = 'NOMINAL';
MPRINT(EMADVISECOLUMNS):   else if ROLE = 'TIMEID' and TYPE='N' then LEVEL = 'INTERVAL';
MPRINT(EMADVISECOLUMNS):   _found_=1;
MPRINT(EMADVISECOLUMNS):   end;
MPRINT(EMADVISECOLUMNS):   end;
MPRINT(EMADVISECOLUMNS):   if length(_uname)>2 then do;
MPRINT(EMADVISECOLUMNS):   if substr(reverse(trim(_uname)), 1, 3) = 'DI_' then do;
MPRINT(EMADVISECOLUMNS):   ROLE = 'ID';
MPRINT(EMADVISECOLUMNS):   LEVEL = 'NOMINAL';
MPRINT(EMADVISECOLUMNS):   end;
MPRINT(EMADVISECOLUMNS):   end;
MPRINT(EMADVISECOLUMNS):   end;
MPRINT(EMADVISECOLUMNS):   end;
MPRINT(EMADVISECOLUMNS):   end;
MPRINT(EMADVISECOLUMNS):   end;
MPRINT(EMADVISECOLUMNS):   if ROLE='FREQ' then _freqflag=1;
MPRINT(EMADVISECOLUMNS):   else if ROLE = 'CLASSIFICATION' then LEVEL = 'NOMINAL';
MPRINT(EMADVISECOLUMNS):   if symexist('RATEMKG_ROLE') then do;
MPRINT(EMADVISECOLUMNS):   if upcase(symget('RATEMKG_ROLE')) in('Y', 'YES') then do;
MPRINT(EMADVISECOLUMNS):   if _uname =: 'POLICY' then ROLE = 'POLICYID';
MPRINT(EMADVISECOLUMNS):   else if _uname in ('PARTITION', '_PARTIND_') then ROLE = 'PARTITION';
MPRINT(EMADVISECOLUMNS):   else if type = 'N' then do;
MPRINT(EMADVISECOLUMNS):   if _uname = 'EXPOSURE' then ROLE = 'EXPOSURE';
MPRINT(EMADVISECOLUMNS):   else if _uname = 'YEAR' then ROLE = 'YEAR';
MPRINT(EMADVISECOLUMNS):   else if _uname = 'WEIGHT' then ROLE = 'WEIGHT';
MPRINT(EMADVISECOLUMNS):   else if _uname = 'OFFSET' then ROLE = 'OFFSET';
MPRINT(EMADVISECOLUMNS):   end;
MPRINT(EMADVISECOLUMNS):   end;
MPRINT(EMADVISECOLUMNS):   end;
MPRINT(EMADVISECOLUMNS):   end;
MPRINT(EMADVISECOLUMNS):   if role = ' ' then do;
MPRINT(EMADVISECOLUMNS):   if formattype in('DATE', 'DATETIME', 'TIME') then role = 'TIMEID';
MPRINT(EMADVISECOLUMNS):   else role = 'INPUT';
MPRINT(EMADVISECOLUMNS):   roleAssigned = 1;
MPRINT(EMADVISECOLUMNS):   end;
MPRINT(EMADVISECOLUMNS):   else role = upcase(role);
MPRINT(EMADVISECOLUMNS):   if REPORT = '' then REPORT = 'N';
MPRINT(EMADVISECOLUMNS):   if symexist('dmwb_product') then do;
MPRINT(EMADVISECOLUMNS):   if upcase(symget('dmwb_product')) = 'FACTORYMINER_DATASOURCE' then do;
MPRINT(EMADVISECOLUMNS):   if ROLE ^in('INPUT', 'TARGET', 'REJECTED', 'SEGMENT', 'FREQ', 'ID', 'KEY') then ROLE='REJECTED';
MPRINT(EMADVISECOLUMNS):   end;
MPRINT(EMADVISECOLUMNS):   end;
MPRINT(EMADVISECOLUMNS):   run;
MPRINT(EMADVISECOLUMNS):    data WORK.M18TIWGH;
MPRINT(EMADVISECOLUMNS):   set WORK.M18TIWGH;
MPRINT(EMADVISECOLUMNS):   label NAME = "Variable Name" TYPE = "Type" ROLE = "Role" LEVEL= "Measurement Level" ORDER= "Order" CREATOR= "Creator" FORMATTYPE= "Format Type" FAMILY= "Family" DISTRIBUTION= "Distribution" PRICE= "Price" LOWERLIMIT= "Lower 
limit" UPPERLIMIT= "Upper Limit" REPORT= "Report" COMMENT= "Comment" INDEX= "Index" INDEXTYPE= "IndexType" LABEL= "Label" LENGTH= "Length";
MPRINT(EMADVISECOLUMNS):   drop levelAssigned roleAssigned;
MPRINT(EMADVISECOLUMNS):   run;
MPRINT(EMADVISECOLUMNS):   
MPRINT(EM_DIAGRAM):  ;
MPRINT(EM_DIAGRAM):   proc sort data=WORK.COLUMNMETA;
MPRINT(EM_DIAGRAM):   by NAME;
MPRINT(EM_DIAGRAM):   run;
MPRINT(EM_DIAGRAM):   *------------------------------------------------------------*;
MPRINT(EM_DIAGRAM):   * &nodeid: Merge incoming metadata;
MPRINT(EM_DIAGRAM):   *------------------------------------------------------------*;
MPRINT(EM_DIAGRAM):   proc contents data=EMWS1.Part2_TRAIN noprint out=_temp2(keep=NAME);
MPRINT(EM_DIAGRAM):   run;
MPRINT(EM_DIAGRAM):   proc sort data=_temp2;
MPRINT(EM_DIAGRAM):   by NAME;
MPRINT(EM_DIAGRAM):   run;
MPRINT(EM_DIAGRAM):   proc sort data=EMWS1.Part2_CMeta_TRAIN out=_temp;
MPRINT(EM_DIAGRAM):   by NAME;
MPRINT(EM_DIAGRAM):   run;
MPRINT(EM_DIAGRAM):   data EMWS1.Tree5_CMeta_TRAIN;
MPRINT(EM_DIAGRAM):   merge WORK.COLUMNMETA(in=_a) _temp2(in=_b) _temp(drop=FORMAT INFORMAT LENGTH INDEX INDEXTYPE in=_c) end=_eof_;
MPRINT(EM_DIAGRAM):   by NAME;
MPRINT(EM_DIAGRAM):   if (^_a and _b) or (^_c and _a and _b) then delete;
MPRINT(EM_DIAGRAM):   if ^_b then CREATOR = "Tree5";
MPRINT(EM_DIAGRAM):   length model $200;
MPRINT(EM_DIAGRAM):   label MODEL = "Model Node";
MPRINT(EM_DIAGRAM):   select(upcase(name));
MPRINT(EM_DIAGRAM):   when("DIAGNOSIS") model = "Tree5";
MPRINT(EM_DIAGRAM):   when('');
MPRINT(EM_DIAGRAM):   otherwise;
MPRINT(EM_DIAGRAM):   end;
MPRINT(EM_DIAGRAM):   *------------------------------------------------------------*;
MPRINT(EM_DIAGRAM):   * Tree5: Apply Delta Code;
MPRINT(EM_DIAGRAM):   *------------------------------------------------------------*;
MPRINT(EM_DIAGRAM):   if upcase(NAME) = "AREA_SE" then do;
MPRINT(EM_DIAGRAM):   ROLE = "REJECTED";
MPRINT(EM_DIAGRAM):   end;
MPRINT(EM_DIAGRAM):   else if upcase(NAME) = "AREA_WORST" then do;
MPRINT(EM_DIAGRAM):   ROLE = "REJECTED";
MPRINT(EM_DIAGRAM):   end;
MPRINT(EM_DIAGRAM):   else if upcase(NAME) = "COMPACTNESS_MEAN" then do;
MPRINT(EM_DIAGRAM):   ROLE = "REJECTED";
MPRINT(EM_DIAGRAM):   end;
MPRINT(EM_DIAGRAM):   else if upcase(NAME) = "COMPACTNESS_SE" then do;
MPRINT(EM_DIAGRAM):   ROLE = "REJECTED";
MPRINT(EM_DIAGRAM):   end;
MPRINT(EM_DIAGRAM):   else if upcase(NAME) = "COMPACTNESS_WORST" then do;
MPRINT(EM_DIAGRAM):   ROLE = "REJECTED";
MPRINT(EM_DIAGRAM):   end;
MPRINT(EM_DIAGRAM):   else if upcase(NAME) = "CONCAVE_POINTS_MEAN" then do;
MPRINT(EM_DIAGRAM):   ROLE = "REJECTED";
MPRINT(EM_DIAGRAM):   end;
MPRINT(EM_DIAGRAM):   else if upcase(NAME) = "CONCAVE_POINTS_SE" then do;
MPRINT(EM_DIAGRAM):   ROLE = "REJECTED";
MPRINT(EM_DIAGRAM):   end;
MPRINT(EM_DIAGRAM):   else if upcase(NAME) = "CONCAVITY_MEAN" then do;
MPRINT(EM_DIAGRAM):   ROLE = "REJECTED";
MPRINT(EM_DIAGRAM):   end;
MPRINT(EM_DIAGRAM):   else if upcase(NAME) = "CONCAVITY_SE" then do;
MPRINT(EM_DIAGRAM):   ROLE = "REJECTED";
MPRINT(EM_DIAGRAM):   end;
MPRINT(EM_DIAGRAM):   else if upcase(NAME) = "CONCAVITY_WORST" then do;
MPRINT(EM_DIAGRAM):   ROLE = "REJECTED";
MPRINT(EM_DIAGRAM):   end;
MPRINT(EM_DIAGRAM):   else if upcase(NAME) = "FRACTAL_DIMENSION_MEAN" then do;
MPRINT(EM_DIAGRAM):   ROLE = "REJECTED";
MPRINT(EM_DIAGRAM):   end;
MPRINT(EM_DIAGRAM):   else if upcase(NAME) = "FRACTAL_DIMENSION_SE" then do;
MPRINT(EM_DIAGRAM):   ROLE = "REJECTED";
MPRINT(EM_DIAGRAM):   end;
MPRINT(EM_DIAGRAM):   else if upcase(NAME) = "FRACTAL_DIMENSION_WORST" then do;
MPRINT(EM_DIAGRAM):   ROLE = "REJECTED";
MPRINT(EM_DIAGRAM):   end;
MPRINT(EM_DIAGRAM):   else if upcase(NAME) = "PERIMETER_MEAN" then do;
MPRINT(EM_DIAGRAM):   ROLE = "REJECTED";
MPRINT(EM_DIAGRAM):   end;
MPRINT(EM_DIAGRAM):   else if upcase(NAME) = "PERIMETER_SE" then do;
MPRINT(EM_DIAGRAM):   ROLE = "REJECTED";
MPRINT(EM_DIAGRAM):   end;
MPRINT(EM_DIAGRAM):   else if upcase(NAME) = "Q_DIAGNOSISB" then do;
MPRINT(EM_DIAGRAM):   ROLE = "ASSESS";
MPRINT(EM_DIAGRAM):   end;
MPRINT(EM_DIAGRAM):   else if upcase(NAME) = "Q_DIAGNOSISM" then do;
MPRINT(EM_DIAGRAM):   ROLE = "ASSESS";
MPRINT(EM_DIAGRAM):   end;
MPRINT(EM_DIAGRAM):   else if upcase(NAME) = "RADIUS_MEAN" then do;
MPRINT(EM_DIAGRAM):   ROLE = "REJECTED";
MPRINT(EM_DIAGRAM):   end;
MPRINT(EM_DIAGRAM):   else if upcase(NAME) = "RADIUS_SE" then do;
MPRINT(EM_DIAGRAM):   ROLE = "REJECTED";
MPRINT(EM_DIAGRAM):   end;
MPRINT(EM_DIAGRAM):   else if upcase(NAME) = "RADIUS_WORST" then do;
MPRINT(EM_DIAGRAM):   ROLE = "REJECTED";
MPRINT(EM_DIAGRAM):   end;
MPRINT(EM_DIAGRAM):   else if upcase(NAME) = "SMOOTHNESS_MEAN" then do;
MPRINT(EM_DIAGRAM):   ROLE = "REJECTED";
MPRINT(EM_DIAGRAM):   end;
MPRINT(EM_DIAGRAM):   else if upcase(NAME) = "SMOOTHNESS_SE" then do;
MPRINT(EM_DIAGRAM):   ROLE = "REJECTED";
MPRINT(EM_DIAGRAM):   end;
MPRINT(EM_DIAGRAM):   else if upcase(NAME) = "SMOOTHNESS_WORST" then do;
MPRINT(EM_DIAGRAM):   ROLE = "REJECTED";
MPRINT(EM_DIAGRAM):   end;
MPRINT(EM_DIAGRAM):   else if upcase(NAME) = "SYMMETRY_MEAN" then do;
MPRINT(EM_DIAGRAM):   ROLE = "REJECTED";
MPRINT(EM_DIAGRAM):   end;
MPRINT(EM_DIAGRAM):   else if upcase(NAME) = "SYMMETRY_SE" then do;
MPRINT(EM_DIAGRAM):   ROLE = "REJECTED";
MPRINT(EM_DIAGRAM):   end;
MPRINT(EM_DIAGRAM):   else if upcase(NAME) = "SYMMETRY_WORST" then do;
MPRINT(EM_DIAGRAM):   ROLE = "REJECTED";
MPRINT(EM_DIAGRAM):   end;
MPRINT(EM_DIAGRAM):   else if upcase(NAME) = "_NODE_" then do;
MPRINT(EM_DIAGRAM):   ROLE = "SEGMENT";
MPRINT(EM_DIAGRAM):   LEVEL = "NOMINAL";
MPRINT(EM_DIAGRAM):   end;
MPRINT(EM_DIAGRAM):   run;
MPRINT(EM_DIAGRAM):   filename _delta;
90317      data EMWS1.Tree5_EMINFO;
MPRINT(EM_DIAGRAM):    data EMWS1.Tree5_EMINFO;
90318      length TARGET KEY $32 DATA $43;
MPRINT(EM_DIAGRAM):   length TARGET KEY $32 DATA $43;
90319      input TARGET KEY DATA $;
MPRINT(EM_DIAGRAM):   input TARGET KEY DATA $;
90320      cards;
MPRINT(EM_DIAGRAM):   cards;

NOTE: The data set EMWS1.TREE5_EMINFO has 3 observations and 3 variables.
NOTE: DATA statement used (Total process time):
      real time           0.01 seconds
      cpu time            0.01 seconds
      

MPRINT(EM_DIAGRAM):   run;
90324      run;
90325      proc sort data = EMWS1.Tree5_EMINFO NOTHREADS;
MPRINT(EM_DIAGRAM):   proc sort data = EMWS1.Tree5_EMINFO NOTHREADS;
90326      by TARGET KEY;
MPRINT(EM_DIAGRAM):   by TARGET KEY;
90327      run;
MPRINT(EM_DIAGRAM):   run;

NOTE: There were 3 observations read from the data set EMWS1.TREE5_EMINFO.
NOTE: The data set EMWS1.TREE5_EMINFO has 3 observations and 3 variables.
NOTE: PROCEDURE SORT used (Total process time):
      real time           0.03 seconds
      cpu time            0.00 seconds
      

NOTE: View EMWS1.TREE5_TRAIN.VIEW used (Total process time):
      real time           0.05 seconds
      cpu time            0.04 seconds
      
NOTE: View EMWS1.TREE5_VALIDATE.VIEW used (Total process time):
      real time           0.02 seconds
      cpu time            0.01 seconds
      
MPRINT(EM_DIAGRAM):    proc printto;
MPRINT(EM_DIAGRAM):   run;
