MPRINT(EM_DIAGRAM):    data _null_;
MPRINT(EM_DIAGRAM):   call symput('NLDATE', strip(put(date(), NLDATE.)));
MPRINT(EM_DIAGRAM):   call symput('NLTIME', strip(put(datetime(), NLTIME.)));
MPRINT(EM_DIAGRAM):   run;
MPRINT(EM_DIAGRAM):   data _null_;
MPRINT(EM_DIAGRAM):   nldate= sasmsg("sashelp.dmine", "log_date_note", 'N', "October 03, 2026" );
MPRINT(EM_DIAGRAM):   nltime= sasmsg("sashelp.dmine", "log_time_note", 'N', "18:25:57" );
MPRINT(EM_DIAGRAM):   put "*------------------------------------------------------------*";
MPRINT(EM_DIAGRAM):   put "* Training Log";
MPRINT(EM_DIAGRAM):   put nldate;
MPRINT(EM_DIAGRAM):   put nltime;
MPRINT(EM_DIAGRAM):   put "*------------------------------------------------------------*";
MPRINT(EM_DIAGRAM):   run;
*------------------------------------------------------------*
* Training Log
Date:                October 03, 2026
Time:                18:25:57
*------------------------------------------------------------*
MPRINT(EM_DIAGRAM):    filename O3103GUZ "C:\Users\student\OneDrive - Bryant University\Documents\GitHub\Projects_in_R\Assignments\Assignment 3\Workspaces\EMWS1\Tree5\EMTRAIN.out" encoding="UTF-8" NOBOM;
MPRINT(EM_DIAGRAM):   proc printto print=O3103GUZ new;
MPRINT(EM_DIAGRAM):   run;
MPRINT(EM_DIAGRAM):    filename _LOG "C:\Users\student\OneDrive - Bryant University\Documents\GitHub\Projects_in_R\Assignments\Assignment 3\Workspaces\EMWS1\Tree5\EMLOG.log" encoding="UTF-8" NOBOM;
MPRINT(EM_DIAGRAM):    data _null_;
MPRINT(EM_DIAGRAM):   call symput('NLDATE', strip(put(date(), NLDATE.)));
MPRINT(EM_DIAGRAM):   call symput('NLTIME', strip(put(datetime(), NLTIME.)));
MPRINT(EM_DIAGRAM):   run;
MPRINT(EM_DIAGRAM):   data _null_;
MPRINT(EM_DIAGRAM):   nldate= sasmsg("sashelp.dmine", "log_date_note", 'N', "October 03, 2026" );
MPRINT(EM_DIAGRAM):   nltime= sasmsg("sashelp.dmine", "log_time_note", 'N', "18:25:57" );
MPRINT(EM_DIAGRAM):   file _LOG;
MPRINT(EM_DIAGRAM):   put "*------------------------------------------------------------*";
MPRINT(EM_DIAGRAM):   put "User:                student";
MPRINT(EM_DIAGRAM):   put nldate;
MPRINT(EM_DIAGRAM):   put nltime;
MPRINT(EM_DIAGRAM):   put "Site:                70082322";
MPRINT(EM_DIAGRAM):   put "Platform:            X64_10PRO";
MPRINT(EM_DIAGRAM):   put "Maintenance Release: 9.04.01M7P080520";
MPRINT(EM_DIAGRAM):   put "EM Version:          15.2";
MPRINT(EM_DIAGRAM):   put "* ";
MPRINT(EM_DIAGRAM):   run;
MPRINT(EM_DIAGRAM):    filename _LOGIN "C:\Users\student\OneDrive - Bryant University\Documents\GitHub\Projects_in_R\Assignments\Assignment 3\Workspaces\EMWS1\Tree5\EMTRAIN.log" encoding="UTF-8" NOBOM;
MPRINT(EM_COPYFILE):   data _null_;
MPRINT(EM_COPYFILE):   length line $20000;
MPRINT(EM_COPYFILE):   file _LOG MOD lrecl=20000;
MPRINT(EM_COPYFILE):   fid=fopen("_LOGIN",'i',20000,'v');
MPRINT(EM_COPYFILE):   if fid > 0 then do;
MPRINT(EM_COPYFILE):   do while(^fread(fid));
MPRINT(EM_COPYFILE):   rlen = frlen(fid);
MPRINT(EM_COPYFILE):   rc= fget(fid,line,20000);
MPRINT(EM_COPYFILE):   start = length(line)-length(left(line))+1;
MPRINT(EM_COPYFILE):   line=strip(line);
MPRINT(EM_COPYFILE):   put @start line;
MPRINT(EM_COPYFILE):   end;
MPRINT(EM_COPYFILE):   if fid > 0 then rc=fclose(fid);
MPRINT(EM_COPYFILE):   end;
MPRINT(EM_COPYFILE):   run;
MPRINT(EM_DIAGRAM):  ;
MPRINT(EM_DIAGRAM):   filename _LOGIN;
MPRINT(EM_DIAGRAM):    data _null_;
MPRINT(EM_DIAGRAM):   file _LOG mod;
MPRINT(EM_DIAGRAM):   put _page_;
MPRINT(EM_DIAGRAM):   run;
MPRINT(EM_DIAGRAM):   filename _LOGIN "C:\Users\student\OneDrive - Bryant University\Documents\GitHub\Projects_in_R\Assignments\Assignment 3\Workspaces\EMWS1\Tree5\EMSCORE.log" encoding="UTF-8" NOBOM;
MPRINT(EM_DIAGRAM):  ;
MPRINT(EM_DIAGRAM):   data _null_;
MPRINT(EM_DIAGRAM):   file _LOG mod;
MPRINT(EM_DIAGRAM):   put _page_;
MPRINT(EM_DIAGRAM):   run;
MPRINT(EM_DIAGRAM):    filename _LOGIN "C:\Users\student\OneDrive - Bryant University\Documents\GitHub\Projects_in_R\Assignments\Assignment 3\Workspaces\EMWS1\Tree5\EMREPORT.log" encoding="UTF-8" NOBOM;
MPRINT(EM_DIAGRAM):  ;
MPRINT(EM_DIAGRAM):   filename _LOGIN;
MPRINT(EM_DIAGRAM):    filename _LOG;
MPRINT(EM_DIAGRAM):    filename _OUT "C:\Users\student\OneDrive - Bryant University\Documents\GitHub\Projects_in_R\Assignments\Assignment 3\Workspaces\EMWS1\Tree5\EMOUTPUT.out" encoding="UTF-8" NOBOM;
MPRINT(EM_DIAGRAM):    data _null_;
MPRINT(EM_DIAGRAM):   call symput('NLDATE', strip(put(date(), NLDATE.)));
MPRINT(EM_DIAGRAM):   call symput('NLTIME', strip(put(datetime(), NLTIME.)));
MPRINT(EM_DIAGRAM):   run;
MPRINT(EM_DIAGRAM):   data _null_;
MPRINT(EM_DIAGRAM):   nldate= sasmsg("sashelp.dmine", "log_date_note", 'N', "October 03, 2026" );
MPRINT(EM_DIAGRAM):   nltime= sasmsg("sashelp.dmine", "log_time_note", 'N', "18:25:57" );
MPRINT(EM_DIAGRAM):   file _OUT;
MPRINT(EM_DIAGRAM):   put "*------------------------------------------------------------*";
MPRINT(EM_DIAGRAM):   put "User:                student";
MPRINT(EM_DIAGRAM):   put nldate;
MPRINT(EM_DIAGRAM):   put nltime;
MPRINT(EM_DIAGRAM):   put "*------------------------------------------------------------*";
MPRINT(EM_DIAGRAM):   put "* Training Output";
MPRINT(EM_DIAGRAM):   put "*------------------------------------------------------------*";
MPRINT(EM_DIAGRAM):   run;
MPRINT(EM_DIAGRAM):    filename _OUTIN "C:\Users\student\OneDrive - Bryant University\Documents\GitHub\Projects_in_R\Assignments\Assignment 3\Workspaces\EMWS1\Tree5\EMTRAIN.out" encoding="UTF-8" NOBOM;
MPRINT(EM_DIAGRAM):   ;
MPRINT(EM_COPYFILE):   data _null_;
MPRINT(EM_COPYFILE):   length line $20000;
MPRINT(EM_COPYFILE):   file _OUT MOD lrecl=20000;
MPRINT(EM_COPYFILE):   fid=fopen("_OUTIN",'i',20000,'v');
MPRINT(EM_COPYFILE):   if fid > 0 then do;
MPRINT(EM_COPYFILE):   do while(^fread(fid));
MPRINT(EM_COPYFILE):   rlen = frlen(fid);
MPRINT(EM_COPYFILE):   rc= fget(fid,line,20000);
MPRINT(EM_COPYFILE):   start = length(line)-length(left(line))+1;
MPRINT(EM_COPYFILE):   line=strip(line);
MPRINT(EM_COPYFILE):   put @start line;
MPRINT(EM_COPYFILE):   end;
MPRINT(EM_COPYFILE):   if fid > 0 then rc=fclose(fid);
MPRINT(EM_COPYFILE):   end;
MPRINT(EM_COPYFILE):   run;
MPRINT(EM_DIAGRAM):  ;
MPRINT(EM_DIAGRAM):   filename _OUTIN;
MPRINT(EM_DIAGRAM):    data _null_;
MPRINT(EM_DIAGRAM):   file _OUT mod;
MPRINT(EM_DIAGRAM):   put _page_;
MPRINT(EM_DIAGRAM):   put // "*------------------------------------------------------------*";
MPRINT(EM_DIAGRAM):   put "* Score Output";
MPRINT(EM_DIAGRAM):   put "*------------------------------------------------------------*";
MPRINT(EM_DIAGRAM):   run;
MPRINT(EM_DIAGRAM):    filename _OUTIN "C:\Users\student\OneDrive - Bryant University\Documents\GitHub\Projects_in_R\Assignments\Assignment 3\Workspaces\EMWS1\Tree5\EMSCORE.out" encoding="UTF-8" NOBOM;
MPRINT(EM_DIAGRAM):  ;
MPRINT(EM_DIAGRAM):   filename _OUTIN;
MPRINT(EM_DIAGRAM):    data _null_;
MPRINT(EM_DIAGRAM):   file _OUT mod;
MPRINT(EM_DIAGRAM):   put _page_;
MPRINT(EM_DIAGRAM):   put // "*------------------------------------------------------------*";
MPRINT(EM_DIAGRAM):   put "* Report Output";
MPRINT(EM_DIAGRAM):   put "*------------------------------------------------------------*";
MPRINT(EM_DIAGRAM):   run;
MPRINT(EM_DIAGRAM):    filename _OUTIN "C:\Users\student\OneDrive - Bryant University\Documents\GitHub\Projects_in_R\Assignments\Assignment 3\Workspaces\EMWS1\Tree5\EMREPORT.out" encoding="UTF-8" NOBOM;
MPRINT(EM_DIAGRAM):  ;
MPRINT(EM_DIAGRAM):   filename _OUTIN;
MPRINT(EM_DIAGRAM):    filename _OUT;
MPRINT(EM_DIAGRAM):    filename _emtool_ 'C:\Users\student\OneDrive - Bryant University\Documents\GitHub\Projects_in_R\Assignments\Assignment 3\Workspaces\EMWS1\Tree5\EMRUNSTATUS.xml' encoding="UTF-8" NOBOM;
MPRINT(EM_DIAGRAM):    filename _emtool_ 'C:\Users\student\OneDrive - Bryant University\Documents\GitHub\Projects_in_R\Assignments\Assignment 3\Workspaces\EMWS1\Tree5\EMRUNSTATUS.xml' encoding="UTF-8" NOBOM;
87217      proc freq data=EMWS1.Tree5_VariableSet noprint;
MPRINT(EM_DIAGRAM):    proc freq data=EMWS1.Tree5_VariableSet noprint;
87218      table ROLE*LEVEL/out=WORK.Tree5META;
MPRINT(EM_DIAGRAM):   table ROLE*LEVEL/out=WORK.Tree5META;
87219      run;
MPRINT(EM_DIAGRAM):   run;

NOTE: There were 33 observations read from the data set EMWS1.TREE5_VARIABLESET.
NOTE: The data set WORK.TREE5META has 5 observations and 4 variables.
NOTE: PROCEDURE FREQ used (Total process time):
      real time           0.16 seconds
      cpu time            0.00 seconds
      

87220      proc print data=WORK.Tree5META label noobs;
MPRINT(EM_DIAGRAM):   proc print data=WORK.Tree5META label noobs;
87221      var ROLE LEVEL COUNT;
MPRINT(EM_DIAGRAM):   var ROLE LEVEL COUNT;
87222      label ROLE = "%sysfunc(sasmsg(sashelp.dmine, meta_role_vlabel, NOQUOTE))" LEVEL = "%sysfunc(sasmsg(sashelp.dmine, meta_level_vlabel, NOQUOTE))" COUNT = "%sysfunc(sasmsg(sashelp.dmine, rpt_count_vlabel, NOQUOTE))";
MPRINT(EM_DIAGRAM):   label ROLE = "Role" LEVEL = "Measurement Level" COUNT = "Frequency Count";
87223      title9 ' ';
MPRINT(EM_DIAGRAM):   title9 ' ';
87224      title10 "%sysfunc(sasmsg(sashelp.dmine, rpt_varSummary_title  , NOQUOTE))";
MPRINT(EM_DIAGRAM):   title10 "Variable Summary";
MPRINT(EM_DIAGRAM):   run;
87225      run;

NOTE: There were 5 observations read from the data set WORK.TREE5META.
NOTE: The PROCEDURE PRINT printed page 34.
NOTE: PROCEDURE PRINT used (Total process time):
      real time           0.04 seconds
      cpu time            0.01 seconds
      

87226      title10;
MPRINT(EM_DIAGRAM):   title10;
87227      %let EMNORLEN = %DMNORLEN;
MPRINT(EM_DIAGRAM):   
EMWS1.Part2_TRAIN EMWS1.Part2_TRAIN 
EMWS1.Part2_TRAIN EMWS1.Part2_TRAIN EMWS1 Part2_TRAIN 
EMWS1.Part2_TRAIN EMWS1.Part2_TRAIN 
EMWS1.Part2_TRAIN EMWS1.Part2_TRAIN EMWS1 Part2_TRAIN 
MPRINT(EM_DIAGRAM):    proc dmdb data=EMWS1.Part2_TRAIN classout=WORK._DMDBCLASSTARGET(keep=NAME NRAW CRAW LEVEL FREQUENCY NMISSPERCENT);
MPRINT(EM_DIAGRAM):   class diagnosis(DESC) ;
MPRINT(EM_DIAGRAM):   run;
MPRINT(EM_DIAGRAM):    data _null_;
MPRINT(EM_DIAGRAM):   set WORK._DMDBCLASSTARGET;
MPRINT(EM_DIAGRAM):   where ^(NRAW eq . and CRAW eq '') and NAME="diagnosis";
MPRINT(EM_DIAGRAM):   if _N_=1 then call symput('_newevent', strip(LEVEL));
MPRINT(EM_DIAGRAM):   run;
MPRINT(EM_DIAGRAM):   proc sort data=WORK._DMDBCLASSTARGET out=_TEMPCLASS(keep=LEVEL FREQUENCY NMISSPERCENT rename=(LEVEL=diagnosis));
MPRINT(EM_DIAGRAM):   by LEVEL;
MPRINT(EM_DIAGRAM):   where ^(NRAW eq . and CRAW eq '') and NAME="diagnosis";
MPRINT(EM_DIAGRAM):   run;
MPRINT(EM_DIAGRAM):   data _TEMPCLASS;
MPRINT(EM_DIAGRAM):   set _TEMPCLASS;
MPRINT(EM_DIAGRAM):   NMISSPERCENT= NMISSPERCENT/100;
MPRINT(EM_DIAGRAM):   run;
>>>>>>>>>>>>>> TARGET(   USE='Y' 
                         REPORT='N' 
                         NAME='diagnosis' 
                         ROLE='TARGET' 
                         LEVEL='BINARY' 
                         ORDER='' 
                         CREATOR='' 
                         FORMATTYPE='CATEGORY' 
                         FAMILY='' 
                         LOWERLIMIT=. 
                         UPPERLIMIT=. 
                         DISTRIBUTION='' 
                         COMMENT='' 
                         PRICE=. 
                         TYPE='C' 
                         LABEL='' 
                         FORMAT='$1.' 
                         INFORMAT='$1.' 
                         INDEX='N' 
                         INDEXTYPE='NONE' 
                         LENGTH=1 
                      )[24861] 
MPRINT(EM_DIAGRAM):   
MPRINT(HPDM_GRIDSETOPTIONS):   data _null_;
MPRINT(HPDM_GRIDSETOPTIONS):   length optionString string $2000;
MPRINT(HPDM_GRIDSETOPTIONS):   optionString = reverse(getoption('SET'));
MPRINT(HPDM_GRIDSETOPTIONS):   index = index(optionString, reverse('GRIDHOST'));
MPRINT(HPDM_GRIDSETOPTIONS):   if index then do;
MPRINT(HPDM_GRIDSETOPTIONS):   string = reverse(substr(optionString, 1, index-4));
MPRINT(HPDM_GRIDSETOPTIONS):   host = '"'!!strip(tranwrd(scan(string, 1, ']'), '"', ''))!!'"';
MPRINT(HPDM_GRIDSETOPTIONS):   call symput('_HPDMGRIDHOST', strip(host));
MPRINT(HPDM_GRIDSETOPTIONS):   end;
MPRINT(HPDM_GRIDSETOPTIONS):   index = index(optionString, reverse('GRIDINSTALLLOC'));
MPRINT(HPDM_GRIDSETOPTIONS):   if index then do;
MPRINT(HPDM_GRIDSETOPTIONS):   string = reverse(substr(optionString, 1, index-4));
MPRINT(HPDM_GRIDSETOPTIONS):   install = '"'!!strip(tranwrd(scan(string, 1, ']'), '"', ''))!!'"';
MPRINT(HPDM_GRIDSETOPTIONS):   call symput('_HPDMGRIDINSTALLLOC', strip(install));
MPRINT(HPDM_GRIDSETOPTIONS):   end;
MPRINT(HPDM_GRIDSETOPTIONS):   index = index(optionString, reverse('GRIDDATASERVER'));
MPRINT(HPDM_GRIDSETOPTIONS):   if index then do;
MPRINT(HPDM_GRIDSETOPTIONS):   string = reverse(substr(optionString, 1, index-4));
MPRINT(HPDM_GRIDSETOPTIONS):   server = '"'!!strip(tranwrd(scan(string, 1, ']'), '"', ''))!!'"';
MPRINT(HPDM_GRIDSETOPTIONS):   call symput('_HPDMGRIDDATASERVER', strip(server));
MPRINT(HPDM_GRIDSETOPTIONS):   end;
MPRINT(HPDM_GRIDSETOPTIONS):   run;
MPRINT(HPDM_ISGRID):  ;
MPRINT(HPDM_PERFORMANCE):  ;
PERFORMANCE  DETAILS
MPRINT(EM_DIAGRAM):  ;
MPRINT(EM_DIAGRAM):    *------------------------------------------------------------* ;
MPRINT(EM_DIAGRAM):   * EM: DMDBClass Macro ;
MPRINT(EM_DIAGRAM):   *------------------------------------------------------------* ;
MPRINT(EM_DIAGRAM):   *------------------------------------------------------------* ;
MPRINT(EM_DIAGRAM):   * EM: DMDBVar Macro ;
MPRINT(EM_DIAGRAM):   *------------------------------------------------------------* ;
MPRINT(EM_DIAGRAM):   *------------------------------------------------------------*;
MPRINT(EM_DIAGRAM):   * EM: Create DMDB;
MPRINT(EM_DIAGRAM):   *------------------------------------------------------------*;
MPRINT(EM_DIAGRAM):   proc dmdb batch data=EMWS1.Part2_TRAIN dmdbcat=WORK.EM_DMDB maxlevel = 513 ;
MPRINT(EM_DIAGRAM):   class
MPRINT(DMDBCLASS):   diagnosis(DESC)
MPRINT(EM_DIAGRAM):  ;
MPRINT(EM_DIAGRAM):   target diagnosis ;
MPRINT(EM_DIAGRAM):   run;
MPRINT(EM_DIAGRAM):   quit;
MPRINT(EM_DIAGRAM):   *--- end code ---*;
WORK.EM_DMDB WORK.EM_DMDB 
WORK.EM_DMDB WORK.EM_DMDB WORK EM_DMDB 
MPRINT(EM_DIAGRAM):    proc datasets lib=EMWS1 nolist;
MPRINT(EM_DIAGRAM):   modify Tree5_diagnosis_DD(type=PROFIT label= diagnosis);
MPRINT(EM_DIAGRAM):   run;
MPRINT(EM_DIAGRAM):   quit;
MPRINT(EM_DIAGRAM):    *------------------------------------------------------------*;
MPRINT(EM_DIAGRAM):   * Tree5: Determine decision variables for diagnosis;
MPRINT(EM_DIAGRAM):   *------------------------------------------------------------*;
MPRINT(EM_DIAGRAM):   data WORK.Tree5_SCORE;
MPRINT(EM_DIAGRAM):   set EMWS1.Part2_TRAIN;
MPRINT(EM_DIAGRAM):   keep diagnosis;
MPRINT(EM_DIAGRAM):   keep 'P_diagnosisM'n;
MPRINT(EM_DIAGRAM):   'P_diagnosisM'n = 0.5;
MPRINT(EM_DIAGRAM):   keep 'P_diagnosisB'n;
MPRINT(EM_DIAGRAM):   'P_diagnosisB'n = 0.5;
MPRINT(EM_DIAGRAM):   if _N_=1 then do;
MPRINT(EM_DIAGRAM):   output;
MPRINT(EM_DIAGRAM):   stop;
MPRINT(EM_DIAGRAM):   end;
MPRINT(EM_DIAGRAM):   run;
MPRINT(EM_DIAGRAM):    data EMWS1.Tree5_diagnosis_DM;
MPRINT(EM_DIAGRAM):   set EMWS1.Tree5_diagnosis_DM;
MPRINT(EM_DIAGRAM):   where _TYPE_ ^in('FREQ', 'BESTPROFIT', 'COMPUTEDPROFIT', 'EXPECTEDPROFIT', 'BESTLOSS', 'COMPUTEDLOSS', 'EXPECTEDLOSS', 'ROI', 'INVESTMENTCOST', 'MODELDECISION');
MPRINT(EM_DIAGRAM):   run;
MPRINT(EM_DIAGRAM):    proc datasets lib=work nolist;
MPRINT(EM_DIAGRAM):   modify diagnosis(type=PROFIT label= diagnosis);
MPRINT(EM_DIAGRAM):   label DECISION1= 'M';
MPRINT(EM_DIAGRAM):   label DECISION2= 'B';
MPRINT(EM_DIAGRAM):   run;
MPRINT(EM_DIAGRAM):   quit;
MPRINT(EM_DIAGRAM):    data EMWS1.Tree5_diagnosis_DM;
MPRINT(EM_DIAGRAM):   set EMWS1.Tree5_diagnosis_DM end=eof;
MPRINT(EM_DIAGRAM):   output;
MPRINT(EM_DIAGRAM):   if eof then do;
MPRINT(EM_DIAGRAM):   end;
MPRINT(EM_DIAGRAM):   run;
87312      data WORK.Tree5_EVENT(KEEP=VARIABLE LABEL LEVEL EVENT NUMLEVELS ORDER);
MPRINT(EM_DIAGRAM):    data WORK.Tree5_EVENT(KEEP=VARIABLE LABEL LEVEL EVENT NUMLEVELS ORDER);
87313      length ORDER $20;
MPRINT(EM_DIAGRAM):   length ORDER $20;
87314      label VARIABLE = "%sysfunc(sasmsg(sashelp.dmine, rpt_target_vlabel,  NOQUOTE))" EVENT = "%sysfunc(sasmsg(sashelp.dmine, assmt_event_vlabel, NOQUOTE))" NUMLEVELS = "%sysfunc(sasmsg(sashelp.dmine, rpt_numcat_vlabel, NOQUOTE))" LEVEL =
87315         "%sysfunc(sasmsg(sashelp.dmine, meta_level_vlabel, NOQUOTE))" ORDER = "%sysfunc(sasmsg(sashelp.dmine, meta_order_vlabel, NOQUOTE))" LABEL = "%sysfunc(sasmsg(sashelp.dmine, meta_label_vlabel, NOQUOTE))";
MPRINT(EM_DIAGRAM):   label VARIABLE = "Target" EVENT = "Event" NUMLEVELS = "Number of Levels" LEVEL = "Measurement Level" ORDER = "Order" LABEL = "Label";
87316      set EMWS1.TREE5_DIAGNOSIS_DM( where=(_TYPE_="TARGET"));
MPRINT(EM_DIAGRAM):   set EMWS1.TREE5_DIAGNOSIS_DM( where=(_TYPE_="TARGET"));
87317      NumLevels=2;
MPRINT(EM_DIAGRAM):   NumLevels=2;
87318      select(upcase(ORDER));
MPRINT(EM_DIAGRAM):   select(upcase(ORDER));
87319      when('DESC') ORDER = 'Descending';
MPRINT(EM_DIAGRAM):   when('DESC') ORDER = 'Descending';
87320      when('ASC') ORDER = 'Ascending';
MPRINT(EM_DIAGRAM):   when('ASC') ORDER = 'Ascending';
87321      when('FMTDESC') ORDER = 'Formatted Descending';
MPRINT(EM_DIAGRAM):   when('FMTDESC') ORDER = 'Formatted Descending';
87322      when('FMTASC') ORDER = 'Formatted Ascending';
MPRINT(EM_DIAGRAM):   when('FMTASC') ORDER = 'Formatted Ascending';
87323      otherwise ORDER = 'Descending';
MPRINT(EM_DIAGRAM):   otherwise ORDER = 'Descending';
87324      end;
MPRINT(EM_DIAGRAM):   end;
87325      output;
MPRINT(EM_DIAGRAM):   output;
87326      run;
MPRINT(EM_DIAGRAM):   run;

NOTE: There were 1 observations read from the data set EMWS1.TREE5_DIAGNOSIS_DM.
      WHERE _TYPE_='TARGET';
NOTE: The data set WORK.TREE5_EVENT has 1 observations and 6 variables.
NOTE: DATA statement used (Total process time):
      real time           0.01 seconds
      cpu time            0.01 seconds
      

87327      title9 ' ';
MPRINT(EM_DIAGRAM):   title9 ' ';
87328      proc print data=WORK.Tree5_EVENT noobs label;
MPRINT(EM_DIAGRAM):   proc print data=WORK.Tree5_EVENT noobs label;
87329      var VARIABLE EVENT LEVEL NUMLEVELS ORDER LABEL;
MPRINT(EM_DIAGRAM):   var VARIABLE EVENT LEVEL NUMLEVELS ORDER LABEL;
87330      title9 ' ';
MPRINT(EM_DIAGRAM):   title9 ' ';
87331      title10 "%sysfunc(sasmsg(sashelp.dmine, rpt_modelEvent_title  , NOQUOTE))";
MPRINT(EM_DIAGRAM):   title10 "Model Events";
MPRINT(EM_DIAGRAM):   run;
87332      run;

NOTE: There were 1 observations read from the data set WORK.TREE5_EVENT.
NOTE: The PROCEDURE PRINT printed page 35.
NOTE: PROCEDURE PRINT used (Total process time):
      real time           0.03 seconds
      cpu time            0.00 seconds
      

87333      title10;
MPRINT(EM_DIAGRAM):   title10;
"No decisions defined for target "diagnosis"." 
87334      proc print data = EMWS1.Tree5_diagnosis_DM noobs label;
MPRINT(EM_DIAGRAM):    proc print data = EMWS1.Tree5_diagnosis_DM noobs label;
87335      var _type_ variable label;
MPRINT(EM_DIAGRAM):   var _type_ variable label;
87336      where _type_ ^in('MATRIX', 'DECISION', 'TRAINPRIOR', 'DATAPRIOR', 'DECPRIOR');
MPRINT(EM_DIAGRAM):   where _type_ ^in('MATRIX', 'DECISION', 'TRAINPRIOR', 'DATAPRIOR', 'DECPRIOR');
87337      label _TYPE_ = "%sysfunc(sasmsg(sashelp.dmine, rpt_type_vlabel,     NOQUOTE))" VARIABLE = "%sysfunc(sasmsg(sashelp.dmine, rpt_variable_vlabel, NOQUOTE))" LABEL = "%sysfunc(sasmsg(sashelp.dmine, meta_label_vlabel, NOQUOTE))";
MPRINT(EM_DIAGRAM):   label _TYPE_ = "Type" VARIABLE = "Variable" LABEL = "Label";
87338      title9 ' ';
MPRINT(EM_DIAGRAM):   title9 ' ';
87339      title10 "%sysfunc(sasmsg(sashelp.dmine, rpt_predDecVars_title  , NOQUOTE))";
MPRINT(EM_DIAGRAM):   title10 "Predicted and decision variables";
MPRINT(EM_DIAGRAM):   run;
87340      run;

NOTE: There were 7 observations read from the data set EMWS1.TREE5_DIAGNOSIS_DM.
      WHERE _type_ not in ('DATAPRIOR', 'DECISION', 'DECPRIOR', 'MATRIX', 'TRAINPRIOR');
NOTE: The PROCEDURE PRINT printed page 36.
NOTE: PROCEDURE PRINT used (Total process time):
      real time           0.02 seconds
      cpu time            0.01 seconds
      

87341      title10;
MPRINT(EM_DIAGRAM):   title10;
87342      %let EMEXCEPTIONSTRING=;
MPRINT(EM_DIAGRAM):     proc datasets lib=work nolist;
MPRINT(EM_DIAGRAM):   modify diagnosis(type=PROFIT label= diagnosis);
MPRINT(EM_DIAGRAM):   label DECISION1= "M";
MPRINT(EM_DIAGRAM):   label DECISION2= "B";
MPRINT(EM_DIAGRAM):   run;
MPRINT(EM_DIAGRAM):   quit;
MPRINT(EM_DIAGRAM):    *------------------------------------------------------------*;
MPRINT(EM_DIAGRAM):   * Tree5: Generation of macros and macro variables;
MPRINT(EM_DIAGRAM):   * To see the code generated, set the EM_DEBUG macro variable to SOURCE or _ALL_;
MPRINT(EM_DIAGRAM):   *------------------------------------------------------------*;
MPRINT(EM_DIAGRAM):   *------------------------------------------------------------*;
MPRINT(EM_DIAGRAM):   * Tree5: EM Macro Variables and Macros;
MPRINT(EM_DIAGRAM):   *------------------------------------------------------------*;
MPRINT(EM_DIAGRAM):   *------------------------------------------------------------* ;
MPRINT(EM_DIAGRAM):   * System Macro Variables;
MPRINT(EM_DIAGRAM):   *------------------------------------------------------------* ;
MPRINT(EM_DIAGRAM):   data _null_;
MPRINT(EM_DIAGRAM):   length string $2000;
MPRINT(EM_DIAGRAM):   string = 'Assignment 3';
MPRINT(EM_DIAGRAM):   call symput('EM_PROJECTNAME', trim(string));
MPRINT(EM_DIAGRAM):   string = 'Assignment 3';
MPRINT(EM_DIAGRAM):   call symput('EM_WSNAME', trim(string));
MPRINT(EM_DIAGRAM):   run;
MPRINT(EM_DIAGRAM):   *------------------------------------------------------------* ;
MPRINT(EM_DIAGRAM):   * Properties Macro Variables ;
MPRINT(EM_DIAGRAM):   *------------------------------------------------------------* ;
MPRINT(EM_DIAGRAM):   *------------------------------------------------------------*;
MPRINT(EM_DIAGRAM):   * Files Macro Variables;
MPRINT(EM_DIAGRAM):   *------------------------------------------------------------*;
MPRINT(EM_DIAGRAM):   *------------------------------------------------------------*;
MPRINT(EM_DIAGRAM):   * Import Macro Variables;
MPRINT(EM_DIAGRAM):   *------------------------------------------------------------*;
MPRINT(EM_DIAGRAM):   *------------------------------------------------------------*;
MPRINT(EM_DIAGRAM):   * Export Macro Variables;
MPRINT(EM_DIAGRAM):   *------------------------------------------------------------*;
MPRINT(EM_DIAGRAM):   *------------------------------------------------------------*;
MPRINT(EM_DIAGRAM):   * Decision Macro Variables;
MPRINT(EM_DIAGRAM):   *------------------------------------------------------------*;
MPRINT(EM_DIAGRAM):   filename temp catalog 'sashelp.emutil.em_decdata.source';
MPRINT(EM_DIAGRAM):   filename temp;
MPRINT(EM_DECDATA):   proc display cat=sashelp.emutil.makedecdata.scl;
MPRINT(EM_DECDATA):   run;
MPRINT(EM_DECDATA):   *------------------------------------------------------------*;
MPRINT(EM_DECDATA):   * Tree5: Create decision matrix;
MPRINT(EM_DECDATA):   *------------------------------------------------------------*;
MPRINT(EM_DECDATA):   data WORK.diagnosis(label="diagnosis");
MPRINT(EM_DECDATA):   length diagnosis $ 32 COUNT 8 DATAPRIOR 8 TRAINPRIOR 8 DECPRIOR 8 DECISION1 8 DECISION2 8 ;
MPRINT(EM_DECDATA):   label COUNT= "Level Counts" DATAPRIOR= "Data Proportions" TRAINPRIOR= "Training Proportions" DECPRIOR= "Decision Priors" DECISION1= "M" DECISION2= "B" ;
MPRINT(EM_DECDATA):   diagnosis="M";
MPRINT(EM_DECDATA):   COUNT=147;
MPRINT(EM_DECDATA):   DATAPRIOR=0.37121212121212;
MPRINT(EM_DECDATA):   TRAINPRIOR=0.37121212121212;
MPRINT(EM_DECDATA):   DECPRIOR=.;
MPRINT(EM_DECDATA):   DECISION1=1;
MPRINT(EM_DECDATA):   DECISION2=0;
MPRINT(EM_DECDATA):   output;
MPRINT(EM_DECDATA):   diagnosis="B";
MPRINT(EM_DECDATA):   COUNT=249;
MPRINT(EM_DECDATA):   DATAPRIOR=0.62878787878787;
MPRINT(EM_DECDATA):   TRAINPRIOR=0.62878787878787;
MPRINT(EM_DECDATA):   DECPRIOR=.;
MPRINT(EM_DECDATA):   DECISION1=0;
MPRINT(EM_DECDATA):   DECISION2=1;
MPRINT(EM_DECDATA):   output;
MPRINT(EM_DECDATA):   ;
MPRINT(EM_DECDATA):   run;
MPRINT(EM_DECDATA):   proc datasets lib=work nolist;
MPRINT(EM_DECDATA):   modify diagnosis(type=PROFIT label= diagnosis);
MPRINT(EM_DECDATA):   label DECISION1= 'M';
MPRINT(EM_DECDATA):   label DECISION2= 'B';
MPRINT(EM_DECDATA):   run;
MPRINT(EM_DECDATA):   quit;
MPRINT(EM_DECDATA):   
MPRINT(EM_DIAGRAM):  ;
MPRINT(EM_DIAGRAM):   proc datasets lib=work nolist;
MPRINT(EM_DIAGRAM):   modify diagnosis(type=PROFIT label= diagnosis);
MPRINT(EM_DIAGRAM):   label DECISION1= "M";
MPRINT(EM_DIAGRAM):   label DECISION2= "B";
MPRINT(EM_DIAGRAM):   run;
MPRINT(EM_DIAGRAM):   quit;
MPRINT(EM_DIAGRAM):   *------------------------------------------------------------*;
MPRINT(EM_DIAGRAM):   * Statement Macro Variables;
MPRINT(EM_DIAGRAM):   *------------------------------------------------------------*;
MPRINT(EM_DIAGRAM):   *------------------------------------------------------------*;
MPRINT(EM_DIAGRAM):   * Variable Macros;
MPRINT(EM_DIAGRAM):   *------------------------------------------------------------*;
MPRINT(EM_DIAGRAM):   *------------------------------------------------------------*;
MPRINT(EM_DIAGRAM):   * General Variable Macros;
MPRINT(EM_DIAGRAM):   *------------------------------------------------------------*;
MPRINT(EM_DIAGRAM):   *------------------------------------------------------------*;
MPRINT(EM_DIAGRAM):   * Target Variable Macros;
MPRINT(EM_DIAGRAM):   *------------------------------------------------------------*;
MPRINT(EM_DIAGRAM):   *------------------------------------------------------------*;
MPRINT(EM_DIAGRAM):   * Input Variable Macros;
MPRINT(EM_DIAGRAM):   *------------------------------------------------------------*;
MPRINT(EM_DIAGRAM):   *------------------------------------------------------------*;
MPRINT(EM_DIAGRAM):   * Rejected Variable Macros;
MPRINT(EM_DIAGRAM):   *------------------------------------------------------------*;
MPRINT(EM_DIAGRAM):   *------------------------------------------------------------*;
MPRINT(EM_DIAGRAM):   * Misc Variable Macros;
MPRINT(EM_DIAGRAM):   *------------------------------------------------------------*;
MPRINT(EM_DIAGRAM):   *------------------------------------------------------------*;
MPRINT(EM_DIAGRAM):   * End Create EM Macro Variables and Macros;
MPRINT(EM_DIAGRAM):   *------------------------------------------------------------*;
MPRINT(EM_DIAGRAM):   data EM_TARGETDECINFO;
MPRINT(EM_DIAGRAM):   length TARGET $32 DECDATA DECMETA $43;
MPRINT(EM_DIAGRAM):   TARGET="diagnosis";
MPRINT(EM_DIAGRAM):   DECDATA="EMWS1.Tree5_diagnosis_DD";
MPRINT(EM_DIAGRAM):   DECMETA="EMWS1.Tree5_diagnosis_DM";
MPRINT(EM_DIAGRAM):   output;
MPRINT(EM_DIAGRAM):   run;
MPRINT(EM_DIAGRAM):   data EM_TARGETDECINFO;
MPRINT(EM_DIAGRAM):   length TARGET $32 DECDATA DECMETA $43;
MPRINT(EM_DIAGRAM):   TARGET="diagnosis";
MPRINT(EM_DIAGRAM):   DECDATA="EMWS1.Tree5_diagnosis_DD";
MPRINT(EM_DIAGRAM):   DECMETA="EMWS1.Tree5_diagnosis_DM";
MPRINT(EM_DIAGRAM):   output;
MPRINT(EM_DIAGRAM):   run;
87854      *------------------------------------------------------------*;
MPRINT(EM_DIAGRAM):    *------------------------------------------------------------*;
87855      * Tree5: Generation of macros and macro variables;
MPRINT(EM_DIAGRAM):   * Tree5: Generation of macros and macro variables;
87856      * To see the code generated, set the EM_DEBUG macro variable to SOURCE or _ALL_;
MPRINT(EM_DIAGRAM):   * To see the code generated, set the EM_DEBUG macro variable to SOURCE or _ALL_;
87857      *------------------------------------------------------------*;
MPRINT(EM_DIAGRAM):   *------------------------------------------------------------*;

87858      %let EMEXCEPTIONSTRING=;
87859      *------------------------------------------------------------*;
MPRINT(EM_DIAGRAM):    *------------------------------------------------------------*;
87860      * TRAIN: Tree5;
MPRINT(EM_DIAGRAM):   * TRAIN: Tree5;
87861      *------------------------------------------------------------*;
MPRINT(EM_DIAGRAM):   *------------------------------------------------------------*;
87862      %let EM_ACTION = TRAIN;
87863      %let syscc = 0;
87864      %macro main;
87865      
87866        %if %upcase(&EM_ACTION) = CREATE %then %do;
87867          filename temp catalog 'sashelp.emmodl.tree_create.source';
87868          %include temp;
87869          filename temp;
87870      
87871          %em_tree_create;
87872        %end;
87873      
87874         %else
87875         %if %upcase(&EM_ACTION) = TRAIN %then %do;
87876      
87877             filename temp catalog 'sashelp.emmodl.tree_train.source';
87878             %include temp;
87879             filename temp;
87880             %em_tree_train;
87881         %end;
87882      
87883        %else
87884        %if %upcase(&EM_ACTION) = SCORE %then %do;
87885          filename temp catalog 'sashelp.emmodl.tree_score.source';
87886          %include temp;
87887          filename temp;
87888      
87889          %em_tree_score;
87890      
87891        %end;
87892      
87893        %else
87894        %if %upcase(&EM_ACTION) = REPORT %then %do;
87895      
87896             filename temp catalog 'sashelp.emmodl.tree_report.source';
87897             %include temp;
87898             filename temp;
87899      
87900             %em_tree_report;
87901         %end;
87902      
87903        %else
87904        %if %upcase(&EM_ACTION) = OPENINT %then %do;
87905      
87906             filename temp catalog 'sashelp.emmodl.tree_actions.source';
87907             %include temp;
87908             filename temp;
87909             %EM_TREE_OPENTREEVIEWER;
87910      
87911         %end;
87912      
87913        %else
87914        %if %upcase(&EM_ACTION) = CLOSEINT %then %do;
87915      
87916             filename temp catalog 'sashelp.emmodl.tree_actions.source';
87917             %include temp;
87918             filename temp;
87919             %EM_TREE_CLOSETREEVIEWER;
87920      
87921         %end;
87922      
87923      
87924         %doendm:
87925      %mend main;
87926      
87927      %main;
MPRINT(EM_DIAGRAM):    
MPRINT(MAIN):   filename temp catalog 'sashelp.emmodl.tree_train.source';
NOTE: %INCLUDE (level 1) file TEMP is file SASHELP.EMMODL.TREE_TRAIN.SOURCE.
87929     +%macro em_tree_train;
87931     +   %if &EM_IMPORT_DATA eq %then %do;
87932     +       %let EMEXCEPTIONSTRING = exception.server.IMPORT.NOTRAIN,1;
87933     +       %put &em_codebar;
87934     +       %let errormsg = %sysfunc(sasmsg(sashelp.dmine, error_nodeTrainRawData_note, NOQUOTE));
87935     +       %put &errormsg;
87936     +       %put &em_codebar;
87937     +       %goto doendm;
87938     +   %end;
87939     +   %else
87940     +       %let EMEXCEPTIONSTRING =;
87942     +   %if  &EM_NUM_TARGET lt 1 %then %do;
87943     +        %let EMEXCEPTIONSTRING = exception.server.USE1TARGET;
87944     +        %put &em_codebar;
87945     +        %let errormsg = %sysfunc(sasmsg(sashelp.dmine, metadata.use01target_err, NOQUOTE));
87946     +        %put &errormsg;
87947     +        %put &em_codebar;
87948     +        %goto doendm;
87949     +   %end;
87951     +   %if  (&EM_NUM_INTERVAL_INPUT < 1) and (&EM_NUM_BINARY_INPUT < 1) and (&EM_NUM_ORDINAL_INPUT < 1)
87952     +        and (&EM_NUM_NOMINAL_INPUT < 1) and (&EM_NUM_INTERVAL_REJECTED < 1) and (&EM_NUM_BINARY_REJECTED <1)
87953     +        and (&EM_NUM_ORDINAL_REJECTED < 1) and (&EM_NUM_NOMINAL_REJECTED < 1) %then %do;
87954     +        %let EMEXCEPTIONSTRING = exception.server.USEATLEAST1INPUTREJECT;
87955     +        %put &em_codebar;
87956     +        %let errormsg = %sysfunc(sasmsg(sashelp.dmine, error_noInput_note, NOQUOTE));
87957     +        %put &errormsg;
87958     +        %put &em_codebar;
87959     +        %goto doendm;
87960     +   %end;
87962     +   /* Initialize property macro variables */
87963     +   filename temp catalog 'sashelp.emmodl.tree_macros.source';
87964     +   %include temp;
87965     +   filename temp;
87967     +   %EM_SetProperties;
87969     +   /* need to delete EMTREE if not used as import tree data since AUTODELETE=N */
87970     +   %EM_GETNAME(key=EMTREE, type=DATA);
87971     +   %if "&EM_PROPERTY_IMPORTMODEL" eq "Y" %then %do;
87972     +     /* if import eq Y and no importtable defined, throw an exception */
87973     +      %if %length(&EM_PROPERTY_ImportedTreeData)=0 %then %do;
87974     +         %let EMEXCEPTIONSTRING = exception.server.EMTOOL.NOTREEMODELDATASET;
87975     +         %let  errmsg = %sysfunc(sasmsg(sashelp.dmine, NOTREEMODELDATASET_ERR , NOQUOTE));
87976     +         %put &em_codebar;
87977     +         %put &errmsg;
87978     +         %put &em_codebar;
87979     +         %goto doendm;
87980     +      %end;
87981     +      %else %if %sysfunc(exist(&EM_PROPERTY_ImportedTreeData))=0 %then %do;
87982     +         %let EMEXCEPTIONSTRING = exception.server.EMTOOL.INVALIDTREEMODELDATASET;
87983     +         %put &em_codebar;
87984     +         %let errormsg = %sysfunc(sasmsg(sashelp.dmine, emtool.INVALIDTREEMODELDATASET_ERR, NOQUOTE));
87985     +         %put &errormsg;
87986     +         %put &em_codebar;
87987     +         %goto doendm;
87988     +      %end;
87989     +      %else %do;
87990     +         %let dsid=%sysfunc(open(&EM_PROPERTY_ImportedTreeData));
87991     +         %let varnumID = %sysfunc(varnum(&dsid,ID));
87992     +         %let varnumLabel = %sysfunc(varnum(&dsid,LABEL));
87993     +         %let varnumX = %sysfunc(varnum(&dsid,X));
87994     +         %let varnumY = %sysfunc(varnum(&dsid,Y));
87995     +         %let dsid = %sysfunc(close(&dsid));
87996     +         %if &varnumID=0 or &varnumLabel=0 or &varnumX=0 or &varnumY=0 %then %do;
87997     +            %let EMEXCEPTIONSTRING = exception.server.EMTOOL.INVALIDTREEMODELDATASET;
87998     +            %put &em_codebar;
87999     +            %let errormsg = %sysfunc(sasmsg(sashelp.dmine, emtool.INVALIDTREEMODELDATASET_ERR, NOQUOTE));
88000     +            %put &errormsg;
88001     +            %put &em_codebar;
88002     +            %goto doendm;
88003     +         %end;
88004     +      %end;
88005     +      %if %qupcase(&EM_USER_EMTREE) ne %qupcase(&EM_PROPERTY_ImportedTreeData) and (%sysfunc(exist(&EM_USER_EMTREE)) or %sysfunc(exist(&EM_USER_EMTREE, VIEW))) %then %do;
88006     +         proc delete data=&EM_USER_EMTREE;
88007     +         run;
88008     +      %end;
88009     +   %end;
88010     +   %else %if "&EM_PROPERTY_FREEZE" ne "Y" and (%sysfunc(exist(&EM_USER_EMTREE)) or %sysfunc(exist(&EM_USER_EMTREE, VIEW))) %then %do;
88011     +      proc delete data=&EM_USER_EMTREE;
88012     +      run;
88013     +   %end;
88015     +   /* load tree macros */
88016     +   filename temp catalog 'sashelp.emmodl.tree_trainmacros.source';
88017     +   %include temp;
88018     +   filename temp;
88020     +   /* data sets */
88021     +   %EM_GETNAME(key=OUTSTATS,   type=DATA);
88022     +   %EM_GETNAME(key=EXPORTTREE, type=DATA);
88023     +   %EM_GETNAME(key=TREE_PLOT,     type=DATA);
88025     +   /* files */
88026     +   %EM_REGISTER(key=ENGLISHRULES, type=FILE, extension=txt);
88028     +   /* check actual num of target levels */
88029     +   %if ("%EM_TARGET_LEVEL" eq "BINARY") %then %do;
88030     +      %EM_CheckBinaryTargetLevel(indata=&EM_IMPORT_DATA, target=%EM_TARGET,
88031     +                              nLevel=_nTargetLevel );
88032     +      %if &_nTargetLevel  > 2 %then %do;
88033     +        %let EMEXCEPTIONSTRING = exception.server.METADATA.WRONGTARGETLEVEL,&target_Var;
88034     +        %put &em_codebar;
88035     +        %let errormsg = %sysfunc(sasmsg(sashelp.dmine, metadata.wrongtargetlevel, NOQUOTE));
88036     +        %put &errormsg;
88037     +        %put &em_codebar;
88038     +        %goto doendm;
88039     +      %end;
88040     +   %end;
88042     +   /* neither cost variables nor constant cost are valid with USEDECISIONS */
88043     +   %if "&EM_PROPERTY_USEDECISION" eq "Y" %then %do;
88044     +     %if %sysfunc(exist(&EM_DEC_DECMETA)) %then %do;
88045     +        %let costflag=0;
88046     +        data _null_;
88047     +          set &EM_DEC_DECMETA(where=(_TYPE_="DECISION" AND USE="Y" AND ^missing(COST) )) end=eof;
88048     +          if eof then call symput("costflag", _N_);
88049     +        run;
88050     +        %if &costflag gt 0 %then %do;
88051     +          %let EMEXCEPTIONSTRING = exception.server.TREE.INVALIDDECISION;
88052     +          %put &em_codebar;
88053     +          %let errormsg = %sysfunc(sasmsg(sashelp.dmine, costnotvalidwithusedecisions_note_err, NOQUOTE));
88054     +          %put &errormsg;
88055     +          %put &em_codebar;
88056     +          %goto doendm;
88057     +       %end;
88058     +     %end;
88059     +   %end;
88061     +   /* determine if multiple targets will be processed */
88062     +   %let em_tree_multipleTargets=N;
88063     +   %let em_tree_numTarget = 1;
88064     +   %let em_tree_targetVars=;
88066     +   %if "&EM_PROPERTY_USEMULTIPLETARGET" eq "Y" %then %do;
88067     +      /* determine if there are any ordinal target variables - if so, multiple targets are not supported */
88068     +      %if &EM_NUM_ORDINAL_TARGET gt 0 %then %do;
88069     +         %let em_tree_multipleTargets=N;
88070     +      %end;
88071     +      %else %do;
88072     +         /* create macro array of targets  */
88073     +         data _null_;
88074     +           set &EM_DATA_VARIABLESET(where=(ROLE='TARGET' AND LEVEL^='ORDINAL')) end=eof;
88075     +           call symput('em_tree_targetVars'!!strip(put(_N_, BEST.)), strip(Name));
88076     +           if eof then
88077     +             call symput('em_tree_numTarget', strip(put(_N_, BEST.)));
88078     +        run;
88080     +        %if &em_tree_numTarget gt 1 %then %do;
88081     +           %let em_tree_multipleTargets=Y;
88082     +        %end;
88083     +      %end;
88084     +   %end;
88086     +   /* create view of only necessary variable for performance reasons */
88087     +   %let tempData = &EM_LIB..em_&EM_NODEID;
88088     +   data &tempData / view=&tempData;
88089     +     set &EM_IMPORT_DATA (keep=%EM_INPUT %EM_REJECTED %EM_TARGET %EM_FREQ %EM_COST
88090     +     %if "&em_tree_multipleTargets" eq "N" %then %do;
88091     +       %EM_TARGET
88092     +     %end;
88093     +     %else %do;
88094     +       %if &em_tree_numTarget ne 0 %then %do;
88095     +         %do i=1 %to &em_tree_numTarget;
88096     +            &&em_tree_targetVars&i
88097     +         %end;
88098     +       %end;
88099     +     %end;
88100     +     );
88101     +   run;
88103     +   /* run Tree procedure */
88104     +   %em_tree_runTreeProcedure(indata=&tempData, multipleTar=&em_tree_multipleTargets);
88106     +   /* Check return code and throw exception if error is detected */
88107     +   %if %length(&EMEXCEPTIONSTRING) %then %goto doendm;
88108     +   %if &syserr %then %do;
88109     +     %let EMEXCEPTIONSTRING = exception.server.EMTOOL.GENERICRUNTIMEEXCEPTION;
88110     +     %goto doendm;
88111     +   %end;
88113     +   /* add decision score code if multiple targets are processed */
88114     +   %if "&em_tree_multipleTargets" eq "Y" %then %do;
88115     +     %EM_MODEL(TARGET=%EM_TARGET, DECSCORECODE=Y, CLASSIFICATION=Y, FITSTATISTICS=N);
88116     +   %end;
88118     +   /* create outfit dataset if multiple score statements have been executed */
88119     +   %em_tree_createFitStats(multipleTar=&em_tree_multipleTargets);
88121     +   /* create English Rules */
88122     +   filename X "&EM_USER_ENGLISHRULES" encoding='utf-8' NOBOM;
88123     +     %if "&em_Tree_multipleTargets" eq "N" %then %do;
88124     +       %em_tree_makeEnglishRules;
88126     +       /* English Rules */
88127     +       %EM_REPORT(key=ENGLISHRULES, viewtype=SOURCE, block=MODEL, description=ENGLISHRULES, autodisplay=N);
88129     +     %end;
88130     +   filename x;
88132     +   %doendm:
88133     +%mend em_tree_train;
NOTE: %INCLUDE (level 1) ending.
MPRINT(MAIN):   filename temp;
NOTE: Fileref TEMP has been deassigned.
MPRINT(EM_TREE_TRAIN):   filename temp catalog 'sashelp.emmodl.tree_macros.source';
NOTE: %INCLUDE (level 1) file TEMP is file SASHELP.EMMODL.TREE_MACROS.SOURCE.
88134     +%macro EM_SetProperties;
88136     +   /* train properties */
88137     +   %em_checkmacro(name=EM_PROPERTY_ImportModel,            value=N, global=Y);
88138     +   %em_checkmacro(name=EM_PROPERTY_ImportedTreeData,       value=, global=Y);
88139     +   %em_checkmacro(name=EM_PROPERTY_FREEZE,                 value=N, global=Y);
88140     +   %em_checkmacro(name=EM_PROPERTY_USEMULTIPLETARGET,      value=N, global=Y);
88141     +   %em_checkmacro(name=EM_PROPERTY_NOMINALCRITERION,       value=PROBCHISQ, global=Y);
88142     +   %em_checkmacro(name=EM_PROPERTY_ORDINALCRITERION,       value=ENTROPY, global=Y);
88143     +   %em_checkmacro(name=EM_PROPERTY_INTERVALCRITERION,      value=PROBF, global=Y);
88144     +   %em_checkmacro(name=EM_PROPERTY_CRITERION,              value=DEFAULT, global=Y);
88145     +   %em_checkmacro(name=EM_PROPERTY_SIGLEVEL,               value=0.2, global=Y);
88146     +   %em_checkmacro(name=EM_PROPERTY_SPLITSIZE,              value=., global=Y);
88147     +   %em_checkmacro(name=EM_PROPERTY_LEAFSIZE,               value=5, global=Y);
88148     +   %em_checkmacro(name=EM_PROPERTY_MINCATSIZE,             value=5, global=Y);
88149     +   %em_checkmacro(name=EM_PROPERTY_MAXBRANCH,              value=2, global=Y);
88150     +   %em_checkmacro(name=EM_PROPERTY_MAXDEPTH,               value=6, global=Y);
88151     +   %em_checkmacro(name=EM_PROPERTY_NRULES,                 value=5, global=Y);
88152     +   %em_checkmacro(name=EM_PROPERTY_NSURRS,                 value=0, global=Y);
88153     +   %em_checkmacro(name=EM_PROPERTY_MISSINGVALUE,           value=USEINSEARCH, global=Y);
88154     +   %em_checkmacro(name=EM_PROPERTY_USEVARONCE,             value=N, global=Y);
88155     +   %em_checkmacro(name=EM_PROPERTY_SUBTREE,                value=ASSESSMENT, global=Y);
88156     +   %em_checkmacro(name=EM_PROPERTY_NSUBTREE,               value=1, global=Y);
88157     +   %em_checkmacro(name=EM_PROPERTY_ASSESSMEASURE,          value=PROFIT/LOSS, global=Y);
88158     +   %em_checkmacro(name=EM_PROPERTY_ASSESSPERCENTAGE,       value=0.25, global=Y);
88159     +   %em_checkmacro(name=EM_PROPERTY_NODESAMPLE,             value=20000, global=Y);
88160     +   %em_checkmacro(name=EM_PROPERTY_EXHAUSTIVE,             value=5000, global=Y);
88161     +   %em_checkmacro(name=EM_PROPERTY_USEDECISION,            value=N, global=Y);
88162     +   %em_checkmacro(name=EM_PROPERTY_USEPRIORS,              value=N, global=Y);
88163     +   %em_checkmacro(name=EM_PROPERTY_KASS,                   value=Y, global=Y);
88164     +   %em_checkmacro(name=EM_PROPERTY_KASSAPPLY,              value=BEFORE, global=Y);
88165     +   %em_checkmacro(name=EM_PROPERTY_DEPTH,                  value=Y, global=Y);
88166     +   %em_checkmacro(name=EM_PROPERTY_INPUTS,                 value=N, global=Y);
88167     +   %em_checkmacro(name=EM_PROPERTY_NUMINPUTS,              value=1, global=Y);
88168     +   %em_checkmacro(name=EM_PROPERTY_DUMMY,                  value=N, global=Y);
88169     +   %em_checkmacro(name=EM_PROPERTY_LEAFID,                 value=Y, global=Y);
88170     +   %em_checkmacro(name=EM_PROPERTY_PREDICT,                value=Y, global=Y);
88171     +   %em_checkmacro(name=EM_PROPERTY_PERFORMANCE,            value=DISK, global=Y);
88172     +   %em_checkmacro(name=EM_PROPERTY_CV,                     value=N, global=Y);
88173     +   %em_checkmacro(name=EM_PROPERTY_CVNITER,                value=10, global=Y);
88174     +   %em_checkmacro(name=EM_PROPERTY_CVREPEAT,               value=1, global=Y);
88175     +   %em_checkmacro(name=EM_PROPERTY_CVSEED,                 value=12345, global=Y);
88176     +   %em_checkmacro(name=EM_PROPERTY_OBSIMPORTANCE,          value=N, global=Y);
88177     +   %em_checkmacro(name=EM_PROPERTY_NUMSINGLEIMP,           value=5, global=Y);
88179     +   /* properties for interactive sample */
88180     +   %em_checkmacro(name=EM_PROPERTY_CREATESAMPLE,           value=DEFAULT, global=Y);
88181     +   %em_checkmacro(name=EM_PROPERTY_SAMPLEMETHOD,           value=RANDOM, global=Y);
88182     +   %em_checkmacro(name=EM_PROPERTY_SAMPLESIZE,             value=10000, global=Y);
88183     +   %em_checkmacro(name=EM_PROPERTY_SAMPLESEED,             value=12345, global=Y);
88185     +   /* report properties */
88186     +   %em_checkmacro(name=EM_PROPERTY_PRECISION,              value=4, global=Y);
88187     +   %em_checkmacro(name=EM_PROPERTY_SPLITPRECISION,         value=4, global=Y);
88188     +   %em_checkmacro(name=EM_PROPERTY_CLASSCOLORBY,           value=PERCENTEVEN, global=Y);
88189     +   %em_checkmacro(name=EM_PROPERTY_INTCOLORBY,             value=AVG, global=Y);
88190     +   %em_checkmacro(name=EM_PROPERTY_SHOWNODEID,             value=Y, global=Y);
88191     +   %em_checkmacro(name=EM_PROPERTY_SHOWVALID,              value=Y, global=Y);
88192     +   %em_checkmacro(name=EM_PROPERTY_PRED,                   value=N, global=Y);
88193     +   %em_checkmacro(name=EM_PROPERTY_TARGET,                 value=ALL, global=Y);
88194     +   %em_checkmacro(name=EM_PROPERTY_COUNT,                  value=Y, global=Y);
88195     +   %em_checkmacro(name=EM_PROPERTY_PERCENTCORRECT,         value=N, global=Y);
88196     +   %em_checkmacro(name=EM_PROPERTY_PROFITLOSS,             value=NONE, global=Y);
88197     +   %em_checkmacro(name=EM_PROPERTY_AVG,                    value=Y, global=Y);
88198     +   %em_checkmacro(name=EM_PROPERTY_RASE,                   value=N, global=Y);
88200     +   /* score properties */
88201     +   %em_checkmacro(name=EM_PROPERTY_VARSELECTION,           value=Y, global=Y);
88202     +   %em_checkmacro(name=EM_PROPERTY_NODEROLE,               value=SEGMENT, global=Y);
88204     +%mend EM_SetProperties;
NOTE: %INCLUDE (level 1) ending.
MPRINT(EM_TREE_TRAIN):   filename temp;
NOTE: Fileref TEMP has been deassigned.
MPRINT(EM_SETPROPERTIES):  ;
MPRINT(EM_SETPROPERTIES):  ;
MPRINT(EM_SETPROPERTIES):  ;
MPRINT(EM_SETPROPERTIES):  ;
MPRINT(EM_SETPROPERTIES):  ;
MPRINT(EM_SETPROPERTIES):  ;
MPRINT(EM_SETPROPERTIES):  ;
MPRINT(EM_SETPROPERTIES):  ;
MPRINT(EM_SETPROPERTIES):  ;
MPRINT(EM_SETPROPERTIES):  ;
MPRINT(EM_SETPROPERTIES):  ;
MPRINT(EM_SETPROPERTIES):  ;
MPRINT(EM_SETPROPERTIES):  ;
MPRINT(EM_SETPROPERTIES):  ;
MPRINT(EM_SETPROPERTIES):  ;
MPRINT(EM_SETPROPERTIES):  ;
MPRINT(EM_SETPROPERTIES):  ;
MPRINT(EM_SETPROPERTIES):  ;
MPRINT(EM_SETPROPERTIES):  ;
MPRINT(EM_SETPROPERTIES):  ;
MPRINT(EM_SETPROPERTIES):  ;
MPRINT(EM_SETPROPERTIES):  ;
MPRINT(EM_SETPROPERTIES):  ;
MPRINT(EM_SETPROPERTIES):  ;
MPRINT(EM_SETPROPERTIES):  ;
MPRINT(EM_SETPROPERTIES):  ;
MPRINT(EM_SETPROPERTIES):  ;
MPRINT(EM_SETPROPERTIES):  ;
MPRINT(EM_SETPROPERTIES):  ;
MPRINT(EM_SETPROPERTIES):  ;
MPRINT(EM_SETPROPERTIES):  ;
MPRINT(EM_SETPROPERTIES):  ;
MPRINT(EM_SETPROPERTIES):  ;
MPRINT(EM_SETPROPERTIES):  ;
MPRINT(EM_SETPROPERTIES):  ;
MPRINT(EM_SETPROPERTIES):  ;
MPRINT(EM_SETPROPERTIES):  ;
MPRINT(EM_SETPROPERTIES):  ;
MPRINT(EM_SETPROPERTIES):  ;
MPRINT(EM_SETPROPERTIES):  ;
MPRINT(EM_SETPROPERTIES):  ;
MPRINT(EM_SETPROPERTIES):  ;
MPRINT(EM_SETPROPERTIES):  ;
MPRINT(EM_SETPROPERTIES):  ;
MPRINT(EM_SETPROPERTIES):  ;
MPRINT(EM_SETPROPERTIES):  ;
MPRINT(EM_SETPROPERTIES):  ;
MPRINT(EM_SETPROPERTIES):  ;
MPRINT(EM_SETPROPERTIES):  ;
MPRINT(EM_SETPROPERTIES):  ;
MPRINT(EM_SETPROPERTIES):  ;
MPRINT(EM_SETPROPERTIES):  ;
MPRINT(EM_SETPROPERTIES):  ;
MPRINT(EM_SETPROPERTIES):  ;
MPRINT(EM_SETPROPERTIES):  ;
MPRINT(EM_SETPROPERTIES):  ;
MPRINT(EM_SETPROPERTIES):  ;
MPRINT(EM_SETPROPERTIES):  ;
MPRINT(EM_SETPROPERTIES):  ;
MPRINT(EM_SETPROPERTIES):  ;
MPRINT(EM_TREE_TRAIN):  ;
MPRINT(EM_TREE_TRAIN):  ;
MPRINT(EM_TREE_TRAIN):   filename temp catalog 'sashelp.emmodl.tree_trainmacros.source';
NOTE: %INCLUDE (level 1) file TEMP is file SASHELP.EMMODL.TREE_TRAINMACROS.SOURCE.
88206     +%Macro EM_CheckBinaryTargetLevel(indata=, target=,  nLevel= );
88207     +  %global &nLevel;
88208     +  proc dmdb batch data=&indata
88209     +    classout=_tmp_dmdbout;
88210     +    class &target;
88211     +  run;
88212     +  data _tmp_dmdbout;
88213     +    set _tmp_dmdbout;
88214     +    if strip(TYPE) = 'N' and  strip(LEVEL) = '.' then delete;
88215     +    if strip(TYPE) = 'C' and  strip(LEVEL) = '' then delete;
88216     +  run;
88217     +  data _null_;
88218     +    %let dsid = %sysfunc(open(work._tmp_dmdbout));
88219     +    %let _obs = %sysfunc(attrn(&dsid, NOBS));
88220     +    %let dsid = %sysfunc(close(&dsid));
88221     +     call symput("&nLevel", put(&_obs, Best12.));
88222     +  run;
88224     +  proc datasets lib=work nolist;
88225     +     delete _tmp_dmdbout;
88226     +  run;
88227     +  quit;
88228     +%Mend EM_CheckBinaryTargetLevel;
88231     +%macro em_tree_runTreeProcedure(indata= , multipleTar= , intFlag= );
88233     +  /* determine the number of obs in training data */
88234     +  proc sql;
88235     +    reset noprint;
88236     +    select count(*) into :em_nobs from &indata;
88237     +  quit;
88239     +  /* determine the number of input variables */
88240     +  %let numinputs = %eval(&EM_NUM_BINARY_INPUT + &EM_NUM_NOMINAL_INPUT + &EM_NUM_ORDINAL_INPUT + &EM_NUM_INTERVAL_INPUT+
88241     +                         &EM_NUM_BINARY_REJECTED + &EM_NUM_NOMINAL_REJECTED + &EM_NUM_ORDINAL_REJECTED + &EM_NUM_INTERVAL_REJECTED);
88243     +  /* retrieve targetEvent from decmeta */
88244     +  %let targetEvent=;
88245     +  %if "%EM_TARGET_LEVEL" ne "INTERVAL" %then %do;
88246     +    %if %sysfunc(exist(&EM_DEC_DECMETA)) %then %do;
88247     +      data _null_;
88248     +       set &EM_DEC_DECMETA(where=(_TYPE_="TARGET"));
88249     +       call symput('targetEvent', strip(tranwrd(EVENT,'"','""')));
88250     +      run;
88251     +    %end;
88252     +  %end;
88254     +  /* create targetTable if multipleTar eq Y */
88255     +  data temptarget;
88256     +    set &EM_DATA_VARIABLESET;
88257     +    where ROLE="TARGET" AND LEVEL^="ORDINAL";
88258     +  run;
88260     + /* data sets */
88261     + %EM_GETNAME(key=OUTSTATS,      type=DATA);
88262     + %EM_GETNAME(key=EMTREE,        type=DATA);
88263     + %EM_GETNAME(key=OUTOBSIMP,     type=DATA);
88264     + %EM_GETNAME(key=OUTSEQ,        type=DATA);
88265     + %EM_GETNAME(key=OUTIMPORT,     type=DATA);
88266     + %EM_GETNAME(key=OUTNODES,      type=DATA);
88267     + %EM_GETNAME(key=OUTSUMMARY,    type=DATA);
88268     + %EM_GETNAME(key=OUTTOPOLOGY,   type=DATA);
88269     + %EM_GETNAME(key=OUTPATH,       type=DATA);
88270     + %EM_GETNAME(key=OUTRULES,      type=DATA);
The SAS System

88272     + /* files */
88273     + %EM_GETNAME(key=TREEFLOW, type=FILE, extension=sas);
88274     + %EM_GETNAME(key=TREEPUBLISH, type=FILE, extension=sas);
88276     + /* turn on pmml if requested */
88277     + %let nnpmml=0;
88278     + %if %symexist(EM_PMML) %then %do;
88279     +    %if %upcase(&EM_PMML)=Y or %upcase(&EM_PMML)=YES %then %do;
88280     +       %let nnpmml=1;
88282     +       ods pmml file="&EM_FILE_EMPMML" encoding="UTF-8";
88283     +   %end;
88284     +%end;
88286     +%let numClassTarget = %sysevalf(&EM_NUM_BINARY_TARGET + &EM_NUM_NOMINAL_TARGET + &EM_NUM_ORDINAL_TARGET);
88288     +%if &nnpmml or &numClassTarget %then %do;
88290     +    /* create dmdb needed for pmml generation */
88291     +    %let tree_maxlevel = 512;
88292     +    %if %symexist(EM_TRAIN_MAXLEVELS) %then %do;
88293     +      %if &EM_TRAIN_MAXLEVELS ne %then %do;
88294     +        %let tree_maxlevel = &EM_TRAIN_MAXLEVELS;
88295     +      %end;
88296     +    %end;
88297     +    %if &tree_maxlevel gt 0 %then %do;
88298     +        %let tree_maxlevel=%sysevalf(&tree_maxlevel+1);
88299     +       %let tree_maxlevel=%sysfunc(max(3, &tree_maxlevel ));
88300     +    %end;
88302     +    %let targetOrderString =;
88303     +    %let targetString = ;
88304     +    data _null_;
88305     +       length orderString nameString $10000;
88306     +       retain orderString nameString;
88307     +       set &em_data_variableset end=eof;
88308     +       %if "&EM_PROPERTY_USEMULTIPLETARGET" eq "Y" and ^&em_num_ordinal_target %then %do;
88309     +           where ROLE="TARGET" and LEVEL in("BINARY", "NOMINAL");
88310     +       %end;
88311     +       %else %do;
88312     +           where ROLE="TARGET" and LEVEL in("BINARY", "NOMINAL", "ORDINAL") and USE ='Y';
88313     +       %end;          select(order);
88314     +         when('')        order ='DESC';
88315     +         when('FMTASC')  order='ASCFMT';
88316     +         when('FMTDESC') order='DESFMT';
88317     +         otherwise;
88318     +       end;
88319     +       orderString = trim(orderString)!!' '!!trim(NAME)!!'('!!trim(order)!!')';
88320     +       nameString = trim(nameString)!!' '!!trim(NAME);
88322     +       if eof then do;
88323     +          call symput('targetOrderString', trim(orderString));
88324     +          call symput('targetString', trim(nameString));
88325     +       end;
88326     +    run;
88328     +    %let arborkluge= "work._treeDMDB";
88330     +    proc dmdb batch data=&indata
88331     +    %if &nnpmml %then %do;
88332     +        PMML
88333     +    %end;
88334     +     dmdbcat=_treeDMDB classout=classout varout=varout maxlevel=&tree_maxlevel;
88336     +      %if &nnpmml %then %do;
88337     +           %if "%EM_ID" ne "" %then %do;
88338     +             id %EM_ID;
88339     +           %end;
88340     +           %if &EM_NUM_CLASS gt 0 %then %do;
88341     +             class %EM_BINARY_INPUT %EM_NOMINAL_INPUT %EM_ORDINAL_INPUT
88342     +                  %EM_BINARY_REJECTED %EM_NOMINAL_REJECTED %EM_ORDINAL_REJECTED
88343     +                  &targetOrderString;
88344     +           %end;
88345     +           %if &EM_NUM_INTERVAL gt 0 %then %do;
88346     +             var %EM_INTERVAL_INPUT %EM_INTERVAL_REJECTED %EM_INTERVAL_TARGET;
88347     +           %end;
88348     +           target &targetString %EM_INTERVAL_TARGET;
88349     +           %if "%EM_FREQ" ne "" %then %do;
88350     +             freq %EM_FREQ;
88351     +           %end;
88352     +      %end;
88353     +      %else %do;
88354     +         class  &targetOrderString;
88355     +         target &targetString %EM_INTERVAL_TARGET;
88356     +      %end;
88357     +    run;
88358     +    quit;
88360     +    proc datasets lib=work nolist;
88361     +       delete classout varout;
88362     +    run;
88363     +    quit;
88365     + %end;
88368     + /* run Arbor procedure */
88369     + %if "&EM_PROPERTY_FREEZE" eq "N" and "&EM_PROPERTY_IMPORTMODEL" eq "N" %then %do;
88370     +  proc arbor data=&INDATA
88372     +  %if "&EM_PROPERTY_LEAFSIZE" ne "" %then %do;
88373     +    Leafsize = &EM_PROPERTY_LEAFSIZE
88374     +  %end;
88376     +  %if (("&EM_PROPERTY_SPLITSIZE" ne ".") AND (&EM_PROPERTY_SPLITSIZE lt &em_nobs)) %then %do;
88377     +    Splitsize = &EM_PROPERTY_SPLITSIZE
88378     +  %end;
88380     +  %if "&EM_PROPERTY_MINCATSIZE" ne "" %then %do;
88381     +    MinCatSize = &EM_PROPERTY_MINCATSIZE
88382     +  %end;
88384     +  %if "&EM_PROPERTY_MAXBRANCH" ne "" %then %do;
88385     +    MaxBranch = &EM_PROPERTY_MAXBRANCH
88386     +  %end;
88388     +  %if "&EM_PROPERTY_MAXDEPTH" ne "" %then %do;
88389     +    MaxDepth = &EM_PROPERTY_MAXDEPTH
88390     +  %end;
88392     +  %if (("%EM_TARGET_LEVEL" eq "NOMINAL") OR ("%EM_TARGET_LEVEL" eq "BINARY")) %then %do;
88393     +    %let Criterion = &EM_PROPERTY_NOMINALCRITERION;
88394     +  %end;
88395     +  %else %if "%EM_TARGET_LEVEL" eq "ORDINAL" %then %do;
88396     +    %let Criterion = &EM_PROPERTY_ORDINALCRITERION;
88397     +  %end;
88398     +  %else %if "%EM_TARGET_LEVEL" eq "INTERVAL" %then %do;
88399     +    %let Criterion = &EM_PROPERTY_INTERVALCRITERION;
88400     +  %end;
88402     +  %if (("&criterion" eq "PROBCHISQ") or ("&criterion" eq "PROBF")) %then %do;
88403     +    %if "&EM_PROPERTY_SIGLEVEL" ne "" %then %do;
88404     +      alpha = &EM_PROPERTY_SIGLEVEL
88405     +    %end;
88406     +  %end;
88408     +  %if (("&EM_PROPERTY_KASS" eq "Y") OR ("&EM_PROPERTY_DEPTH" eq "Y") or ("&EM_PROPERTY_INPUTS" eq "Y")) %then %do;
88409     +    %if (("&Criterion" eq "PROBCHISQ") OR ("&Criterion" eq "PROBF") OR ("&Criterion" eq "DEFAULT")) %then %do;
88410     +      %if (("&EM_PROPERTY_KASS" eq "Y") or ("&EM_PROPERTY_DEPTH" eq "Y")) %then %do;
88411     +        %if "&EM_PROPERTY_KASSAPPLY" eq "BEFORE" %then %let chaid = CHAIDBEFORE;
88412     +        %else %if "&EM_PROPERTY_KASSAPPLY" eq "AFTER" %then %let chaid = CHAIDAFTER;
88414     +        padjust =
88415     +        %if "&EM_PROPERTY_KASS" eq "Y" %then %do;
88416     +          &chaid
88417     +        %end;
88418     +        %if "&EM_PROPERTY_DEPTH" eq "Y" %then %do;
88419     +          DEPTH
88420     +        %end;
88421     +      %end;
88422     +      %if "&EM_PROPERTY_INPUTS" eq "Y" %then %do;
88423     +         %let num_inputs = %sysfunc(min(&numinputs, &EM_PROPERTY_NUMINPUTS));
88424     +         pvars = &num_inputs
88425     +      %end;
88426     +    %end;
88427     +  %end;
88428     +  %else %do;
88429     +      %if (("&Criterion" eq "PROBCHISQ") OR ("&Criterion" eq "PROBF") OR ("&Criterion" eq "DEFAULT")) %then %do;
88430     +         padjust = NONE
88431     +      %end;
88432     +  %end;
88434     +  %if "&EM_PROPERTY_NRULES" ne "" %then %do;
88435     +    %let num_nrules = %sysfunc(min(&numinputs, &EM_PROPERTY_NRULES));
88436     +    Maxrules = &num_nrules
88437     +  %end;
88439     +  %if "&EM_PROPERTY_NSURRS" ne "" %then %do;
88440     +    %let num_nsurrs = %sysfunc(min((&numinputs-1), &EM_PROPERTY_NSURRS));
88441     +    Maxsurrs = &num_nsurrs
88442     +  %end;
88444     +  %if "&EM_PROPERTY_MISSINGVALUE" ne "" %then %do;
88445     +     Missing=&EM_PROPERTY_MISSINGVALUE
88446     +  %end;
88448     +  %if "&EM_PROPERTY_USEVARONCE" eq "Y" %then %do;
88449     +     USEVARONCE
88450     +  %end;
88452     +  %if "&EM_PROPERTY_EXHAUSTIVE" ne "" %then %do;
88453     +    Exhaustive=&EM_PROPERTY_EXHAUSTIVE
88454     +  %end;
88457     +  %if (("&multipleTar" eq "N") AND ("%EM_TARGET_LEVEL" ne "INTERVAL")) %then %do;
88458     +    event = "&targetEvent"
88459     +  %end;
88461     +  %if "&EM_PROPERTY_USEDECISION" eq "Y" %then %do;
88462     +     DECSEARCH
88463     +  %end;
88465     +  %if "&EM_PROPERTY_USEPRIORS" eq "Y" %then %do;
88466     +     PRIORSSEARCH
88467     +  %end;
88469     +  %if &arbor_1 ne %then %do;
88470     +    &arbor_1
88471     +  %end;
88473     +  %if &em_arbor ne %then %do;
88474     +     &em_arbor
88475     +  %end;
88476     +  ;
88477     + %end;
88478     + %else %if "&EM_PROPERTY_IMPORTMODEL" eq "Y"  %then %do;
88479     +     proc arbor data=&INDATA inmodel=&EM_PROPERTY_ImportedTreeData refreshtrain;
88480     +       Performance &EM_PROPERTY_PERFORMANCE
88481     +       %if "&EM_PROPERTY_NODESAMPLE" ne "" %then %do;
88482     +         nodesize=&EM_PROPERTY_NODESAMPLE
88483     +       %end;
88484     +       ;
88485     +       interact;
88486     + %end;
88487     + %else %if "&EM_PROPERTY_FREEZE" eq "Y" %then %do;
88488     +   %if %sysfunc(exist(&EM_USER_EMTREE)) ne 1 %then %do;
88489     +    %let EMEXCEPTIONSTRING = exception.server.EMTOOL.NOTREEDATASET;
88490     +    %put &em_codebar;
88491     +    %let errormsg = %sysfunc(sasmsg(sashelp.dmine, emtool.notreedataset_err, NOQUOTE));
88492     +    %put &errormsg;
88493     +    %put &em_codebar;
88494     +    %goto doendm;
88495     +   %end;
88496     +   %else %do;
88497     +     proc arbor data=&INDATA inmodel=&EM_USER_EMTREE refreshtrain;
88498     +       Performance &EM_PROPERTY_PERFORMANCE
88499     +       %if "&EM_PROPERTY_NODESAMPLE" ne "" %then %do;
88500     +         nodesize=&EM_PROPERTY_NODESAMPLE
88501     +       %end;
88502     +       ;
88503     +       interact;
88504     +   %end;
88505     + %end;
88507     + %else %do;
88508     +   %if %sysfunc(exist(&EM_USER_BROWSETREE)) ne 1 %then %do;
88509     +    %let EMEXCEPTIONSTRING = exception.server.EMTOOL.NOTREEDATASET;
88510     +    %put &em_codebar;
88511     +    %let errormsg = %sysfunc(sasmsg(sashelp.dmine, emtool.notreedataset_err, NOQUOTE));
88512     +    %put &errormsg;
88513     +    %put &em_codebar;
88514     +    %goto doendm;
88515     +   %end;
88516     +   %else %do;
88517     +      proc arbor data=&INDATA inmodel=&EM_USER_BROWSETREE refrestrain;
88518     +       Performance &EM_PROPERTY_PERFORMANCE
88519     +       %if "&EM_PROPERTY_NODESAMPLE" ne "" %then %do;
88520     +         nodesize=&EM_PROPERTY_NODESAMPLE
88521     +       %end;
88522     +       ;
88523     +        interact;
88524     +   %end;
88525     + %end;
88527     + %if "&EM_PROPERTY_FREEZE" eq "N" and "&EM_PROPERTY_IMPORTMODEL" eq "N" %then %do;
88528     +    %if %eval(&EM_NUM_INTERVAL_INPUT + &EM_NUM_INTERVAL_REJECTED) gt 0 %then %do;
88529     +      input %EM_INTERVAL_INPUT %EM_INTERVAL_REJECTED/ level = interval;
88530     +    %end;
88532     +    %if  %eval(&EM_NUM_NOMINAL_INPUT + &EM_NUM_NOMINAL_REJECTED) gt 0 %then %do;
88533     +      input %EM_NOMINAL_INPUT %EM_NOMINAL_REJECTED / level = nominal;
88534     +    %end;
88536     +    %if %eval(&EM_NUM_BINARY_INPUT + &EM_NUM_BINARY_REJECTED) gt 0 %then %do;
88537     +      input %EM_BINARY_INPUT %EM_BINARY_REJECTED / level = nominal;
88538     +    %end;
88540     +    %if %eval(&EM_NUM_ORDINAL_INPUT + &EM_NUM_ORDINAL_REJECTED) gt 0 %then %do;
88541     +      input %EM_ORDINAL_INPUT %EM_ORDINAL_REJECTED/ level = ordinal;
88542     +    %end;
88544     +    %if "%EM_FREQ" ne "" %then %do;
88545     +       freq %EM_FREQ;
88546     +    %end;
88548     +    %if "&multipleTar" eq "Y" %then %do;
88549     +       /* cycle through all target vars in variableset */
88550     +       %let tdsid = %sysfunc(open(temptarget));
88551     +       %if &tdsid %then %do;
88552     +          %let n_var = %sysfunc(varnum(&tdsid, NAME));
88553     +          %let n_lvl = %sysfunc(varnum(&tdsid, LEVEL));
88554     +          %do %while(^ %sysfunc(fetch(&tdsid)));
88555     +             %let var = %sysfunc(getvarc(&tdsid, &n_var));
88556     +             %let lvl = %sysfunc(getvarc(&tdsid, &n_lvl));
88557     +             target &var / level = &lvl
88558     +             %if (("&lvl" eq "BINARY") or ("&lvl" eq "NOMINAL")) %then %do;
88559     +               Criterion=&EM_PROPERTY_NOMINALCRITERION;
88560     +             %end;
88561     +             %else %if "&lvl" eq "INTERVAL" %then %do;
88562     +               Criterion=&EM_PROPERTY_INTERVALCRITERION;
88563     +             %end;
88564     +             %else %if "&lvl" eq "ORDINAL" %then %do;
88565     +               Criterion=&EM_PROPERTY_ORDINALCRITERION;
88566     +             %end;
88567     +          %end;
88568     +          %if &tdsid %then %let tdsid=%sysfunc(close(&tdsid));
88569     +       %end;
88570     +       useTarget variable = %EM_TARGET;
88571     +    %end;
88572     +    %else %do;
88573     +      target %EM_TARGET / level = %EM_TARGET_LEVEL
88574     +      %if (("%EM_TARGET_LEVEL" eq "BINARY") or ("%EM_TARGET_LEVEL" eq "NOMINAL")) %then %do;
88575     +        Criterion=&EM_PROPERTY_NOMINALCRITERION;
88576     +      %end;
88577     +      %else %if "%EM_TARGET_LEVEL" eq "INTERVAL" %then %do;
88578     +        Criterion=&EM_PROPERTY_INTERVALCRITERION;
88579     +      %end;
88580     +      %else %if "%EM_TARGET_LEVEL" eq "ORDINAL" %then %do;
88581     +        Criterion=&EM_PROPERTY_ORDINALCRITERION;
88582     +      %end;
88583     +    %end;
88585     +    %if "&multipleTar" eq "N" %then %do;
88586     +      &EM_DEC_STATEMENT;
88587     +    %end;
88589     +    Performance &EM_PROPERTY_PERFORMANCE
88590     +    %if "&EM_PROPERTY_NODESAMPLE" ne "" %then %do;
88591     +      nodesize=&EM_PROPERTY_NODESAMPLE
88592     +    %end;
88593     +    ;
88595     +    %if "&intFlag" eq "Y" %then %do;
88596     +       INTERACT Largest;
88597     +       Train maxnewdepth=0;
88598     +    %end;
88600     +       %if "&EM_PROPERTY_ASSESSMEASURE" ne "" %then %do;
88601     +         Assess
88602     +         %if (("&EM_IMPORT_VALIDATE" ne "") AND (%sysfunc(exist(&EM_IMPORT_VALIDATE)) or %sysfunc(exist(&EM_IMPORT_VALIDATE,VIEW)) )) %then %do;
88603     +            %if "&EM_PROPERTY_CV" eq "Y" %then %do;
88604     +              %put &em_codebar;
88605     +              %let errormsg = %sysfunc(sasmsg(sashelp.dmine, novalidationwithcv_note, NOQUOTE));
88606     +              %put &errormsg;
88607     +              %put &em_codebar;
88608     +            %end;
88609     +            %else %do;
88610     +               Validata=&EM_IMPORT_VALIDATE
88611     +            %end;
88612     +         %end;
88613     +         %else %do;
88614     +           NoValidata
88615     +         %end;
88616     +         %if "&EM_PROPERTY_TRAINMODE" ne "INTERACTIVE" %then %do;
88617     +            %if "&EM_PROPERTY_ASSESSMEASURE" eq "PROFIT/LOSS" %then %do;
88618     +               %let dsid=%sysfunc(open(&EM_DEC_DECMETA(where=(_TYPE_='MATRIX'))));
88619     +               %if &dsid %then %do;
88620     +                 %let usenum = %sysfunc(varnum(&dsid, USE));
88621     +                 %do %while(^ %sysfunc(fetch(&dsid)));
88622     +                   %let use = %sysfunc(getvarc(&dsid, &usenum));
88623     +                   %if "&use" eq "Y" %then %let measure=PROFIT;
88624     +                   %else %do;
88625     +                      %if "%EM_TARGET_LEVEL" eq "INTERVAL" %then %let measure = ASE;
88626     +                      %else %let measure= MISC;
88627     +                   %end;
88628     +                 %end;
88629     +               %end;
88630     +               %if &dsid %then %let dsid = %sysfunc(close(&dsid));
88631     +            %end;
88632     +            %else %if "&EM_PROPERTY_ASSESSMEASURE" eq "MISC" %then %do;
88633     +              %if "%EM_TARGET_LEVEL" eq "INTERVAL" %then  %do;
88634     +                 %let measure=ASE;
88635     +              %end;
88636     +              %else %do;
88637     +                 %let measure=MISC;
88638     +              %end;
88639     +            %end;
88640     +            %else %if "&EM_PROPERTY_ASSESSMEASURE" eq "ASE" %then %do;
88641     +              %let measure=ASE;
88642     +            %end;
88643     +            %else %if "&EM_PROPERTY_ASSESSMEASURE" eq "LIFT" %then %do;
88644     +               %let measure = LIFT;
88645     +               %let dsid=%sysfunc(open(&EM_DEC_DECMETA(where=(_TYPE_='MATRIX'))));
88646     +               %if &dsid %then %do;
88647     +                 %let usenum = %sysfunc(varnum(&dsid, USE));
88648     +                 %do %while(^ %sysfunc(fetch(&dsid)));
88649     +                   %let use = %sysfunc(getvarc(&dsid, &usenum));
88650     +                   %if "&use" eq "Y" %then %let measure=LIFTPROFIT;
88651     +                 %end;
88652     +               %end;
88653     +               %if &dsid %then %let dsid = %sysfunc(close(&dsid));
88654     +            %end;
88655     +            measure=&measure
88656     +            %if (("&measure" eq "LIFT") AND ("%EM_TARGET_LEVEL" ne "INTERVAL")) %then %do;
88657     +               event = "&targetEvent"
88658     +            %end;
88659     +            %if (("&measure" eq "LIFT") OR ("&measure" eq "LIFTPROFIT")) %then %do;
88660     +              proportion=&EM_PROPERTY_ASSESSPERCENTAGE
88661     +            %end;
88662     +         %end;
88663     +         %if "&multipleTar" eq "N" %then %do;
88664     +            %if "&EM_PROPERTY_CV" eq "Y" %then %do;
88665     +               CV
88666     +               %if "&EM_PROPERTY_CVNIter" ne "" %then %do;
88667     +                 CVNITer = &EM_PROPERTY_CVNITER
88668     +               %end;
88669     +               %if "&EM_PROPERTY_CVREPEAT" ne "" %then %do;
88670     +                 CVRepeat = &EM_PROPERTY_CVREPEAT
88671     +               %end;
88672     +               %if "&EM_PROPERTY_CVSEED" ne "" %then %do;
88673     +                 CVSeed = &EM_PROPERTY_CVSEED
88674     +               %end;
88675     +            %end;
88676     +         %end;
88677     +       %end;
88678     +      ;
88680     +      %if "&intFlag" ne "Y" %then %do;
88681     +        %if "&EM_PROPERTY_SUBTREE" ne "" %then %do;
88682     +          %if "&EM_PROPERTY_SUBTREE" eq "ASSESSMENT" %then %let subtree=BEST;
88683     +          %else %if "&EM_PROPERTY_SUBTREE" eq "N" %then %let subtree=NLEAVES;
88684     +          %else %if "&EM_PROPERTY_SUBTREE" eq "LARGEST" %then %let subtree=LARGEST;
88686     +          SUBTREE &subtree
88687     +          %if "&subtree" eq "NLEAVES" %then %do;
88688     +            =&EM_PROPERTY_NSUBTREE
88689     +          %end;
88690     +          ;
88691     +        %end;
88693     +       %if (("&EM_PROPERTY_OBSIMPORTANCE" eq "Y") AND ("&multipleTar" eq "N")) %then %do;
88694     +          %if "&EM_USER_OUTOBSIMP" ne "" %then %do;
88695     +            importance data=&INDATA outfit=&EM_USER_OUTOBSIMP nvars=&EM_PROPERTY_NUMSINGLEIMP;
88696     +          %end;
88697     +       %end;
88698     +      %end;
88699     + %end;
88702     + MakeMacro nleaves = nleaves;
88703     + save
88704     + %if "&EM_USER_EMTREE" ne "" %then %do;
88705     +   MODEL=&EM_USER_EMTREE
88706     + %end;
88707     + %if "&EM_USER_OUTSEQ" ne "" %then %do;
88708     +   SEQUENCE=&EM_USER_OUTSEQ
88709     + %end;
88710     + %if "&EM_USER_OUTIMPORT" ne "" %then %do;
88711     +   IMPORTANCE=&EM_USER_OUTIMPORT
88712     + %end;
88713     + %if "&EM_USER_OUTNODES" ne "" %then %do;
88714     +   NODESTAT=&EM_USER_OUTNODES
88715     + %end;
88716     + %if "&EM_USER_OUTSUMMARY" ne "" %then %do;
88717     +   SUMMARY=&EM_USER_OUTSUMMARY
88718     + %end;
88719     + %if "&EM_USER_OUTSTATS" ne "" %then %do;
88720     +   STATSBYNODE=&EM_USER_OUTSTATS
88721     + %end;
88722     + %if "&EM_USER_OUTTOPOLOGY" ne "" %then %do;
88723     +   TOPOLOGY=&EM_USER_OUTTOPOLOGY
88724     + %end;
88725     + %if "&EM_USER_OUTPATH" ne "" %then %do;
88726     +   Pathlistnonmissing=&EM_USER_OUTPATH
88727     + %end;
88728     + %if "&EM_USER_OUTRULES" ne "" %then %do;
88729     +   RULES = &EM_USER_OUTRULES
88730     + %end;
88731     + ;
88733     + %if "&intFlag" ne "Y" %then %do;
88735     +   %let lookupString = ;
88736     +   %if ^%symexist(EM_OPTION) %then
88737     +      %let EM_OPTION=;
88739     +   %if %sysfunc(index(%upcase(&EM_DEBUG), I18N)) or %sysfunc(index(%upcase(&EM_OPTION), I18N)) %then %do;
88740     +      %let lookupString = LOOKUP=SELECT;
88741     +   %end;
88743     +   %let codetext=;
88744     +   %let norescodetxt=;
88746     +   %if "&EM_PROPERTY_DUMMY" eq "Y" %then %do;
88747     +     %let codetext=&codetext DUMMY;
88748     +     %let norescodetxt=&norescodetxt DUMMY;
88749     +   %end;
88750     +   %if "&EM_PROPERTY_LEAFID" ne "Y" %then %do;
88751     +     %let codetext=&codetext NOLEAFID;
88752     +     %let norescodetxt=&norescodetxt NOLEAFID;
88753     +   %end;
88754     +   %if "&EM_PROPERTY_PREDICT" ne "Y" %then %do;
88755     +     %let norescodetxt=&norescodetxt NOPRED;
88756     +   %end;
88758     +   code file="&EM_USER_TREEFLOW" res &codetext group=&emloopid &lookupString;
88759     +   code file="&EM_USER_TREEPUBLISH" nores &norescodetxt group=&emloopid &lookupString;
88761     +   %if &nnpmml %then %do;
88762     +     code pmml;
88763     +   %end;
88765     +   score data=&INDATA out=_NULL_ outfit=work.fit_train role=TRAIN;
88766     +   %if "&EM_IMPORT_VALIDATE" ne "" %then %do;
88767     +     score data=&EM_IMPORT_VALIDATE out=_NULL_ outfit=work.fit_valid role=VALID;
88768     +   %end;
88769     +   %if "&EM_IMPORT_TEST" ne "" %then %do;
88770     +     score data=&EM_IMPORT_TEST out=_NULL_ outfit=work.fit_test role=TEST;
88771     +   %end;
88772     + %end;
88774     + run;
88775     + quit;
88777     + /*%em_checkerror(); */
88778     +  %if %sysfunc(cexist(work._treeDMDB)) %then %do;
88779     +   /* Delete DMDB catalog */
88780     +   proc datasets lib=work nolist;
88781     +       delete _treeDMDB / mt=cat;
88782     +  run;
88783     +  %end;
88785     + %if &nnpmml %then %do;
88786     +    ods pmml close;
88787     + %end;
88789     +  %doendm:
88791     +%mend em_tree_runTreeProcedure;
88793     +%macro em_tree_createFitStats( multipleTar= );
88796     +  /* create targetTable is multipleTar eq Y */
88797     +  data temptarget;
88798     +    set &EM_DATA_VARIABLESET;
88799     +    where ROLE="TARGET";
88800     +  run;
88802     +  %EM_GETNAME(key=EMOUTFIT, type=DATA);
88803     +   data &EM_USER_EMOUTFIT;
88804     +     length target $32;
88805     +     merge work.fit_train
88806     +     %if "&EM_IMPORT_VALIDATE" ne "" %then %do;
88807     +       work.fit_valid
88808     +     %end;
88809     +     %if "&EM_IMPORT_TEST" ne "" %then %do;
88810     +       work.fit_test
88811     +     %end;
88812     +     ;
88813     +     %if "&multipleTar" eq "N" %then %do;
88814     +       target="%EM_TARGET";
88815     +     %end;
88816     +     %else %do;
88817     +       target = _TARGET_;
88818     +     %end;
88819     +     drop _NW_ _SUMW_
88820     +     %if "&EM_IMPORT_VALIDATE" ne "" %then %do;
88821     +        _VSUMW_
88822     +     %end;
88823     +     ;
88824     +   run;
88826     +   %if "&EM_IMPORT_VALIDATE" ne "" %then %do;
88827     +     proc datasets library=work nolist;
88828     +       delete fit_valid;
88829     +     run;
88830     +   %end;
88831     +   %if "&EM_IMPORT_TEST" ne "" %then %do;
88832     +     proc datasets library=work nolist;
88833     +       delete fit_test;
88834     +     run;
88835     +   %end;
88837     +%mend em_tree_createFitStats;
88840     +%macro em_tree_makeEnglishRules;
88842     +  %EM_GETNAME(key=OUTNODES, type=DATA);
88843     +  %EM_GETNAME(key=OUTPATH, type=DATA);
88845     +  /* verify that necessary tables exist and if not, skip processing */
88846     +  %if %sysfunc(exist(&EM_USER_OUTNODES)) ne 1 %then %do;
88847     +    %let EMEXCEPTIONSTRING = exception.server.EMTOOL.GENERICRUNTIMEEXCEPTION;
88848     +    %goto doendm;
88849     +  %end;
88850     +  %if %sysfunc(exist(&EM_USER_OUTPATH)) ne 1 %then %do;
88851     +    %let EMEXCEPTIONSTRING = exception.server.EMTOOL.GENERICRUNTIMEEXCEPTION;
88852     +    %goto doendm;
88853     +  %end;
88855     +  /* determine length of variable in outpath dataset */
88856     +  %let vlength= ;
88857     +  %let dsid = %sysfunc(open(&EM_USER_OUTPATH));
88858     +  %if &dsid ne %then %do;
88859     +    %let varnum = %sysfunc(varnum(&dsid, VARIABLE));
88860     +    %let vlength = %sysfunc(VARLEN(&dsid, &varnum));
88861     +  %end;
88862     +  %if &dsid ne %then %let dsid = %sysfunc(close(&dsid));
88864     +  data tempoutpath;
88865     +    length varname $&vlength;
88866     +    retain varname;
88867     +    set &EM_USER_OUTPATH;
88869     +    if ^missing(variable) then varname=variable;
88870     +    else if ^missing(var_name) then varname=var_name;
88871     +    output;
88872     +  run;
88874     +  /* create an array of generated predicted variable names */
88875     +  %let tree_pred_vars = ;
88876     +  %let tree_pred_label = ;
88877     +  %let numpred= 0;
88878     +  %if %sysfunc(exist(&EM_DEC_DECMETA)) %then %do;
88880     +    data _null_;
88881     +     set &EM_DEC_DECMETA(where=(_TYPE_="PREDICTED")) end=eof;
88882     +     call symput('tree_pred_vars'!!strip(put(_N_, BEST.)), strip(VARIABLE));
88883     +     call symput('tree_pred_label'!!strip(put(_N_, BEST.)), strip(tranwrd(LABEL,'"','""')));
88884     +     if eof then
88885     +       call symput('numpred', strip(put(_N_, BEST.)));
88886     +    run;
88887     +  %end;
88889     +  /* determine if NPRIORS exists in outnodes  */
88890     +  %local nprior_flag;
88891     +  data _null_;
88892     +    set &EM_USER_OUTNODES(obs=2) end=eof;
88893     +    if eof then do;
88894     +      call symput('nprior_flag', strip(put(npriors, best.)));
88895     +    end;
88896     +  run;
88898     +  proc sort data=tempoutpath; by node; run;
88899     +  proc sort data=&EM_USER_OUTNODES out=outnodes; by node; run;
88901     +  data tempoutpath;
88902     +    merge tempoutpath(in=_a) outnodes(keep= node
88903     +    %if "&nprior_flag" ne "." %then %do;
88904     +      NPRIORS
88905     +    %end;
88906     +    %else %do;
88907     +      N
88908     +    %end;
88909     +    %if &numpred gt 0 %then %do;
88910     +      %do i=1 %to &numpred;
88911     +        &&tree_pred_vars&i
88912     +      %end;
88913     +    %end;
88914     +    );
88915     +    by node;
88916     +    if _a;
88917     +  run;
88919     +  proc sort data=tempoutpath; by node descending varname descending numeric_value; run;
88921     +  data _null_;
88922     +    file x;
88923     +    set tempoutpath;
88924     +    by node descending varname;
88925     +    retain origvar oldnode string;
88926     +    length origvar $32 oldnode 8 string $5000;
88928     +    if _N_ = 1 then do;
88929     +      origvar = varname;
88930     +      oldnode = node;
88931     +    end;
88933     +    if first.node then do;
88934     +       put "&EM_CODEBAR";
88935     +       put " Node = " node;
88936     +       put "&EM_CODEBAR";
88937     +    end;
88939     +      if first.varname then do;
88940     +         if RELATION ^in ("=", "ISMISSING", "ISNOTMISSING") then do;
88941     +            if MISSING(CHARACTER_VALUE) then do;
88942     +             if NUMERIC_VALUE ne .  then do;
88943     +              if ^first.node then do;
88944     +                string= "AND "|| strip(varname)||" "||strip(relation)||" "||strip(numeric_value);
88945     +              end;
88946     +              else do;
88947     +                string= "if "|| strip(varname)||" "||strip(relation)||" "||strip(numeric_value);
88948     +              end;
88949     +             end;
88950     +            end;
88951     +            else do;
88952     +              if ^first.node then do;
88953     +                string= "AND "|| strip(varname)||" "||strip(relation)||" "||strip(character_value);
88954     +              end;
88955     +              else do;
88956     +                string= "if "|| strip(varname)||" "||strip(relation)||" "||strip(character_value);
88957     +              end;
88958     +             end;
88959     +         end;
88960     +         else if RELATION in ("=") then do;
88961     +            if ^first.node then do;
88962     +              string = "AND "||strip(varname) ||" IS ONE OF: "||character_value;
88963     +            end;
88964     +            else do;
88965     +              string = "if "|| strip(varname) ||" IS ONE OF: "||character_value;
88966     +            end;
88967     +         end;
88968     +         else if RELATION in ("ISMISSING") then do;
88969     +            if ^first.node then do;
88970     +              string = " AND "|| strip(varname) || " equals Missing";
88971     +            end;
88972     +            else do;
88973     +              string = "if "|| strip(varname) ||" equals Missing";
88974     +            end;
88975     +         end;
88976     +         else if RELATION in ("ISNOTMISSING") then do;
88977     +            if ^first.node then do;
88978     +              string = " AND "|| strip(varname) || " equals All Values";
88979     +            end;
88980     +            else do;
88981     +              string = "if "|| strip(varname) ||" equals All Values";
88982     +            end;
88983     +         end;
88984     +         if ^missing(varname) then origvar = varname;
88985     +         oldnode=node;
88987     +      end;
88988     +      else do;
88989     +         if RELATION ^in ("=", "ISMISSING", "ISNOTMISSING") then do;
88990     +          if MISSING(CHARACTER_VALUE) then do;
88991     +           if  NUMERIC_VALUE ne .  then do;
88992     +            if ^MISSING(string) then
88993     +              string= strip(string)||" AND "|| strip(varname)||" "||strip(relation)||" "||strip(numeric_value);
88994     +            else
88995     +              string= " if "|| strip(varname)||" "||strip(relation)||" "||strip(numeric_value);
88996     +           end;
88997     +          end;
88998     +          else do;
88999     +            if ^MISSING(string) then
89000     +              string= strip(string)||" AND "|| strip(varname)||" "||strip(relation)||" "||strip(character_value);
89001     +            else
89002     +              string= " if "|| strip(varname)||" "||strip(relation)||" "||strip(character_value);
89003     +          end;
89005     +         end;
89006     +         else if RELATION in ("=") then do;
89007     +           string = strip(string)||", "||strip(character_value);
89008     +         end;
89009     +         else if RELATION in ("ISMISSING") then do;
89011     +         end;
89012     +         if ^missing(varname) then origvar = varname;
89013     +         oldnode=node;
89014     +      end;
89015     +      if last.varname then do;
89016     +         if RELATION in ("ISMISSING") then do;
89017     +           if ^first.varname then do;
89018     +             string = strip(string) || " or MISSING";
89019     +           end;
89020     +         end;
89021     +         put string;
89022     +         if ^missing(varname) then origvar = varname;
89023     +         oldnode=node;
89024     +      end;
89026     +      if last.node then do;
89027     +         put "then ";
89028     +         put " Tree Node Identifier   = " node;
89030     +         %if "&nprior_flag" ne "." %then %do;
89031     +           put " Number of Observations = " NPRIORS;
89032     +         %end;
89033     +         %else %do;
89034     +           put " Number of Observations = " N;
89035     +         %end;
89037     +         %if &numpred gt 0 %then %do;
89038     +           %do i=1 %to &numpred;
89039     +             put " &&tree_pred_label&i = " &&tree_pred_vars&i;
89040     +           %end;
89041     +         %end;
89043     +         put " ";
89044     +         if ^missing(varname) then origvar = varname;
89045     +         oldnode=node;
89046     +      end;
89048     +  run;
89050     +  proc datasets lib=work nolist;
89051     +    delete tempoutpath outnodes;
89052     +  run;
89054     +  %doendm:
89055     +%mend em_tree_makeEnglishRules;
NOTE: %INCLUDE (level 1) ending.
MPRINT(EM_TREE_TRAIN):   filename temp;
NOTE: Fileref TEMP has been deassigned.
MPRINT(EM_TREE_TRAIN):  ;
MPRINT(EM_TREE_TRAIN):  ;
MPRINT(EM_TREE_TRAIN):  ;
MPRINT(EM_REGISTER):   data WORK.EM_USER_KEY;
MPRINT(EM_REGISTER):   length KEY $32 TYPE $10 FILE $200 FOLDER $32 EXTENSION $8 AUTODELETE $1 property $1 action $8 cas $1;
MPRINT(EM_REGISTER):   key = upcase("ENGLISHRULES");
MPRINT(EM_REGISTER):   type = upcase("FILE");
MPRINT(EM_REGISTER):   file = "ENGLISHRULES";
MPRINT(EM_REGISTER):   folder = "";
MPRINT(EM_REGISTER):   extension = "txt";
MPRINT(EM_REGISTER):   AUTODELETE = "Y";
MPRINT(EM_REGISTER):   property = "N";
MPRINT(EM_REGISTER):   action = "";
MPRINT(EM_REGISTER):   cas = "N";
MPRINT(EM_REGISTER):   run;

NOTE: The data set WORK.EM_USER_KEY has 1 observations and 9 variables.
NOTE: DATA statement used (Total process time):
      real time           0.00 seconds
      cpu time            0.01 seconds
      

MPRINT(EM_TREE_TRAIN):  ;
MPRINT(EM_CHECKBINARYTARGETLEVEL):   proc dmdb batch data=EMWS1.Part2_TRAIN classout=_tmp_dmdbout;
MPRINT(EM_CHECKBINARYTARGETLEVEL):   class diagnosis;
MPRINT(EM_CHECKBINARYTARGETLEVEL):   run;

NOTE: Records processed = 396   Memory used = 511K.
NOTE: There were 396 observations read from the data set EMWS1.PART2_TRAIN.
NOTE: The data set WORK._TMP_DMDBOUT has 2 observations and 9 variables.
NOTE: PROCEDURE DMDB used (Total process time):
      real time           0.01 seconds
      cpu time            0.01 seconds
      

MPRINT(EM_CHECKBINARYTARGETLEVEL):   data _tmp_dmdbout;
MPRINT(EM_CHECKBINARYTARGETLEVEL):   set _tmp_dmdbout;
MPRINT(EM_CHECKBINARYTARGETLEVEL):   if strip(TYPE) = 'N' and strip(LEVEL) = '.' then delete;
MPRINT(EM_CHECKBINARYTARGETLEVEL):   if strip(TYPE) = 'C' and strip(LEVEL) = '' then delete;
MPRINT(EM_CHECKBINARYTARGETLEVEL):   run;

NOTE: There were 2 observations read from the data set WORK._TMP_DMDBOUT.
NOTE: The data set WORK._TMP_DMDBOUT has 2 observations and 9 variables.
NOTE: DATA statement used (Total process time):
      real time           0.03 seconds
      cpu time            0.01 seconds
      

MPRINT(EM_CHECKBINARYTARGETLEVEL):   data _null_;
MPRINT(EM_CHECKBINARYTARGETLEVEL):   call symput("_nTargetLevel", put(2, Best12.));
MPRINT(EM_CHECKBINARYTARGETLEVEL):   run;

NOTE: DATA statement used (Total process time):
      real time           0.02 seconds
      cpu time            0.00 seconds
      

MPRINT(EM_CHECKBINARYTARGETLEVEL):   proc datasets lib=work nolist;
MPRINT(EM_CHECKBINARYTARGETLEVEL):   delete _tmp_dmdbout;
MPRINT(EM_CHECKBINARYTARGETLEVEL):   run;

NOTE: Deleting WORK._TMP_DMDBOUT (memtype=DATA).
MPRINT(EM_CHECKBINARYTARGETLEVEL):   quit;

NOTE: PROCEDURE DATASETS used (Total process time):
      real time           0.03 seconds
      cpu time            0.03 seconds
      

MPRINT(EM_TREE_TRAIN):  ;
MPRINT(EM_TREE_TRAIN):   data EMWS1.em_Tree5 / view=EMWS1.em_Tree5;
MPRINT(EM_TREE_TRAIN):   set EMWS1.Part2_TRAIN (keep
MPRINT(EM_TREE_TRAIN):  =area_mean area_se area_worst compactness_mean compactness_se compactness_worst concave_points_mean concave_points_se concave_points_worst concavity_mean concavity_se concavity_worst fractal_dimension_mean fractal_dimension_se 
fractal_dimension_worst perimeter_mean perimeter_se perimeter_worst radius_mean radius_se radius_worst smoothness_mean smoothness_se smoothness_worst symmetry_mean symmetry_se symmetry_worst diagnosis diagnosis );
MPRINT(EM_TREE_TRAIN):   run;

NOTE: DATA STEP view saved on file EMWS1.EM_TREE5.
NOTE: A stored DATA STEP view cannot run under a different operating system.
NOTE: DATA statement used (Total process time):
      real time           0.02 seconds
      cpu time            0.01 seconds
      

MPRINT(EM_TREE_RUNTREEPROCEDURE):   proc sql;
MPRINT(EM_TREE_RUNTREEPROCEDURE):   reset noprint;
MPRINT(EM_TREE_RUNTREEPROCEDURE):   select count(*) into :em_nobs from EMWS1.em_Tree5;
NOTE: View EMWS1.EM_TREE5.VIEW used (Total process time):
      real time           0.04 seconds
      cpu time            0.03 seconds
      
NOTE: There were 396 observations read from the data set EMWS1.PART2_TRAIN.
MPRINT(EM_TREE_RUNTREEPROCEDURE):   quit;
NOTE: PROCEDURE SQL used (Total process time):
      real time           0.07 seconds
      cpu time            0.06 seconds
      

MPRINT(EM_TREE_RUNTREEPROCEDURE):   data _null_;
MPRINT(EM_TREE_RUNTREEPROCEDURE):   set EMWS1.Tree5_diagnosis_DM(where=(_TYPE_="TARGET"));
MPRINT(EM_TREE_RUNTREEPROCEDURE):   call symput('targetEvent', strip(tranwrd(EVENT,'"','""')));
MPRINT(EM_TREE_RUNTREEPROCEDURE):   run;

NOTE: There were 1 observations read from the data set EMWS1.TREE5_DIAGNOSIS_DM.
      WHERE _TYPE_='TARGET';
NOTE: DATA statement used (Total process time):
      real time           0.00 seconds
      cpu time            0.00 seconds
      

MPRINT(EM_TREE_RUNTREEPROCEDURE):   data temptarget;
MPRINT(EM_TREE_RUNTREEPROCEDURE):   set EMWS1.Tree5_VariableSet;
MPRINT(EM_TREE_RUNTREEPROCEDURE):   where ROLE="TARGET" AND LEVEL^="ORDINAL";
MPRINT(EM_TREE_RUNTREEPROCEDURE):   run;

NOTE: There were 1 observations read from the data set EMWS1.TREE5_VARIABLESET.
      WHERE (ROLE='TARGET') and (LEVEL not = 'ORDINAL');
NOTE: The data set WORK.TEMPTARGET has 1 observations and 21 variables.
NOTE: DATA statement used (Total process time):
      real time           0.01 seconds
      cpu time            0.00 seconds
      

MPRINT(EM_TREE_RUNTREEPROCEDURE):  ;
MPRINT(EM_TREE_RUNTREEPROCEDURE):  ;
MPRINT(EM_TREE_RUNTREEPROCEDURE):  ;
MPRINT(EM_TREE_RUNTREEPROCEDURE):  ;
MPRINT(EM_TREE_RUNTREEPROCEDURE):  ;
MPRINT(EM_TREE_RUNTREEPROCEDURE):  ;
MPRINT(EM_TREE_RUNTREEPROCEDURE):  ;
MPRINT(EM_TREE_RUNTREEPROCEDURE):  ;
MPRINT(EM_TREE_RUNTREEPROCEDURE):  ;
MPRINT(EM_TREE_RUNTREEPROCEDURE):  ;
MPRINT(EM_TREE_RUNTREEPROCEDURE):  ;
MPRINT(EM_TREE_RUNTREEPROCEDURE):  ;
MPRINT(EM_TREE_RUNTREEPROCEDURE):   data _null_;
MPRINT(EM_TREE_RUNTREEPROCEDURE):   length orderString nameString $10000;
MPRINT(EM_TREE_RUNTREEPROCEDURE):   retain orderString nameString;
MPRINT(EM_TREE_RUNTREEPROCEDURE):   set EMWS1.Tree5_VariableSet end=eof;
MPRINT(EM_TREE_RUNTREEPROCEDURE):   where ROLE="TARGET" and LEVEL in("BINARY", "NOMINAL", "ORDINAL") and USE ='Y';
MPRINT(EM_TREE_RUNTREEPROCEDURE):   select(order);
MPRINT(EM_TREE_RUNTREEPROCEDURE):   when('') order ='DESC';
MPRINT(EM_TREE_RUNTREEPROCEDURE):   when('FMTASC') order='ASCFMT';
MPRINT(EM_TREE_RUNTREEPROCEDURE):   when('FMTDESC') order='DESFMT';
MPRINT(EM_TREE_RUNTREEPROCEDURE):   otherwise;
MPRINT(EM_TREE_RUNTREEPROCEDURE):   end;
MPRINT(EM_TREE_RUNTREEPROCEDURE):   orderString = trim(orderString)!!' '!!trim(NAME)!!'('!!trim(order)!!')';
MPRINT(EM_TREE_RUNTREEPROCEDURE):   nameString = trim(nameString)!!' '!!trim(NAME);
MPRINT(EM_TREE_RUNTREEPROCEDURE):   if eof then do;
MPRINT(EM_TREE_RUNTREEPROCEDURE):   call symput('targetOrderString', trim(orderString));
MPRINT(EM_TREE_RUNTREEPROCEDURE):   call symput('targetString', trim(nameString));
MPRINT(EM_TREE_RUNTREEPROCEDURE):   end;
MPRINT(EM_TREE_RUNTREEPROCEDURE):   run;

NOTE: There were 1 observations read from the data set EMWS1.TREE5_VARIABLESET.
      WHERE (ROLE='TARGET') and LEVEL in ('BINARY', 'NOMINAL', 'ORDINAL') and (USE='Y');
NOTE: DATA statement used (Total process time):
      real time           0.00 seconds
      cpu time            0.00 seconds
      

MPRINT(EM_TREE_RUNTREEPROCEDURE):   proc dmdb batch data=EMWS1.em_Tree5 dmdbcat=_treeDMDB classout=classout varout=varout maxlevel=513;
MPRINT(EM_TREE_RUNTREEPROCEDURE):   class diagnosis(DESC);
MPRINT(EM_TREE_RUNTREEPROCEDURE):   target diagnosis
MPRINT(EM_TREE_RUNTREEPROCEDURE):  ;
MPRINT(EM_TREE_RUNTREEPROCEDURE):   run;

NOTE: Records processed = 396   Memory used = 511K.
NOTE: View EMWS1.EM_TREE5.VIEW used (Total process time):
      real time           0.10 seconds
      cpu time            0.09 seconds
      
NOTE: There were 396 observations read from the data set EMWS1.PART2_TRAIN.
NOTE: There were 396 observations read from the data set EMWS1.EM_TREE5.
NOTE: The data set WORK.CLASSOUT has 2 observations and 9 variables.
NOTE: PROCEDURE DMDB used (Total process time):
      real time           0.11 seconds
      cpu time            0.11 seconds
      

MPRINT(EM_TREE_RUNTREEPROCEDURE):   quit;
MPRINT(EM_TREE_RUNTREEPROCEDURE):   proc datasets lib=work nolist;
MPRINT(EM_TREE_RUNTREEPROCEDURE):   delete classout varout;
MPRINT(EM_TREE_RUNTREEPROCEDURE):   run;

NOTE: Deleting WORK.CLASSOUT (memtype=DATA).
NOTE: Deleting WORK.VAROUT (memtype=DATA).
MPRINT(EM_TREE_RUNTREEPROCEDURE):   quit;

NOTE: PROCEDURE DATASETS used (Total process time):
      real time           0.01 seconds
      cpu time            0.01 seconds
      

MPRINT(EM_TREE_RUNTREEPROCEDURE):   proc arbor data=EMWS1.em_Tree5 Leafsize = 5 MinCatSize = 5 MaxBranch = 2 MaxDepth = 6
MPRINT(EM_TREE_RUNTREEPROCEDURE):   Maxrules = 5 Maxsurrs = 0 Missing=USEINSEARCH Exhaustive=5000
MPRINT(EM_TREE_RUNTREEPROCEDURE):   event = "M" ;
MPRINT(EM_TREE_RUNTREEPROCEDURE):   input
MPRINT(EM_INTERVAL_INPUT):   area_mean area_se area_worst compactness_mean compactness_se compactness_worst concave_points_mean concave_points_se concave_points_worst concavity_mean concavity_se concavity_worst fractal_dimension_mean fractal_dimension_se 
fractal_dimension_worst perimeter_mean perimeter_se perimeter_worst radius_mean radius_se radius_worst smoothness_mean smoothness_se smoothness_worst symmetry_mean symmetry_se symmetry_worst
MPRINT(EM_TREE_RUNTREEPROCEDURE):  / level = interval;
MPRINT(EM_TREE_RUNTREEPROCEDURE):   target
MPRINT(EM_TARGET):   diagnosis
MPRINT(EM_TREE_RUNTREEPROCEDURE):   / level =
MPRINT(EM_TARGET_LEVEL):   BINARY
MPRINT(EM_TREE_RUNTREEPROCEDURE):   Criterion=GINI;
MPRINT(EM_TREE_RUNTREEPROCEDURE):   ;
MPRINT(EM_TREE_RUNTREEPROCEDURE):   Performance DISK nodesize=20000 ;
MPRINT(EM_TREE_RUNTREEPROCEDURE):   Assess Validata=EMWS1.Part2_VALIDATE
MPRINT(EM_TREE_RUNTREEPROCEDURE):   measure=MISC
MPRINT(EM_TREE_RUNTREEPROCEDURE):   ;
NOTE: 1577333 kilobytes of physical memory.
NOTE: Will use 396 out of 396 training cases.
NOTE: Using memory pool with 197328896 bytes.
NOTE: Passed training data 10 times.
NOTE: Training used 306312 bytes of work memory.
NOTE: The subtree sequence contains 10 subtrees. The largest has 19 nodes and 10 leaves.
NOTE: Using subtree with 9 nodes and 5 leaves.
MPRINT(EM_TREE_RUNTREEPROCEDURE):   SUBTREE BEST ;
NOTE: Using subtree with 9 nodes and 5 leaves.
MPRINT(EM_TREE_RUNTREEPROCEDURE):   MakeMacro nleaves = nleaves;
NOTE: Created macro variable NLEAVES equal to 5.
MPRINT(EM_TREE_RUNTREEPROCEDURE):   save MODEL=EMWS1.Tree5_EMTREE SEQUENCE=EMWS1.Tree5_OUTSEQ IMPORTANCE=EMWS1.Tree5_OUTIMPORT NODESTAT=EMWS1.Tree5_OUTNODES SUMMARY=EMWS1.Tree5_OUTSUMMARY STATSBYNODE=EMWS1.Tree5_OUTSTATS TOPOLOGY=EMWS1.Tree5_OUTTOPOLOGY 
Pathlistnonmissing=EMWS1.Tree5_OUTPATH RULES = EMWS1.Tree5_OUTRULES ;
NOTE: The data set EMWS1.TREE5_OUTIMPORT has 27 observations and 6 variables.
NOTE: The data set EMWS1.TREE5_EMTREE has 904 observations and 4 variables.
NOTE: The data set EMWS1.TREE5_OUTNODES has 9 observations and 24 variables.
NOTE: The data set EMWS1.TREE5_OUTPATH has 23 observations and 7 variables.
NOTE: The data set EMWS1.TREE5_OUTRULES has 161 observations and 6 variables.
NOTE: The data set EMWS1.TREE5_OUTSEQ has 10 observations and 20 variables.
NOTE: The data set EMWS1.TREE5_OUTSTATS has 63 observations and 5 variables.
NOTE: The data set EMWS1.TREE5_OUTSUMMARY has 24 observations and 6 variables.
NOTE: The data set EMWS1.TREE5_OUTTOPOLOGY has 9 observations and 5 variables.
MPRINT(EM_TREE_RUNTREEPROCEDURE):   code file="C:\Users\student\OneDrive - Bryant University\Documents\GitHub\Projects_in_R\Assignments\Assignment 3\Workspaces\EMWS1\Tree5\TREEFLOW.sas" res group=Tree5 ;
NOTE: External file C:\Users\student\OneDrive - Bryant University\Documents\GitHub\Projects_in_R\Assignments\Assignment 3\Workspaces\EMWS1\Tree5\TREEFLOW.sas opened.
MPRINT(EM_TREE_RUNTREEPROCEDURE):   code file="C:\Users\student\OneDrive - Bryant University\Documents\GitHub\Projects_in_R\Assignments\Assignment 3\Workspaces\EMWS1\Tree5\TREEPUBLISH.sas" nores group=Tree5 ;
NOTE: External file C:\Users\student\OneDrive - Bryant University\Documents\GitHub\Projects_in_R\Assignments\Assignment 3\Workspaces\EMWS1\Tree5\TREEPUBLISH.sas opened.
MPRINT(EM_TREE_RUNTREEPROCEDURE):   score data=EMWS1.em_Tree5 out=_NULL_ outfit=work.fit_train role=TRAIN;
NOTE: The data set WORK.FIT_TRAIN has 1 observations and 10 variables.
NOTE: View EMWS1.EM_TREE5.VIEW used (Total process time):
      real time           0.06 seconds
      cpu time            0.06 seconds
      
NOTE: There were 396 observations read from the data set EMWS1.PART2_TRAIN.
MPRINT(EM_TREE_RUNTREEPROCEDURE):   score data=EMWS1.Part2_VALIDATE out=_NULL_ outfit=work.fit_valid role=VALID;
NOTE: The data set WORK.FIT_VALID has 1 observations and 8 variables.
MPRINT(EM_TREE_RUNTREEPROCEDURE):   run;

MPRINT(EM_TREE_RUNTREEPROCEDURE):   quit;

NOTE: View EMWS1.EM_TREE5.VIEW used (Total process time):
      real time           0.30 seconds
      cpu time            0.23 seconds
      
NOTE: There were 396 observations read from the data set EMWS1.PART2_TRAIN.
NOTE: There were 396 observations read from the data set EMWS1.EM_TREE5.
NOTE: The data set WORK._NAMEDAT has 2 observations and 5 variables.
NOTE: PROCEDURE ARBOR used (Total process time):
      real time           0.31 seconds
      cpu time            0.26 seconds
      

MPRINT(EM_TREE_RUNTREEPROCEDURE):   proc datasets lib=work nolist;
MPRINT(EM_TREE_RUNTREEPROCEDURE):   delete _treeDMDB / mt=cat;
MPRINT(EM_TREE_RUNTREEPROCEDURE):   run;

NOTE: Deleting WORK._TREEDMDB (memtype=CATALOG).
MPRINT(EM_TREE_TRAIN):  ;

NOTE: PROCEDURE DATASETS used (Total process time):
      real time           0.00 seconds
      cpu time            0.00 seconds
      

MPRINT(EM_TREE_CREATEFITSTATS):   data temptarget;
MPRINT(EM_TREE_CREATEFITSTATS):   set EMWS1.Tree5_VariableSet;
MPRINT(EM_TREE_CREATEFITSTATS):   where ROLE="TARGET";
MPRINT(EM_TREE_CREATEFITSTATS):   run;

NOTE: There were 1 observations read from the data set EMWS1.TREE5_VARIABLESET.
      WHERE ROLE='TARGET';
NOTE: The data set WORK.TEMPTARGET has 1 observations and 21 variables.
NOTE: DATA statement used (Total process time):
      real time           0.01 seconds
      cpu time            0.01 seconds
      

MPRINT(EM_TREE_CREATEFITSTATS):  ;
MPRINT(EM_TREE_CREATEFITSTATS):   data EMWS1.Tree5_EMOUTFIT;
MPRINT(EM_TREE_CREATEFITSTATS):   length target $32;
MPRINT(EM_TREE_CREATEFITSTATS):   merge work.fit_train work.fit_valid ;
MPRINT(EM_TREE_CREATEFITSTATS):   target=
MPRINT(EM_TREE_CREATEFITSTATS):  "diagnosis";
MPRINT(EM_TREE_CREATEFITSTATS):   drop _NW_ _SUMW_ _VSUMW_ ;
MPRINT(EM_TREE_CREATEFITSTATS):   run;

NOTE: There were 1 observations read from the data set WORK.FIT_TRAIN.
NOTE: There were 1 observations read from the data set WORK.FIT_VALID.
NOTE: The data set EMWS1.TREE5_EMOUTFIT has 1 observations and 16 variables.
NOTE: DATA statement used (Total process time):
      real time           0.01 seconds
      cpu time            0.01 seconds
      

MPRINT(EM_TREE_CREATEFITSTATS):   proc datasets library=work nolist;
MPRINT(EM_TREE_CREATEFITSTATS):   delete fit_valid;
MPRINT(EM_TREE_CREATEFITSTATS):   run;

NOTE: Deleting WORK.FIT_VALID (memtype=DATA).
MPRINT(EM_TREE_TRAIN):  ;
MPRINT(EM_TREE_TRAIN):   filename X "C:\Users\student\OneDrive - Bryant University\Documents\GitHub\Projects_in_R\Assignments\Assignment 3\Workspaces\EMWS1\Tree5\ENGLISHRULES.txt" encoding='utf-8' NOBOM;
MPRINT(EM_TREE_MAKEENGLISHRULES):  ;
MPRINT(EM_TREE_MAKEENGLISHRULES):  ;

NOTE: PROCEDURE DATASETS used (Total process time):
      real time           0.03 seconds
      cpu time            0.03 seconds
      

MPRINT(EM_TREE_MAKEENGLISHRULES):   data tempoutpath;
MPRINT(EM_TREE_MAKEENGLISHRULES):   length varname $23;
MPRINT(EM_TREE_MAKEENGLISHRULES):   retain varname;
MPRINT(EM_TREE_MAKEENGLISHRULES):   set EMWS1.Tree5_OUTPATH;
MPRINT(EM_TREE_MAKEENGLISHRULES):   if ^missing(variable) then varname=variable;
MPRINT(EM_TREE_MAKEENGLISHRULES):   else if ^missing(var_name) then varname=var_name;
MPRINT(EM_TREE_MAKEENGLISHRULES):   output;
MPRINT(EM_TREE_MAKEENGLISHRULES):   run;

NOTE: There were 23 observations read from the data set EMWS1.TREE5_OUTPATH.
NOTE: The data set WORK.TEMPOUTPATH has 23 observations and 8 variables.
NOTE: DATA statement used (Total process time):
      real time           0.00 seconds
      cpu time            0.01 seconds
      

MPRINT(EM_TREE_MAKEENGLISHRULES):   data _null_;
MPRINT(EM_TREE_MAKEENGLISHRULES):   set EMWS1.Tree5_diagnosis_DM(where=(_TYPE_="PREDICTED")) end=eof;
MPRINT(EM_TREE_MAKEENGLISHRULES):   call symput('tree_pred_vars'!!strip(put(_N_, BEST.)), strip(VARIABLE));
MPRINT(EM_TREE_MAKEENGLISHRULES):   call symput('tree_pred_label'!!strip(put(_N_, BEST.)), strip(tranwrd(LABEL,'"','""')));
MPRINT(EM_TREE_MAKEENGLISHRULES):   if eof then call symput('numpred', strip(put(_N_, BEST.)));
MPRINT(EM_TREE_MAKEENGLISHRULES):   run;

NOTE: There were 2 observations read from the data set EMWS1.TREE5_DIAGNOSIS_DM.
      WHERE _TYPE_='PREDICTED';
NOTE: DATA statement used (Total process time):
      real time           0.00 seconds
      cpu time            0.00 seconds
      

MPRINT(EM_TREE_MAKEENGLISHRULES):   data _null_;
MPRINT(EM_TREE_MAKEENGLISHRULES):   set EMWS1.Tree5_OUTNODES(obs=2) end=eof;
MPRINT(EM_TREE_MAKEENGLISHRULES):   if eof then do;
MPRINT(EM_TREE_MAKEENGLISHRULES):   call symput('nprior_flag', strip(put(npriors, best.)));
MPRINT(EM_TREE_MAKEENGLISHRULES):   end;
MPRINT(EM_TREE_MAKEENGLISHRULES):   run;

NOTE: There were 2 observations read from the data set EMWS1.TREE5_OUTNODES.
NOTE: DATA statement used (Total process time):
      real time           0.00 seconds
      cpu time            0.00 seconds
      

MPRINT(EM_TREE_MAKEENGLISHRULES):   proc sort data=tempoutpath;
MPRINT(EM_TREE_MAKEENGLISHRULES):   by node;
MPRINT(EM_TREE_MAKEENGLISHRULES):   run;

NOTE: There were 23 observations read from the data set WORK.TEMPOUTPATH.
NOTE: The data set WORK.TEMPOUTPATH has 23 observations and 8 variables.
NOTE: PROCEDURE SORT used (Total process time):
      real time           0.00 seconds
      cpu time            0.01 seconds
      

MPRINT(EM_TREE_MAKEENGLISHRULES):   proc sort data=EMWS1.Tree5_OUTNODES out=outnodes;
MPRINT(EM_TREE_MAKEENGLISHRULES):   by node;
MPRINT(EM_TREE_MAKEENGLISHRULES):   run;

NOTE: There were 9 observations read from the data set EMWS1.TREE5_OUTNODES.
NOTE: The data set WORK.OUTNODES has 9 observations and 24 variables.
NOTE: PROCEDURE SORT used (Total process time):
      real time           0.01 seconds
      cpu time            0.01 seconds
      

MPRINT(EM_TREE_MAKEENGLISHRULES):   data tempoutpath;
MPRINT(EM_TREE_MAKEENGLISHRULES):   merge tempoutpath(in=_a) outnodes(keep= node NPRIORS P_diagnosisM P_diagnosisB );
MPRINT(EM_TREE_MAKEENGLISHRULES):   by node;
MPRINT(EM_TREE_MAKEENGLISHRULES):   if _a;
MPRINT(EM_TREE_MAKEENGLISHRULES):   run;

NOTE: There were 23 observations read from the data set WORK.TEMPOUTPATH.
NOTE: There were 9 observations read from the data set WORK.OUTNODES.
NOTE: The data set WORK.TEMPOUTPATH has 23 observations and 11 variables.
NOTE: DATA statement used (Total process time):
      real time           0.04 seconds
      cpu time            0.01 seconds
      

MPRINT(EM_TREE_MAKEENGLISHRULES):   proc sort data=tempoutpath;
MPRINT(EM_TREE_MAKEENGLISHRULES):   by node descending varname descending numeric_value;
MPRINT(EM_TREE_MAKEENGLISHRULES):   run;

NOTE: There were 23 observations read from the data set WORK.TEMPOUTPATH.
NOTE: The data set WORK.TEMPOUTPATH has 23 observations and 11 variables.
NOTE: PROCEDURE SORT used (Total process time):
      real time           0.03 seconds
      cpu time            0.01 seconds
      

MPRINT(EM_TREE_MAKEENGLISHRULES):   data _null_;
MPRINT(EM_TREE_MAKEENGLISHRULES):   file x;
MPRINT(EM_TREE_MAKEENGLISHRULES):   set tempoutpath;
MPRINT(EM_TREE_MAKEENGLISHRULES):   by node descending varname;
MPRINT(EM_TREE_MAKEENGLISHRULES):   retain origvar oldnode string;
MPRINT(EM_TREE_MAKEENGLISHRULES):   length origvar $32 oldnode 8 string $5000;
MPRINT(EM_TREE_MAKEENGLISHRULES):   if _N_ = 1 then do;
MPRINT(EM_TREE_MAKEENGLISHRULES):   origvar = varname;
MPRINT(EM_TREE_MAKEENGLISHRULES):   oldnode = node;
MPRINT(EM_TREE_MAKEENGLISHRULES):   end;
MPRINT(EM_TREE_MAKEENGLISHRULES):   if first.node then do;
MPRINT(EM_TREE_MAKEENGLISHRULES):   put "*------------------------------------------------------------*";
MPRINT(EM_TREE_MAKEENGLISHRULES):   put " Node = " node;
MPRINT(EM_TREE_MAKEENGLISHRULES):   put "*------------------------------------------------------------*";
MPRINT(EM_TREE_MAKEENGLISHRULES):   end;
MPRINT(EM_TREE_MAKEENGLISHRULES):   if first.varname then do;
MPRINT(EM_TREE_MAKEENGLISHRULES):   if RELATION ^in ("=", "ISMISSING", "ISNOTMISSING") then do;
MPRINT(EM_TREE_MAKEENGLISHRULES):   if MISSING(CHARACTER_VALUE) then do;
MPRINT(EM_TREE_MAKEENGLISHRULES):   if NUMERIC_VALUE ne . then do;
MPRINT(EM_TREE_MAKEENGLISHRULES):   if ^first.node then do;
MPRINT(EM_TREE_MAKEENGLISHRULES):   string= "AND "|| strip(varname)||" "||strip(relation)||" "||strip(numeric_value);
MPRINT(EM_TREE_MAKEENGLISHRULES):   end;
MPRINT(EM_TREE_MAKEENGLISHRULES):   else do;
MPRINT(EM_TREE_MAKEENGLISHRULES):   string= "if "|| strip(varname)||" "||strip(relation)||" "||strip(numeric_value);
MPRINT(EM_TREE_MAKEENGLISHRULES):   end;
MPRINT(EM_TREE_MAKEENGLISHRULES):   end;
MPRINT(EM_TREE_MAKEENGLISHRULES):   end;
MPRINT(EM_TREE_MAKEENGLISHRULES):   else do;
MPRINT(EM_TREE_MAKEENGLISHRULES):   if ^first.node then do;
MPRINT(EM_TREE_MAKEENGLISHRULES):   string= "AND "|| strip(varname)||" "||strip(relation)||" "||strip(character_value);
MPRINT(EM_TREE_MAKEENGLISHRULES):   end;
MPRINT(EM_TREE_MAKEENGLISHRULES):   else do;
MPRINT(EM_TREE_MAKEENGLISHRULES):   string= "if "|| strip(varname)||" "||strip(relation)||" "||strip(character_value);
MPRINT(EM_TREE_MAKEENGLISHRULES):   end;
MPRINT(EM_TREE_MAKEENGLISHRULES):   end;
MPRINT(EM_TREE_MAKEENGLISHRULES):   end;
MPRINT(EM_TREE_MAKEENGLISHRULES):   else if RELATION in ("=") then do;
MPRINT(EM_TREE_MAKEENGLISHRULES):   if ^first.node then do;
MPRINT(EM_TREE_MAKEENGLISHRULES):   string = "AND "||strip(varname) ||" IS ONE OF: "||character_value;
MPRINT(EM_TREE_MAKEENGLISHRULES):   end;
MPRINT(EM_TREE_MAKEENGLISHRULES):   else do;
MPRINT(EM_TREE_MAKEENGLISHRULES):   string = "if "|| strip(varname) ||" IS ONE OF: "||character_value;
MPRINT(EM_TREE_MAKEENGLISHRULES):   end;
MPRINT(EM_TREE_MAKEENGLISHRULES):   end;
MPRINT(EM_TREE_MAKEENGLISHRULES):   else if RELATION in ("ISMISSING") then do;
MPRINT(EM_TREE_MAKEENGLISHRULES):   if ^first.node then do;
MPRINT(EM_TREE_MAKEENGLISHRULES):   string = " AND "|| strip(varname) || " equals Missing";
MPRINT(EM_TREE_MAKEENGLISHRULES):   end;
MPRINT(EM_TREE_MAKEENGLISHRULES):   else do;
MPRINT(EM_TREE_MAKEENGLISHRULES):   string = "if "|| strip(varname) ||" equals Missing";
MPRINT(EM_TREE_MAKEENGLISHRULES):   end;
MPRINT(EM_TREE_MAKEENGLISHRULES):   end;
MPRINT(EM_TREE_MAKEENGLISHRULES):   else if RELATION in ("ISNOTMISSING") then do;
MPRINT(EM_TREE_MAKEENGLISHRULES):   if ^first.node then do;
MPRINT(EM_TREE_MAKEENGLISHRULES):   string = " AND "|| strip(varname) || " equals All Values";
MPRINT(EM_TREE_MAKEENGLISHRULES):   end;
MPRINT(EM_TREE_MAKEENGLISHRULES):   else do;
MPRINT(EM_TREE_MAKEENGLISHRULES):   string = "if "|| strip(varname) ||" equals All Values";
MPRINT(EM_TREE_MAKEENGLISHRULES):   end;
MPRINT(EM_TREE_MAKEENGLISHRULES):   end;
MPRINT(EM_TREE_MAKEENGLISHRULES):   if ^missing(varname) then origvar = varname;
MPRINT(EM_TREE_MAKEENGLISHRULES):   oldnode=node;
MPRINT(EM_TREE_MAKEENGLISHRULES):   end;
MPRINT(EM_TREE_MAKEENGLISHRULES):   else do;
MPRINT(EM_TREE_MAKEENGLISHRULES):   if RELATION ^in ("=", "ISMISSING", "ISNOTMISSING") then do;
MPRINT(EM_TREE_MAKEENGLISHRULES):   if MISSING(CHARACTER_VALUE) then do;
MPRINT(EM_TREE_MAKEENGLISHRULES):   if NUMERIC_VALUE ne . then do;
MPRINT(EM_TREE_MAKEENGLISHRULES):   if ^MISSING(string) then string= strip(string)||" AND "|| strip(varname)||" "||strip(relation)||" "||strip(numeric_value);
MPRINT(EM_TREE_MAKEENGLISHRULES):   else string= " if "|| strip(varname)||" "||strip(relation)||" "||strip(numeric_value);
MPRINT(EM_TREE_MAKEENGLISHRULES):   end;
MPRINT(EM_TREE_MAKEENGLISHRULES):   end;
MPRINT(EM_TREE_MAKEENGLISHRULES):   else do;
MPRINT(EM_TREE_MAKEENGLISHRULES):   if ^MISSING(string) then string= strip(string)||" AND "|| strip(varname)||" "||strip(relation)||" "||strip(character_value);
MPRINT(EM_TREE_MAKEENGLISHRULES):   else string= " if "|| strip(varname)||" "||strip(relation)||" "||strip(character_value);
MPRINT(EM_TREE_MAKEENGLISHRULES):   end;
MPRINT(EM_TREE_MAKEENGLISHRULES):   end;
MPRINT(EM_TREE_MAKEENGLISHRULES):   else if RELATION in ("=") then do;
MPRINT(EM_TREE_MAKEENGLISHRULES):   string = strip(string)||", "||strip(character_value);
MPRINT(EM_TREE_MAKEENGLISHRULES):   end;
MPRINT(EM_TREE_MAKEENGLISHRULES):   else if RELATION in ("ISMISSING") then do;
MPRINT(EM_TREE_MAKEENGLISHRULES):   end;
MPRINT(EM_TREE_MAKEENGLISHRULES):   if ^missing(varname) then origvar = varname;
MPRINT(EM_TREE_MAKEENGLISHRULES):   oldnode=node;
MPRINT(EM_TREE_MAKEENGLISHRULES):   end;
MPRINT(EM_TREE_MAKEENGLISHRULES):   if last.varname then do;
MPRINT(EM_TREE_MAKEENGLISHRULES):   if RELATION in ("ISMISSING") then do;
MPRINT(EM_TREE_MAKEENGLISHRULES):   if ^first.varname then do;
MPRINT(EM_TREE_MAKEENGLISHRULES):   string = strip(string) || " or MISSING";
MPRINT(EM_TREE_MAKEENGLISHRULES):   end;
MPRINT(EM_TREE_MAKEENGLISHRULES):   end;
MPRINT(EM_TREE_MAKEENGLISHRULES):   put string;
MPRINT(EM_TREE_MAKEENGLISHRULES):   if ^missing(varname) then origvar = varname;
MPRINT(EM_TREE_MAKEENGLISHRULES):   oldnode=node;
MPRINT(EM_TREE_MAKEENGLISHRULES):   end;
MPRINT(EM_TREE_MAKEENGLISHRULES):   if last.node then do;
MPRINT(EM_TREE_MAKEENGLISHRULES):   put "then ";
MPRINT(EM_TREE_MAKEENGLISHRULES):   put " Tree Node Identifier   = " node;
MPRINT(EM_TREE_MAKEENGLISHRULES):   put " Number of Observations = " NPRIORS;
MPRINT(EM_TREE_MAKEENGLISHRULES):   put " Predicted: diagnosis=M = " P_diagnosisM;
MPRINT(EM_TREE_MAKEENGLISHRULES):   put " Predicted: diagnosis=B = " P_diagnosisB;
MPRINT(EM_TREE_MAKEENGLISHRULES):   put " ";
MPRINT(EM_TREE_MAKEENGLISHRULES):   if ^missing(varname) then origvar = varname;
MPRINT(EM_TREE_MAKEENGLISHRULES):   oldnode=node;
MPRINT(EM_TREE_MAKEENGLISHRULES):   end;
MPRINT(EM_TREE_MAKEENGLISHRULES):   run;

NOTE: Numeric values have been converted to character values at the places given by: (Line):(Column).
      218:176   228:190   374:191   381:195   
NOTE: The file X is:
      Filename=C:\Users\student\OneDrive - Bryant University\Documents\GitHub\Projects_in_R\Assignments\Assignment 3\Workspaces\EMWS1\Tree5\ENGLISHRULES.txt,
      RECFM=V,LRECL=131068,File Size (bytes)=0,
      Last Modified=03Oct2026:18:26:03,
      Create Time=03Oct2026:18:26:03

NOTE: 54 records were written to the file X.
      The minimum record length was 1.
      The maximum record length was 62.
NOTE: There were 23 observations read from the data set WORK.TEMPOUTPATH.
NOTE: DATA statement used (Total process time):
      real time           0.03 seconds
      cpu time            0.03 seconds
      

MPRINT(EM_TREE_MAKEENGLISHRULES):   proc datasets lib=work nolist;
MPRINT(EM_TREE_MAKEENGLISHRULES):   delete tempoutpath outnodes;
MPRINT(EM_TREE_MAKEENGLISHRULES):   run;

NOTE: Deleting WORK.TEMPOUTPATH (memtype=DATA).
NOTE: Deleting WORK.OUTNODES (memtype=DATA).
MPRINT(EM_TREE_TRAIN):  ;

NOTE: PROCEDURE DATASETS used (Total process time):
      real time           0.02 seconds
      cpu time            0.00 seconds
      

MPRINT(EM_REPORT):   data WORK.EM_USER_REPORT;
MPRINT(EM_REPORT):   retain id 0;
MPRINT(EM_REPORT):   id + 1;
MPRINT(EM_REPORT):   length VIEW 8 NAME $32 VALUE $400;
MPRINT(EM_REPORT):   NAME = "KEY";
MPRINT(EM_REPORT):   VALUE = "ENGLISHRULES";
MPRINT(EM_REPORT):   VIEW = 0.62061226443416;
MPRINT(EM_REPORT):   output;
MPRINT(EM_REPORT):   NAME = "VIEWTYPE";
MPRINT(EM_REPORT):   VALUE = "SOURCE";
MPRINT(EM_REPORT):   VIEW = 0.62061226443416;
MPRINT(EM_REPORT):   output;
MPRINT(EM_REPORT):   NAME = "AUTODISPLAY";
MPRINT(EM_REPORT):   VALUE = "N";
MPRINT(EM_REPORT):   VIEW = 0.62061226443416;
MPRINT(EM_REPORT):   output;
MPRINT(EM_REPORT):   NAME = "SPK";
MPRINT(EM_REPORT):   VALUE = "Y";
MPRINT(EM_REPORT):   VIEW = 0.62061226443416;
MPRINT(EM_REPORT):   output;
MPRINT(EM_REPORT):   NAME = "COMPARE";
MPRINT(EM_REPORT):   VALUE = "N";
MPRINT(EM_REPORT):   VIEW = 0.62061226443416;
MPRINT(EM_REPORT):   output;
MPRINT(EM_REPORT):   NAME = "LOCALIZE";
MPRINT(EM_REPORT):   VALUE = "N";
MPRINT(EM_REPORT):   VIEW = 0.62061226443416;
MPRINT(EM_REPORT):   output;
MPRINT(EM_REPORT):   NAME = "EQUALIZEROWX";
MPRINT(EM_REPORT):   VALUE = "N";
MPRINT(EM_REPORT):   VIEW = 0.62061226443416;
MPRINT(EM_REPORT):   output;
MPRINT(EM_REPORT):   NAME = "EQUALIZEROWY";
MPRINT(EM_REPORT):   VALUE = "N";
MPRINT(EM_REPORT):   VIEW = 0.62061226443416;
MPRINT(EM_REPORT):   output;
MPRINT(EM_REPORT):   NAME = "EQUALIZECOLX";
MPRINT(EM_REPORT):   VALUE = "N";
MPRINT(EM_REPORT):   VIEW = 0.62061226443416;
MPRINT(EM_REPORT):   output;
MPRINT(EM_REPORT):   NAME = "EQUALIZECOLY";
MPRINT(EM_REPORT):   VALUE = "N";
MPRINT(EM_REPORT):   VIEW = 0.62061226443416;
MPRINT(EM_REPORT):   output;
MPRINT(EM_REPORT):   NAME = "NROWS";
MPRINT(EM_REPORT):   VALUE = "";
MPRINT(EM_REPORT):   VIEW = 0.62061226443416;
MPRINT(EM_REPORT):   output;
MPRINT(EM_REPORT):   NAME = "NCOLS";
MPRINT(EM_REPORT):   VALUE = "";
MPRINT(EM_REPORT):   VIEW = 0.62061226443416;
MPRINT(EM_REPORT):   output;
MPRINT(EM_REPORT):   NAME = "DISCRETEX";
MPRINT(EM_REPORT):   VALUE = "";
MPRINT(EM_REPORT):   VIEW = 0.62061226443416;
MPRINT(EM_REPORT):   output;
MPRINT(EM_REPORT):   NAME = "DISCRETEY";
MPRINT(EM_REPORT):   VALUE = "";
MPRINT(EM_REPORT):   VIEW = 0.62061226443416;
MPRINT(EM_REPORT):   output;
MPRINT(EM_REPORT):   NAME = "LATTICEX";
MPRINT(EM_REPORT):   VALUE = "";
MPRINT(EM_REPORT):   VIEW = 0.62061226443416;
MPRINT(EM_REPORT):   output;
MPRINT(EM_REPORT):   NAME = "LATTICEY";
MPRINT(EM_REPORT):   VALUE = "";
MPRINT(EM_REPORT):   VIEW = 0.62061226443416;
MPRINT(EM_REPORT):   output;
MPRINT(EM_REPORT):   NAME = "LATTICETYPE";
MPRINT(EM_REPORT):   VALUE = "";
MPRINT(EM_REPORT):   VIEW = 0.62061226443416;
MPRINT(EM_REPORT):   output;
MPRINT(EM_REPORT):   NAME = "ABSOLUTEVALUE";
MPRINT(EM_REPORT):   VALUE = "";
MPRINT(EM_REPORT):   VIEW = 0.62061226443416;
MPRINT(EM_REPORT):   output;
MPRINT(EM_REPORT):   NAME = "SORTORDER";
MPRINT(EM_REPORT):   VALUE = "";
MPRINT(EM_REPORT):   VIEW = 0.62061226443416;
MPRINT(EM_REPORT):   output;
MPRINT(EM_REPORT):   NAME = "SORTORDERY";
MPRINT(EM_REPORT):   VALUE = "";
MPRINT(EM_REPORT):   VIEW = 0.62061226443416;
MPRINT(EM_REPORT):   output;
MPRINT(EM_REPORT):   NAME = "ORIENTATION";
MPRINT(EM_REPORT):   VALUE = "";
MPRINT(EM_REPORT):   VIEW = 0.62061226443416;
MPRINT(EM_REPORT):   output;
MPRINT(EM_REPORT):   NAME = "METHOD";
MPRINT(EM_REPORT):   VALUE = "";
MPRINT(EM_REPORT):   VIEW = 0.62061226443416;
MPRINT(EM_REPORT):   output;
MPRINT(EM_REPORT):   NAME = "DIRECTION";
MPRINT(EM_REPORT):   VALUE = "";
MPRINT(EM_REPORT):   VIEW = 0.62061226443416;
MPRINT(EM_REPORT):   output;
MPRINT(EM_REPORT):   NAME = "BYSET";
MPRINT(EM_REPORT):   VALUE = "";
MPRINT(EM_REPORT):   VIEW = 0.62061226443416;
MPRINT(EM_REPORT):   output;
MPRINT(EM_REPORT):   NAME = "RENDERMODE";
MPRINT(EM_REPORT):   VALUE = "";
MPRINT(EM_REPORT):   VIEW = 0.62061226443416;
MPRINT(EM_REPORT):   output;
MPRINT(EM_REPORT):   NAME = "DESCRIPTION";
MPRINT(EM_REPORT):   VALUE = "ENGLISHRULES";
MPRINT(EM_REPORT):   VIEW = 0.62061226443416;
MPRINT(EM_REPORT):   output;
MPRINT(EM_REPORT):   NAME = "X";
MPRINT(EM_REPORT):   VALUE = "";
MPRINT(EM_REPORT):   VIEW = 0.62061226443416;
MPRINT(EM_REPORT):   output;
MPRINT(EM_REPORT):   NAME = "EXCLUDEVARS";
MPRINT(EM_REPORT):   VALUE = "";
MPRINT(EM_REPORT):   VIEW = 0.62061226443416;
MPRINT(EM_REPORT):   output;
MPRINT(EM_REPORT):   NAME = "Z";
MPRINT(EM_REPORT):   VALUE = "";
MPRINT(EM_REPORT):   VIEW = 0.62061226443416;
MPRINT(EM_REPORT):   output;
MPRINT(EM_REPORT):   NAME = "YVARS";
MPRINT(EM_REPORT):   VALUE = "";
MPRINT(EM_REPORT):   VIEW = 0.62061226443416;
MPRINT(EM_REPORT):   output;
MPRINT(EM_REPORT):   NAME = "FREQVARS";
MPRINT(EM_REPORT):   VALUE = "";
MPRINT(EM_REPORT):   VIEW = 0.62061226443416;
MPRINT(EM_REPORT):   output;
MPRINT(EM_REPORT):   NAME = "AXIS";
MPRINT(EM_REPORT):   VALUE = "";
MPRINT(EM_REPORT):   VIEW = 0.62061226443416;
MPRINT(EM_REPORT):   output;
MPRINT(EM_REPORT):   NAME = "FREQ";
MPRINT(EM_REPORT):   VALUE = "";
MPRINT(EM_REPORT):   VIEW = 0.62061226443416;
MPRINT(EM_REPORT):   output;
MPRINT(EM_REPORT):   NAME = "GROUP";
MPRINT(EM_REPORT):   VALUE = "";
MPRINT(EM_REPORT):   VIEW = 0.62061226443416;
MPRINT(EM_REPORT):   output;
MPRINT(EM_REPORT):   NAME = "SUBGROUP";
MPRINT(EM_REPORT):   VALUE = "";
MPRINT(EM_REPORT):   VIEW = 0.62061226443416;
MPRINT(EM_REPORT):   output;
MPRINT(EM_REPORT):   NAME = "BLOCK";
MPRINT(EM_REPORT):   VALUE = "MODEL";
MPRINT(EM_REPORT):   VIEW = 0.62061226443416;
MPRINT(EM_REPORT):   output;
MPRINT(EM_REPORT):   NAME = "COLOR";
MPRINT(EM_REPORT):   VALUE = "";
MPRINT(EM_REPORT):   VIEW = 0.62061226443416;
MPRINT(EM_REPORT):   output;
MPRINT(EM_REPORT):   NAME = "COLORINDEX";
MPRINT(EM_REPORT):   VALUE = "";
MPRINT(EM_REPORT):   VIEW = 0.62061226443416;
MPRINT(EM_REPORT):   output;
MPRINT(EM_REPORT):   NAME = "TIPTEXT";
MPRINT(EM_REPORT):   VALUE = "";
MPRINT(EM_REPORT):   VIEW = 0.62061226443416;
MPRINT(EM_REPORT):   output;
MPRINT(EM_REPORT):   NAME = "TIP";
MPRINT(EM_REPORT):   VALUE = "";
MPRINT(EM_REPORT):   VIEW = 0.62061226443416;
MPRINT(EM_REPORT):   output;
MPRINT(EM_REPORT):   NAME = "TOOLTIP";
MPRINT(EM_REPORT):   VALUE = "";
MPRINT(EM_REPORT):   VIEW = 0.62061226443416;
MPRINT(EM_REPORT):   output;
MPRINT(EM_REPORT):   NAME = "REPORTID";
MPRINT(EM_REPORT):   VALUE = "";
MPRINT(EM_REPORT):   VIEW = 0.62061226443416;
MPRINT(EM_REPORT):   output;
MPRINT(EM_REPORT):   NAME = "IDVALUE";
MPRINT(EM_REPORT):   VALUE = "";
MPRINT(EM_REPORT):   VIEW = 0.62061226443416;
MPRINT(EM_REPORT):   output;
MPRINT(EM_REPORT):   NAME = "ID";
MPRINT(EM_REPORT):   VALUE = "";
MPRINT(EM_REPORT):   VIEW = 0.62061226443416;
MPRINT(EM_REPORT):   output;
MPRINT(EM_REPORT):   NAME = "SIZE";
MPRINT(EM_REPORT):   VALUE = "";
MPRINT(EM_REPORT):   VIEW = 0.62061226443416;
MPRINT(EM_REPORT):   output;
MPRINT(EM_REPORT):   NAME = "FROM";
MPRINT(EM_REPORT):   VALUE = "";
MPRINT(EM_REPORT):   VIEW = 0.62061226443416;
MPRINT(EM_REPORT):   output;
MPRINT(EM_REPORT):   NAME = "TO";
MPRINT(EM_REPORT):   VALUE = "";
MPRINT(EM_REPORT):   VIEW = 0.62061226443416;
MPRINT(EM_REPORT):   output;
MPRINT(EM_REPORT):   NAME = "VALUE";
MPRINT(EM_REPORT):   VALUE = "";
MPRINT(EM_REPORT):   VIEW = 0.62061226443416;
MPRINT(EM_REPORT):   output;
MPRINT(EM_REPORT):   NAME = "VIEWS";
MPRINT(EM_REPORT):   VALUE = "";
MPRINT(EM_REPORT):   VIEW = 0.62061226443416;
MPRINT(EM_REPORT):   output;
MPRINT(EM_REPORT):   NAME = "PARENT";
MPRINT(EM_REPORT):   VALUE = "";
MPRINT(EM_REPORT):   VIEW = 0.62061226443416;
MPRINT(EM_REPORT):   output;
MPRINT(EM_REPORT):   NAME = "NODETEXT";
MPRINT(EM_REPORT):   VALUE = "";
MPRINT(EM_REPORT):   VIEW = 0.62061226443416;
MPRINT(EM_REPORT):   output;
MPRINT(EM_REPORT):   NAME = "ABOVETEXT";
MPRINT(EM_REPORT):   VALUE = "";
MPRINT(EM_REPORT):   VIEW = 0.62061226443416;
MPRINT(EM_REPORT):   output;
MPRINT(EM_REPORT):   NAME = "BELOWTEXT";
MPRINT(EM_REPORT):   VALUE = "";
MPRINT(EM_REPORT):   VIEW = 0.62061226443416;
MPRINT(EM_REPORT):   output;
MPRINT(EM_REPORT):   NAME = "NODESIZE";
MPRINT(EM_REPORT):   VALUE = "";
MPRINT(EM_REPORT):   VIEW = 0.62061226443416;
MPRINT(EM_REPORT):   output;
MPRINT(EM_REPORT):   NAME = "STATS";
MPRINT(EM_REPORT):   VALUE = "";
MPRINT(EM_REPORT):   VIEW = 0.62061226443416;
MPRINT(EM_REPORT):   output;
MPRINT(EM_REPORT):   NAME = "CLASSDIST";
MPRINT(EM_REPORT):   VALUE = "";
MPRINT(EM_REPORT):   VIEW = 0.62061226443416;
MPRINT(EM_REPORT):   output;
MPRINT(EM_REPORT):   NAME = "INTDIST";
MPRINT(EM_REPORT):   VALUE = "";
MPRINT(EM_REPORT):   VIEW = 0.62061226443416;
MPRINT(EM_REPORT):   output;
MPRINT(EM_REPORT):   NAME = "FOLDER";
MPRINT(EM_REPORT):   VALUE = "";
MPRINT(EM_REPORT):   VIEW = 0.62061226443416;
MPRINT(EM_REPORT):   output;
MPRINT(EM_REPORT):   NAME = "YPLOTTYPE";
MPRINT(EM_REPORT):   VALUE = "";
MPRINT(EM_REPORT):   VIEW = 0.62061226443416;
MPRINT(EM_REPORT):   output;
MPRINT(EM_REPORT):   NAME = "XREF";
MPRINT(EM_REPORT):   VALUE = "";
MPRINT(EM_REPORT):   VIEW = 0.62061226443416;
MPRINT(EM_REPORT):   output;
MPRINT(EM_REPORT):   NAME = "XREF2";
MPRINT(EM_REPORT):   VALUE = "";
MPRINT(EM_REPORT):   VIEW = 0.62061226443416;
MPRINT(EM_REPORT):   output;
MPRINT(EM_REPORT):   NAME = "YREF";
MPRINT(EM_REPORT):   VALUE = "";
MPRINT(EM_REPORT):   VIEW = 0.62061226443416;
MPRINT(EM_REPORT):   output;
MPRINT(EM_REPORT):   NAME = "Y2REF";
MPRINT(EM_REPORT):   VALUE = "";
MPRINT(EM_REPORT):   VIEW = 0.62061226443416;
MPRINT(EM_REPORT):   output;
MPRINT(EM_REPORT):   NAME = "YREF2";
MPRINT(EM_REPORT):   VALUE = "";
MPRINT(EM_REPORT):   VIEW = 0.62061226443416;
MPRINT(EM_REPORT):   output;
MPRINT(EM_REPORT):   NAME = "Y2REF2";
MPRINT(EM_REPORT):   VALUE = "";
MPRINT(EM_REPORT):   VIEW = 0.62061226443416;
MPRINT(EM_REPORT):   output;
MPRINT(EM_REPORT):   NAME = "GROUPINDEX";
MPRINT(EM_REPORT):   VALUE = "";
MPRINT(EM_REPORT):   VIEW = 0.62061226443416;
MPRINT(EM_REPORT):   output;
MPRINT(EM_REPORT):   NAME = "JOIN";
MPRINT(EM_REPORT):   VALUE = "";
MPRINT(EM_REPORT):   VIEW = 0.62061226443416;
MPRINT(EM_REPORT):   output;
MPRINT(EM_REPORT):   NAME = "XEXCLUDE";
MPRINT(EM_REPORT):   VALUE = "";
MPRINT(EM_REPORT):   VIEW = 0.62061226443416;
MPRINT(EM_REPORT):   output;
MPRINT(EM_REPORT):   NAME = "FREQEXCLUDE";
MPRINT(EM_REPORT):   VALUE = "";
MPRINT(EM_REPORT):   VIEW = 0.62061226443416;
MPRINT(EM_REPORT):   output;
MPRINT(EM_REPORT):   NAME = "YEXCLUDE";
MPRINT(EM_REPORT):   VALUE = "";
MPRINT(EM_REPORT):   VIEW = 0.62061226443416;
MPRINT(EM_REPORT):   output;
MPRINT(EM_REPORT):   NAME = "NAME";
MPRINT(EM_REPORT):   VALUE = "";
MPRINT(EM_REPORT):   VIEW = 0.62061226443416;
MPRINT(EM_REPORT):   output;
MPRINT(EM_REPORT):   NAME = "HEIGHT";
MPRINT(EM_REPORT):   VALUE = "";
MPRINT(EM_REPORT):   VIEW = 0.62061226443416;
MPRINT(EM_REPORT):   output;
MPRINT(EM_REPORT):   NAME = "WIDTH";
MPRINT(EM_REPORT):   VALUE = "";
MPRINT(EM_REPORT):   VIEW = 0.62061226443416;
MPRINT(EM_REPORT):   output;
MPRINT(EM_REPORT):   NAME = "XAXISLABEL";
MPRINT(EM_REPORT):   VALUE = "";
MPRINT(EM_REPORT):   VIEW = 0.62061226443416;
MPRINT(EM_REPORT):   output;
MPRINT(EM_REPORT):   NAME = "Y2AXISLABEL";
MPRINT(EM_REPORT):   VALUE = "";
MPRINT(EM_REPORT):   VIEW = 0.62061226443416;
MPRINT(EM_REPORT):   output;
MPRINT(EM_REPORT):   NAME = "YAXISLABEL";
MPRINT(EM_REPORT):   VALUE = "";
MPRINT(EM_REPORT):   VIEW = 0.62061226443416;
MPRINT(EM_REPORT):   output;
MPRINT(EM_REPORT):   NAME = "DISPLAYXLABEL";
MPRINT(EM_REPORT):   VALUE = "Y";
MPRINT(EM_REPORT):   VIEW = 0.62061226443416;
MPRINT(EM_REPORT):   output;
MPRINT(EM_REPORT):   NAME = "DISPLAYYLABEL";
MPRINT(EM_REPORT):   VALUE = "Y";
MPRINT(EM_REPORT):   VIEW = 0.62061226443416;
MPRINT(EM_REPORT):   output;
MPRINT(EM_REPORT):   NAME = "CHOICETEXT";
MPRINT(EM_REPORT):   VALUE = "";
MPRINT(EM_REPORT):   VIEW = 0.62061226443416;
MPRINT(EM_REPORT):   output;
MPRINT(EM_REPORT):   NAME = "SEGMENTVALUE";
MPRINT(EM_REPORT):   VALUE = "";
MPRINT(EM_REPORT):   VIEW = 0.62061226443416;
MPRINT(EM_REPORT):   output;
MPRINT(EM_REPORT):   NAME = "LOWERBAND";
MPRINT(EM_REPORT):   VALUE = "";
MPRINT(EM_REPORT):   VIEW = 0.62061226443416;
MPRINT(EM_REPORT):   output;
MPRINT(EM_REPORT):   NAME = "UPPERBAND";
MPRINT(EM_REPORT):   VALUE = "";
MPRINT(EM_REPORT):   VIEW = 0.62061226443416;
MPRINT(EM_REPORT):   output;
MPRINT(EM_REPORT):   NAME = "YLINE";
MPRINT(EM_REPORT):   VALUE = "";
MPRINT(EM_REPORT):   VIEW = 0.62061226443416;
MPRINT(EM_REPORT):   output;
MPRINT(EM_REPORT):   NAME = "LINKKEY";
MPRINT(EM_REPORT):   VALUE = "";
MPRINT(EM_REPORT):   VIEW = 0.62061226443416;
MPRINT(EM_REPORT):   output;
MPRINT(EM_REPORT):   NAME = "NODEKEY";
MPRINT(EM_REPORT):   VALUE = "";
MPRINT(EM_REPORT):   VIEW = 0.62061226443416;
MPRINT(EM_REPORT):   output;
MPRINT(EM_REPORT):   NAME = "NODEID";
MPRINT(EM_REPORT):   VALUE = "";
MPRINT(EM_REPORT):   VIEW = 0.62061226443416;
MPRINT(EM_REPORT):   output;
MPRINT(EM_REPORT):   NAME = "NODEVALUE";
MPRINT(EM_REPORT):   VALUE = "";
MPRINT(EM_REPORT):   VIEW = 0.62061226443416;
MPRINT(EM_REPORT):   output;
MPRINT(EM_REPORT):   NAME = "NODECOLOR";
MPRINT(EM_REPORT):   VALUE = "";
MPRINT(EM_REPORT):   VIEW = 0.62061226443416;
MPRINT(EM_REPORT):   output;
MPRINT(EM_REPORT):   NAME = "NODESHAPE";
MPRINT(EM_REPORT):   VALUE = "";
MPRINT(EM_REPORT):   VIEW = 0.62061226443416;
MPRINT(EM_REPORT):   output;
MPRINT(EM_REPORT):   NAME = "NODESHAPEVAR";
MPRINT(EM_REPORT):   VALUE = "";
MPRINT(EM_REPORT):   VIEW = 0.62061226443416;
MPRINT(EM_REPORT):   output;
MPRINT(EM_REPORT):   NAME = "NODELABEL";
MPRINT(EM_REPORT):   VALUE = "";
MPRINT(EM_REPORT):   VIEW = 0.62061226443416;
MPRINT(EM_REPORT):   output;
MPRINT(EM_REPORT):   NAME = "NODETIP";
MPRINT(EM_REPORT):   VALUE = "";
MPRINT(EM_REPORT):   VIEW = 0.62061226443416;
MPRINT(EM_REPORT):   output;
MPRINT(EM_REPORT):   NAME = "LINKID";
MPRINT(EM_REPORT):   VALUE = "";
MPRINT(EM_REPORT):   VIEW = 0.62061226443416;
MPRINT(EM_REPORT):   output;
MPRINT(EM_REPORT):   NAME = "LINKVALUE";
MPRINT(EM_REPORT):   VALUE = "";
MPRINT(EM_REPORT):   VIEW = 0.62061226443416;
MPRINT(EM_REPORT):   output;
MPRINT(EM_REPORT):   NAME = "LINKFROM";
MPRINT(EM_REPORT):   VALUE = "";
MPRINT(EM_REPORT):   VIEW = 0.62061226443416;
MPRINT(EM_REPORT):   output;
MPRINT(EM_REPORT):   NAME = "LINKTO";
MPRINT(EM_REPORT):   VALUE = "";
MPRINT(EM_REPORT):   VIEW = 0.62061226443416;
MPRINT(EM_REPORT):   output;
MPRINT(EM_REPORT):   NAME = "LINKCOLOR";
MPRINT(EM_REPORT):   VALUE = "";
MPRINT(EM_REPORT):   VIEW = 0.62061226443416;
MPRINT(EM_REPORT):   output;
MPRINT(EM_REPORT):   NAME = "LINKWIDTH";
MPRINT(EM_REPORT):   VALUE = "";
MPRINT(EM_REPORT):   VIEW = 0.62061226443416;
MPRINT(EM_REPORT):   output;
MPRINT(EM_REPORT):   NAME = "LINKTIP";
MPRINT(EM_REPORT):   VALUE = "";
MPRINT(EM_REPORT):   VIEW = 0.62061226443416;
MPRINT(EM_REPORT):   output;
MPRINT(EM_REPORT):   NAME = "XFROM";
MPRINT(EM_REPORT):   VALUE = "";
MPRINT(EM_REPORT):   VIEW = 0.62061226443416;
MPRINT(EM_REPORT):   output;
MPRINT(EM_REPORT):   NAME = "XTO";
MPRINT(EM_REPORT):   VALUE = "";
MPRINT(EM_REPORT):   VIEW = 0.62061226443416;
MPRINT(EM_REPORT):   output;
MPRINT(EM_REPORT):   NAME = "YFROM";
MPRINT(EM_REPORT):   VALUE = "";
MPRINT(EM_REPORT):   VIEW = 0.62061226443416;
MPRINT(EM_REPORT):   output;
MPRINT(EM_REPORT):   NAME = "YTO";
MPRINT(EM_REPORT):   VALUE = "";
MPRINT(EM_REPORT):   VIEW = 0.62061226443416;
MPRINT(EM_REPORT):   output;
MPRINT(EM_REPORT):   NAME = "MATRIXVAR";
MPRINT(EM_REPORT):   VALUE = "";
MPRINT(EM_REPORT):   VIEW = 0.62061226443416;
MPRINT(EM_REPORT):   output;
MPRINT(EM_REPORT):   NAME = "RESPONSE";
MPRINT(EM_REPORT):   VALUE = "";
MPRINT(EM_REPORT):   VIEW = 0.62061226443416;
MPRINT(EM_REPORT):   output;
MPRINT(EM_REPORT):   NAME = "SERIES";
MPRINT(EM_REPORT):   VALUE = "";
MPRINT(EM_REPORT):   VIEW = 0.62061226443416;
MPRINT(EM_REPORT):   output;
MPRINT(EM_REPORT):   NAME = "DESCARG";
MPRINT(EM_REPORT):   VALUE = "";
MPRINT(EM_REPORT):   VIEW = 0.62061226443416;
MPRINT(EM_REPORT):   output;
MPRINT(EM_REPORT):   NAME = "SLIDER";
MPRINT(EM_REPORT):   VALUE = "";
MPRINT(EM_REPORT):   VIEW = 0.62061226443416;
MPRINT(EM_REPORT):   output;
MPRINT(EM_REPORT):   NAME = "MarkerSize";
MPRINT(EM_REPORT):   VALUE = "";
MPRINT(EM_REPORT):   VIEW = 0.62061226443416;
MPRINT(EM_REPORT):   output;
MPRINT(EM_REPORT):   NAME = "Marker";
MPRINT(EM_REPORT):   VALUE = "";
MPRINT(EM_REPORT):   VIEW = 0.62061226443416;
MPRINT(EM_REPORT):   output;
MPRINT(EM_REPORT):   NAME = "Y1";
MPRINT(EM_REPORT):   VALUE = "";
MPRINT(EM_REPORT):   VIEW = 0.62061226443416;
MPRINT(EM_REPORT):   output;
MPRINT(EM_REPORT):   NAME = "Y2";
MPRINT(EM_REPORT):   VALUE = "";
MPRINT(EM_REPORT):   VIEW = 0.62061226443416;
MPRINT(EM_REPORT):   output;
MPRINT(EM_REPORT):   NAME = "Y3";
MPRINT(EM_REPORT):   VALUE = "";
MPRINT(EM_REPORT):   VIEW = 0.62061226443416;
MPRINT(EM_REPORT):   output;
MPRINT(EM_REPORT):   NAME = "Y4";
MPRINT(EM_REPORT):   VALUE = "";
MPRINT(EM_REPORT):   VIEW = 0.62061226443416;
MPRINT(EM_REPORT):   output;
MPRINT(EM_REPORT):   NAME = "Y5";
MPRINT(EM_REPORT):   VALUE = "";
MPRINT(EM_REPORT):   VIEW = 0.62061226443416;
MPRINT(EM_REPORT):   output;
MPRINT(EM_REPORT):   NAME = "Y6";
MPRINT(EM_REPORT):   VALUE = "";
MPRINT(EM_REPORT):   VIEW = 0.62061226443416;
MPRINT(EM_REPORT):   output;
MPRINT(EM_REPORT):   NAME = "Y7";
MPRINT(EM_REPORT):   VALUE = "";
MPRINT(EM_REPORT):   VIEW = 0.62061226443416;
MPRINT(EM_REPORT):   output;
MPRINT(EM_REPORT):   NAME = "Y8";
MPRINT(EM_REPORT):   VALUE = "";
MPRINT(EM_REPORT):   VIEW = 0.62061226443416;
MPRINT(EM_REPORT):   output;
MPRINT(EM_REPORT):   NAME = "Y9";
MPRINT(EM_REPORT):   VALUE = "";
MPRINT(EM_REPORT):   VIEW = 0.62061226443416;
MPRINT(EM_REPORT):   output;
MPRINT(EM_REPORT):   NAME = "Y10";
MPRINT(EM_REPORT):   VALUE = "";
MPRINT(EM_REPORT):   VIEW = 0.62061226443416;
MPRINT(EM_REPORT):   output;
MPRINT(EM_REPORT):   NAME = "Y11";
MPRINT(EM_REPORT):   VALUE = "";
MPRINT(EM_REPORT):   VIEW = 0.62061226443416;
MPRINT(EM_REPORT):   output;
MPRINT(EM_REPORT):   NAME = "Y12";
MPRINT(EM_REPORT):   VALUE = "";
MPRINT(EM_REPORT):   VIEW = 0.62061226443416;
MPRINT(EM_REPORT):   output;
MPRINT(EM_REPORT):   NAME = "Y13";
MPRINT(EM_REPORT):   VALUE = "";
MPRINT(EM_REPORT):   VIEW = 0.62061226443416;
MPRINT(EM_REPORT):   output;
MPRINT(EM_REPORT):   NAME = "Y14";
MPRINT(EM_REPORT):   VALUE = "";
MPRINT(EM_REPORT):   VIEW = 0.62061226443416;
MPRINT(EM_REPORT):   output;
MPRINT(EM_REPORT):   NAME = "Y15";
MPRINT(EM_REPORT):   VALUE = "";
MPRINT(EM_REPORT):   VIEW = 0.62061226443416;
MPRINT(EM_REPORT):   output;
MPRINT(EM_REPORT):   NAME = "Y16";
MPRINT(EM_REPORT):   VALUE = "";
MPRINT(EM_REPORT):   VIEW = 0.62061226443416;
MPRINT(EM_REPORT):   output;
MPRINT(EM_REPORT):   NAME = "TITLE";
MPRINT(EM_REPORT):   VALUE = "";
MPRINT(EM_REPORT):   VIEW = 0.62061226443416;
MPRINT(EM_REPORT):   output;
MPRINT(EM_REPORT):   NAME = "LEGEND";
MPRINT(EM_REPORT):   VALUE = "";
MPRINT(EM_REPORT):   VIEW = 0.62061226443416;
MPRINT(EM_REPORT):   output;
MPRINT(EM_REPORT):   NAME = "LEGENDTITLE";
MPRINT(EM_REPORT):   VALUE = "";
MPRINT(EM_REPORT):   VIEW = 0.62061226443416;
MPRINT(EM_REPORT):   output;
MPRINT(EM_REPORT):   NAME = "SHAPE";
MPRINT(EM_REPORT):   VALUE = "";
MPRINT(EM_REPORT):   VIEW = 0.62061226443416;
MPRINT(EM_REPORT):   output;
MPRINT(EM_REPORT):   NAME = "METHOD";
MPRINT(EM_REPORT):   VALUE = "";
MPRINT(EM_REPORT):   VIEW = 0.62061226443416;
MPRINT(EM_REPORT):   output;
MPRINT(EM_REPORT):   NAME = "NOBINMISS";
MPRINT(EM_REPORT):   VALUE = "";
MPRINT(EM_REPORT):   VIEW = 0.62061226443416;
MPRINT(EM_REPORT):   output;
MPRINT(EM_REPORT):   run;

NOTE: The data set WORK.EM_USER_REPORT has 132 observations and 4 variables.
NOTE: DATA statement used (Total process time):
      real time           0.04 seconds
      cpu time            0.03 seconds
      

MPRINT(EM_TREE_TRAIN):  ;
MPRINT(EM_TREE_TRAIN):   filename x;
NOTE: Fileref X has been deassigned.
MPRINT(MAIN):  ;
MPRINT(EM_DIAGRAM):  ;
MPRINT(EM_DIAGRAM):   *------------------------------------------------------------*;
MPRINT(EM_DIAGRAM):   * End TRAIN: Tree5;
MPRINT(EM_DIAGRAM):   *------------------------------------------------------------*;
89057      
89058      *------------------------------------------------------------*;
89059      * End TRAIN: Tree5;
89060      *------------------------------------------------------------*;

89061      *------------------------------------------------------------*;
MPRINT(EM_DIAGRAM):    *------------------------------------------------------------*;
89062      * Close any missing semi colons;
MPRINT(EM_DIAGRAM):   * Close any missing semi colons;
89063      *------------------------------------------------------------*;
MPRINT(EM_DIAGRAM):   *------------------------------------------------------------*;
89064      ;
MPRINT(EM_DIAGRAM):   ;
89065      ;
MPRINT(EM_DIAGRAM):   ;
89066      ;
MPRINT(EM_DIAGRAM):   ;
89067      ;
MPRINT(EM_DIAGRAM):   ;
89068      quit;
MPRINT(EM_DIAGRAM):   quit;
89069      *------------------------------------------------------------*;
MPRINT(EM_DIAGRAM):   *------------------------------------------------------------*;
89070      * Close any unbalanced quotes;
MPRINT(EM_DIAGRAM):   * Close any unbalanced quotes;
89071      *------------------------------------------------------------*;
MPRINT(EM_DIAGRAM):   *------------------------------------------------------------*;
89072      /*; *"; *'; */
89073      ;
MPRINT(EM_DIAGRAM):   ;
89074      run;
MPRINT(EM_DIAGRAM):   run;
89075      quit;
MPRINT(EM_DIAGRAM):   quit;
89076      /* Reset EM Options */
89077      options formchar="|----|+|---+=|-/\<>*";
MPRINT(EM_DIAGRAM):   options formchar="|----|+|---+=|-/\<>*";
89078      options nocenter ls=256 ps=10000;
MPRINT(EM_DIAGRAM):   options nocenter ls=256 ps=10000;
89079      goptions reset=all device=GIF NODISPLAY;
MPRINT(EM_DIAGRAM):   goptions reset=all device=GIF NODISPLAY;
89080      proc sort data=WORK.EM_USER_REPORT;
MPRINT(EM_DIAGRAM):    proc sort data=WORK.EM_USER_REPORT;
89081      by ID VIEW;
MPRINT(EM_DIAGRAM):   by ID VIEW;
89082      run;
MPRINT(EM_DIAGRAM):   run;

NOTE: There were 132 observations read from the data set WORK.EM_USER_REPORT.
NOTE: The data set WORK.EM_USER_REPORT has 132 observations and 4 variables.
NOTE: PROCEDURE SORT used (Total process time):
      real time           0.01 seconds
      cpu time            0.03 seconds
      

MPRINT(EM_DIAGRAM):    proc printto;
MPRINT(EM_DIAGRAM):   run;
