MPRINT(EM_DIAGRAM):    data _null_;
MPRINT(EM_DIAGRAM):   call symput('NLDATE', strip(put(date(), NLDATE.)));
MPRINT(EM_DIAGRAM):   call symput('NLTIME', strip(put(datetime(), NLTIME.)));
MPRINT(EM_DIAGRAM):   run;
MPRINT(EM_DIAGRAM):   data _null_;
MPRINT(EM_DIAGRAM):   nldate= sasmsg("sashelp.dmine", "log_date_note", 'N', "October 03, 2026" );
MPRINT(EM_DIAGRAM):   nltime= sasmsg("sashelp.dmine", "log_time_note", 'N', "18:25:11" );
MPRINT(EM_DIAGRAM):   put "*------------------------------------------------------------*";
MPRINT(EM_DIAGRAM):   put "* Report Log";
MPRINT(EM_DIAGRAM):   put nldate;
MPRINT(EM_DIAGRAM):   put nltime;
MPRINT(EM_DIAGRAM):   put "*------------------------------------------------------------*";
MPRINT(EM_DIAGRAM):   run;
*------------------------------------------------------------*
* Report Log
Date:                October 03, 2026
Time:                18:25:11
*------------------------------------------------------------*
MPRINT(EM_DIAGRAM):    filename O2IIHQGN "C:\Users\student\OneDrive - Bryant University\Documents\GitHub\Projects_in_R\Assignments\Assignment 3\Workspaces\EMWS1\Tree8\EMREPORT.out" encoding="UTF-8" NOBOM;
MPRINT(EM_DIAGRAM):   proc printto print=O2IIHQGN new;
MPRINT(EM_DIAGRAM):   run;
31960      data EMWS1.Tree8_EMOUTFIT;
MPRINT(EM_DIAGRAM):    data EMWS1.Tree8_EMOUTFIT;
31961      set EMWS1.Tree8_EMOUTFIT;
MPRINT(EM_DIAGRAM):   set EMWS1.Tree8_EMOUTFIT;
31962      length TargetLabel $200;
MPRINT(EM_DIAGRAM):   length TargetLabel $200;
31963      label targetLabel = "%sysfunc(sasmsg(sashelp.dmine, meta_targetlabel_vlabel, NOQUOTE))";
MPRINT(EM_DIAGRAM):   label targetLabel = "Target Label";
31964      run;
MPRINT(EM_DIAGRAM):   run;

NOTE: Variable TargetLabel is uninitialized.
NOTE: There were 1 observations read from the data set EMWS1.TREE8_EMOUTFIT.
NOTE: The data set EMWS1.TREE8_EMOUTFIT has 1 observations and 17 variables.
NOTE: DATA statement used (Total process time):
      real time           0.01 seconds
      cpu time            0.00 seconds
      

31965      proc sort data=EMWS1.Tree8_EMREPORTFIT nothreads;
MPRINT(EM_DIAGRAM):    proc sort data=EMWS1.Tree8_EMREPORTFIT nothreads;
31966      by TARGET;
MPRINT(EM_DIAGRAM):   by TARGET;
31967      run;
MPRINT(EM_DIAGRAM):   run;

NOTE: There were 8 observations read from the data set EMWS1.TREE8_EMREPORTFIT.
NOTE: The data set EMWS1.TREE8_EMREPORTFIT has 8 observations and 7 variables.
NOTE: PROCEDURE SORT used (Total process time):
      real time           0.04 seconds
      cpu time            0.01 seconds
      

31968      %let _EMwarndup = 0;
31969      %let _EMtargetdup =;
31970      %let _EMASEtargetdup =;
31971      data _null_;
MPRINT(EM_DIAGRAM):    data _null_;
31972      set EMWS1.Tree8_EMOUTFIT;
MPRINT(EM_DIAGRAM):   set EMWS1.Tree8_EMOUTFIT;
31973      if .<_ASE_<0.000001 then do;
MPRINT(EM_DIAGRAM):   if .<_ASE_<0.000001 then do;
31974      call symput('_EMwarndup', '1');
MPRINT(EM_DIAGRAM):   call symput('_EMwarndup', '1');
31975      call symput('_EMtargetdup', target);
MPRINT(EM_DIAGRAM):   call symput('_EMtargetdup', target);
31976      call symput('_EMASEtargetdup', put(_ASE_, best.));
MPRINT(EM_DIAGRAM):   call symput('_EMASEtargetdup', put(_ASE_, best.));
31977      end;
MPRINT(EM_DIAGRAM):   end;
31978      run;
MPRINT(EM_DIAGRAM):   run;

NOTE: There were 1 observations read from the data set EMWS1.TREE8_EMOUTFIT.
NOTE: DATA statement used (Total process time):
      real time           0.00 seconds
      cpu time            0.00 seconds
      

31979      %let EMEXCEPTIONSTRING=;
31980      *------------------------------------------------------------*;
MPRINT(EM_DIAGRAM):    *------------------------------------------------------------*;
31981      * REPORT: Tree8;
MPRINT(EM_DIAGRAM):   * REPORT: Tree8;
31982      *------------------------------------------------------------*;
MPRINT(EM_DIAGRAM):   *------------------------------------------------------------*;
31983      %let EM_ACTION = REPORT;
31984      %let syscc = 0;
31985      %macro main;
31986      
31987        %if %upcase(&EM_ACTION) = CREATE %then %do;
31988          filename temp catalog 'sashelp.emmodl.tree_create.source';
31989          %include temp;
31990          filename temp;
31991      
31992          %em_tree_create;
31993        %end;
31994      
31995         %else
31996         %if %upcase(&EM_ACTION) = TRAIN %then %do;
31997      
31998             filename temp catalog 'sashelp.emmodl.tree_train.source';
31999             %include temp;
32000             filename temp;
32001             %em_tree_train;
32002         %end;
32003      
32004        %else
32005        %if %upcase(&EM_ACTION) = SCORE %then %do;
32006          filename temp catalog 'sashelp.emmodl.tree_score.source';
32007          %include temp;
32008          filename temp;
32009      
32010          %em_tree_score;
32011      
32012        %end;
32013      
32014        %else
32015        %if %upcase(&EM_ACTION) = REPORT %then %do;
32016      
32017             filename temp catalog 'sashelp.emmodl.tree_report.source';
32018             %include temp;
32019             filename temp;
32020      
32021             %em_tree_report;
32022         %end;
32023      
32024        %else
32025        %if %upcase(&EM_ACTION) = OPENINT %then %do;
32026      
32027             filename temp catalog 'sashelp.emmodl.tree_actions.source';
32028             %include temp;
32029             filename temp;
32030             %EM_TREE_OPENTREEVIEWER;
32031      
32032         %end;
32033      
32034        %else
32035        %if %upcase(&EM_ACTION) = CLOSEINT %then %do;
32036      
32037             filename temp catalog 'sashelp.emmodl.tree_actions.source';
32038             %include temp;
32039             filename temp;
32040             %EM_TREE_CLOSETREEVIEWER;
32041      
32042         %end;
32043      
32044      
32045         %doendm:
32046      %mend main;
32047      
32048      %main;
MPRINT(EM_DIAGRAM):    
MPRINT(MAIN):   filename temp catalog 'sashelp.emmodl.tree_report.source';
NOTE: %INCLUDE (level 1) file TEMP is file SASHELP.EMMODL.TREE_REPORT.SOURCE.
32050     +%macro em_tree_makePlotDs( multipleTar= );
32052     +  %EM_GETNAME(key=OUTSTATS, type=DATA);
32053     +  %EM_GETNAME(key=OUTNODES, type=DATA);
32054     +  %EM_GETNAME(key=TREE_PLOT, type=DATA);
32055     +  %EM_GETNAME(key=OUTRULES, type=DATA);
32057     +  /* determine if validation statistics will be displayed */
32058     +  %let validflag=N;
32059     +  %if "&EM_PROPERTY_SHOWVALID" eq "Y" %then %do;
32060     +    /* determine if validation data exists */
32061     +    %if &validexist AND ("&EM_PROPERTY_CV" ne "Y") %then %do;
32062     +      %let validflag=Y;
32063     +    %end;
32064     +  %end;
32066     +   /* retrieve name of decmeta even in presence of multiple targets */
32067     +   %let decmeta = ;
32068     +   %if &EM_DEC_DECMETA eq %then %do;
32069     +     data _Target;
32070     +       set &em_data_variableset;
32071     +       where ROLE='TARGET' and USE in('D', 'Y');
32072     +       keep NAME;
32073     +     run;
32074     +     proc sort data=_Target;
32075     +       by NAME;
32076     +     run;
32077     +     proc sort data=EM_TARGETDECINFO;
32078     +       by TARGET;
32079     +     run;
32080     +     data _Target;
32081     +       merge _Target(in=_a) EM_TARGETDECINFO(rename=(TARGET=NAME) );
32082     +       by NAME;
32083     +       if _a then do;
32084     +         call symput('decmeta', trim(DECMETA));
32085     +       end;
32086     +     run;
32087     +     proc delete data=_Target;run;
32088     +   %end;
32089     +   %else %let decmeta = &EM_DEC_DECMETA;
32092     +  /* retrieve targetEvent from decmeta */
32093     +  %let targetEvent=;
32094     +  %if "%EM_TARGET_LEVEL" ne "INTERVAL" %then %do;
32095     +    %if %sysfunc(exist(&DECMETA)) %then %do;
32096     +      data _null_;
32097     +       set &DECMETA(where=(_TYPE_="TARGET"));
32098     +       call symput('targetEvent', strip(tranwrd(EVENT,'"','""')));
32099     +      run;
32100     +    %end;
32101     +  %end;
32103     +  /* retrieve predicted var for targetEvent from decmeta */
32104     +  %let predTarget=;
32105     +  %let predLvl=;
32106     +  %if "%EM_TARGET_LEVEL" ne "INTERVAL" %then %do;
32107     +    %if %sysfunc(exist(&DECMETA)) %then %do;
32108     +      data _null_;
32109     +       set &DECMETA(where=(_TYPE_="PREDICTED" AND LEVEL="&targetEvent"));
32110     +       call symput('predTarget', strip(VARIABLE));
32111     +       call symput('predLvl', strip(LEVEL));
32112     +      run;
32113     +    %end;
32114     +  %end;
32115     +  %else %do;
32116     +    %if %sysfunc(exist(&DECMETA)) %then %do;
32117     +      data _null_;
32118     +       set &DECMETA(where=(_TYPE_="PREDICTED"));
32119     +       call symput('predTarget', strip(VARIABLE));
32120     +      run;
32121     +    %end;
32122     +  %end;
32124     +  /* create BelowText value */
32125     +  data belowtext;
32126     +    set &EM_USER_OUTRULES(where=(ROLE="PRIMARY" AND STAT="VARIABLE") rename=(character_value=belowtext));
32127     +    keep node belowtext;
32128     +  run;
32130     +  /* replace belowtext with variable label if it exists */
32131     +  data belowtext2;
32132     +    set &EM_USER_OUTRULES(where=(ROLE="PRIMARY" AND STAT="LABEL") rename=(character_value=belowtextlbl));
32133     +    keep node belowtextlbl;
32134     +  run;
32136     +  proc sort data=belowtext; by node; run;
32137     +  proc sort data=belowtext2; by node; run;
32139     +  data belowtext;
32140     +    merge belowtext belowtext2(in=_a);
32141     +    by node;
32142     +    if _a then belowtext=belowtextlbl;
32143     +    keep node belowtext;
32144     +  run;
32146     +  /* create AboveText value */
32147     +  data abovetext;
32148     +    set &EM_USER_OUTRULES(where=(ROLE="PRIMARY" AND STAT in ("INTERVAL", "ORDINAL", "NOMINAL")) );
32149     +  run;
32150     +  proc sort data=abovetext; by node numeric_value; run;
32152     +  %let sp_precision = %sysevalf(1 / 10**&EM_PROPERTY_SPLITPRECISION);
32153     +  data abovetext;
32154     +    set abovetext(rename=(node=parent));
32155     +    by parent numeric_value;
32156     +    retain abovetext tempstring flag branch origval origchar ;
32157     +    length abovetext $256;
32158     +    length tempstring origchar $64;
32160     +    if STAT in ("INTERVAL", "ORDINAL") then do;
32161     +      if first.parent then do;
32162     +        if missing(character_value) then do;
32163     +          numeric_value = round(numeric_value, &sp_precision);
32164     +          abovetext = "< "||strip(NUMERIC_VALUE);
32165     +          branch = 1;
32166     +          origval = numeric_value;
32167     +          output;
32168     +        end;
32169     +        else do;
32170     +          abovetext = "< "||strip(CHARACTER_VALUE);
32171     +          branch = 1;
32172     +          origchar = character_value;
32173     +          output;
32174     +        end;
32176     +        if first.parent AND last.parent then do;
32177     +          if missing(character_value) then do;
32178     +            numeric_value = round(numeric_value, &sp_precision);
32179     +            branch = branch + 1;
32180     +            abovetext = ">= "||strip(NUMERIC_VALUE);
32181     +            output;
32182     +          end;
32183     +          else do;
32184     +            branch = branch + 1;
32185     +            abovetext = ">= "||strip(CHARACTER_VALUE);
32186     +            output;
32187     +          end;
32188     +        end;
32189     +      end;
32190     +      else if last.parent then do;
32191     +        if ( missing(character_value) AND (origval ne numeric_value)) or ( ^missing(character_value) AND (origchar ne character_value)) then do;
32192     +          if missing(character_value) then do;
32193     +            numeric_value = round(numeric_value, &sp_precision);
32194     +            abovetext= "[ "||strip(origval)||", "|| strip(numeric_value)||" )";
32195     +          end;
32196     +          else do;
32197     +            abovetext= ">= "||strip(origchar)||" AND < "|| strip(character_value);
32198     +          end;
32199     +          branch = branch + 1;
32200     +          output;
32202     +          if missing(character_value) then do;
32203     +            numeric_value = round(numeric_value, &sp_precision);
32204     +            abovetext = ">= "||strip(NUMERIC_VALUE);
32205     +          end;
32206     +          else do;
32207     +            abovetext = ">= "||strip(CHARACTER_VALUE);
32208     +          end;
32209     +          branch = branch + 1;
32210     +          output;
32211     +        end;
32212     +        else do;
32213     +          if missing(character_value) then do;
32214     +            numeric_value = round(numeric_value, &sp_precision);
32215     +            abovetext = ">= "||strip(NUMERIC_VALUE);
32216     +          end;
32217     +          else do;
32218     +            abovetext = ">= "||strip(CHARACTER_VALUE);
32219     +          end;
32220     +          branch = branch + 1;
32221     +          output;
32222     +        end;
32223     +      end;
32224     +      else do;
32225     +        if ( missing(character_value) AND (origval ne numeric_value)) or ( ^missing(character_value) AND (origchar ne character_value)) then do;
32226     +          if missing(character_value) then do;
32227     +            numeric_value = round(numeric_value,&sp_precision);
32228     +            abovetext= "[ "||strip(origval)||", "|| strip(numeric_value)||" )";
32229     +            origval = numeric_value;
32230     +          end;
32231     +          else do;
32232     +            abovetext= ">= "||strip(origchar)||" AND < "|| strip(character_value);
32233     +            origchar = character_value;
32234     +          end;
32235     +          branch = branch + 1;
32236     +          output;
32238     +        end;
32239     +        else do;
32240     +          if missing(character_value) then do;
32241     +            numeric_value = round(numeric_value, &sp_precision);
32242     +            abovetext = ">= "||strip(NUMERIC_VALUE);
32243     +            origval = numeric_value;
32244     +          end;
32245     +          else do;
32246     +            abovetext = ">= "||strip(CHARACTER_VALUE);
32247     +            origval = character_value;
32248     +          end;
32249     +          branch = branch + 1;
32250     +          output;
32251     +        end;
32252     +      end;
32253     +    end;
32254     +    else do;
32255     +       if first.numeric_value then do;
32256     +         flag = 0;
32257     +         abovetext = strip(CHARACTER_VALUE);
32258     +         branch = numeric_value;
32259     +         if first.numeric_value AND last.numeric_value then do;
32260     +           output;
32261     +         end;
32262     +       end;
32263     +       else if last.numeric_value then do;
32264     +         if flag=0 then do;
32265     +           tempstring = strip(abovetext)||", "||strip(CHARACTER_VALUE);
32266     +           length = length(strip(tempstring));
32267     +           if length < 32 then do;
32268     +             abovetext = strip(tempstring);
32269     +           end;
32270     +           else do;
32271     +             abovetext = strip(abovetext)||", ...";
32272     +             flag = 1;
32273     +           end;
32274     +         end;
32275     +         branch = numeric_value;
32276     +         output;
32277     +       end;
32278     +       else do;
32279     +         if flag=0 then do;
32280     +           tempstring = strip(abovetext)||", "||strip(CHARACTER_VALUE);
32281     +           length = length(strip(tempstring));
32282     +           if length < 32 then do;
32283     +             abovetext = strip(tempstring);
32284     +           end;
32285     +           else do;
32286     +             abovetext = strip(abovetext)||", ...";
32287     +             flag=1;
32288     +           end;
32289     +         end;
32290     +         branch = numeric_value;
32291     +       end;
32292     +    end;
32293     +    keep parent branch abovetext;
32294     +  run;
32296     +  /* Missing value to abovetext */
32297     +  data tempmissing;
32298     +    set &EM_USER_OUTRULES;
32299     +    if ((ROLE="PRIMARY") AND (STAT in ("MISSING")));
32300     +    rename node=parent numeric_value=branch character_value=misschar;
32301     +  run;
32304     +  proc sort data=abovetext; by parent branch; run;
32305     +  proc sort data=tempmissing; by parent branch; run;
32306     +  proc sort data=&EM_USER_OUTNODES out=tempoutnodes; by parent branch; run;
32308     +  data tempoutnodes;
32309     +    merge abovetext tempoutNodes(drop=abovetext) tempmissing(in=_a);
32310     +    by parent branch;
32311     +    length traintotal validtotal 8;
32312     +    retain traintotal validtotal;
32314     +    if _a then do;
32315     +      if ^MISSING(abovetext) then do;
32316     +        abovetext= strip(abovetext)||" %sysfunc(sasmsg(sashelp.dmine, tree_ormiss_vlabel, noquote))";
32317     +      end;
32318     +      else do;
32319     +        abovetext = " %sysfunc(sasmsg(sashelp.dmine, tree_missonly_vlabel, noquote))";
32320     +      end;
32321     +    end;
32322     +    if MISSING(abovetext) then abovetext="%sysfunc(sasmsg(sashelp.dmine, tree_nonmiss_vlabel, noquote))";
32324     +    if node=1 then do;
32325     +      traintotal = N;
32326     +      validtotal=VN;
32327     +    end;
32329     +    drop role rank stat misschar belowtext;
32330     +  run;
32331     +  proc sort data=tempoutnodes; by node; run;
32332     +  proc sort data=belowtext; by node; run;
32334     +  data tempoutnodes;
32335     +    merge tempoutnodes belowtext;
32336     +    by node;
32338     +  run;
32340     +  /* determine if adjusted counts exists; if so, use these vs true counts */
32341     +  %let adjusted = N;
32342     +  %let npriors = 0;
32343     +  data _null_ ;
32344     +    set &EM_USER_outstats(where=(STATNAME="NPRIORS")) end=eof ;
32345     +    if eof then do ;
32346     +      call symput("npriors" , strip(put(_N_,best.))) ;
32347     +    end;
32348     +  run;
32349     +  %if &npriors gt 0 %then %let adjusted=Y;
32352     +  /* create a table with targetUsed and targetLevel columns for each node */
32353     +  data temptarmeta;
32354     +    set &EM_DATA_VARIABLESET(where=(ROLE='TARGET' AND LEVEL^='ORDINAL'
32355     +    %if &multipleTar eq N %then %do;
32356     +      AND USE in ('D', 'Y')
32357     +    %end;
32358     +    ));
32359     +    length TARGET $32;
32360     +    Target=name;
32361     +    keep target level;
32362     +  run;
32364     +  %if &multipleTar eq Y %then %do;
32365     +    data temptargetused;
32366     +      set &EM_USER_OUTSTATS(where=(STATNAME="TARGET"));
32367     +      keep node target;
32368     +    run;
32369     +    proc sort data=temptargetused; by target; run;
32370     +    proc sort data=temptarmeta; by target; run;
32371     +    data temptargetused;
32372     +      merge temptargetused(in=_a) temptarmeta(in=_b rename=(level=tarlevel));
32373     +      by target;
32374     +      if _a and _b;
32375     +    run;
32376     +  %end;
32377     +  %else %do;
32378     +    data temptargetused;
32379     +      set &EM_USER_OUTSTATS;
32380     +      length target $32 tarlevel $10;
32381     +      target="%EM_TARGET";
32382     +      tarlevel="%EM_TARGET_LEVEL";
32383     +      keep node target tarlevel;
32384     +    run;
32385     +    proc sort data=temptargetused nodupkey; by node; run;
32386     +  %end;
32388     +  /* merge this information back into outstats, keeping only stats for the target used in the tree */
32389     +  proc sort data=&EM_USER_OUTSTATS out=tempoutstats; by node; run;
32390     +  proc sort data=temptargetused; by node; run;
32393     +  /* create tables for all interval targets as well as all class targets */
32394     +  data tempinterval tempclass;
32395     +    merge tempoutstats temptargetused( rename=(target=targetused));
32396     +    by node;
32397     +    %if "&multipleTar" eq "Y" %then %do;
32398     +      if ((missing(Target)) OR (target=targetused ));
32399     +    %end;
32401     +    if tarlevel="INTERVAL" then output tempinterval;
32402     +    else output tempclass;
32403     +  run;
32405     +  /* initialize intTarget and classTarget flags */
32406     +  %let em_intNobs =0;
32407     +  %let em_classNobs = 0;
32408     +  %let em_intTarget= N;
32409     +  %let em_classTarget= N;
32411     +  proc sql;
32412     +    reset noprint;
32413     +    select count(*) into :em_intNobs from tempinterval;
32414     +  quit;
32415     +  proc sql;
32416     +    reset noprint;
32417     +    select count(*) into :em_classNobs from tempclass;
32418     +  quit;
32420     +  %if &em_intNobs gt 0 %then %let em_intTarget=Y;
32421     +  %if &em_classNobs gt 0 %then %let em_classTarget=Y;
32423     +  /* retrieve all information for interval targets */
32424     +  %if &em_intTarget eq Y %then %do;
32426     +    /* determine if leaf variable exists */
32427     +    %let dsid=%sysfunc(open(tempinterval,i));
32428     +    %let leafexists=%sysfunc(varnum(&dsid,LEAF));
32429     +    %let rc=%sysfunc(close(&dsid));
32431     +    proc transpose data=tempinterval
32432     +      %if &leafexists %then %do;
32433     +        (drop=leaf)
32434     +      %end;
32435     +      %if &validexist %then %do;
32436     +       out=tempinterval(keep=NODE N VALID: N PREDICTION VALID: PREDICTION RASE VALID: RASE rename=(VALID__N=VN VALID__PREDICTION=VPREDICTION VALID__RASE=VRASE)) ;
32437     +      %end;
32438     +      %else %do;
32439     +         out=tempinterval(keep=NODE N PREDICTION RASE ) ;
32440     +      %end;
32441     +      by node;
32442     +      id statname;
32443     +    run;
32444     +    data tempinterval;
32445     +      set tempinterval;
32446     +      if missing(N) then delete;
32447     +    run;
32448     +  %end;
32450     +  /* retrieve all information for class targets */
32451     +  %if &em_classTarget eq Y %then %do;
32452     +    proc sort data=tempclass; by node category; run;
32453     +    %if &validflag eq N %then %do;
32454     +      data tempn(keep=NODE STATVALUE) temppredict(Keep=NODE CATEGORY) tempprob(keep=NODE STATVALUE CATEGORY TARGET )
32455     +           tempprofit(KEEP=NODE STATVALUE CATEGORY  ) temploss(KEEP=NODE STATVALUE CATEGORY  );
32456     +    %end;
32457     +    %else %do;
32458     +     data tempn(keep=NODE STATVALUE STATNAME) temppredict(Keep=NODE CATEGORY) tempprob(keep=NODE STATVALUE CATEGORY TARGET ) tempvprob(keep=NODE STATVALUE CATEGORY TARGET )
32459     +          tempprofit(KEEP=NODE STATVALUE STATNAME CATEGORY ) temploss(KEEP=NODE STATVALUE STATNAME CATEGORY );
32460     +    %end;
32461     +      set tempclass;
32463     +      %if &validflag eq N %then %do;
32464     +        %if "&adjusted" eq "N" %then %do;
32465     +          if statname="N" then output tempn;
32466     +        %end;
32467     +        %else %do;
32468     +          if statname="NPRIORS" then output tempn;
32469     +        %end;
32470     +        else if statname="PREDICTION" then output temppredict;
32471     +        else if statname="PROBABILITY" then output tempprob;
32472     +        else if statname="ALTERNATIVE PROFIT" then output tempprofit;
32473     +        else if statname="ALTERNATIVE LOSS" then output temploss;
32474     +      %end;
32475     +      %else %do;
32476     +        %if "&adjusted" eq "N" %then %do;
32477     +          if ((statname="N") OR (statname="VALID: N")) then output tempn;
32478     +        %end;
32479     +        %else %do;
32480     +          if ((statname="NPRIORS") or (statname="VALID: NPRIORS") ) then output tempn;
32481     +        %end;
32482     +        else if statname="PREDICTION" then output temppredict;
32483     +        else if statname="PROBABILITY" then output tempprob;
32484     +        else if statname="VALID: PROBABILITY" then output tempvprob;
32485     +        else if ((statname="ALTERNATIVE PROFIT") or (statname="VALID: ALTERNATIVE PROFIT")) then output tempprofit;
32486     +        else if ((statname="ALTERNATIVE LOSS") OR (statname="VALID: ALTERNATIVE LOSS")) then output temploss;
32487     +      %end;
32488     +    run;
32491     +    /* determine if profit/loss exists in tempprofit */
32492     +    %let em_profitflag=0;
32493     +    %let em_lossflag=0;
32494     +    proc sql;
32495     +      reset noprint;
32496     +      select count(*) into :em_profitflag from tempprofit;
32497     +    quit;
32498     +    proc sql;
32499     +      reset noprint;
32500     +      select count(*) into :em_lossflag from temploss;
32501     +    quit;
32503     +    %if &validFlag eq Y %then %do;
32504     +      proc transpose data=tempn
32505     +        %if "&adjusted" eq "N" %then %do;
32506     +           out=tempn(keep=node N VALID__N rename=(VALID__N=VN));
32507     +        %end;
32508     +        %else %do;
32509     +           out=tempn(keep=node NPRIORS VALID__NPRIORS rename=( VALID__NPRIORS=VNPRIORS));
32510     +        %end;
32511     +        by node;
32512     +        id statname;
32513     +      run;
32514     +      %if &em_profitflag ne 0 %then %do;
32515     +        proc transpose data=tempprofit out=tempprofit;
32516     +          by node category;
32517     +          id statname ;
32518     +        run;
32519     +      %end;
32520     +      %if &em_lossflag ne 0 %then %do;
32521     +        proc transpose data=temploss out=temploss;
32522     +          by node category;
32523     +          id statname ;
32524     +        run;
32525     +      %end;
32526     +      data tempprob;
32527     +        merge tempprob tempvprob(rename=(statvalue=vstatvalue));
32528     +        by node
32529     +        %if &multipleTar eq Y %then %do;
32530     +          target
32531     +        %end;
32532     +        category;
32533     +      run;
32534     +    %end;
32536     +    /* store percentcorrect value */
32537     +    data temppredict;
32538     +      merge tempprob temppredict(in=_a);
32539     +      by node category;
32540     +      if _a then do;
32541     +        percentCorrect = statvalue;
32542     +        %if &validFlag eq Y %then %do;
32543     +          vpercentCorrect= vstatvalue;
32544     +        %end;
32545     +      end;
32546     +      label percentCorrect="%sysfunc(sasmsg(sashelp.dmine, rpt_percentcorrect_vlabel, noquote))"
32547     +      %if &validFlag eq Y %then %do;
32548     +         vpercentCorrect="%sysfunc(sasmsg(sashelp.dmine, rpt_vpercentcorrect_vlabel, noquote))"
32549     +      %end;
32550     +      ;
32551     +      if missing(percentCorrect) then delete;
32552     +      drop target;
32553     +    run;
32555     +    /* build profittext */
32556     +    %if ((&em_profitflag ne 0) OR (&em_lossflag ne 0)) %then %do;
32557     +      data tempprofittext(keep= node profittext profitloss);
32558     +        length profittext $800 profitloss 8.;
32559     +        retain profittext profitloss;
32561     +        merge tempprob
32562     +        %if &em_profitflag ne 0 %then %do;
32563     +          tempprofit
32564     +        %end;
32565     +        %else %if &em_lossflag ne 0 %then %do;
32566     +          temploss
32567     +        %end;
32568     +        ;
32569     +        by node category;
32571     +        /* EVENT ONLY IS NOT AVAILABLE FOR MULTIPLE TARGETS AS ONLY PRIMARY TARGET IS IN EM_TARGETDECINFO TO RETRIEVE EVENT LEVEL */
32572     +        %let profittype = &EM_PROPERTY_PROFITLOSS;
32573     +        %if ((&multipleTar eq Y) AND ("&EM_PROPERTY_PROFITLOSS" eq "EVENT"))  %then %do;
32574     +          %let profittype = ALL;
32575     +        %end;
32577     +        /* create the profitloss variable for nodecolor if selected */
32578     +        label profitloss="%sysfunc(sasmsg(sashelp.dmine, rpt_profitloss_vlabel, noquote))";
32580     +        %if "&profittype" eq "ALL" %then %do;
32581     +          if strip(CATEGORY)="&targetEvent" then do;
32582     +            profitloss=statvalue;
32583     +          end;
32584     +          if first.node then do;
32585     +            %if &validFlag eq N %then %do;
32586     +             %if &em_profitflag ne 0 %then %do;
32587     +                 profittext="%sysfunc(sasmsg(sashelp.dmine, rpt_profit_vlabel, noquote )): "||strip(CATEGORY)||": "||"09"x||put(STATVALUE, 14.&EM_PROPERTY_SPLITPRECISION);
32588     +             %end;
32589     +             %if &em_lossflag ne 0 %then %do;
32590     +                 profittext="%sysfunc(sasmsg(sashelp.dmine, rpt_loss_vlabel, noquote )): "||strip(CATEGORY)||": "||"09"x||put(STATVALUE, 14.&EM_PROPERTY_SPLITPRECISION);
32591     +             %end;
32592     +            %end;
32593     +            %else %do;
32594     +             %if &em_profitflag ne 0 %then %do;
32595     +                profittext="%sysfunc(sasmsg(sashelp.dmine, rpt_profit_vlabel, noquote )): "||strip(CATEGORY)||": "||"09"x||put(ALTERNATIVE_PROFIT, 14.&EM_PROPERTY_SPLITPRECISION)||"09"x||put(VALID__ALTERNATIVE_PROFIT,
32595    !+14.&EM_PROPERTY_SPLITPRECISION);
32596     +             %end;
32597     +             %if &em_lossflag ne 0 %then %do;
32598     +                profittext="%sysfunc(sasmsg(sashelp.dmine, rpt_loss_vlabel, noquote )): "||strip(CATEGORY)||": "||"09"x||put(ALTERNATIVE_LOSS, 14.&EM_PROPERTY_SPLITPRECISION)||"09"x||put(VALID__ALTERNATIVE_LOSS, 14.&EM_PROPERTY_SPLITPRECISION);
32599     +             %end;
32600     +            %end;
32601     +          end;
32602     +          else if last.node then do;
32603     +            %if &validFlag eq N %then %do;
32604     +             %if &em_profitflag ne 0 %then %do;
32605     +                 profittext=strip(profittext)||"0A"x||"%sysfunc(sasmsg(sashelp.dmine, rpt_profit_vlabel, noquote )): "||strip(CATEGORY)||": "||"09"x||put(STATVALUE, 14.&EM_PROPERTY_SPLITPRECISION);
32606     +             %end;
32607     +             %if &em_lossflag ne 0 %then %do;
32608     +                 profittext=strip(profittext)||"0A"x||"%sysfunc(sasmsg(sashelp.dmine, rpt_loss_vlabel, noquote )): "||strip(CATEGORY)||": "||"09"x||put(STATVALUE, 14.&EM_PROPERTY_SPLITPRECISION);
32609     +             %end;
32610     +             /*if CATEGORY="&targetEvent" then do;
32611     +               profitloss=statvalue;
32612     +             end;*/
32613     +            %end;
32614     +            %else %do;
32615     +             %if &em_profitflag ne 0 %then %do;
32616     +                profittext=strip(profittext)||"0A"x||"%sysfunc(sasmsg(sashelp.dmine, rpt_profit_vlabel, noquote )): "||strip(CATEGORY)||": "||"09"x||put(ALTERNATIVE_PROFIT, 14.&EM_PROPERTY_SPLITPRECISION)||"09"x||put(VALID__ALTERNATIVE_PROFIT,
32616    !+14.&EM_PROPERTY_SPLITPRECISION);
32617     +                if CATEGORY="&targetEvent" then do;
32618     +                 profitloss=ALTERNATIVE_PROFIT;
32619     +                end;
32620     +             %end;
32621     +             %if &em_lossflag ne 0 %then %do;
32622     +                profittext=strip(profittext)||"0A"x||"%sysfunc(sasmsg(sashelp.dmine, rpt_loss_vlabel, noquote )): "||strip(CATEGORY)||": "||"09"x||put(ALTERNATIVE_LOSS, 14.&EM_PROPERTY_SPLITPRECISION)||"09"x||put(VALID__ALTERNATIVE_LOSS,
32622    !+14.&EM_PROPERTY_SPLITPRECISION);
32623     +                if CATEGORY="&targetEvent" then do;
32624     +                  profitloss=ALTERNATIVE_LOSS;
32625     +                end;
32626     +             %end;
32627     +            %end;
32628     +            output;
32629     +          end;
32630     +          else do;
32631     +            %if &validFlag eq N %then %do;
32632     +             %if &em_profitflag ne 0 %then %do;
32633     +                 profittext=strip(profittext)||"0A"x||"%sysfunc(sasmsg(sashelp.dmine, rpt_profit_vlabel, noquote )): "||strip(CATEGORY)||": "||"09"x||put(STATVALUE, 14.&EM_PROPERTY_SPLITPRECISION);
32634     +             %end;
32635     +             %if &em_lossflag ne 0 %then %do;
32636     +                 profittext=strip(profittext)||"0A"x||"%sysfunc(sasmsg(sashelp.dmine, rpt_loss_vlabel, noquote )): "||strip(CATEGORY)||": "||"09"x||put(STATVALUE, 14.&EM_PROPERTY_SPLITPRECISION);
32637     +             %end;
32638     +            %end;
32639     +            %else %do;
32640     +             %if &em_profitflag ne 0 %then %do;
32641     +                profittext=strip(profittext)||"0A"x||"%sysfunc(sasmsg(sashelp.dmine, rpt_profit_vlabel, noquote )): "||strip(CATEGORY)||": "||"09"x||put(ALTERNATIVE_PROFIT, 14.&EM_PROPERTY_SPLITPRECISION)||"09"x||put(VALID__ALTERNATIVE_PROFIT,
32641    !+14.&EM_PROPERTY_SPLITPRECISION);
32642     +             %end;
32643     +             %if &em_lossflag ne 0 %then %do;
32644     +                profittext=strip(profittext)||"0A"x||"%sysfunc(sasmsg(sashelp.dmine, rpt_loss_vlabel, noquote )): "||strip(CATEGORY)||": "||"09"x||put(ALTERNATIVE_LOSS, 14.&EM_PROPERTY_SPLITPRECISION)||"09"x||put(VALID__ALTERNATIVE_LOSS,
32644    !+14.&EM_PROPERTY_SPLITPRECISION);
32645     +             %end;
32646     +            %end;
32647     +          end;
32648     +        %end;
32649     +        %else %if (("&profittype" eq "EVENT") AND ("&targetEvent" ne "" )) %then %do;
32650     +          if strip(CATEGORY) = "&targetevent" then do;
32651     +            %if &validFlag eq N %then %do;
32652     +             %if &em_profitflag ne 0 %then %do;
32653     +                 profittext="%sysfunc(sasmsg(sashelp.dmine, rpt_profit_vlabel, noquote )): "||strip(CATEGORY)||": "||"09"x||put(STATVALUE, 14.&EM_PROPERTY_SPLITPRECISION);
32654     +             %end;
32655     +             %if &em_lossflag ne 0 %then %do;
32656     +                 profittext="%sysfunc(sasmsg(sashelp.dmine, rpt_loss_vlabel, noquote )): "||strip(CATEGORY)||": "||"09"x||put(STATVALUE, 14.&EM_PROPERTY_SPLITPRECISION);
32657     +             %end;
32658     +             profitloss=statvalue;
32659     +            %end;
32660     +            %else %do;
32661     +             %if &em_profitflag ne 0 %then %do;
32662     +                profittext="%sysfunc(sasmsg(sashelp.dmine, rpt_profit_vlabel, noquote )): "||strip(CATEGORY)||": "||"09"x||put(ALTERNATIVE_PROFIT, 14.&EM_PROPERTY_SPLITPRECISION)||"09"x||put(VALID__ALTERNATIVE_PROFIT,
32662    !+14.&EM_PROPERTY_SPLITPRECISION);
32663     +                profitloss=ALTERNATIVE_PROFIT;
32664     +             %end;
32665     +             %if &em_lossflag ne 0 %then %do;
32666     +                profittext="%sysfunc(sasmsg(sashelp.dmine, rpt_loss_vlabel, noquote )): "||strip(CATEGORY)||": "||"09"x||put(ALTERNATIVE_LOSS, 14.&EM_PROPERTY_SPLITPRECISION)||"09"x||put(VALID__ALTERNATIVE_LOSS, 14.&EM_PROPERTY_SPLITPRECISION);
32667     +                profitloss=ALTERNATIVE_LOSS;
32668     +             %end;
32669     +            %end;
32670     +            output;
32671     +          end;
32672     +        %end;
32673     +        %else %if (("&profittype" eq "NONE") AND ("&targetEvent" ne "" )) %then %do;
32674     +          if strip(CATEGORY) = "&targetevent" then do;
32675     +            %if &validFlag eq N %then %do;
32676     +             profitloss=statvalue;
32677     +            %end;
32678     +            %else %do;
32679     +             %if &em_profitflag ne 0 %then %do;
32680     +                profitloss=ALTERNATIVE_PROFIT;
32681     +             %end;
32682     +             %if &em_lossflag ne 0 %then %do;
32683     +                profitloss=ALTERNATIVE_LOSS;
32684     +             %end;
32685     +            %end;
32686     +            output;
32687     +          end;
32688     +        %end;
32689     +      run;
32690     +    %end;
32692     +    data tempprob(keep= node probtext);
32693     +      length probtext $800;
32694     +      retain probtext;
32695     +      set tempprob ;
32696     +      by node;
32698     +      /* EVENT ONLY IS NOT AVAILABLE FOR MULTIPLE TARGETS AS ONLY PRIMARY TARGET IS IN EM_TARGETDECINFO TO RETRIEVE EVENT LEVEL */
32699     +      %let probtype = &EM_PROPERTY_TARGET;
32700     +      %if ((&multipleTar eq Y) AND ("&EM_PROPERTY_TARGET" eq "EVENT"))  %then %do;
32701     +        %let probtype = ALL;
32702     +      %end;
32704     +      %if "&probtype" eq "ALL" %then %do;
32705     +        if first.node then do;
32706     +          %if &validFlag eq N %then %do;
32707     +            probtext=strip(CATEGORY)||": "||"09"x||put(statvalue, percent10.2);
32708     +          %end;
32709     +          %else %do;
32710     +            probtext=strip(CATEGORY)||": "||"09"x||put(statvalue, percent10.2)||"09"x||put(vstatvalue, percent10.2);
32711     +          %end;
32712     +        end;
32713     +        else if last.node then do;
32714     +          %if &validFlag eq N %then %do;
32715     +            probtext=strip(probtext)||"0A"x||strip(CATEGORY)||": "||"09"x||put(statvalue, percent10.2);
32716     +          %end;
32717     +          %else %do;
32718     +            probtext=strip(probtext)||"0A"x||strip(CATEGORY)||": "||"09"x||put(statvalue, percent10.2)||"09"x||put(vstatvalue, percent10.2);
32719     +          %end;
32720     +          output;
32721     +        end;
32722     +        else do;
32723     +          %if &validFlag eq N %then %do;
32724     +            probtext=strip(probtext)||"0A"x||strip(CATEGORY)||": "||"09"x||put(statvalue, percent10.2);
32725     +          %end;
32726     +          %else %do;
32727     +            probtext=strip(probtext)||"0A"x||strip(CATEGORY)||": "||"09"x||put(statvalue, percent10.2)||"09"x||put(vstatvalue, percent10.2);
32728     +          %end;
32729     +        end;
32730     +      %end;
32731     +      %else %if (("&probtype" eq "EVENT") AND ("&targetEvent" ne "" )) %then %do;
32732     +        if strip(CATEGORY) = "&targetevent" then do;
32733     +          %if &validFlag eq N %then %do;
32734     +            probtext=strip(CATEGORY)||": "||"09"x||put(statvalue, percent10.2);
32735     +          %end;
32736     +          %else %do;
32737     +            probtext=strip(CATEGORY)||": "||"09"x||put(statvalue, percent10.2)||"09"x||put(vstatvalue, percent10.2);
32738     +          %end;
32739     +          output;
32740     +        end;
32741     +      %end;
32742     +      %else %if "&probtype" eq "NONE" %then %do;
32743     +        if last.node then do;
32744     +          output;
32745     +        end;
32746     +      %end;
32747     +    run;
32748     +  %end;
32750     +  proc sort data=tempoutnodes out=tempoutnodes; by node; run;
32752     +  %let oldexists=0;
32753     +  %if %sysfunc(exist(&EM_USER_TREE_PLOT)) %then %do;
32754     +     data old_tree_plot;
32755     +        set &EM_USER_TREE_PLOT(keep=node nodecolor);
32756     +        rename nodecolor=oldnodecolor;
32757     +     run;
32759     +     proc sort data=old_tree_plot;
32760     +        by node;
32761     +     run;
32763     +     %let oldexists=1;
32764     +  %end;
32766     +  data &EM_USER_TREE_PLOT;
32767     +    length textall $800;
32768     +    merge tempoutnodes temptargetused
32770     +    %if &em_intTarget eq Y %then %do;
32771     +      tempinterval
32772     +    %end;
32774     +    %if &em_classTarget eq Y %then %do;
32776     +      %if &validFlag eq N %then %do;
32777     +        tempn(rename=(statvalue=N))
32778     +      %end;
32779     +      %else %do;
32780     +        tempn
32781     +      %end;
32783     +      temppredict tempprob
32785     +      %if ((&em_profitflag ne 0) OR (&em_lossflag ne 0)) %then %do;
32786     +        tempprofittext
32787     +      %end;
32788     +    %end;
32789     +    ;
32790     +    by node;
32792     +    /* build nodetext based on user selection */
32793     +    textall="";
32795     +    %if &em_intTarget eq Y %then %do;
32796     +    if tarlevel="INTERVAL" then do;
32797     +      /* Nodeid */
32798     +      %if "&EM_PROPERTY_SHOWNODEID" eq "Y" %then %do;
32799     +        textall=strip(textall)||"0A"x||"%sysfunc(sasmsg(sashelp.dmine, rpt_nodeId_vlabel, noquote )): "||"09"x||strip(Node);
32800     +      %end;
32802     +      /* Target identifier if multiple targets are used */
32803     +      %if "&multipleTar" eq "Y" %then %do;
32804     +        textall=strip(textall)||"0A"x||"%sysfunc(sasmsg(sashelp.dmine, rpt_target_title, noquote, )) "||"09"x||strip(target);
32805     +      %end;
32807     +      %if &validFlag eq Y %then %do;
32808     +         /* Column labels displayed in validflag eq Y only */
32809     +         %if (("&EM_PROPERTY_AVG" eq "Y") OR ("&EM_PROPERTY_RASE" eq "Y") OR ("&EM_PROPERTY_COUNT" eq "Y")) %then %do;
32810     +           textall=strip(textall)||"0A"x||"%sysfunc(sasmsg(sashelp.dmine, rpt_rptstatistic_vlabel, noquote)) "||"09"x||"%sysfunc(sasmsg(sashelp.dmine, rpt_train_vlabel , noquote ))" ||"09"x|| "%sysfunc(sasmsg(sashelp.dmine, rpt_validate_vlabel ,
32810    !+ noquote ))";
32811     +         %end;
32813     +         /* Average values */
32814     +         %if "&EM_PROPERTY_AVG" eq "Y" %then %do;
32815     +           textall=strip(textall)||"0A"x||"%sysfunc(sasmsg(sashelp.dmine, rpt_average_vlabel, noquote)): "||"09"x||put(PREDICTION, 14.&EM_PROPERTY_SPLITPRECISION)||"09"x||put(VPREDICTION, 14.&EM_PROPERTY_SPLITPRECISION);
32816     +         %end;
32818     +         /* RASE */
32819     +         %if "&EM_PROPERTY_RASE" eq "Y" %then %do;
32820     +           textall=strip(textall)||"0A"x||"%sysfunc(sasmsg(sashelp.dmine, rpt_rase_vlabel, noquote)): "||"09"x||put(RASE, 14.&EM_PROPERTY_SPLITPRECISION)||"09"x||put(VRASE, 14.&EM_PROPERTY_SPLITPRECISION);
32821     +         %end;
32823     +         /* Count */
32824     +         %if "&EM_PROPERTY_COUNT" eq "Y" %then %do;
32825     +           textall=strip(textall)||"0A"x||" %sysfunc(sasmsg(sashelp.dmine, rpt_rptcount_vlabel, noquote )): "||"09"x||strip(N)||"09"x||strip(VN);
32826     +         %end;
32827     +      %end;
32828     +      %else %do;
32829     +         /* Average values */
32830     +         %if "&EM_PROPERTY_AVG" eq "Y" %then %do;
32831     +           textall=strip(textall)||"0A"x||"%sysfunc(sasmsg(sashelp.dmine, rpt_average_vlabel, noquote)): "||"09"x||put(PREDICTION, 14.&EM_PROPERTY_SPLITPRECISION);
32832     +         %end;
32834     +         /* RASE */
32835     +         %if "&EM_PROPERTY_RASE" eq "Y" %then %do;
32836     +           textall=strip(textall)||"0A"x||"%sysfunc(sasmsg(sashelp.dmine, rpt_rase_vlabel, noquote)): "||"09"x||put(RASE, 14.&EM_PROPERTY_SPLITPRECISION);
32837     +         %end;
32839     +         /* Count */
32840     +         %if "&EM_PROPERTY_COUNT" eq "Y" %then %do;
32841     +           textall=strip(textall)||"0A"x||" %sysfunc(sasmsg(sashelp.dmine, rpt_rptcount_vlabel, noquote )): "||"09"x||strip(N);
32842     +         %end;
32843     +      %end;
32845     +      /* nodecolor */
32846     +      %if "&EM_PROPERTY_INTCOLORBY" eq "AVG" %then %do;
32847     +        nodecolor=PREDICTION;
32848     +      %end;
32849     +      %else %if "&EM_PROPERTY_INTCOLORBY" eq "RASE" %then %do;
32850     +        nodecolor=RASE;
32851     +      %end;
32852     +      %else %if "&EM_PROPERTY_INTCOLORBY" eq "SINGLE" %then %do;
32853     +        nodecolor=1;
32854     +      %end;
32856     +    end;
32857     +    %end;
32858     +    %if &em_classTarget eq Y %then %do;
32859     +    if tarlevel^="INTERVAL" then  do;
32861     +      /* Nodeid */
32862     +      %if "&EM_PROPERTY_SHOWNODEID" eq "Y" %then %do;
32863     +        textall=strip(textall)||"0A"x||"%sysfunc(sasmsg(sashelp.dmine, rpt_nodeId_vlabel, noquote )): "||"09"x||strip(Node);
32864     +      %end;
32865     +      /* Target identifier if multiple targets are used */
32866     +      %if "&multipleTar" eq "Y" %then %do;
32867     +        textall=strip(textall)||"0A"x||"%sysfunc(sasmsg(sashelp.dmine, rpt_target_title, noquote, )) "||"09"x||strip(target);
32868     +      %end;
32870     +      /* Predicted values */
32871     +      %if "&EM_PROPERTY_PRED" eq "Y" %then %do;
32872     +        textall=strip(textall)||"0A"x||"%sysfunc(sasmsg(sashelp.dmine, rpt_pls_score_predvalue, noquote, )): "||"09"x||strip(CATEGORY);
32873     +      %end;
32875     +      /* Column labels displayed in validflag eq Y only */
32876     +      %if "&ValidFlag" eq "Y" %then %do;
32877     +        %if (("&EM_PROPERTY_TARGET" ne "NONE") OR ("&EM_PROPERTY_PROFITLOSS" ne "NONE") OR ("&EM_PROPERTY_PERCENTCORRECT" eq "Y") OR ("&EM_PROPERTY_COUNT" eq "Y")) %then %do;
32878     +           textall=strip(textall)||"0A"x||"%sysfunc(sasmsg(sashelp.dmine, rpt_rptstatistic_vlabel, noquote)) "||"09"x||"%sysfunc(sasmsg(sashelp.dmine, rpt_train_vlabel , noquote ))" ||"09"x|| "%sysfunc(sasmsg(sashelp.dmine, rpt_validate_vlabel ,
32878    !+ noquote ))";
32879     +        %end;
32880     +      %end;
32882     +      /* Target Values */
32883     +      %if "&EM_PROPERTY_TARGET" ne "NONE" %then %do;
32884     +        textall=strip(textall)||"0A"x||strip(probtext);
32885     +      %end;
32887     +      /* include profit or loss for all target levels */
32888     +      %if ( "&EM_PROPERTY_PROFITLOSS" ne "NONE" AND ((&em_profitflag ne 0) OR (&em_lossflag ne 0))) %then %do;
32889     +        textall=strip(textall)||"0A"x||strip(profittext);
32890     +      %end;
32892     +      %if &validFlag eq N %then %do;
32893     +        /* Percent Correct */
32894     +        %if "&EM_PROPERTY_PERCENTCORRECT" eq "Y" %then %do;
32895     +          textall=strip(textall)||"0A"x||"Percent Correct: "||"09"x||strip(put(percentcorrect, percent10.2));
32896     +        %end;
32898     +         /* Count */
32899     +         %if "&EM_PROPERTY_COUNT" eq "Y" %then %do;
32900     +          %if "&adjusted" eq "N" %then %do;
32901     +            textall=strip(textall)||"0A"x||" %sysfunc(sasmsg(sashelp.dmine, rpt_rptcount_vlabel, noquote )): "||"09"x||strip(put(N, best12.));
32902     +          %end;
32903     +          %else %do;
32904     +            textall=strip(textall)||"0A"x||" %sysfunc(sasmsg(sashelp.dmine, rpt_rptcount_vlabel, noquote )): "||"09"x||strip(put(NPRIORS, 15.&EM_PROPERTY_SPLITPRECISION));
32905     +          %end;
32906     +         %end;
32907     +      %end;
32908     +      %else %do;
32909     +        /* Percent Correct */
32910     +        %if "&EM_PROPERTY_PERCENTCORRECT" eq "Y" %then %do;
32911     +          textall=strip(textall)||"0A"x||"Percent Correct: "||"09"x||strip(put(percentcorrect, percent10.2))||"09"x||strip(put(vpercentcorrect, percent10.2));
32912     +        %end;
32914     +         /* Count */
32915     +         %if "&EM_PROPERTY_COUNT" eq "Y" %then %do;
32916     +          %if "&adjusted" eq "N" %then %do;
32917     +           textall=strip(textall)||"0A"x||" %sysfunc(sasmsg(sashelp.dmine, rpt_rptcount_vlabel, noquote )): "||"09"x||strip(put(N, best12.))||"09"x||strip(put(VN, best12.));
32918     +          %end;
32919     +          %else %do;
32920     +           textall=strip(textall)||"0A"x||" %sysfunc(sasmsg(sashelp.dmine, rpt_rptcount_vlabel, noquote )): "||"09"x||strip(put(NPRIORS,15.&EM_PROPERTY_SPLITPRECISION))||"09"x||strip(put(VNPRIORS,15.&EM_PROPERTY_SPLITPRECISION));
32921     +          %end;
32922     +         %end;
32923     +      %end;
32925     +      /* nodecolor */
32926     +      %if "&EM_PROPERTY_CLASSCOLORBY" eq "PERCENTEVENT" %then %do;
32927     +       %if &multipleTar ne Y %then %do;
32928     +        nodecolor=&predTarget;
32929     +       %end;
32930     +       %else %do;
32931     +         nodecolor=percentcorrect;
32932     +       %end;
32933     +      %end;
32934     +      %else %if "&EM_PROPERTY_CLASSCOLORBY" eq "PERCENTCORRECT" %then %do;
32935     +        nodecolor=percentcorrect;
32936     +      %end;
32937     +      %else %if "&EM_PROPERTY_CLASSCOLORBY" eq "SINGLE" %then %do;
32938     +        nodecolor=1;
32939     +      %end;
32940     +      %else %if "&EM_PROPERTY_CLASSCOLORBY" eq "PROFITLOSS" %then %do;
32941     +        %if ((&em_profitflag eq 0) AND (&em_lossflag eq 0)) %then %do;
32942     +          nodecolor=percentcorrect;
32943     +        %end;
32944     +        %else %do;
32945     +          nodecolor=profitloss;
32946     +        %end;
32947     +      %end;
32949     +    end;
32950     +    %end;
32951     +    %if &em_intTarget eq Y %then %do;
32952     +     drop  PREDICTION  TARGET TARLEVEL
32953     +     %if &ValidFlag eq Y %then %do;
32954     +         VPREDICTION
32955     +     %end;
32956     +     ;
32957     +    %end;
32958     +    %if &em_classTarget eq Y %then %do;
32959     +     drop CATEGORY PROBTEXT  TARGET TARLEVEL STATVALUE
32960     +     %if &ValidFlag eq Y %then %do;
32961     +         VSTATVALUE
32962     +     %end;
32963     +     ;
32964     +    %end;
32966     +  run;
32968     +  /* add leaf index information to plotds - based on primary target only*/
32969     +  %if "%EM_TARGET_LEVEL" ne "INTERVAL" %then %do;
32970     +    data tempprob(keep=node statname statvalue rename=(statvalue=&predTarget));
32971     +      set &EM_USER_OUTSTATS;
32972     +      if ((statname="PROBABILITY"
32973     +      %if &validexist %then %do;
32974     +       or statname="VALID: PROBABILITY"
32975     +      %end;
32976     +      ) AND (CATEGORY="&TARGETEVENT")
32977     +      %if "&multipleTar" eq "Y" %then %do;
32978     +        AND (Target="%EM_TARGET")
32979     +      %end;
32980     +      );
32981     +    run;
32983     +    %if &validexist %then %do;
32984     +      proc sort data=tempprob; by node; run;
32985     +      %let vpredTarget = V%substr(&predTarget, 2);
32986     +      proc transpose data=tempprob out=tempprob(keep=NODE PROBABILITY VALID__PROBABILITY rename=(PROBABILITY=&predTarget VALID__PROBABILITY=&vpredTarget));
32987     +         by node;
32988     +         id statname;
32989     +      run;
32990     +    %end;
32991     +  %end;
32992     +  %else %do;
32993     +    data tempprob(keep=node statname statvalue rename=(statvalue=&predTarget));
32994     +      set &EM_USER_OUTSTATS;
32995     +      if ((statname="PREDICTION"
32996     +      %if &validexist %then %do;
32997     +       or statname="VALID: PREDICTION"
32998     +      %end;
32999     +      )
33000     +      %if "&multipleTar" eq "Y" %then %do;
33001     +        AND (Target="%EM_TARGET")
33002     +      %end;
33003     +      );
33004     +    run;
33005     +    %if &validexist %then %do;
33006     +      proc sort data=tempprob; by node; run;
33007     +      %let vpredTarget = V%substr(&predTarget, 2);
33008     +      proc transpose data=tempprob out=tempprob(keep=NODE PREDICTION VALID__PREDICTION rename=(PREDICTION=&predTarget VALID__PREDICTION=&vpredTarget));
33009     +         by node;
33010     +         id statname;
33011     +      run;
33012     +    %end;
33013     +  %end;
33015     +  proc sort data=tempprob; by node; run;
33016     +  data tempoutnodes;
33017     +    merge tempoutnodes tempprob;
33018     +    by node;
33019     +  run;
33021     +  proc sort data=tempoutnodes out=tempnodes; by descending &predTarget; run;
33022     +  data tempnodes;
33023     +    retain traintotal validtotal;
33024     +    set tempnodes(where=(leaf ne . ));
33025     +    tprob=round(&predTarget, .01);
33026     +    %if "%EM_TARGET_LEVEL" ne "INTERVAL" %then %do;
33027     +      percevent_train=round(tprob*100, .01);
33028     +    %end;
33029     +    %else %do;
33030     +      percevent_train=tprob;
33031     +    %end;
33033     +    perc_train=round((n/traintotal)*100, 0.01);
33034     +    /* leafwidth already has a *10 multiplier */
33035     +    if missing(perc_train) then perc_train = round(linkwidth*10, 0.01);
33037     +    %if &validexist %then %do;
33038     +      %let vpredTarget = V%substr(&predTarget,2);
33039     +      vprob=round(&vpredTarget, .01);
33040     +      %if "%EM_TARGET_LEVEL" ne "INTERVAL" %then %do;
33041     +        percevent_valid=round(vprob*100, .01);
33042     +      %end;
33043     +      %else %do;
33044     +        percevent_valid=vprob;
33045     +      %end;
33046     +      perc_valid=round((vn/validtotal)*100, .01);
33047     +    %end;
33049     +    index=_N_;
33050     +    keep node index tprob perc_train percevent_train
33051     +    %if &validexist %then %do;
33052     +        vprob percevent_valid perc_valid
33053     +    %end;
33054     +    ;
33055     +  run;
33056     +  proc sort data=tempnodes; by node; run;
33057     +  data &EM_USER_TREE_PLOT;
33058     +    merge &EM_USER_TREE_PLOT tempnodes %if &oldexists %then old_tree_plot;;
33059     +    by node;
33060     +    if missing(node) then delete;
33061     +    %if &oldexists %then %do;
33062     +      if missing(nodecolor) then nodecolor=oldnodecolor;
33063     +      drop oldnodecolor;
33064     +    %end;
33065     +    abovetext = compbl(abovetext);
33067     +    /* add variable labels */
33068     +    label textall      = "%sysfunc(sasmsg(sashelp.dmine, rpt_textall_vlabel, noquote))"
33069     +          parent       = "%sysfunc(sasmsg(sashelp.dmine, rpt_parentId_vlabel, noquote))"
33070     +          node         = "%sysfunc(sasmsg(sashelp.dmine, rpt_nodeid_vlabel, noquote))"
33071     +          abovetext    = "%sysfunc(sasmsg(sashelp.dmine, rpt_abovetext_vlabel, noquote))"
33072     +          traintotal   = "%sysfunc(sasmsg(sashelp.dmine, rpt_traintotal_vlabel, noquote))"
33073     +          nodecolor    = "%sysfunc(sasmsg(sashelp.dmine, rpt_nodecolor_vlabel, noquote))"
33075     +          %if "%EM_TARGET_LEVEL" ne "INTERVAL" %then %do;
33076     +            tprob        = "%sysfunc(sasmsg(sashelp.dmine, rpt_prob_vlabel, noquote, %nrbquote(&targetEvent)))"
33077     +            percevent_train = "%sysfunc(sasmsg(sashelp.dmine, rpt_percevent_train_vlabel, noquote))"
33078     +            perc_train      = "%sysfunc(sasmsg(sashelp.dmine, rpt_perc_train_vlabel, noquote))"
33079     +          %end;
33080     +          %else %do;
33081     +            tprob           = "%sysfunc(sasmsg(sashelp.dmine, rpt_average_vlabel, noquote))"
33082     +            percevent_train = "%sysfunc(sasmsg(sashelp.dmine, rpt_perc_int_train_vlabel, noquote))"
33083     +            perc_train = "%sysfunc(sasmsg(sashelp.dmine, rpt_perc_train_vlabel, noquote))"
33084     +          %end;
33085     +          index           = "%sysfunc(sasmsg(sashelp.dmine, meta_index_vlabel, noquote))"
33087     +          validtotal      = "%sysfunc(sasmsg(sashelp.dmine, rpt_validtotal_vlabel, noquote))"
33088     +          VN              = "%sysfunc(sasmsg(sashelp.dmine, rpt_validn_vlabel, noquote))"
33089     +          %if "%EM_TARGET_LEVEL" ne "INTERVAL" %then %do;
33090     +            vprob           = "%sysfunc(sasmsg(sashelp.dmine, rpt_vprob_vlabel, noquote, %nrbquote(&targetEvent)))"
33091     +            perc_valid      = "%sysfunc(sasmsg(sashelp.dmine, rpt_perc_valid_vlabel, noquote))"
33092     +            percevent_valid = "%sysfunc(sasmsg(sashelp.dmine, rpt_percevent_valid_vlabel, noquote))"
33093     +          %end;
33094     +          %else %do;
33095     +            vprob           = "%sysfunc(sasmsg(sashelp.dmine, rpt_validaverage_vlabel, noquote))"
33096     +            perc_valid = "%sysfunc(sasmsg(sashelp.dmine, rpt_perc_valid_vlabel, noquote))"
33097     +            percevent_valid = "%sysfunc(sasmsg(sashelp.dmine, rpt_perc_int_valid_vlabel, noquote))"
33098     +          %end;
33099     +    ;
33100     +  run;
33102     +  /* delete temporary tables */
33103     +  proc datasets lib=work nolist;
33104     +    delete abovetext belowtext tempoutnodes tempmissing temp tempnodes tempstats;
33105     +  run;
33107     +%mend em_tree_makePlotDs;
33111     +%macro em_tree_report;
33113     +   /* report properties */
33114     +   %em_checkmacro(name=EM_PROPERTY_Precision, value=4, global=Y);
33115     +   %em_checkmacro(name=EM_PROPERTY_SplitPrecision, value=4, global=Y);
33116     +   %em_checkmacro(name=EM_PROPERTY_ClassColorBy, value=PERCENTCORRECT, global=Y);
33117     +   %em_checkmacro(name=EM_PROPERTY_IntColorBy, value=AVG, global=Y);
33118     +   %em_checkmacro(name=EM_PROPERTY_ShowNodeId, value=Y, global=Y);
33119     +   %em_checkmacro(name=EM_PROPERTY_ShowValid, value=Y, global=Y);
33120     +   %em_checkmacro(name=EM_PROPERTY_Pred, value=N, global=Y);
33121     +   %em_checkmacro(name=EM_PROPERTY_Target, value=ALL, global=Y);
33122     +   %em_checkmacro(name=EM_PROPERTY_Count, value=Y, global=Y);
33123     +   %em_checkmacro(name=EM_PROPERTY_PercentCorrect, value=N, global=Y);
33124     +   %em_checkmacro(name=EM_PROPERTY_ProfitLoss, value=NONE, global=Y);
33125     +   %em_checkmacro(name=EM_PROPERTY_AVG, value=Y, global=Y);
33126     +   %em_checkmacro(name=EM_PROPERTY_RASE, value=N, global=Y);
33128     +   %let validexist=0;
33129     +   %if (("&EM_IMPORT_VALIDATE" ne "") AND (%sysfunc(exist(&EM_IMPORT_VALIDATE)) or %sysfunc(exist(&EM_IMPORT_VALIDATE,VIEW)))) %then %do;
33130     +     %let validexist=1;
33131     +   %end;
33133     +   /* determine if multiple targets will be processed */
33134     +   %let em_tree_multipleTargets=N;
33135     +   %let em_tree_numTarget=1;
33136     +   %if "&EM_PROPERTY_USEMULTIPLETARGET" eq "Y" %then %do;
33137     +      /* determine if there are any ordinal target variables - if so, multiple targets are not supported */
33138     +      %if &EM_NUM_ORDINAL_TARGET gt 0 %then %do;
33139     +         %let em_tree_multipleTargets=N;
33140     +      %end;
33141     +      %else %do;
33142     +        data _null_;
33143     +          set &EM_DATA_VARIABLESET(where=(ROLE='TARGET' AND LEVEL^='ORDINAL')) end=eof;
33144     +          if eof then
33145     +            call symput('em_tree_numTarget', strip(put(_N_, BEST.)));
33146     +        run;
33148     +        %if &em_tree_numTarget gt 1 %then %do;
33149     +           %let em_tree_multipleTargets=Y;
33150     +        %end;
33151     +     %end;
33152     +   %end;
33154     +  %if "&em_tree_multipleTargets" eq "N" %then %do;
33156     +   /* variable importance */
33157     +   %EM_GETNAME(key=OUTIMPORT, type=DATA);
33158     +   %if %sysfunc(exist(&EM_USER_OUTIMPORT)) eq 1 %then %do;
33160     +     /* determine if vars exists - properties could indicate they are they but freeze=Y would mean the node wasn't retrained */
33161     +     /* and the columns may not be generated                                                                                 */
33162     +     %let em_tree_cvexists=;
33163     +     %let em_tree_surrexists=.;
33164     +     data _null_;
33165     +       set &EM_USER_OUTIMPORT (obs=2) end=eof;
33166     +       if eof then do ;
33167     +        call symput("em_tree_cvexists" , strip(put(cvimportance,best.))) ;
33168     +        call symput("em_tree_surrexists", strip(put(nsurrogates, best.)));
33169     +       end;
33170     +     run;
33172     +     data &EM_USER_OUTIMPORT;
33173     +         set &EM_USER_OUTIMPORT;
33174     +         /* format columns based on Precison value specified */
33175     +         format importance 15.&EM_PROPERTY_PRECISION
33176     +              %if &validexist %then %do;
33177     +                vimportance ratio 15.&EM_PROPERTY_PRECISION
33178     +              %end;
33179     +              %if "&EM_TREE_CVEXISTS" ne "." %then %do;
33180     +                cvimportance vimportance ratio 15.&EM_PROPERTY_PRECISION
33181     +              %end;
33182     +         ;
33183     +     run;
33185     +     title10 "%sysfunc(sasmsg(sashelp.dmine, rpt_variableImportance_title  , NOQUOTE))";
33186     +     proc print data=&EM_USER_OUTIMPORT
33187     +        %if "&EM_TREE_SURREXISTS" ne "." %then %do;
33188     +          (where=((nrules>0) OR (nsurrogates>0)))
33189     +        %end;
33190     +        %else %do;
33191     +           (where=(nrules>0))
33192     +        %end;
33193     +        label noobs
33194     +        ;
33195     +     run;
33196     +     title10;
33198     +   %end;
33200     +   /* Sequence */
33201     +   %EM_GETNAME(key=OUTSEQ, type=DATA);
33202     +   %EM_GETNAME(key=OUTOBSIMP, type=DATA);
33203     +   data _null_ ;
33204     +      set &EM_USER_outseq (obs=2) end=eof ;
33205     +      if eof then do ;
33206     +        call symput("em_tree_xase" , strip(put(_XASE_,best.))) ;
33207     +        call symput("em_tree_vase" , strip(put(_VASE_, best.)));
33208     +        call symput("em_tree_seq"  , strip(put(_SEQUENCE_, best.)));
33209     +        call symput("em_tree_vseq"  , strip(put(_VSEQUENCE_, best.)));
33210     +        call symput("em_tree_aprof" , strip(put(_APROF_, best.)));
33211     +        call symput("em_tree_aloss" , strip(put(_ALOSS_, best.)));
33212     +        call symput("em_tree_prior" , strip(put(_PASE_, best.)));
33213     +      end;
33214     +    run;
The SAS System

33216     +   %if %sysfunc(exist(&EM_USER_OUTSEQ)) eq 1 %then %do;
33217     +      data &EM_USER_OUTSEQ;
33218     +      %if (("&EM_PROPERTY_CV" eq "Y") AND ("&em_tree_xase" ne ".")) %then %do;
33219     +        set &EM_USER_OUTSEQ(rename=(_XASE_=_VASE_ _XMAX_=_VMAX_ _XSSE_=_VSSE_ _XRASE_=_VRASE_
33220     +        %if "%EM_TARGET_LEVEL" ne "INTERVAL" %then %do;
33221     +           _XMISC_=_VMISC_
33222     +        %end;
33223     +        %if "&em_tree_aprof" ne "."  %then %do;
33224     +           _XAPROF_=_VAPROF_
33225     +           _XPROF_ = _VPROF_
33226     +        %end;
33227     +        %if "&em_tree_aloss" ne "."  %then %do;
33228     +           _XALOSS_=_VALOSS_
33229     +        %end;
33230     +        %if "&EM_TREE_PRIOR" ne "." %then %do;
33231     +           _XPASE_ = _VPASE_
33232     +           _XPMISC_ = _VPMISC_
33233     +        %end;
33235     +        ));
33236     +     %end;
33237     +     %else %do;
33238     +        set &EM_USER_OUTSEQ;
33239     +     %end;
33241     +     format _ASE_  _ASSESS_ _MAX_ _SSE_ _RASE_  15.&EM_PROPERTY_PRECISION
33242     +         %if "%EM_TARGET_LEVEL" ne "INTERVAL" %then %do;
33243     +            _MISC_   15.&EM_PROPERTY_PRECISION
33244     +         %end;
33245     +         %if "&EM_TREE_PRIOR" ne "." %then %do;
33246     +            _PASE_  15.&EM_PROPERTY_PRECISION
33247     +            _PMISC_ 15.&EM_PROPERTY_PRECISION
33248     +         %end;
33249     +         %if (("&EM_PROPERTY_CV" eq "Y") AND (("&em_tree_xase" ne ".") or ("&em_tree_vase" ne "."))) %then %do;
33250     +            _VASE_  _VASSESS_ _VMAX_ _VSSE_ _VRASE_ _COST_COMPLEXITY_ 15.&EM_PROPERTY_PRECISION
33251     +            %if "%EM_TARGET_LEVEL" ne "INTERVAL" %then %do;
33252     +               _VMISC_ 15.&EM_PROPERTY_PRECISION
33253     +            %end;
33254     +            %if "&EM_TREE_PRIOR" ne "." %then %do;
33255     +              _VPASE_  15.&EM_PROPERTY_PRECISION
33256     +              _VPMISC_ 15.&EM_PROPERTY_PRECISION
33257     +            %end;
33258     +         %end;
33259     +         %if (("&EM_PROPERTY_CV" eq "N") AND &validexist) %then %do;
33260     +            _VASE_  _VASSESS_ _VMAX_ _VSSE_ _VRASE_  15.&EM_PROPERTY_PRECISION
33261     +            %if "%EM_TARGET_LEVEL" ne "INTERVAL" %then %do;
33262     +               _VMISC_ 15.&EM_PROPERTY_PRECISION
33263     +            %end;
33264     +         %end;
33265     +         %if "&em_tree_seq" ne "." %then %do;
33266     +           _SEQUENCE_ 15.&EM_PROPERTY_PRECISION
33267     +         %end;
33268     +         %if "&em_tree_vseq" ne "." %then %do;
33269     +           _VSEQUENCE_  15.&EM_PROPERTY_PRECISION
33270     +         %end;
33271     +         %if "&em_tree_aprof" ne "." %then %do;
33272     +           _APROF_ 15.&EM_PROPERTY_PRECISION
33273     +           _PROF_ 15.&EM_PROPERTY_PRECISION
33274     +           %if (("&EM_PROPERTY_CV" eq "Y") OR &validexist) %then %do;
33275     +             _VAPROF_ 15.&EM_PROPERTY_PRECISION
33276     +             _VPROF_ 15.&EM_PROPERTY_PRECISION
33277     +           %end;
33278     +         %end;
33279     +         %else %if "&em_tree_aloss" ne "." %then %do;
33280     +           _ALOSS_  15.&EM_PROPERTY_PRECISION
33281     +           %if (("&EM_PROPERTY_CV" eq "Y") OR &validexist) %then %do;
33282     +             _VALOSS_ 15.&EM_PROPERTY_PRECISION
33283     +           %end;
33284     +         %end;
33285     +      ;
33286     +    run;
33287     +   %end;
33289     +   /* Observation Based Importance */
33290     +   %if (  ("&EM_PROPERTY_OBSIMPORTANCE" eq "Y") AND ( %sysfunc(exist(&EM_USER_OUTOBSIMP)) eq 1)) %then %do;
33292     +      /* need to check for 0 obs */
33293     +      %let dsid = %sysfunc(open(&EM_USER_OUTOBSIMP));
33294     +      %let onobs=%sysfunc(attrn(&dsid,NOBS));
33295     +      %let rc=%sysfunc(close(&dsid));
33297     +      %if &onobs %then %do;
33298     +         proc sort data=&EM_USER_OUTOBSIMP; by _INPUT1_; run;
33299     +         proc sort data=&em_data_variableset out=_tempvars; by NAME; run;
33301     +         data &EM_USER_OUTOBSIMP;
33302     +           merge _tempvars(rename=(NAME=_INPUT1_) keep=NAME LABEL) &EM_USER_OUTOBSIMP(in=_a)  ;
33303     +           if _a;
33304     +           by _INPUT1_;
33305     +           format  _ASE_ _MAX_ _SSE_ _RASE_ 15.&EM_PROPERTY_PRECISION
33306     +                   %if "%EM_TARGET_LEVEL" ne "INTERVAL" %then %do;
33307     +                     _MISC_ 15.&EM_PROPERTY_PRECISION
33308     +                   %end;
33309     +                   ;
33310     +         run;
33311     +         %EM_REPORT(key=OUTOBSIMP, viewtype=DATA, block=MODEL, description=OBSIMPFIT, autodisplay=N);
33312     +      %end;
33313     +   %end;
33315     +  %end;
33317     +  /* create dataset to support tree diagram and icicle plot */
33318     +  %EM_GETNAME(key=TREE_PLOT, type=DATA);
33319     +  %em_tree_makePlotDs(multipleTar = &em_tree_multipleTargets);
33321     +  /* display tree diagram */
33322     +  %em_report(key=TREE_PLOT, viewtype=DTree, id=NODE, parent=PARENT, nodetext=NODETEXT, tipText=TEXTALL, abovetext=ABOVETEXT, belowText=BELOWTEXT,
33323     +             nodesize=N, nodecolor=NODECOLOR, linkwidth=LINKWIDTH,  block=MODEL, description=TREE, autodisplay=Y);
33325     +  /* display icicle diagram */
33326     +  %em_report(key=TREE_PLOT, viewtype=Icicle, id=NODE, parent=PARENT, nodetext=NODETEXT, tipText=TEXTALL,
33327     +             nodesize=N, nodecolor=NODECOLOR, block=MODEL, description=ICICLE, autodisplay=Y);
33329     +  /* Leaf Statistics Plot */
33330     +  %em_report(key=TREE_PLOT, viewtype=AREABAR, x=NODE, y=PERCEVENT_TRAIN, WIDTH=PERC_TRAIN,block=MODEL, description=VARWIDTH, autodisplay=N);
33332     +  /* print leaf information to output window */
33333     +  %if %sysfunc(exist(&EM_USER_TREE_PLOT)) eq 1 %then %do;
33335     +     proc sort data=&EM_USER_TREE_PLOT out=t;
33336     +       by descending N;
33337     +     run;
33339     +     /* determine if vn is present in the data -- combinations of decisions/partition/cv cause the proc not to generate this stat */
33340     +     %local vn;
33341     +     data _null_;
33342     +       set t (obs=2) end=eof;
33343     +       if eof then do;
33344     +         call symput("vn", strip(put(vn, best.)));
33345     +       end;
33346     +     run;
33348     +     data t;
33349     +       set t;
33350     +       label N="%sysfunc(sasmsg(sashelp.dmine, rpt_trainingobs_vlabel  , NOQUOTE))"
33351     +             DEPTH="%sysfunc(sasmsg(sashelp.dmine, rpt_depth_vlabel  , NOQUOTE))"
33352     +       %if "%EM_TARGET_LEVEL" eq "INTERVAL" %then %do;
33353     +            tprob = "%sysfunc(sasmsg(sashelp.dmine, rpt_trainaverage_vlabel  , NOQUOTE))"
33354     +            RASE="%sysfunc(sasmsg(sashelp.dmine, rpt_trainrase_vlabel  , NOQUOTE))"
33355     +       %end;
33356     +       %if (("&EM_IMPORT_VALIDATE" ne "") AND (%sysfunc(exist(&EM_IMPORT_VALIDATE)) eq 1)) %then %do;
33357     +            VN="%sysfunc(sasmsg(sashelp.dmine, rpt_validobs_vlabel  , NOQUOTE))"
33358     +           %if "%EM_TARGET_LEVEL" eq "INTERVAL" %then %do;
33359     +              vprob = "%sysfunc(sasmsg(sashelp.dmine, rpt_validaverage_vlabel  , NOQUOTE))"
33360     +              VRASE="%sysfunc(sasmsg(sashelp.dmine, rpt_validrase_vlabel  , NOQUOTE))"
33361     +          %end;
33362     +       %end;
33363     +       ;
33364     +     run;
33366     +     /* determine if rase is found in t */
33367     +    %let dsid=%sysfunc(open(t,i));
33368     +    %let raseexists=%sysfunc(varnum(&dsid,RASE));
33369     +    %let rc=%sysfunc(close(&dsid));
33371     +     title10 "%sysfunc(sasmsg(sashelp.dmine, rpt_treeleafreport_title  , NOQUOTE))";
33372     +     proc print data=t noobs label;
33373     +       where tprob ne .;
33374     +       var node depth N tprob
33375     +       %if (("&EM_IMPORT_VALIDATE" ne "") AND (%sysfunc(exist(&EM_IMPORT_VALIDATE)) eq 1)) %then %do;
33376     +         %if "&vn" ne "." %then %do;
33377     +           VN
33378     +         %end;
33379     +         vprob
33380     +       %end;
33381     +       %if &raseexists %then %do;
33382     +            RASE
33383     +            %if ( ("&EM_IMPORT_VALIDATE" ne "") AND (%sysfunc(exist(&EM_IMPORT_VALIDATE)) eq 1) AND ("&EM_PROPERTY_CV" eq "N")) %then %do;
33384     +              VRASE
33385     +            %end;
33386     +       %end;
33387     +       ;
33388     +     run;
33389     +     title10;
33390     +  %end;
33392     +  /* create plots that are done during training of node */
33393     +  /* display iterative plot, including reference line */
33394     +  %if "&em_Tree_multipleTargets" eq "N" %then %do;
33395     +   /* %if &nleaves eq  %then %do; */
33396     +      %EM_GETNAME(key=OUTTOPOLOGY, type=DATA);
33397     +      data _null_;
33398     +        set &EM_USER_OUTTOPOLOGY end=eof;
33399     +        if eof then do;
33400     +          call symput('nleaves', LEAF);
33401     +        end;
33402     +      run;
33403     +   /* %end; */
33405     +    %EM_REPORT(KEY=OUTSEQ, VIEWTYPE=ITERATIONPLOT, block=MODEL,  X=_NW_, XRef=&Nleaves, autodisplay=N, Description=SUBTREE);
33406     +    /*%EM_REPORT(view=1, Y=_ASE_); */
33407     +  %end;
33409     +  /* display leaf statistics */
33410     +  %EM_REPORT(KEY=TREE_PLOT, VIEWTYPE=RESPONSEBAR, block=MODEL, view=1, X=INDEX, Y1=tprob, y2=vprob, where=%nrbquote(INDEX ne .), autodisplay=Y, Description=LEAFSTATS);
33412     +  /* stats by node if multiple targets = Y */
33413     +  %EM_GETNAME(key=OUTSTATS, type=DATA);
33414     +  %if "&em_tree_multipleTargets" eq "Y" %then %do;
33415     +    data &EM_USER_OUTSTATS;
33416     +      set &EM_USER_OUTSTATS;
33418     +     * if STATNAME="TARGET" then delete;
33419     +     * if STATNAME="PREDICTION" and STATVALUE=. then delete;
33420     +      drop leaf;
33421     +    run;
33422     +    %EM_REPORT(key=OUTSTATS, viewtype=DATA, block=MODEL, description=OUTSTATS, autodisplay=N);
33424     +  %end;
33425     +  %else %do;
33426     +    /* add outstats and outdescribe to spk but not results */
33427     +    %EM_REPORT(viewtype=, key=OUTSTATS);
33428     +  %end;
33430     +%mend em_tree_report;
NOTE: %INCLUDE (level 1) ending.
MPRINT(MAIN):   filename temp;
NOTE: Fileref TEMP has been deassigned.
MPRINT(EM_TREE_REPORT):  ;
MPRINT(EM_TREE_REPORT):  ;
MPRINT(EM_TREE_REPORT):  ;
MPRINT(EM_TREE_REPORT):  ;
MPRINT(EM_TREE_REPORT):  ;
MPRINT(EM_TREE_REPORT):  ;
MPRINT(EM_TREE_REPORT):  ;
MPRINT(EM_TREE_REPORT):  ;
MPRINT(EM_TREE_REPORT):  ;
MPRINT(EM_TREE_REPORT):  ;
MPRINT(EM_TREE_REPORT):  ;
MPRINT(EM_TREE_REPORT):  ;
MPRINT(EM_TREE_REPORT):  ;
MPRINT(EM_TREE_REPORT):  ;
MPRINT(EM_TREE_REPORT):   data _null_;
MPRINT(EM_TREE_REPORT):   set EMWS1.Tree8_OUTIMPORT (obs=2) end=eof;
MPRINT(EM_TREE_REPORT):   if eof then do ;
MPRINT(EM_TREE_REPORT):   call symput("em_tree_cvexists" , strip(put(cvimportance,best.))) ;
MPRINT(EM_TREE_REPORT):   call symput("em_tree_surrexists", strip(put(nsurrogates, best.)));
MPRINT(EM_TREE_REPORT):   end;
MPRINT(EM_TREE_REPORT):   run;

NOTE: Variable cvimportance is uninitialized.
NOTE: Variable nsurrogates is uninitialized.
NOTE: There were 2 observations read from the data set EMWS1.TREE8_OUTIMPORT.
NOTE: DATA statement used (Total process time):
      real time           0.00 seconds
      cpu time            0.01 seconds
      

MPRINT(EM_TREE_REPORT):   data EMWS1.Tree8_OUTIMPORT;
MPRINT(EM_TREE_REPORT):   set EMWS1.Tree8_OUTIMPORT;
MPRINT(EM_TREE_REPORT):   format importance 15.4 vimportance ratio 15.4 ;
MPRINT(EM_TREE_REPORT):   run;

NOTE: There were 27 observations read from the data set EMWS1.TREE8_OUTIMPORT.
NOTE: The data set EMWS1.TREE8_OUTIMPORT has 27 observations and 6 variables.
NOTE: DATA statement used (Total process time):
      real time           0.01 seconds
      cpu time            0.00 seconds
      

MPRINT(EM_TREE_REPORT):   title10 "Variable Importance";
MPRINT(EM_TREE_REPORT):   proc print data=EMWS1.Tree8_OUTIMPORT (where=(nrules>0)) label noobs ;
MPRINT(EM_TREE_REPORT):   run;

NOTE: There were 2 observations read from the data set EMWS1.TREE8_OUTIMPORT.
      WHERE nrules>0;
NOTE: The PROCEDURE PRINT printed page 7.
NOTE: PROCEDURE PRINT used (Total process time):
      real time           0.00 seconds
      cpu time            0.00 seconds
      

MPRINT(EM_TREE_REPORT):   title10;
MPRINT(EM_TREE_REPORT):  ;
MPRINT(EM_TREE_REPORT):  ;
MPRINT(EM_TREE_REPORT):   data _null_ ;
MPRINT(EM_TREE_REPORT):   set EMWS1.Tree8_OUTSEQ (obs=2) end=eof ;
MPRINT(EM_TREE_REPORT):   if eof then do ;
MPRINT(EM_TREE_REPORT):   call symput("em_tree_xase" , strip(put(_XASE_,best.))) ;
MPRINT(EM_TREE_REPORT):   call symput("em_tree_vase" , strip(put(_VASE_, best.)));
MPRINT(EM_TREE_REPORT):   call symput("em_tree_seq" , strip(put(_SEQUENCE_, best.)));
MPRINT(EM_TREE_REPORT):   call symput("em_tree_vseq" , strip(put(_VSEQUENCE_, best.)));
MPRINT(EM_TREE_REPORT):   call symput("em_tree_aprof" , strip(put(_APROF_, best.)));
MPRINT(EM_TREE_REPORT):   call symput("em_tree_aloss" , strip(put(_ALOSS_, best.)));
MPRINT(EM_TREE_REPORT):   call symput("em_tree_prior" , strip(put(_PASE_, best.)));
MPRINT(EM_TREE_REPORT):   end;
MPRINT(EM_TREE_REPORT):   run;

NOTE: Variable _XASE_ is uninitialized.
NOTE: Variable _SEQUENCE_ is uninitialized.
NOTE: Variable _VSEQUENCE_ is uninitialized.
NOTE: Variable _APROF_ is uninitialized.
NOTE: Variable _ALOSS_ is uninitialized.
NOTE: Variable _PASE_ is uninitialized.
NOTE: There were 2 observations read from the data set EMWS1.TREE8_OUTSEQ.
NOTE: DATA statement used (Total process time):
      real time           0.00 seconds
      cpu time            0.00 seconds
      

MPRINT(EM_TREE_REPORT):   data EMWS1.Tree8_OUTSEQ;
MPRINT(EM_TREE_REPORT):   set EMWS1.Tree8_OUTSEQ;
MPRINT(EM_TREE_REPORT):   format _ASE_ _ASSESS_ _MAX_ _SSE_ _RASE_ 15.4
MPRINT(EM_TREE_REPORT):   _MISC_ 15.4 _VASE_ _VASSESS_ _VMAX_ _VSSE_ _VRASE_ 15.4
MPRINT(EM_TREE_REPORT):   _VMISC_ 15.4 ;
MPRINT(EM_TREE_REPORT):   run;

NOTE: There were 8 observations read from the data set EMWS1.TREE8_OUTSEQ.
NOTE: The data set EMWS1.TREE8_OUTSEQ has 8 observations and 20 variables.
NOTE: DATA statement used (Total process time):
      real time           0.00 seconds
      cpu time            0.00 seconds
      

MPRINT(EM_TREE_REPORT):  ;
MPRINT(EM_TREE_MAKEPLOTDS):  ;
MPRINT(EM_TREE_MAKEPLOTDS):  ;
MPRINT(EM_TREE_MAKEPLOTDS):  ;
MPRINT(EM_TREE_MAKEPLOTDS):  ;
MPRINT(EM_TREE_MAKEPLOTDS):   data _null_;
MPRINT(EM_TREE_MAKEPLOTDS):   set EMWS1.Tree8_diagnosis_DM(where=(_TYPE_="TARGET"));
MPRINT(EM_TREE_MAKEPLOTDS):   call symput('targetEvent', strip(tranwrd(EVENT,'"','""')));
MPRINT(EM_TREE_MAKEPLOTDS):   run;

NOTE: There were 1 observations read from the data set EMWS1.TREE8_DIAGNOSIS_DM.
      WHERE _TYPE_='TARGET';
NOTE: DATA statement used (Total process time):
      real time           0.00 seconds
      cpu time            0.00 seconds
      

MPRINT(EM_TREE_MAKEPLOTDS):   data _null_;
MPRINT(EM_TREE_MAKEPLOTDS):   set EMWS1.Tree8_diagnosis_DM(where=(_TYPE_="PREDICTED" AND LEVEL="M"));
MPRINT(EM_TREE_MAKEPLOTDS):   call symput('predTarget', strip(VARIABLE));
MPRINT(EM_TREE_MAKEPLOTDS):   call symput('predLvl', strip(LEVEL));
MPRINT(EM_TREE_MAKEPLOTDS):   run;

NOTE: There were 1 observations read from the data set EMWS1.TREE8_DIAGNOSIS_DM.
      WHERE (_TYPE_='PREDICTED') and (LEVEL='M');
NOTE: DATA statement used (Total process time):
      real time           0.00 seconds
      cpu time            0.00 seconds
      

MPRINT(EM_TREE_MAKEPLOTDS):   data belowtext;
MPRINT(EM_TREE_MAKEPLOTDS):   set EMWS1.Tree8_OUTRULES(where=(ROLE="PRIMARY" AND STAT="VARIABLE") rename=(character_value=belowtext));
MPRINT(EM_TREE_MAKEPLOTDS):   keep node belowtext;
MPRINT(EM_TREE_MAKEPLOTDS):   run;

NOTE: There were 3 observations read from the data set EMWS1.TREE8_OUTRULES.
      WHERE (ROLE='PRIMARY') and (STAT='VARIABLE');
NOTE: The data set WORK.BELOWTEXT has 3 observations and 2 variables.
NOTE: DATA statement used (Total process time):
      real time           0.00 seconds
      cpu time            0.01 seconds
      

MPRINT(EM_TREE_MAKEPLOTDS):   data belowtext2;
MPRINT(EM_TREE_MAKEPLOTDS):   set EMWS1.Tree8_OUTRULES(where=(ROLE="PRIMARY" AND STAT="LABEL") rename=(character_value=belowtextlbl));
MPRINT(EM_TREE_MAKEPLOTDS):   keep node belowtextlbl;
MPRINT(EM_TREE_MAKEPLOTDS):   run;

NOTE: There were 0 observations read from the data set EMWS1.TREE8_OUTRULES.
      WHERE (ROLE='PRIMARY') and (STAT='LABEL');
NOTE: The data set WORK.BELOWTEXT2 has 0 observations and 2 variables.
NOTE: DATA statement used (Total process time):
      real time           0.00 seconds
      cpu time            0.00 seconds
      

MPRINT(EM_TREE_MAKEPLOTDS):   proc sort data=belowtext;
MPRINT(EM_TREE_MAKEPLOTDS):   by node;
MPRINT(EM_TREE_MAKEPLOTDS):   run;

NOTE: There were 3 observations read from the data set WORK.BELOWTEXT.
NOTE: The data set WORK.BELOWTEXT has 3 observations and 2 variables.
NOTE: PROCEDURE SORT used (Total process time):
      real time           0.01 seconds
      cpu time            0.01 seconds
      

MPRINT(EM_TREE_MAKEPLOTDS):   proc sort data=belowtext2;
MPRINT(EM_TREE_MAKEPLOTDS):   by node;
MPRINT(EM_TREE_MAKEPLOTDS):   run;

NOTE: Input data set is empty.
NOTE: The data set WORK.BELOWTEXT2 has 0 observations and 2 variables.
NOTE: PROCEDURE SORT used (Total process time):
      real time           0.00 seconds
      cpu time            0.01 seconds
      

MPRINT(EM_TREE_MAKEPLOTDS):   data belowtext;
MPRINT(EM_TREE_MAKEPLOTDS):   merge belowtext belowtext2(in=_a);
MPRINT(EM_TREE_MAKEPLOTDS):   by node;
MPRINT(EM_TREE_MAKEPLOTDS):   if _a then belowtext=belowtextlbl;
MPRINT(EM_TREE_MAKEPLOTDS):   keep node belowtext;
MPRINT(EM_TREE_MAKEPLOTDS):   run;

NOTE: There were 3 observations read from the data set WORK.BELOWTEXT.
NOTE: There were 0 observations read from the data set WORK.BELOWTEXT2.
NOTE: The data set WORK.BELOWTEXT has 3 observations and 2 variables.
NOTE: DATA statement used (Total process time):
      real time           0.04 seconds
      cpu time            0.01 seconds
      

MPRINT(EM_TREE_MAKEPLOTDS):   data abovetext;
MPRINT(EM_TREE_MAKEPLOTDS):   set EMWS1.Tree8_OUTRULES(where=(ROLE="PRIMARY" AND STAT in ("INTERVAL", "ORDINAL", "NOMINAL")) );
MPRINT(EM_TREE_MAKEPLOTDS):   run;

NOTE: There were 3 observations read from the data set EMWS1.TREE8_OUTRULES.
      WHERE (ROLE='PRIMARY') and STAT in ('INTERVAL', 'NOMINAL', 'ORDINAL');
NOTE: The data set WORK.ABOVETEXT has 3 observations and 6 variables.
NOTE: DATA statement used (Total process time):
      real time           0.01 seconds
      cpu time            0.00 seconds
      

MPRINT(EM_TREE_MAKEPLOTDS):   proc sort data=abovetext;
MPRINT(EM_TREE_MAKEPLOTDS):   by node numeric_value;
MPRINT(EM_TREE_MAKEPLOTDS):   run;

NOTE: There were 3 observations read from the data set WORK.ABOVETEXT.
NOTE: The data set WORK.ABOVETEXT has 3 observations and 6 variables.
NOTE: PROCEDURE SORT used (Total process time):
      real time           0.03 seconds
      cpu time            0.01 seconds
      

MPRINT(EM_TREE_MAKEPLOTDS):   data abovetext;
MPRINT(EM_TREE_MAKEPLOTDS):   set abovetext(rename=(node=parent));
MPRINT(EM_TREE_MAKEPLOTDS):   by parent numeric_value;
MPRINT(EM_TREE_MAKEPLOTDS):   retain abovetext tempstring flag branch origval origchar ;
MPRINT(EM_TREE_MAKEPLOTDS):   length abovetext $256;
MPRINT(EM_TREE_MAKEPLOTDS):   length tempstring origchar $64;
MPRINT(EM_TREE_MAKEPLOTDS):   if STAT in ("INTERVAL", "ORDINAL") then do;
MPRINT(EM_TREE_MAKEPLOTDS):   if first.parent then do;
MPRINT(EM_TREE_MAKEPLOTDS):   if missing(character_value) then do;
MPRINT(EM_TREE_MAKEPLOTDS):   numeric_value = round(numeric_value, 0.0001);
MPRINT(EM_TREE_MAKEPLOTDS):   abovetext = "< "||strip(NUMERIC_VALUE);
MPRINT(EM_TREE_MAKEPLOTDS):   branch = 1;
MPRINT(EM_TREE_MAKEPLOTDS):   origval = numeric_value;
MPRINT(EM_TREE_MAKEPLOTDS):   output;
MPRINT(EM_TREE_MAKEPLOTDS):   end;
MPRINT(EM_TREE_MAKEPLOTDS):   else do;
MPRINT(EM_TREE_MAKEPLOTDS):   abovetext = "< "||strip(CHARACTER_VALUE);
MPRINT(EM_TREE_MAKEPLOTDS):   branch = 1;
MPRINT(EM_TREE_MAKEPLOTDS):   origchar = character_value;
MPRINT(EM_TREE_MAKEPLOTDS):   output;
MPRINT(EM_TREE_MAKEPLOTDS):   end;
MPRINT(EM_TREE_MAKEPLOTDS):   if first.parent AND last.parent then do;
MPRINT(EM_TREE_MAKEPLOTDS):   if missing(character_value) then do;
MPRINT(EM_TREE_MAKEPLOTDS):   numeric_value = round(numeric_value, 0.0001);
MPRINT(EM_TREE_MAKEPLOTDS):   branch = branch + 1;
MPRINT(EM_TREE_MAKEPLOTDS):   abovetext = ">= "||strip(NUMERIC_VALUE);
MPRINT(EM_TREE_MAKEPLOTDS):   output;
MPRINT(EM_TREE_MAKEPLOTDS):   end;
MPRINT(EM_TREE_MAKEPLOTDS):   else do;
MPRINT(EM_TREE_MAKEPLOTDS):   branch = branch + 1;
MPRINT(EM_TREE_MAKEPLOTDS):   abovetext = ">= "||strip(CHARACTER_VALUE);
MPRINT(EM_TREE_MAKEPLOTDS):   output;
MPRINT(EM_TREE_MAKEPLOTDS):   end;
MPRINT(EM_TREE_MAKEPLOTDS):   end;
MPRINT(EM_TREE_MAKEPLOTDS):   end;
MPRINT(EM_TREE_MAKEPLOTDS):   else if last.parent then do;
MPRINT(EM_TREE_MAKEPLOTDS):   if ( missing(character_value) AND (origval ne numeric_value)) or ( ^missing(character_value) AND (origchar ne character_value)) then do;
MPRINT(EM_TREE_MAKEPLOTDS):   if missing(character_value) then do;
MPRINT(EM_TREE_MAKEPLOTDS):   numeric_value = round(numeric_value, 0.0001);
MPRINT(EM_TREE_MAKEPLOTDS):   abovetext= "[ "||strip(origval)||", "|| strip(numeric_value)||" )";
MPRINT(EM_TREE_MAKEPLOTDS):   end;
MPRINT(EM_TREE_MAKEPLOTDS):   else do;
MPRINT(EM_TREE_MAKEPLOTDS):   abovetext= ">= "||strip(origchar)||" AND < "|| strip(character_value);
MPRINT(EM_TREE_MAKEPLOTDS):   end;
MPRINT(EM_TREE_MAKEPLOTDS):   branch = branch + 1;
MPRINT(EM_TREE_MAKEPLOTDS):   output;
MPRINT(EM_TREE_MAKEPLOTDS):   if missing(character_value) then do;
MPRINT(EM_TREE_MAKEPLOTDS):   numeric_value = round(numeric_value, 0.0001);
MPRINT(EM_TREE_MAKEPLOTDS):   abovetext = ">= "||strip(NUMERIC_VALUE);
MPRINT(EM_TREE_MAKEPLOTDS):   end;
MPRINT(EM_TREE_MAKEPLOTDS):   else do;
MPRINT(EM_TREE_MAKEPLOTDS):   abovetext = ">= "||strip(CHARACTER_VALUE);
MPRINT(EM_TREE_MAKEPLOTDS):   end;
MPRINT(EM_TREE_MAKEPLOTDS):   branch = branch + 1;
MPRINT(EM_TREE_MAKEPLOTDS):   output;
MPRINT(EM_TREE_MAKEPLOTDS):   end;
MPRINT(EM_TREE_MAKEPLOTDS):   else do;
MPRINT(EM_TREE_MAKEPLOTDS):   if missing(character_value) then do;
MPRINT(EM_TREE_MAKEPLOTDS):   numeric_value = round(numeric_value, 0.0001);
MPRINT(EM_TREE_MAKEPLOTDS):   abovetext = ">= "||strip(NUMERIC_VALUE);
MPRINT(EM_TREE_MAKEPLOTDS):   end;
MPRINT(EM_TREE_MAKEPLOTDS):   else do;
MPRINT(EM_TREE_MAKEPLOTDS):   abovetext = ">= "||strip(CHARACTER_VALUE);
MPRINT(EM_TREE_MAKEPLOTDS):   end;
MPRINT(EM_TREE_MAKEPLOTDS):   branch = branch + 1;
MPRINT(EM_TREE_MAKEPLOTDS):   output;
MPRINT(EM_TREE_MAKEPLOTDS):   end;
MPRINT(EM_TREE_MAKEPLOTDS):   end;
MPRINT(EM_TREE_MAKEPLOTDS):   else do;
MPRINT(EM_TREE_MAKEPLOTDS):   if ( missing(character_value) AND (origval ne numeric_value)) or ( ^missing(character_value) AND (origchar ne character_value)) then do;
MPRINT(EM_TREE_MAKEPLOTDS):   if missing(character_value) then do;
MPRINT(EM_TREE_MAKEPLOTDS):   numeric_value = round(numeric_value,0.0001);
MPRINT(EM_TREE_MAKEPLOTDS):   abovetext= "[ "||strip(origval)||", "|| strip(numeric_value)||" )";
MPRINT(EM_TREE_MAKEPLOTDS):   origval = numeric_value;
MPRINT(EM_TREE_MAKEPLOTDS):   end;
MPRINT(EM_TREE_MAKEPLOTDS):   else do;
MPRINT(EM_TREE_MAKEPLOTDS):   abovetext= ">= "||strip(origchar)||" AND < "|| strip(character_value);
MPRINT(EM_TREE_MAKEPLOTDS):   origchar = character_value;
MPRINT(EM_TREE_MAKEPLOTDS):   end;
MPRINT(EM_TREE_MAKEPLOTDS):   branch = branch + 1;
MPRINT(EM_TREE_MAKEPLOTDS):   output;
MPRINT(EM_TREE_MAKEPLOTDS):   end;
MPRINT(EM_TREE_MAKEPLOTDS):   else do;
MPRINT(EM_TREE_MAKEPLOTDS):   if missing(character_value) then do;
MPRINT(EM_TREE_MAKEPLOTDS):   numeric_value = round(numeric_value, 0.0001);
MPRINT(EM_TREE_MAKEPLOTDS):   abovetext = ">= "||strip(NUMERIC_VALUE);
MPRINT(EM_TREE_MAKEPLOTDS):   origval = numeric_value;
MPRINT(EM_TREE_MAKEPLOTDS):   end;
MPRINT(EM_TREE_MAKEPLOTDS):   else do;
MPRINT(EM_TREE_MAKEPLOTDS):   abovetext = ">= "||strip(CHARACTER_VALUE);
MPRINT(EM_TREE_MAKEPLOTDS):   origval = character_value;
MPRINT(EM_TREE_MAKEPLOTDS):   end;
MPRINT(EM_TREE_MAKEPLOTDS):   branch = branch + 1;
MPRINT(EM_TREE_MAKEPLOTDS):   output;
MPRINT(EM_TREE_MAKEPLOTDS):   end;
MPRINT(EM_TREE_MAKEPLOTDS):   end;
MPRINT(EM_TREE_MAKEPLOTDS):   end;
MPRINT(EM_TREE_MAKEPLOTDS):   else do;
MPRINT(EM_TREE_MAKEPLOTDS):   if first.numeric_value then do;
MPRINT(EM_TREE_MAKEPLOTDS):   flag = 0;
MPRINT(EM_TREE_MAKEPLOTDS):   abovetext = strip(CHARACTER_VALUE);
MPRINT(EM_TREE_MAKEPLOTDS):   branch = numeric_value;
MPRINT(EM_TREE_MAKEPLOTDS):   if first.numeric_value AND last.numeric_value then do;
MPRINT(EM_TREE_MAKEPLOTDS):   output;
MPRINT(EM_TREE_MAKEPLOTDS):   end;
MPRINT(EM_TREE_MAKEPLOTDS):   end;
MPRINT(EM_TREE_MAKEPLOTDS):   else if last.numeric_value then do;
MPRINT(EM_TREE_MAKEPLOTDS):   if flag=0 then do;
MPRINT(EM_TREE_MAKEPLOTDS):   tempstring = strip(abovetext)||", "||strip(CHARACTER_VALUE);
MPRINT(EM_TREE_MAKEPLOTDS):   length = length(strip(tempstring));
MPRINT(EM_TREE_MAKEPLOTDS):   if length < 32 then do;
MPRINT(EM_TREE_MAKEPLOTDS):   abovetext = strip(tempstring);
MPRINT(EM_TREE_MAKEPLOTDS):   end;
MPRINT(EM_TREE_MAKEPLOTDS):   else do;
MPRINT(EM_TREE_MAKEPLOTDS):   abovetext = strip(abovetext)||", ...";
MPRINT(EM_TREE_MAKEPLOTDS):   flag = 1;
MPRINT(EM_TREE_MAKEPLOTDS):   end;
MPRINT(EM_TREE_MAKEPLOTDS):   end;
MPRINT(EM_TREE_MAKEPLOTDS):   branch = numeric_value;
MPRINT(EM_TREE_MAKEPLOTDS):   output;
MPRINT(EM_TREE_MAKEPLOTDS):   end;
MPRINT(EM_TREE_MAKEPLOTDS):   else do;
MPRINT(EM_TREE_MAKEPLOTDS):   if flag=0 then do;
MPRINT(EM_TREE_MAKEPLOTDS):   tempstring = strip(abovetext)||", "||strip(CHARACTER_VALUE);
MPRINT(EM_TREE_MAKEPLOTDS):   length = length(strip(tempstring));
MPRINT(EM_TREE_MAKEPLOTDS):   if length < 32 then do;
MPRINT(EM_TREE_MAKEPLOTDS):   abovetext = strip(tempstring);
MPRINT(EM_TREE_MAKEPLOTDS):   end;
MPRINT(EM_TREE_MAKEPLOTDS):   else do;
MPRINT(EM_TREE_MAKEPLOTDS):   abovetext = strip(abovetext)||", ...";
MPRINT(EM_TREE_MAKEPLOTDS):   flag=1;
MPRINT(EM_TREE_MAKEPLOTDS):   end;
MPRINT(EM_TREE_MAKEPLOTDS):   end;
MPRINT(EM_TREE_MAKEPLOTDS):   branch = numeric_value;
MPRINT(EM_TREE_MAKEPLOTDS):   end;
MPRINT(EM_TREE_MAKEPLOTDS):   end;
MPRINT(EM_TREE_MAKEPLOTDS):   keep parent branch abovetext;
MPRINT(EM_TREE_MAKEPLOTDS):   run;

NOTE: Numeric values have been converted to character values at the places given by: (Line):(Column).
      172:103   221:136   264:102   264:125   296:104   330:104   372:103   372:126   415:104   
NOTE: Character values have been converted to numeric values at the places given by: (Line):(Column).
      431:99   
NOTE: There were 3 observations read from the data set WORK.ABOVETEXT.
NOTE: The data set WORK.ABOVETEXT has 6 observations and 3 variables.
NOTE: DATA statement used (Total process time):
      real time           0.05 seconds
      cpu time            0.01 seconds
      

MPRINT(EM_TREE_MAKEPLOTDS):   data tempmissing;
MPRINT(EM_TREE_MAKEPLOTDS):   set EMWS1.Tree8_OUTRULES;
MPRINT(EM_TREE_MAKEPLOTDS):   if ((ROLE="PRIMARY") AND (STAT in ("MISSING")));
MPRINT(EM_TREE_MAKEPLOTDS):   rename node=parent numeric_value=branch character_value=misschar;
MPRINT(EM_TREE_MAKEPLOTDS):   run;

NOTE: There were 118 observations read from the data set EMWS1.TREE8_OUTRULES.
NOTE: The data set WORK.TEMPMISSING has 3 observations and 6 variables.
NOTE: DATA statement used (Total process time):
      real time           0.01 seconds
      cpu time            0.00 seconds
      

MPRINT(EM_TREE_MAKEPLOTDS):   proc sort data=abovetext;
MPRINT(EM_TREE_MAKEPLOTDS):   by parent branch;
MPRINT(EM_TREE_MAKEPLOTDS):   run;

NOTE: There were 6 observations read from the data set WORK.ABOVETEXT.
NOTE: The data set WORK.ABOVETEXT has 6 observations and 3 variables.
NOTE: PROCEDURE SORT used (Total process time):
      real time           0.01 seconds
      cpu time            0.00 seconds
      

MPRINT(EM_TREE_MAKEPLOTDS):   proc sort data=tempmissing;
MPRINT(EM_TREE_MAKEPLOTDS):   by parent branch;
MPRINT(EM_TREE_MAKEPLOTDS):   run;

NOTE: There were 3 observations read from the data set WORK.TEMPMISSING.
NOTE: The data set WORK.TEMPMISSING has 3 observations and 6 variables.
NOTE: PROCEDURE SORT used (Total process time):
      real time           0.01 seconds
      cpu time            0.00 seconds
      

MPRINT(EM_TREE_MAKEPLOTDS):   proc sort data=EMWS1.Tree8_OUTNODES out=tempoutnodes;
MPRINT(EM_TREE_MAKEPLOTDS):   by parent branch;
MPRINT(EM_TREE_MAKEPLOTDS):   run;

NOTE: There were 7 observations read from the data set EMWS1.TREE8_OUTNODES.
NOTE: The data set WORK.TEMPOUTNODES has 7 observations and 24 variables.
NOTE: PROCEDURE SORT used (Total process time):
      real time           0.01 seconds
      cpu time            0.01 seconds
      

MPRINT(EM_TREE_MAKEPLOTDS):   data tempoutnodes;
MPRINT(EM_TREE_MAKEPLOTDS):   merge abovetext tempoutNodes(drop=abovetext) tempmissing(in=_a);
MPRINT(EM_TREE_MAKEPLOTDS):   by parent branch;
MPRINT(EM_TREE_MAKEPLOTDS):   length traintotal validtotal 8;
MPRINT(EM_TREE_MAKEPLOTDS):   retain traintotal validtotal;
MPRINT(EM_TREE_MAKEPLOTDS):   if _a then do;
MPRINT(EM_TREE_MAKEPLOTDS):   if ^MISSING(abovetext) then do;
MPRINT(EM_TREE_MAKEPLOTDS):   abovetext= strip(abovetext)||" Or Missing";
MPRINT(EM_TREE_MAKEPLOTDS):   end;
MPRINT(EM_TREE_MAKEPLOTDS):   else do;
MPRINT(EM_TREE_MAKEPLOTDS):   abovetext = " Missing Values Only";
MPRINT(EM_TREE_MAKEPLOTDS):   end;
MPRINT(EM_TREE_MAKEPLOTDS):   end;
MPRINT(EM_TREE_MAKEPLOTDS):   if MISSING(abovetext) then abovetext="Non-Missing Values";
MPRINT(EM_TREE_MAKEPLOTDS):   if node=1 then do;
MPRINT(EM_TREE_MAKEPLOTDS):   traintotal = N;
MPRINT(EM_TREE_MAKEPLOTDS):   validtotal=VN;
MPRINT(EM_TREE_MAKEPLOTDS):   end;
MPRINT(EM_TREE_MAKEPLOTDS):   drop role rank stat misschar belowtext;
MPRINT(EM_TREE_MAKEPLOTDS):   run;

NOTE: There were 6 observations read from the data set WORK.ABOVETEXT.
NOTE: There were 7 observations read from the data set WORK.TEMPOUTNODES.
NOTE: There were 3 observations read from the data set WORK.TEMPMISSING.
NOTE: The data set WORK.TEMPOUTNODES has 7 observations and 25 variables.
NOTE: DATA statement used (Total process time):
      real time           0.04 seconds
      cpu time            0.01 seconds
      

MPRINT(EM_TREE_MAKEPLOTDS):   proc sort data=tempoutnodes;
MPRINT(EM_TREE_MAKEPLOTDS):   by node;
MPRINT(EM_TREE_MAKEPLOTDS):   run;

NOTE: There were 7 observations read from the data set WORK.TEMPOUTNODES.
NOTE: The data set WORK.TEMPOUTNODES has 7 observations and 25 variables.
NOTE: PROCEDURE SORT used (Total process time):
      real time           0.03 seconds
      cpu time            0.00 seconds
      

MPRINT(EM_TREE_MAKEPLOTDS):   proc sort data=belowtext;
MPRINT(EM_TREE_MAKEPLOTDS):   by node;
MPRINT(EM_TREE_MAKEPLOTDS):   run;

NOTE: There were 3 observations read from the data set WORK.BELOWTEXT.
NOTE: The data set WORK.BELOWTEXT has 3 observations and 2 variables.
NOTE: PROCEDURE SORT used (Total process time):
      real time           0.02 seconds
      cpu time            0.03 seconds
      

MPRINT(EM_TREE_MAKEPLOTDS):   data tempoutnodes;
MPRINT(EM_TREE_MAKEPLOTDS):   merge tempoutnodes belowtext;
MPRINT(EM_TREE_MAKEPLOTDS):   by node;
MPRINT(EM_TREE_MAKEPLOTDS):   run;

NOTE: There were 7 observations read from the data set WORK.TEMPOUTNODES.
NOTE: There were 3 observations read from the data set WORK.BELOWTEXT.
NOTE: The data set WORK.TEMPOUTNODES has 7 observations and 26 variables.
NOTE: DATA statement used (Total process time):
      real time           0.04 seconds
      cpu time            0.01 seconds
      

MPRINT(EM_TREE_MAKEPLOTDS):   data _null_ ;
MPRINT(EM_TREE_MAKEPLOTDS):   set EMWS1.Tree8_OUTSTATS(where=(STATNAME="NPRIORS")) end=eof ;
MPRINT(EM_TREE_MAKEPLOTDS):   if eof then do ;
MPRINT(EM_TREE_MAKEPLOTDS):   call symput("npriors" , strip(put(_N_,best.))) ;
MPRINT(EM_TREE_MAKEPLOTDS):   end;
MPRINT(EM_TREE_MAKEPLOTDS):   run;

NOTE: There were 0 observations read from the data set EMWS1.TREE8_OUTSTATS.
      WHERE STATNAME='NPRIORS';
NOTE: DATA statement used (Total process time):
      real time           0.00 seconds
      cpu time            0.00 seconds
      

MPRINT(EM_TREE_MAKEPLOTDS):   data temptarmeta;
MPRINT(EM_TREE_MAKEPLOTDS):   set EMWS1.Tree8_VariableSet(where=(ROLE='TARGET' AND LEVEL^='ORDINAL' AND USE in ('D', 'Y') ));
MPRINT(EM_TREE_MAKEPLOTDS):   length TARGET $32;
MPRINT(EM_TREE_MAKEPLOTDS):   Target=name;
MPRINT(EM_TREE_MAKEPLOTDS):   keep target level;
MPRINT(EM_TREE_MAKEPLOTDS):   run;

NOTE: There were 1 observations read from the data set EMWS1.TREE8_VARIABLESET.
      WHERE (ROLE='TARGET') and (LEVEL not = 'ORDINAL') and USE in ('D', 'Y');
NOTE: The data set WORK.TEMPTARMETA has 1 observations and 2 variables.
NOTE: DATA statement used (Total process time):
      real time           0.01 seconds
      cpu time            0.01 seconds
      

MPRINT(EM_TREE_MAKEPLOTDS):   data temptargetused;
MPRINT(EM_TREE_MAKEPLOTDS):   set EMWS1.Tree8_OUTSTATS;
MPRINT(EM_TREE_MAKEPLOTDS):   length target $32 tarlevel $10;
MPRINT(EM_TREE_MAKEPLOTDS):   target=
MPRINT(EM_TREE_MAKEPLOTDS):  "diagnosis";
MPRINT(EM_TREE_MAKEPLOTDS):   tarlevel=
MPRINT(EM_TREE_MAKEPLOTDS):  "BINARY";
MPRINT(EM_TREE_MAKEPLOTDS):   keep node target tarlevel;
MPRINT(EM_TREE_MAKEPLOTDS):   run;

NOTE: There were 49 observations read from the data set EMWS1.TREE8_OUTSTATS.
NOTE: The data set WORK.TEMPTARGETUSED has 49 observations and 3 variables.
NOTE: DATA statement used (Total process time):
      real time           0.01 seconds
      cpu time            0.00 seconds
      

MPRINT(EM_TREE_MAKEPLOTDS):   proc sort data=temptargetused nodupkey;
MPRINT(EM_TREE_MAKEPLOTDS):   by node;
MPRINT(EM_TREE_MAKEPLOTDS):   run;

NOTE: There were 49 observations read from the data set WORK.TEMPTARGETUSED.
NOTE: 42 observations with duplicate key values were deleted.
NOTE: The data set WORK.TEMPTARGETUSED has 7 observations and 3 variables.
NOTE: PROCEDURE SORT used (Total process time):
      real time           0.02 seconds
      cpu time            0.03 seconds
      

MPRINT(EM_TREE_MAKEPLOTDS):   proc sort data=EMWS1.Tree8_OUTSTATS out=tempoutstats;
MPRINT(EM_TREE_MAKEPLOTDS):   by node;
MPRINT(EM_TREE_MAKEPLOTDS):   run;

NOTE: There were 49 observations read from the data set EMWS1.TREE8_OUTSTATS.
NOTE: The data set WORK.TEMPOUTSTATS has 49 observations and 5 variables.
NOTE: PROCEDURE SORT used (Total process time):
      real time           0.01 seconds
      cpu time            0.00 seconds
      

MPRINT(EM_TREE_MAKEPLOTDS):   proc sort data=temptargetused;
MPRINT(EM_TREE_MAKEPLOTDS):   by node;
MPRINT(EM_TREE_MAKEPLOTDS):   run;

NOTE: Input data set is already sorted, no sorting done.
NOTE: PROCEDURE SORT used (Total process time):
      real time           0.01 seconds
      cpu time            0.00 seconds
      

MPRINT(EM_TREE_MAKEPLOTDS):   data tempinterval tempclass;
MPRINT(EM_TREE_MAKEPLOTDS):   merge tempoutstats temptargetused( rename=(target=targetused));
MPRINT(EM_TREE_MAKEPLOTDS):   by node;
MPRINT(EM_TREE_MAKEPLOTDS):   if tarlevel="INTERVAL" then output tempinterval;
MPRINT(EM_TREE_MAKEPLOTDS):   else output tempclass;
MPRINT(EM_TREE_MAKEPLOTDS):   run;

NOTE: There were 49 observations read from the data set WORK.TEMPOUTSTATS.
NOTE: There were 7 observations read from the data set WORK.TEMPTARGETUSED.
NOTE: The data set WORK.TEMPINTERVAL has 0 observations and 7 variables.
NOTE: The data set WORK.TEMPCLASS has 49 observations and 7 variables.
NOTE: DATA statement used (Total process time):
      real time           0.03 seconds
      cpu time            0.01 seconds
      

MPRINT(EM_TREE_MAKEPLOTDS):   proc sql;
MPRINT(EM_TREE_MAKEPLOTDS):   reset noprint;
MPRINT(EM_TREE_MAKEPLOTDS):   select count(*) into :em_intNobs from tempinterval;
MPRINT(EM_TREE_MAKEPLOTDS):   quit;
NOTE: PROCEDURE SQL used (Total process time):
      real time           0.02 seconds
      cpu time            0.00 seconds
      

MPRINT(EM_TREE_MAKEPLOTDS):   proc sql;
MPRINT(EM_TREE_MAKEPLOTDS):   reset noprint;
MPRINT(EM_TREE_MAKEPLOTDS):   select count(*) into :em_classNobs from tempclass;
MPRINT(EM_TREE_MAKEPLOTDS):   quit;
NOTE: PROCEDURE SQL used (Total process time):
      real time           0.00 seconds
      cpu time            0.00 seconds
      

MPRINT(EM_TREE_MAKEPLOTDS):   proc sort data=tempclass;
MPRINT(EM_TREE_MAKEPLOTDS):   by node category;
MPRINT(EM_TREE_MAKEPLOTDS):   run;

NOTE: There were 49 observations read from the data set WORK.TEMPCLASS.
NOTE: The data set WORK.TEMPCLASS has 49 observations and 7 variables.
NOTE: PROCEDURE SORT used (Total process time):
      real time           0.00 seconds
      cpu time            0.00 seconds
      

MPRINT(EM_TREE_MAKEPLOTDS):   data tempn(keep=NODE STATVALUE STATNAME) temppredict(Keep=NODE CATEGORY) tempprob(keep=NODE STATVALUE CATEGORY TARGET ) tempvprob(keep=NODE STATVALUE CATEGORY TARGET ) tempprofit(KEEP=NODE STATVALUE STATNAME CATEGORY ) 
temploss(KEEP=NODE STATVALUE STATNAME CATEGORY );
MPRINT(EM_TREE_MAKEPLOTDS):   set tempclass;
MPRINT(EM_TREE_MAKEPLOTDS):   if ((statname="N") OR (statname="VALID: N")) then output tempn;
MPRINT(EM_TREE_MAKEPLOTDS):   else if statname="PREDICTION" then output temppredict;
MPRINT(EM_TREE_MAKEPLOTDS):   else if statname="PROBABILITY" then output tempprob;
MPRINT(EM_TREE_MAKEPLOTDS):   else if statname="VALID: PROBABILITY" then output tempvprob;
MPRINT(EM_TREE_MAKEPLOTDS):   else if ((statname="ALTERNATIVE PROFIT") or (statname="VALID: ALTERNATIVE PROFIT")) then output tempprofit;
MPRINT(EM_TREE_MAKEPLOTDS):   else if ((statname="ALTERNATIVE LOSS") OR (statname="VALID: ALTERNATIVE LOSS")) then output temploss;
MPRINT(EM_TREE_MAKEPLOTDS):   run;

WARNING: The variable TARGET in the DROP, KEEP, or RENAME list has never been referenced.
WARNING: The variable TARGET in the DROP, KEEP, or RENAME list has never been referenced.
NOTE: There were 49 observations read from the data set WORK.TEMPCLASS.
NOTE: The data set WORK.TEMPN has 14 observations and 3 variables.
NOTE: The data set WORK.TEMPPREDICT has 7 observations and 2 variables.
NOTE: The data set WORK.TEMPPROB has 14 observations and 3 variables.
NOTE: The data set WORK.TEMPVPROB has 14 observations and 3 variables.
NOTE: The data set WORK.TEMPPROFIT has 0 observations and 4 variables.
NOTE: The data set WORK.TEMPLOSS has 0 observations and 4 variables.
NOTE: DATA statement used (Total process time):
      real time           0.05 seconds
      cpu time            0.04 seconds
      

MPRINT(EM_TREE_MAKEPLOTDS):   proc sql;
MPRINT(EM_TREE_MAKEPLOTDS):   reset noprint;
MPRINT(EM_TREE_MAKEPLOTDS):   select count(*) into :em_profitflag from tempprofit;
MPRINT(EM_TREE_MAKEPLOTDS):   quit;
NOTE: PROCEDURE SQL used (Total process time):
      real time           0.01 seconds
      cpu time            0.01 seconds
      

MPRINT(EM_TREE_MAKEPLOTDS):   proc sql;
MPRINT(EM_TREE_MAKEPLOTDS):   reset noprint;
MPRINT(EM_TREE_MAKEPLOTDS):   select count(*) into :em_lossflag from temploss;
MPRINT(EM_TREE_MAKEPLOTDS):   quit;
NOTE: PROCEDURE SQL used (Total process time):
      real time           0.00 seconds
      cpu time            0.00 seconds
      

MPRINT(EM_TREE_MAKEPLOTDS):   proc transpose data=tempn out=tempn(keep=node N VALID__N rename=(VALID__N=VN));
MPRINT(EM_TREE_MAKEPLOTDS):   by node;
MPRINT(EM_TREE_MAKEPLOTDS):   id statname;
MPRINT(EM_TREE_MAKEPLOTDS):   run;

NOTE: There were 14 observations read from the data set WORK.TEMPN.
NOTE: The data set WORK.TEMPN has 7 observations and 3 variables.
NOTE: PROCEDURE TRANSPOSE used (Total process time):
      real time           0.05 seconds
      cpu time            0.01 seconds
      

MPRINT(EM_TREE_MAKEPLOTDS):   data tempprob;
MPRINT(EM_TREE_MAKEPLOTDS):   merge tempprob tempvprob(rename=(statvalue=vstatvalue));
MPRINT(EM_TREE_MAKEPLOTDS):   by node category;
MPRINT(EM_TREE_MAKEPLOTDS):   run;

NOTE: There were 14 observations read from the data set WORK.TEMPPROB.
NOTE: There were 14 observations read from the data set WORK.TEMPVPROB.
NOTE: The data set WORK.TEMPPROB has 14 observations and 4 variables.
NOTE: DATA statement used (Total process time):
      real time           0.01 seconds
      cpu time            0.01 seconds
      

MPRINT(EM_TREE_MAKEPLOTDS):   data temppredict;
MPRINT(EM_TREE_MAKEPLOTDS):   merge tempprob temppredict(in=_a);
MPRINT(EM_TREE_MAKEPLOTDS):   by node category;
MPRINT(EM_TREE_MAKEPLOTDS):   if _a then do;
MPRINT(EM_TREE_MAKEPLOTDS):   percentCorrect = statvalue;
MPRINT(EM_TREE_MAKEPLOTDS):   vpercentCorrect= vstatvalue;
MPRINT(EM_TREE_MAKEPLOTDS):   end;
MPRINT(EM_TREE_MAKEPLOTDS):   label percentCorrect= "Percent Correct" vpercentCorrect= "Valid Percent Correct" ;
MPRINT(EM_TREE_MAKEPLOTDS):   if missing(percentCorrect) then delete;
MPRINT(EM_TREE_MAKEPLOTDS):   drop target;
MPRINT(EM_TREE_MAKEPLOTDS):   run;

WARNING: The variable target in the DROP, KEEP, or RENAME list has never been referenced.
NOTE: There were 14 observations read from the data set WORK.TEMPPROB.
NOTE: There were 7 observations read from the data set WORK.TEMPPREDICT.
NOTE: The data set WORK.TEMPPREDICT has 7 observations and 6 variables.
NOTE: DATA statement used (Total process time):
      real time           0.05 seconds
      cpu time            0.01 seconds
      

MPRINT(EM_TREE_MAKEPLOTDS):   data tempprob(keep= node probtext);
MPRINT(EM_TREE_MAKEPLOTDS):   length probtext $800;
MPRINT(EM_TREE_MAKEPLOTDS):   retain probtext;
MPRINT(EM_TREE_MAKEPLOTDS):   set tempprob ;
MPRINT(EM_TREE_MAKEPLOTDS):   by node;
MPRINT(EM_TREE_MAKEPLOTDS):   if first.node then do;
MPRINT(EM_TREE_MAKEPLOTDS):   probtext=strip(CATEGORY)||": "||"09"x||put(statvalue, percent10.2)||"09"x||put(vstatvalue, percent10.2);
MPRINT(EM_TREE_MAKEPLOTDS):   end;
MPRINT(EM_TREE_MAKEPLOTDS):   else if last.node then do;
MPRINT(EM_TREE_MAKEPLOTDS):   probtext=strip(probtext)||"0A"x||strip(CATEGORY)||": "||"09"x||put(statvalue, percent10.2)||"09"x||put(vstatvalue, percent10.2);
MPRINT(EM_TREE_MAKEPLOTDS):   output;
MPRINT(EM_TREE_MAKEPLOTDS):   end;
MPRINT(EM_TREE_MAKEPLOTDS):   else do;
MPRINT(EM_TREE_MAKEPLOTDS):   probtext=strip(probtext)||"0A"x||strip(CATEGORY)||": "||"09"x||put(statvalue, percent10.2)||"09"x||put(vstatvalue, percent10.2);
MPRINT(EM_TREE_MAKEPLOTDS):   end;
MPRINT(EM_TREE_MAKEPLOTDS):   run;

NOTE: There were 14 observations read from the data set WORK.TEMPPROB.
NOTE: The data set WORK.TEMPPROB has 7 observations and 2 variables.
NOTE: DATA statement used (Total process time):
      real time           0.01 seconds
      cpu time            0.01 seconds
      

MPRINT(EM_TREE_MAKEPLOTDS):   proc sort data=tempoutnodes out=tempoutnodes;
MPRINT(EM_TREE_MAKEPLOTDS):   by node;
MPRINT(EM_TREE_MAKEPLOTDS):   run;

NOTE: There were 7 observations read from the data set WORK.TEMPOUTNODES.
NOTE: The data set WORK.TEMPOUTNODES has 7 observations and 26 variables.
NOTE: PROCEDURE SORT used (Total process time):
      real time           0.01 seconds
      cpu time            0.00 seconds
      

MPRINT(EM_TREE_MAKEPLOTDS):   data EMWS1.Tree8_TREE_PLOT;
MPRINT(EM_TREE_MAKEPLOTDS):   length textall $800;
MPRINT(EM_TREE_MAKEPLOTDS):   merge tempoutnodes temptargetused tempn temppredict tempprob ;
MPRINT(EM_TREE_MAKEPLOTDS):   by node;
MPRINT(EM_TREE_MAKEPLOTDS):   textall="";
MPRINT(EM_TREE_MAKEPLOTDS):   if tarlevel^="INTERVAL" then do;
MPRINT(EM_TREE_MAKEPLOTDS):   textall=strip(textall)||"0A"x||"Node Id: "||"09"x||strip(Node);
MPRINT(EM_TREE_MAKEPLOTDS):   textall=strip(textall)||"0A"x||"Statistic "||"09"x||"Train" ||"09"x|| "Validation";
MPRINT(EM_TREE_MAKEPLOTDS):   textall=strip(textall)||"0A"x||strip(probtext);
MPRINT(EM_TREE_MAKEPLOTDS):   textall=strip(textall)||"0A"x||" Count: "||"09"x||strip(put(N, best12.))||"09"x||strip(put(VN, best12.));
MPRINT(EM_TREE_MAKEPLOTDS):   nodecolor=percentcorrect;
MPRINT(EM_TREE_MAKEPLOTDS):   end;
MPRINT(EM_TREE_MAKEPLOTDS):   drop CATEGORY PROBTEXT TARGET TARLEVEL STATVALUE VSTATVALUE ;
MPRINT(EM_TREE_MAKEPLOTDS):   run;

NOTE: Numeric values have been converted to character values at the places given by: (Line):(Column).
      1141:196   
NOTE: There were 7 observations read from the data set WORK.TEMPOUTNODES.
NOTE: There were 7 observations read from the data set WORK.TEMPTARGETUSED.
NOTE: There were 7 observations read from the data set WORK.TEMPN.
NOTE: There were 7 observations read from the data set WORK.TEMPPREDICT.
NOTE: There were 7 observations read from the data set WORK.TEMPPROB.
NOTE: The data set EMWS1.TREE8_TREE_PLOT has 7 observations and 30 variables.
NOTE: DATA statement used (Total process time):
      real time           0.04 seconds
      cpu time            0.04 seconds
      

MPRINT(EM_TREE_MAKEPLOTDS):   data tempprob(keep=node statname statvalue rename=(statvalue=P_diagnosisM));
MPRINT(EM_TREE_MAKEPLOTDS):   set EMWS1.Tree8_OUTSTATS;
MPRINT(EM_TREE_MAKEPLOTDS):   if ((statname="PROBABILITY" or statname="VALID: PROBABILITY" ) AND (CATEGORY="M") );
MPRINT(EM_TREE_MAKEPLOTDS):   run;

NOTE: There were 49 observations read from the data set EMWS1.TREE8_OUTSTATS.
NOTE: The data set WORK.TEMPPROB has 14 observations and 3 variables.
NOTE: DATA statement used (Total process time):
      real time           0.01 seconds
      cpu time            0.01 seconds
      

MPRINT(EM_TREE_MAKEPLOTDS):   proc sort data=tempprob;
MPRINT(EM_TREE_MAKEPLOTDS):   by node;
MPRINT(EM_TREE_MAKEPLOTDS):   run;

NOTE: There were 14 observations read from the data set WORK.TEMPPROB.
NOTE: The data set WORK.TEMPPROB has 14 observations and 3 variables.
NOTE: PROCEDURE SORT used (Total process time):
      real time           0.01 seconds
      cpu time            0.01 seconds
      

MPRINT(EM_TREE_MAKEPLOTDS):   proc transpose data=tempprob out=tempprob(keep=NODE PROBABILITY VALID__PROBABILITY rename=(PROBABILITY=P_diagnosisM VALID__PROBABILITY=V_diagnosisM));
MPRINT(EM_TREE_MAKEPLOTDS):   by node;
MPRINT(EM_TREE_MAKEPLOTDS):   id statname;
MPRINT(EM_TREE_MAKEPLOTDS):   run;

NOTE: There were 14 observations read from the data set WORK.TEMPPROB.
NOTE: The data set WORK.TEMPPROB has 7 observations and 3 variables.
NOTE: PROCEDURE TRANSPOSE used (Total process time):
      real time           0.06 seconds
      cpu time            0.03 seconds
      

MPRINT(EM_TREE_MAKEPLOTDS):   proc sort data=tempprob;
MPRINT(EM_TREE_MAKEPLOTDS):   by node;
MPRINT(EM_TREE_MAKEPLOTDS):   run;

NOTE: There were 7 observations read from the data set WORK.TEMPPROB.
NOTE: The data set WORK.TEMPPROB has 7 observations and 3 variables.
NOTE: PROCEDURE SORT used (Total process time):
      real time           0.04 seconds
      cpu time            0.01 seconds
      

MPRINT(EM_TREE_MAKEPLOTDS):   data tempoutnodes;
MPRINT(EM_TREE_MAKEPLOTDS):   merge tempoutnodes tempprob;
MPRINT(EM_TREE_MAKEPLOTDS):   by node;
MPRINT(EM_TREE_MAKEPLOTDS):   run;

NOTE: There were 7 observations read from the data set WORK.TEMPOUTNODES.
NOTE: There were 7 observations read from the data set WORK.TEMPPROB.
NOTE: The data set WORK.TEMPOUTNODES has 7 observations and 26 variables.
NOTE: DATA statement used (Total process time):
      real time           0.04 seconds
      cpu time            0.00 seconds
      

MPRINT(EM_TREE_MAKEPLOTDS):   proc sort data=tempoutnodes out=tempnodes;
MPRINT(EM_TREE_MAKEPLOTDS):   by descending P_diagnosisM;
MPRINT(EM_TREE_MAKEPLOTDS):   run;

NOTE: There were 7 observations read from the data set WORK.TEMPOUTNODES.
NOTE: The data set WORK.TEMPNODES has 7 observations and 26 variables.
NOTE: PROCEDURE SORT used (Total process time):
      real time           0.04 seconds
      cpu time            0.03 seconds
      

MPRINT(EM_TREE_MAKEPLOTDS):   data tempnodes;
MPRINT(EM_TREE_MAKEPLOTDS):   retain traintotal validtotal;
MPRINT(EM_TREE_MAKEPLOTDS):   set tempnodes(where=(leaf ne . ));
MPRINT(EM_TREE_MAKEPLOTDS):   tprob=round(P_diagnosisM, .01);
MPRINT(EM_TREE_MAKEPLOTDS):   percevent_train=round(tprob*100, .01);
MPRINT(EM_TREE_MAKEPLOTDS):   perc_train=round((n/traintotal)*100, 0.01);
MPRINT(EM_TREE_MAKEPLOTDS):   if missing(perc_train) then perc_train = round(linkwidth*10, 0.01);
MPRINT(EM_TREE_MAKEPLOTDS):   vprob=round(V_diagnosisM, .01);
MPRINT(EM_TREE_MAKEPLOTDS):   percevent_valid=round(vprob*100, .01);
MPRINT(EM_TREE_MAKEPLOTDS):   perc_valid=round((vn/validtotal)*100, .01);
MPRINT(EM_TREE_MAKEPLOTDS):   index=_N_;
MPRINT(EM_TREE_MAKEPLOTDS):   keep node index tprob perc_train percevent_train vprob percevent_valid perc_valid ;
MPRINT(EM_TREE_MAKEPLOTDS):   run;

NOTE: There were 4 observations read from the data set WORK.TEMPNODES.
      WHERE leaf not = .;
NOTE: The data set WORK.TEMPNODES has 4 observations and 8 variables.
NOTE: DATA statement used (Total process time):
      real time           0.02 seconds
      cpu time            0.01 seconds
      

MPRINT(EM_TREE_MAKEPLOTDS):   proc sort data=tempnodes;
MPRINT(EM_TREE_MAKEPLOTDS):   by node;
MPRINT(EM_TREE_MAKEPLOTDS):   run;

NOTE: There were 4 observations read from the data set WORK.TEMPNODES.
NOTE: The data set WORK.TEMPNODES has 4 observations and 8 variables.
NOTE: PROCEDURE SORT used (Total process time):
      real time           0.03 seconds
      cpu time            0.01 seconds
      

MPRINT(EM_TREE_MAKEPLOTDS):   data EMWS1.Tree8_TREE_PLOT;
MPRINT(EM_TREE_MAKEPLOTDS):   merge EMWS1.Tree8_TREE_PLOT tempnodes;
MPRINT(EM_TREE_MAKEPLOTDS):   by node;
MPRINT(EM_TREE_MAKEPLOTDS):   if missing(node) then delete;
MPRINT(EM_TREE_MAKEPLOTDS):   abovetext = compbl(abovetext);
MPRINT(EM_TREE_MAKEPLOTDS):   label textall = "All Text" parent = "Parent Id" node = "Node Id" abovetext = "Above Text" traintotal = "Train Total" nodecolor =
MPRINT(EM_TREE_MAKEPLOTDS):   "Node Color" tprob = "Training Percent M" percevent_train = "Event Percentage" perc_train = "Percent Cases" index = "Index" validtotal = "Valid Total" VN =
MPRINT(EM_TREE_MAKEPLOTDS):   "Valid: Number of Observations" vprob = "Validation Percent M" perc_valid = "Valid: Percent Cases" percevent_valid = "Valid: Event Percentage" ;
MPRINT(EM_TREE_MAKEPLOTDS):   run;

NOTE: There were 7 observations read from the data set EMWS1.TREE8_TREE_PLOT.
NOTE: There were 4 observations read from the data set WORK.TEMPNODES.
NOTE: The data set EMWS1.TREE8_TREE_PLOT has 7 observations and 37 variables.
NOTE: DATA statement used (Total process time):
      real time           0.09 seconds
      cpu time            0.06 seconds
      

MPRINT(EM_TREE_MAKEPLOTDS):   proc datasets lib=work nolist;
MPRINT(EM_TREE_MAKEPLOTDS):   delete abovetext belowtext tempoutnodes tempmissing temp tempnodes tempstats;
MPRINT(EM_TREE_MAKEPLOTDS):   run;

NOTE: The file WORK.TEMP (memtype=DATA) was not found, but appears on a DELETE statement.
NOTE: The file WORK.TEMPSTATS (memtype=DATA) was not found, but appears on a DELETE statement.
NOTE: Deleting WORK.ABOVETEXT (memtype=DATA).
NOTE: Deleting WORK.BELOWTEXT (memtype=DATA).
NOTE: Deleting WORK.TEMPOUTNODES (memtype=DATA).
NOTE: Deleting WORK.TEMPMISSING (memtype=DATA).
NOTE: Deleting WORK.TEMPNODES (memtype=DATA).
MPRINT(EM_TREE_REPORT):  ;

NOTE: PROCEDURE DATASETS used (Total process time):
      real time           0.02 seconds
      cpu time            0.03 seconds
      

MPRINT(EM_REPORT):   data WORK.EM_USER_REPORT;
MPRINT(EM_REPORT):   retain id 0;
MPRINT(EM_REPORT):   id + 1;
MPRINT(EM_REPORT):   length VIEW 8 NAME $32 VALUE $400;
MPRINT(EM_REPORT):   NAME = "KEY";
MPRINT(EM_REPORT):   VALUE = "TREE_PLOT";
MPRINT(EM_REPORT):   VIEW = 0.08266865605612;
MPRINT(EM_REPORT):   output;
MPRINT(EM_REPORT):   NAME = "VIEWTYPE";
MPRINT(EM_REPORT):   VALUE = "DTree";
MPRINT(EM_REPORT):   VIEW = 0.08266865605612;
MPRINT(EM_REPORT):   output;
MPRINT(EM_REPORT):   NAME = "AUTODISPLAY";
MPRINT(EM_REPORT):   VALUE = "Y";
MPRINT(EM_REPORT):   VIEW = 0.08266865605612;
MPRINT(EM_REPORT):   output;
MPRINT(EM_REPORT):   NAME = "SPK";
MPRINT(EM_REPORT):   VALUE = "Y";
MPRINT(EM_REPORT):   VIEW = 0.08266865605612;
MPRINT(EM_REPORT):   output;
MPRINT(EM_REPORT):   NAME = "COMPARE";
MPRINT(EM_REPORT):   VALUE = "N";
MPRINT(EM_REPORT):   VIEW = 0.08266865605612;
MPRINT(EM_REPORT):   output;
MPRINT(EM_REPORT):   NAME = "LOCALIZE";
MPRINT(EM_REPORT):   VALUE = "N";
MPRINT(EM_REPORT):   VIEW = 0.08266865605612;
MPRINT(EM_REPORT):   output;
MPRINT(EM_REPORT):   NAME = "EQUALIZEROWX";
MPRINT(EM_REPORT):   VALUE = "N";
MPRINT(EM_REPORT):   VIEW = 0.08266865605612;
MPRINT(EM_REPORT):   output;
MPRINT(EM_REPORT):   NAME = "EQUALIZEROWY";
MPRINT(EM_REPORT):   VALUE = "N";
MPRINT(EM_REPORT):   VIEW = 0.08266865605612;
MPRINT(EM_REPORT):   output;
MPRINT(EM_REPORT):   NAME = "EQUALIZECOLX";
MPRINT(EM_REPORT):   VALUE = "N";
MPRINT(EM_REPORT):   VIEW = 0.08266865605612;
MPRINT(EM_REPORT):   output;
MPRINT(EM_REPORT):   NAME = "EQUALIZECOLY";
MPRINT(EM_REPORT):   VALUE = "N";
MPRINT(EM_REPORT):   VIEW = 0.08266865605612;
MPRINT(EM_REPORT):   output;
MPRINT(EM_REPORT):   NAME = "NROWS";
MPRINT(EM_REPORT):   VALUE = "";
MPRINT(EM_REPORT):   VIEW = 0.08266865605612;
MPRINT(EM_REPORT):   output;
MPRINT(EM_REPORT):   NAME = "NCOLS";
MPRINT(EM_REPORT):   VALUE = "";
MPRINT(EM_REPORT):   VIEW = 0.08266865605612;
MPRINT(EM_REPORT):   output;
MPRINT(EM_REPORT):   NAME = "DISCRETEX";
MPRINT(EM_REPORT):   VALUE = "";
MPRINT(EM_REPORT):   VIEW = 0.08266865605612;
MPRINT(EM_REPORT):   output;
MPRINT(EM_REPORT):   NAME = "DISCRETEY";
MPRINT(EM_REPORT):   VALUE = "";
MPRINT(EM_REPORT):   VIEW = 0.08266865605612;
MPRINT(EM_REPORT):   output;
MPRINT(EM_REPORT):   NAME = "LATTICEX";
MPRINT(EM_REPORT):   VALUE = "";
MPRINT(EM_REPORT):   VIEW = 0.08266865605612;
MPRINT(EM_REPORT):   output;
MPRINT(EM_REPORT):   NAME = "LATTICEY";
MPRINT(EM_REPORT):   VALUE = "";
MPRINT(EM_REPORT):   VIEW = 0.08266865605612;
MPRINT(EM_REPORT):   output;
MPRINT(EM_REPORT):   NAME = "LATTICETYPE";
MPRINT(EM_REPORT):   VALUE = "";
MPRINT(EM_REPORT):   VIEW = 0.08266865605612;
MPRINT(EM_REPORT):   output;
MPRINT(EM_REPORT):   NAME = "ABSOLUTEVALUE";
MPRINT(EM_REPORT):   VALUE = "";
MPRINT(EM_REPORT):   VIEW = 0.08266865605612;
MPRINT(EM_REPORT):   output;
MPRINT(EM_REPORT):   NAME = "SORTORDER";
MPRINT(EM_REPORT):   VALUE = "";
MPRINT(EM_REPORT):   VIEW = 0.08266865605612;
MPRINT(EM_REPORT):   output;
MPRINT(EM_REPORT):   NAME = "SORTORDERY";
MPRINT(EM_REPORT):   VALUE = "";
MPRINT(EM_REPORT):   VIEW = 0.08266865605612;
MPRINT(EM_REPORT):   output;
MPRINT(EM_REPORT):   NAME = "ORIENTATION";
MPRINT(EM_REPORT):   VALUE = "";
MPRINT(EM_REPORT):   VIEW = 0.08266865605612;
MPRINT(EM_REPORT):   output;
MPRINT(EM_REPORT):   NAME = "METHOD";
MPRINT(EM_REPORT):   VALUE = "";
MPRINT(EM_REPORT):   VIEW = 0.08266865605612;
MPRINT(EM_REPORT):   output;
MPRINT(EM_REPORT):   NAME = "DIRECTION";
MPRINT(EM_REPORT):   VALUE = "";
MPRINT(EM_REPORT):   VIEW = 0.08266865605612;
MPRINT(EM_REPORT):   output;
MPRINT(EM_REPORT):   NAME = "BYSET";
MPRINT(EM_REPORT):   VALUE = "";
MPRINT(EM_REPORT):   VIEW = 0.08266865605612;
MPRINT(EM_REPORT):   output;
MPRINT(EM_REPORT):   NAME = "RENDERMODE";
MPRINT(EM_REPORT):   VALUE = "";
MPRINT(EM_REPORT):   VIEW = 0.08266865605612;
MPRINT(EM_REPORT):   output;
MPRINT(EM_REPORT):   NAME = "DESCRIPTION";
MPRINT(EM_REPORT):   VALUE = "TREE";
MPRINT(EM_REPORT):   VIEW = 0.08266865605612;
MPRINT(EM_REPORT):   output;
MPRINT(EM_REPORT):   NAME = "X";
MPRINT(EM_REPORT):   VALUE = "";
MPRINT(EM_REPORT):   VIEW = 0.08266865605612;
MPRINT(EM_REPORT):   output;
MPRINT(EM_REPORT):   NAME = "EXCLUDEVARS";
MPRINT(EM_REPORT):   VALUE = "";
MPRINT(EM_REPORT):   VIEW = 0.08266865605612;
MPRINT(EM_REPORT):   output;
MPRINT(EM_REPORT):   NAME = "Z";
MPRINT(EM_REPORT):   VALUE = "";
MPRINT(EM_REPORT):   VIEW = 0.08266865605612;
MPRINT(EM_REPORT):   output;
MPRINT(EM_REPORT):   NAME = "YVARS";
MPRINT(EM_REPORT):   VALUE = "";
MPRINT(EM_REPORT):   VIEW = 0.08266865605612;
MPRINT(EM_REPORT):   output;
MPRINT(EM_REPORT):   NAME = "FREQVARS";
MPRINT(EM_REPORT):   VALUE = "";
MPRINT(EM_REPORT):   VIEW = 0.08266865605612;
MPRINT(EM_REPORT):   output;
MPRINT(EM_REPORT):   NAME = "AXIS";
MPRINT(EM_REPORT):   VALUE = "";
MPRINT(EM_REPORT):   VIEW = 0.08266865605612;
MPRINT(EM_REPORT):   output;
MPRINT(EM_REPORT):   NAME = "FREQ";
MPRINT(EM_REPORT):   VALUE = "";
MPRINT(EM_REPORT):   VIEW = 0.08266865605612;
MPRINT(EM_REPORT):   output;
MPRINT(EM_REPORT):   NAME = "GROUP";
MPRINT(EM_REPORT):   VALUE = "";
MPRINT(EM_REPORT):   VIEW = 0.08266865605612;
MPRINT(EM_REPORT):   output;
MPRINT(EM_REPORT):   NAME = "SUBGROUP";
MPRINT(EM_REPORT):   VALUE = "";
MPRINT(EM_REPORT):   VIEW = 0.08266865605612;
MPRINT(EM_REPORT):   output;
MPRINT(EM_REPORT):   NAME = "BLOCK";
MPRINT(EM_REPORT):   VALUE = "MODEL";
MPRINT(EM_REPORT):   VIEW = 0.08266865605612;
MPRINT(EM_REPORT):   output;
MPRINT(EM_REPORT):   NAME = "COLOR";
MPRINT(EM_REPORT):   VALUE = "";
MPRINT(EM_REPORT):   VIEW = 0.08266865605612;
MPRINT(EM_REPORT):   output;
MPRINT(EM_REPORT):   NAME = "COLORINDEX";
MPRINT(EM_REPORT):   VALUE = "";
MPRINT(EM_REPORT):   VIEW = 0.08266865605612;
MPRINT(EM_REPORT):   output;
MPRINT(EM_REPORT):   NAME = "TIPTEXT";
MPRINT(EM_REPORT):   VALUE = "TEXTALL";
MPRINT(EM_REPORT):   VIEW = 0.08266865605612;
MPRINT(EM_REPORT):   output;
MPRINT(EM_REPORT):   NAME = "TIP";
MPRINT(EM_REPORT):   VALUE = "";
MPRINT(EM_REPORT):   VIEW = 0.08266865605612;
MPRINT(EM_REPORT):   output;
MPRINT(EM_REPORT):   NAME = "TOOLTIP";
MPRINT(EM_REPORT):   VALUE = "";
MPRINT(EM_REPORT):   VIEW = 0.08266865605612;
MPRINT(EM_REPORT):   output;
MPRINT(EM_REPORT):   NAME = "REPORTID";
MPRINT(EM_REPORT):   VALUE = "";
MPRINT(EM_REPORT):   VIEW = 0.08266865605612;
MPRINT(EM_REPORT):   output;
MPRINT(EM_REPORT):   NAME = "IDVALUE";
MPRINT(EM_REPORT):   VALUE = "";
MPRINT(EM_REPORT):   VIEW = 0.08266865605612;
MPRINT(EM_REPORT):   output;
MPRINT(EM_REPORT):   NAME = "ID";
MPRINT(EM_REPORT):   VALUE = "NODE";
MPRINT(EM_REPORT):   VIEW = 0.08266865605612;
MPRINT(EM_REPORT):   output;
MPRINT(EM_REPORT):   NAME = "SIZE";
MPRINT(EM_REPORT):   VALUE = "";
MPRINT(EM_REPORT):   VIEW = 0.08266865605612;
MPRINT(EM_REPORT):   output;
MPRINT(EM_REPORT):   NAME = "FROM";
MPRINT(EM_REPORT):   VALUE = "";
MPRINT(EM_REPORT):   VIEW = 0.08266865605612;
MPRINT(EM_REPORT):   output;
MPRINT(EM_REPORT):   NAME = "TO";
MPRINT(EM_REPORT):   VALUE = "";
MPRINT(EM_REPORT):   VIEW = 0.08266865605612;
MPRINT(EM_REPORT):   output;
MPRINT(EM_REPORT):   NAME = "VALUE";
MPRINT(EM_REPORT):   VALUE = "";
MPRINT(EM_REPORT):   VIEW = 0.08266865605612;
MPRINT(EM_REPORT):   output;
MPRINT(EM_REPORT):   NAME = "VIEWS";
MPRINT(EM_REPORT):   VALUE = "";
MPRINT(EM_REPORT):   VIEW = 0.08266865605612;
MPRINT(EM_REPORT):   output;
MPRINT(EM_REPORT):   NAME = "PARENT";
MPRINT(EM_REPORT):   VALUE = "PARENT";
MPRINT(EM_REPORT):   VIEW = 0.08266865605612;
MPRINT(EM_REPORT):   output;
MPRINT(EM_REPORT):   NAME = "NODETEXT";
MPRINT(EM_REPORT):   VALUE = "NODETEXT";
MPRINT(EM_REPORT):   VIEW = 0.08266865605612;
MPRINT(EM_REPORT):   output;
MPRINT(EM_REPORT):   NAME = "ABOVETEXT";
MPRINT(EM_REPORT):   VALUE = "ABOVETEXT";
MPRINT(EM_REPORT):   VIEW = 0.08266865605612;
MPRINT(EM_REPORT):   output;
MPRINT(EM_REPORT):   NAME = "BELOWTEXT";
MPRINT(EM_REPORT):   VALUE = "BELOWTEXT";
MPRINT(EM_REPORT):   VIEW = 0.08266865605612;
MPRINT(EM_REPORT):   output;
MPRINT(EM_REPORT):   NAME = "NODESIZE";
MPRINT(EM_REPORT):   VALUE = "N";
MPRINT(EM_REPORT):   VIEW = 0.08266865605612;
MPRINT(EM_REPORT):   output;
MPRINT(EM_REPORT):   NAME = "STATS";
MPRINT(EM_REPORT):   VALUE = "";
MPRINT(EM_REPORT):   VIEW = 0.08266865605612;
MPRINT(EM_REPORT):   output;
MPRINT(EM_REPORT):   NAME = "CLASSDIST";
MPRINT(EM_REPORT):   VALUE = "";
MPRINT(EM_REPORT):   VIEW = 0.08266865605612;
MPRINT(EM_REPORT):   output;
MPRINT(EM_REPORT):   NAME = "INTDIST";
MPRINT(EM_REPORT):   VALUE = "";
MPRINT(EM_REPORT):   VIEW = 0.08266865605612;
MPRINT(EM_REPORT):   output;
MPRINT(EM_REPORT):   NAME = "FOLDER";
MPRINT(EM_REPORT):   VALUE = "";
MPRINT(EM_REPORT):   VIEW = 0.08266865605612;
MPRINT(EM_REPORT):   output;
MPRINT(EM_REPORT):   NAME = "YPLOTTYPE";
MPRINT(EM_REPORT):   VALUE = "";
MPRINT(EM_REPORT):   VIEW = 0.08266865605612;
MPRINT(EM_REPORT):   output;
MPRINT(EM_REPORT):   NAME = "XREF";
MPRINT(EM_REPORT):   VALUE = "";
MPRINT(EM_REPORT):   VIEW = 0.08266865605612;
MPRINT(EM_REPORT):   output;
MPRINT(EM_REPORT):   NAME = "XREF2";
MPRINT(EM_REPORT):   VALUE = "";
MPRINT(EM_REPORT):   VIEW = 0.08266865605612;
MPRINT(EM_REPORT):   output;
MPRINT(EM_REPORT):   NAME = "YREF";
MPRINT(EM_REPORT):   VALUE = "";
MPRINT(EM_REPORT):   VIEW = 0.08266865605612;
MPRINT(EM_REPORT):   output;
MPRINT(EM_REPORT):   NAME = "Y2REF";
MPRINT(EM_REPORT):   VALUE = "";
MPRINT(EM_REPORT):   VIEW = 0.08266865605612;
MPRINT(EM_REPORT):   output;
MPRINT(EM_REPORT):   NAME = "YREF2";
MPRINT(EM_REPORT):   VALUE = "";
MPRINT(EM_REPORT):   VIEW = 0.08266865605612;
MPRINT(EM_REPORT):   output;
MPRINT(EM_REPORT):   NAME = "Y2REF2";
MPRINT(EM_REPORT):   VALUE = "";
MPRINT(EM_REPORT):   VIEW = 0.08266865605612;
MPRINT(EM_REPORT):   output;
MPRINT(EM_REPORT):   NAME = "GROUPINDEX";
MPRINT(EM_REPORT):   VALUE = "";
MPRINT(EM_REPORT):   VIEW = 0.08266865605612;
MPRINT(EM_REPORT):   output;
MPRINT(EM_REPORT):   NAME = "JOIN";
MPRINT(EM_REPORT):   VALUE = "";
MPRINT(EM_REPORT):   VIEW = 0.08266865605612;
MPRINT(EM_REPORT):   output;
MPRINT(EM_REPORT):   NAME = "XEXCLUDE";
MPRINT(EM_REPORT):   VALUE = "";
MPRINT(EM_REPORT):   VIEW = 0.08266865605612;
MPRINT(EM_REPORT):   output;
MPRINT(EM_REPORT):   NAME = "FREQEXCLUDE";
MPRINT(EM_REPORT):   VALUE = "";
MPRINT(EM_REPORT):   VIEW = 0.08266865605612;
MPRINT(EM_REPORT):   output;
MPRINT(EM_REPORT):   NAME = "YEXCLUDE";
MPRINT(EM_REPORT):   VALUE = "";
MPRINT(EM_REPORT):   VIEW = 0.08266865605612;
MPRINT(EM_REPORT):   output;
MPRINT(EM_REPORT):   NAME = "NAME";
MPRINT(EM_REPORT):   VALUE = "";
MPRINT(EM_REPORT):   VIEW = 0.08266865605612;
MPRINT(EM_REPORT):   output;
MPRINT(EM_REPORT):   NAME = "HEIGHT";
MPRINT(EM_REPORT):   VALUE = "";
MPRINT(EM_REPORT):   VIEW = 0.08266865605612;
MPRINT(EM_REPORT):   output;
MPRINT(EM_REPORT):   NAME = "WIDTH";
MPRINT(EM_REPORT):   VALUE = "";
MPRINT(EM_REPORT):   VIEW = 0.08266865605612;
MPRINT(EM_REPORT):   output;
MPRINT(EM_REPORT):   NAME = "XAXISLABEL";
MPRINT(EM_REPORT):   VALUE = "";
MPRINT(EM_REPORT):   VIEW = 0.08266865605612;
MPRINT(EM_REPORT):   output;
MPRINT(EM_REPORT):   NAME = "Y2AXISLABEL";
MPRINT(EM_REPORT):   VALUE = "";
MPRINT(EM_REPORT):   VIEW = 0.08266865605612;
MPRINT(EM_REPORT):   output;
MPRINT(EM_REPORT):   NAME = "YAXISLABEL";
MPRINT(EM_REPORT):   VALUE = "";
MPRINT(EM_REPORT):   VIEW = 0.08266865605612;
MPRINT(EM_REPORT):   output;
MPRINT(EM_REPORT):   NAME = "DISPLAYXLABEL";
MPRINT(EM_REPORT):   VALUE = "Y";
MPRINT(EM_REPORT):   VIEW = 0.08266865605612;
MPRINT(EM_REPORT):   output;
MPRINT(EM_REPORT):   NAME = "DISPLAYYLABEL";
MPRINT(EM_REPORT):   VALUE = "Y";
MPRINT(EM_REPORT):   VIEW = 0.08266865605612;
MPRINT(EM_REPORT):   output;
MPRINT(EM_REPORT):   NAME = "CHOICETEXT";
MPRINT(EM_REPORT):   VALUE = "";
MPRINT(EM_REPORT):   VIEW = 0.08266865605612;
MPRINT(EM_REPORT):   output;
MPRINT(EM_REPORT):   NAME = "SEGMENTVALUE";
MPRINT(EM_REPORT):   VALUE = "";
MPRINT(EM_REPORT):   VIEW = 0.08266865605612;
MPRINT(EM_REPORT):   output;
MPRINT(EM_REPORT):   NAME = "LOWERBAND";
MPRINT(EM_REPORT):   VALUE = "";
MPRINT(EM_REPORT):   VIEW = 0.08266865605612;
MPRINT(EM_REPORT):   output;
MPRINT(EM_REPORT):   NAME = "UPPERBAND";
MPRINT(EM_REPORT):   VALUE = "";
MPRINT(EM_REPORT):   VIEW = 0.08266865605612;
MPRINT(EM_REPORT):   output;
MPRINT(EM_REPORT):   NAME = "YLINE";
MPRINT(EM_REPORT):   VALUE = "";
MPRINT(EM_REPORT):   VIEW = 0.08266865605612;
MPRINT(EM_REPORT):   output;
MPRINT(EM_REPORT):   NAME = "LINKKEY";
MPRINT(EM_REPORT):   VALUE = "";
MPRINT(EM_REPORT):   VIEW = 0.08266865605612;
MPRINT(EM_REPORT):   output;
MPRINT(EM_REPORT):   NAME = "NODEKEY";
MPRINT(EM_REPORT):   VALUE = "";
MPRINT(EM_REPORT):   VIEW = 0.08266865605612;
MPRINT(EM_REPORT):   output;
MPRINT(EM_REPORT):   NAME = "NODEID";
MPRINT(EM_REPORT):   VALUE = "";
MPRINT(EM_REPORT):   VIEW = 0.08266865605612;
MPRINT(EM_REPORT):   output;
MPRINT(EM_REPORT):   NAME = "NODEVALUE";
MPRINT(EM_REPORT):   VALUE = "";
MPRINT(EM_REPORT):   VIEW = 0.08266865605612;
MPRINT(EM_REPORT):   output;
MPRINT(EM_REPORT):   NAME = "NODECOLOR";
MPRINT(EM_REPORT):   VALUE = "NODECOLOR";
MPRINT(EM_REPORT):   VIEW = 0.08266865605612;
MPRINT(EM_REPORT):   output;
MPRINT(EM_REPORT):   NAME = "NODESHAPE";
MPRINT(EM_REPORT):   VALUE = "";
MPRINT(EM_REPORT):   VIEW = 0.08266865605612;
MPRINT(EM_REPORT):   output;
MPRINT(EM_REPORT):   NAME = "NODESHAPEVAR";
MPRINT(EM_REPORT):   VALUE = "";
MPRINT(EM_REPORT):   VIEW = 0.08266865605612;
MPRINT(EM_REPORT):   output;
MPRINT(EM_REPORT):   NAME = "NODELABEL";
MPRINT(EM_REPORT):   VALUE = "";
MPRINT(EM_REPORT):   VIEW = 0.08266865605612;
MPRINT(EM_REPORT):   output;
MPRINT(EM_REPORT):   NAME = "NODETIP";
MPRINT(EM_REPORT):   VALUE = "";
MPRINT(EM_REPORT):   VIEW = 0.08266865605612;
MPRINT(EM_REPORT):   output;
MPRINT(EM_REPORT):   NAME = "LINKID";
MPRINT(EM_REPORT):   VALUE = "";
MPRINT(EM_REPORT):   VIEW = 0.08266865605612;
MPRINT(EM_REPORT):   output;
MPRINT(EM_REPORT):   NAME = "LINKVALUE";
MPRINT(EM_REPORT):   VALUE = "";
MPRINT(EM_REPORT):   VIEW = 0.08266865605612;
MPRINT(EM_REPORT):   output;
MPRINT(EM_REPORT):   NAME = "LINKFROM";
MPRINT(EM_REPORT):   VALUE = "";
MPRINT(EM_REPORT):   VIEW = 0.08266865605612;
MPRINT(EM_REPORT):   output;
MPRINT(EM_REPORT):   NAME = "LINKTO";
MPRINT(EM_REPORT):   VALUE = "";
MPRINT(EM_REPORT):   VIEW = 0.08266865605612;
MPRINT(EM_REPORT):   output;
MPRINT(EM_REPORT):   NAME = "LINKCOLOR";
MPRINT(EM_REPORT):   VALUE = "";
MPRINT(EM_REPORT):   VIEW = 0.08266865605612;
MPRINT(EM_REPORT):   output;
MPRINT(EM_REPORT):   NAME = "LINKWIDTH";
MPRINT(EM_REPORT):   VALUE = "LINKWIDTH";
MPRINT(EM_REPORT):   VIEW = 0.08266865605612;
MPRINT(EM_REPORT):   output;
MPRINT(EM_REPORT):   NAME = "LINKTIP";
MPRINT(EM_REPORT):   VALUE = "";
MPRINT(EM_REPORT):   VIEW = 0.08266865605612;
MPRINT(EM_REPORT):   output;
MPRINT(EM_REPORT):   NAME = "XFROM";
MPRINT(EM_REPORT):   VALUE = "";
MPRINT(EM_REPORT):   VIEW = 0.08266865605612;
MPRINT(EM_REPORT):   output;
MPRINT(EM_REPORT):   NAME = "XTO";
MPRINT(EM_REPORT):   VALUE = "";
MPRINT(EM_REPORT):   VIEW = 0.08266865605612;
MPRINT(EM_REPORT):   output;
MPRINT(EM_REPORT):   NAME = "YFROM";
MPRINT(EM_REPORT):   VALUE = "";
MPRINT(EM_REPORT):   VIEW = 0.08266865605612;
MPRINT(EM_REPORT):   output;
MPRINT(EM_REPORT):   NAME = "YTO";
MPRINT(EM_REPORT):   VALUE = "";
MPRINT(EM_REPORT):   VIEW = 0.08266865605612;
MPRINT(EM_REPORT):   output;
MPRINT(EM_REPORT):   NAME = "MATRIXVAR";
MPRINT(EM_REPORT):   VALUE = "";
MPRINT(EM_REPORT):   VIEW = 0.08266865605612;
MPRINT(EM_REPORT):   output;
MPRINT(EM_REPORT):   NAME = "RESPONSE";
MPRINT(EM_REPORT):   VALUE = "";
MPRINT(EM_REPORT):   VIEW = 0.08266865605612;
MPRINT(EM_REPORT):   output;
MPRINT(EM_REPORT):   NAME = "SERIES";
MPRINT(EM_REPORT):   VALUE = "";
MPRINT(EM_REPORT):   VIEW = 0.08266865605612;
MPRINT(EM_REPORT):   output;
MPRINT(EM_REPORT):   NAME = "DESCARG";
MPRINT(EM_REPORT):   VALUE = "";
MPRINT(EM_REPORT):   VIEW = 0.08266865605612;
MPRINT(EM_REPORT):   output;
MPRINT(EM_REPORT):   NAME = "SLIDER";
MPRINT(EM_REPORT):   VALUE = "";
MPRINT(EM_REPORT):   VIEW = 0.08266865605612;
MPRINT(EM_REPORT):   output;
MPRINT(EM_REPORT):   NAME = "MarkerSize";
MPRINT(EM_REPORT):   VALUE = "";
MPRINT(EM_REPORT):   VIEW = 0.08266865605612;
MPRINT(EM_REPORT):   output;
MPRINT(EM_REPORT):   NAME = "Marker";
MPRINT(EM_REPORT):   VALUE = "";
MPRINT(EM_REPORT):   VIEW = 0.08266865605612;
MPRINT(EM_REPORT):   output;
MPRINT(EM_REPORT):   NAME = "Y1";
MPRINT(EM_REPORT):   VALUE = "";
MPRINT(EM_REPORT):   VIEW = 0.08266865605612;
MPRINT(EM_REPORT):   output;
MPRINT(EM_REPORT):   NAME = "Y2";
MPRINT(EM_REPORT):   VALUE = "";
MPRINT(EM_REPORT):   VIEW = 0.08266865605612;
MPRINT(EM_REPORT):   output;
MPRINT(EM_REPORT):   NAME = "Y3";
MPRINT(EM_REPORT):   VALUE = "";
MPRINT(EM_REPORT):   VIEW = 0.08266865605612;
MPRINT(EM_REPORT):   output;
MPRINT(EM_REPORT):   NAME = "Y4";
MPRINT(EM_REPORT):   VALUE = "";
MPRINT(EM_REPORT):   VIEW = 0.08266865605612;
MPRINT(EM_REPORT):   output;
MPRINT(EM_REPORT):   NAME = "Y5";
MPRINT(EM_REPORT):   VALUE = "";
MPRINT(EM_REPORT):   VIEW = 0.08266865605612;
MPRINT(EM_REPORT):   output;
MPRINT(EM_REPORT):   NAME = "Y6";
MPRINT(EM_REPORT):   VALUE = "";
MPRINT(EM_REPORT):   VIEW = 0.08266865605612;
MPRINT(EM_REPORT):   output;
MPRINT(EM_REPORT):   NAME = "Y7";
MPRINT(EM_REPORT):   VALUE = "";
MPRINT(EM_REPORT):   VIEW = 0.08266865605612;
MPRINT(EM_REPORT):   output;
MPRINT(EM_REPORT):   NAME = "Y8";
MPRINT(EM_REPORT):   VALUE = "";
MPRINT(EM_REPORT):   VIEW = 0.08266865605612;
MPRINT(EM_REPORT):   output;
MPRINT(EM_REPORT):   NAME = "Y9";
MPRINT(EM_REPORT):   VALUE = "";
MPRINT(EM_REPORT):   VIEW = 0.08266865605612;
MPRINT(EM_REPORT):   output;
MPRINT(EM_REPORT):   NAME = "Y10";
MPRINT(EM_REPORT):   VALUE = "";
MPRINT(EM_REPORT):   VIEW = 0.08266865605612;
MPRINT(EM_REPORT):   output;
MPRINT(EM_REPORT):   NAME = "Y11";
MPRINT(EM_REPORT):   VALUE = "";
MPRINT(EM_REPORT):   VIEW = 0.08266865605612;
MPRINT(EM_REPORT):   output;
MPRINT(EM_REPORT):   NAME = "Y12";
MPRINT(EM_REPORT):   VALUE = "";
MPRINT(EM_REPORT):   VIEW = 0.08266865605612;
MPRINT(EM_REPORT):   output;
MPRINT(EM_REPORT):   NAME = "Y13";
MPRINT(EM_REPORT):   VALUE = "";
MPRINT(EM_REPORT):   VIEW = 0.08266865605612;
MPRINT(EM_REPORT):   output;
MPRINT(EM_REPORT):   NAME = "Y14";
MPRINT(EM_REPORT):   VALUE = "";
MPRINT(EM_REPORT):   VIEW = 0.08266865605612;
MPRINT(EM_REPORT):   output;
MPRINT(EM_REPORT):   NAME = "Y15";
MPRINT(EM_REPORT):   VALUE = "";
MPRINT(EM_REPORT):   VIEW = 0.08266865605612;
MPRINT(EM_REPORT):   output;
MPRINT(EM_REPORT):   NAME = "Y16";
MPRINT(EM_REPORT):   VALUE = "";
MPRINT(EM_REPORT):   VIEW = 0.08266865605612;
MPRINT(EM_REPORT):   output;
MPRINT(EM_REPORT):   NAME = "TITLE";
MPRINT(EM_REPORT):   VALUE = "";
MPRINT(EM_REPORT):   VIEW = 0.08266865605612;
MPRINT(EM_REPORT):   output;
MPRINT(EM_REPORT):   NAME = "LEGEND";
MPRINT(EM_REPORT):   VALUE = "";
MPRINT(EM_REPORT):   VIEW = 0.08266865605612;
MPRINT(EM_REPORT):   output;
MPRINT(EM_REPORT):   NAME = "LEGENDTITLE";
MPRINT(EM_REPORT):   VALUE = "";
MPRINT(EM_REPORT):   VIEW = 0.08266865605612;
MPRINT(EM_REPORT):   output;
MPRINT(EM_REPORT):   NAME = "SHAPE";
MPRINT(EM_REPORT):   VALUE = "";
MPRINT(EM_REPORT):   VIEW = 0.08266865605612;
MPRINT(EM_REPORT):   output;
MPRINT(EM_REPORT):   NAME = "METHOD";
MPRINT(EM_REPORT):   VALUE = "";
MPRINT(EM_REPORT):   VIEW = 0.08266865605612;
MPRINT(EM_REPORT):   output;
MPRINT(EM_REPORT):   NAME = "NOBINMISS";
MPRINT(EM_REPORT):   VALUE = "";
MPRINT(EM_REPORT):   VIEW = 0.08266865605612;
MPRINT(EM_REPORT):   output;
MPRINT(EM_REPORT):   run;

NOTE: The data set WORK.EM_USER_REPORT has 132 observations and 4 variables.
NOTE: DATA statement used (Total process time):
      real time           0.02 seconds
      cpu time            0.03 seconds
      

MPRINT(EM_TREE_REPORT):  ;
MPRINT(EM_REPORT):   data WORK.EM_USER_REPORT;
MPRINT(EM_REPORT):   set WORK.EM_USER_REPORT end=eof;
MPRINT(EM_REPORT):   output;
MPRINT(EM_REPORT):   if eof then do;
MPRINT(EM_REPORT):   id+1;
MPRINT(EM_REPORT):   NAME = "KEY";
MPRINT(EM_REPORT):   VALUE = "TREE_PLOT";
MPRINT(EM_REPORT):   VIEW = 0.63097149256196;
MPRINT(EM_REPORT):   output;
MPRINT(EM_REPORT):   NAME = "VIEWTYPE";
MPRINT(EM_REPORT):   VALUE = "Icicle";
MPRINT(EM_REPORT):   VIEW = 0.63097149256196;
MPRINT(EM_REPORT):   output;
MPRINT(EM_REPORT):   NAME = "AUTODISPLAY";
MPRINT(EM_REPORT):   VALUE = "Y";
MPRINT(EM_REPORT):   VIEW = 0.63097149256196;
MPRINT(EM_REPORT):   output;
MPRINT(EM_REPORT):   NAME = "SPK";
MPRINT(EM_REPORT):   VALUE = "Y";
MPRINT(EM_REPORT):   VIEW = 0.63097149256196;
MPRINT(EM_REPORT):   output;
MPRINT(EM_REPORT):   NAME = "COMPARE";
MPRINT(EM_REPORT):   VALUE = "N";
MPRINT(EM_REPORT):   VIEW = 0.63097149256196;
MPRINT(EM_REPORT):   output;
MPRINT(EM_REPORT):   NAME = "LOCALIZE";
MPRINT(EM_REPORT):   VALUE = "N";
MPRINT(EM_REPORT):   VIEW = 0.63097149256196;
MPRINT(EM_REPORT):   output;
MPRINT(EM_REPORT):   NAME = "EQUALIZEROWX";
MPRINT(EM_REPORT):   VALUE = "N";
MPRINT(EM_REPORT):   VIEW = 0.63097149256196;
MPRINT(EM_REPORT):   output;
MPRINT(EM_REPORT):   NAME = "EQUALIZEROWY";
MPRINT(EM_REPORT):   VALUE = "N";
MPRINT(EM_REPORT):   VIEW = 0.63097149256196;
MPRINT(EM_REPORT):   output;
MPRINT(EM_REPORT):   NAME = "EQUALIZECOLX";
MPRINT(EM_REPORT):   VALUE = "N";
MPRINT(EM_REPORT):   VIEW = 0.63097149256196;
MPRINT(EM_REPORT):   output;
MPRINT(EM_REPORT):   NAME = "EQUALIZECOLY";
MPRINT(EM_REPORT):   VALUE = "N";
MPRINT(EM_REPORT):   VIEW = 0.63097149256196;
MPRINT(EM_REPORT):   output;
MPRINT(EM_REPORT):   NAME = "NROWS";
MPRINT(EM_REPORT):   VALUE = "";
MPRINT(EM_REPORT):   VIEW = 0.63097149256196;
MPRINT(EM_REPORT):   output;
MPRINT(EM_REPORT):   NAME = "NCOLS";
MPRINT(EM_REPORT):   VALUE = "";
MPRINT(EM_REPORT):   VIEW = 0.63097149256196;
MPRINT(EM_REPORT):   output;
MPRINT(EM_REPORT):   NAME = "DISCRETEX";
MPRINT(EM_REPORT):   VALUE = "";
MPRINT(EM_REPORT):   VIEW = 0.63097149256196;
MPRINT(EM_REPORT):   output;
MPRINT(EM_REPORT):   NAME = "DISCRETEY";
MPRINT(EM_REPORT):   VALUE = "";
MPRINT(EM_REPORT):   VIEW = 0.63097149256196;
MPRINT(EM_REPORT):   output;
MPRINT(EM_REPORT):   NAME = "LATTICEX";
MPRINT(EM_REPORT):   VALUE = "";
MPRINT(EM_REPORT):   VIEW = 0.63097149256196;
MPRINT(EM_REPORT):   output;
MPRINT(EM_REPORT):   NAME = "LATTICEY";
MPRINT(EM_REPORT):   VALUE = "";
MPRINT(EM_REPORT):   VIEW = 0.63097149256196;
MPRINT(EM_REPORT):   output;
MPRINT(EM_REPORT):   NAME = "LATTICETYPE";
MPRINT(EM_REPORT):   VALUE = "";
MPRINT(EM_REPORT):   VIEW = 0.63097149256196;
MPRINT(EM_REPORT):   output;
MPRINT(EM_REPORT):   NAME = "ABSOLUTEVALUE";
MPRINT(EM_REPORT):   VALUE = "";
MPRINT(EM_REPORT):   VIEW = 0.63097149256196;
MPRINT(EM_REPORT):   output;
MPRINT(EM_REPORT):   NAME = "SORTORDER";
MPRINT(EM_REPORT):   VALUE = "";
MPRINT(EM_REPORT):   VIEW = 0.63097149256196;
MPRINT(EM_REPORT):   output;
MPRINT(EM_REPORT):   NAME = "SORTORDERY";
MPRINT(EM_REPORT):   VALUE = "";
MPRINT(EM_REPORT):   VIEW = 0.63097149256196;
MPRINT(EM_REPORT):   output;
MPRINT(EM_REPORT):   NAME = "ORIENTATION";
MPRINT(EM_REPORT):   VALUE = "";
MPRINT(EM_REPORT):   VIEW = 0.63097149256196;
MPRINT(EM_REPORT):   output;
MPRINT(EM_REPORT):   NAME = "METHOD";
MPRINT(EM_REPORT):   VALUE = "";
MPRINT(EM_REPORT):   VIEW = 0.63097149256196;
MPRINT(EM_REPORT):   output;
MPRINT(EM_REPORT):   NAME = "DIRECTION";
MPRINT(EM_REPORT):   VALUE = "";
MPRINT(EM_REPORT):   VIEW = 0.63097149256196;
MPRINT(EM_REPORT):   output;
MPRINT(EM_REPORT):   NAME = "BYSET";
MPRINT(EM_REPORT):   VALUE = "";
MPRINT(EM_REPORT):   VIEW = 0.63097149256196;
MPRINT(EM_REPORT):   output;
MPRINT(EM_REPORT):   NAME = "RENDERMODE";
MPRINT(EM_REPORT):   VALUE = "";
MPRINT(EM_REPORT):   VIEW = 0.63097149256196;
MPRINT(EM_REPORT):   output;
MPRINT(EM_REPORT):   NAME = "DESCRIPTION";
MPRINT(EM_REPORT):   VALUE = "ICICLE";
MPRINT(EM_REPORT):   VIEW = 0.63097149256196;
MPRINT(EM_REPORT):   output;
MPRINT(EM_REPORT):   NAME = "X";
MPRINT(EM_REPORT):   VALUE = "";
MPRINT(EM_REPORT):   VIEW = 0.63097149256196;
MPRINT(EM_REPORT):   output;
MPRINT(EM_REPORT):   NAME = "EXCLUDEVARS";
MPRINT(EM_REPORT):   VALUE = "";
MPRINT(EM_REPORT):   VIEW = 0.63097149256196;
MPRINT(EM_REPORT):   output;
MPRINT(EM_REPORT):   NAME = "Z";
MPRINT(EM_REPORT):   VALUE = "";
MPRINT(EM_REPORT):   VIEW = 0.63097149256196;
MPRINT(EM_REPORT):   output;
MPRINT(EM_REPORT):   NAME = "YVARS";
MPRINT(EM_REPORT):   VALUE = "";
MPRINT(EM_REPORT):   VIEW = 0.63097149256196;
MPRINT(EM_REPORT):   output;
MPRINT(EM_REPORT):   NAME = "FREQVARS";
MPRINT(EM_REPORT):   VALUE = "";
MPRINT(EM_REPORT):   VIEW = 0.63097149256196;
MPRINT(EM_REPORT):   output;
MPRINT(EM_REPORT):   NAME = "AXIS";
MPRINT(EM_REPORT):   VALUE = "";
MPRINT(EM_REPORT):   VIEW = 0.63097149256196;
MPRINT(EM_REPORT):   output;
MPRINT(EM_REPORT):   NAME = "FREQ";
MPRINT(EM_REPORT):   VALUE = "";
MPRINT(EM_REPORT):   VIEW = 0.63097149256196;
MPRINT(EM_REPORT):   output;
MPRINT(EM_REPORT):   NAME = "GROUP";
MPRINT(EM_REPORT):   VALUE = "";
MPRINT(EM_REPORT):   VIEW = 0.63097149256196;
MPRINT(EM_REPORT):   output;
MPRINT(EM_REPORT):   NAME = "SUBGROUP";
MPRINT(EM_REPORT):   VALUE = "";
MPRINT(EM_REPORT):   VIEW = 0.63097149256196;
MPRINT(EM_REPORT):   output;
MPRINT(EM_REPORT):   NAME = "BLOCK";
MPRINT(EM_REPORT):   VALUE = "MODEL";
MPRINT(EM_REPORT):   VIEW = 0.63097149256196;
MPRINT(EM_REPORT):   output;
MPRINT(EM_REPORT):   NAME = "COLOR";
MPRINT(EM_REPORT):   VALUE = "";
MPRINT(EM_REPORT):   VIEW = 0.63097149256196;
MPRINT(EM_REPORT):   output;
MPRINT(EM_REPORT):   NAME = "COLORINDEX";
MPRINT(EM_REPORT):   VALUE = "";
MPRINT(EM_REPORT):   VIEW = 0.63097149256196;
MPRINT(EM_REPORT):   output;
MPRINT(EM_REPORT):   NAME = "TIPTEXT";
MPRINT(EM_REPORT):   VALUE = "TEXTALL";
MPRINT(EM_REPORT):   VIEW = 0.63097149256196;
MPRINT(EM_REPORT):   output;
MPRINT(EM_REPORT):   NAME = "TIP";
MPRINT(EM_REPORT):   VALUE = "";
MPRINT(EM_REPORT):   VIEW = 0.63097149256196;
MPRINT(EM_REPORT):   output;
MPRINT(EM_REPORT):   NAME = "TOOLTIP";
MPRINT(EM_REPORT):   VALUE = "";
MPRINT(EM_REPORT):   VIEW = 0.63097149256196;
MPRINT(EM_REPORT):   output;
MPRINT(EM_REPORT):   NAME = "REPORTID";
MPRINT(EM_REPORT):   VALUE = "";
MPRINT(EM_REPORT):   VIEW = 0.63097149256196;
MPRINT(EM_REPORT):   output;
MPRINT(EM_REPORT):   NAME = "IDVALUE";
MPRINT(EM_REPORT):   VALUE = "";
MPRINT(EM_REPORT):   VIEW = 0.63097149256196;
MPRINT(EM_REPORT):   output;
MPRINT(EM_REPORT):   NAME = "ID";
MPRINT(EM_REPORT):   VALUE = "NODE";
MPRINT(EM_REPORT):   VIEW = 0.63097149256196;
MPRINT(EM_REPORT):   output;
MPRINT(EM_REPORT):   NAME = "SIZE";
MPRINT(EM_REPORT):   VALUE = "";
MPRINT(EM_REPORT):   VIEW = 0.63097149256196;
MPRINT(EM_REPORT):   output;
MPRINT(EM_REPORT):   NAME = "FROM";
MPRINT(EM_REPORT):   VALUE = "";
MPRINT(EM_REPORT):   VIEW = 0.63097149256196;
MPRINT(EM_REPORT):   output;
MPRINT(EM_REPORT):   NAME = "TO";
MPRINT(EM_REPORT):   VALUE = "";
MPRINT(EM_REPORT):   VIEW = 0.63097149256196;
MPRINT(EM_REPORT):   output;
MPRINT(EM_REPORT):   NAME = "VALUE";
MPRINT(EM_REPORT):   VALUE = "";
MPRINT(EM_REPORT):   VIEW = 0.63097149256196;
MPRINT(EM_REPORT):   output;
MPRINT(EM_REPORT):   NAME = "VIEWS";
MPRINT(EM_REPORT):   VALUE = "";
MPRINT(EM_REPORT):   VIEW = 0.63097149256196;
MPRINT(EM_REPORT):   output;
MPRINT(EM_REPORT):   NAME = "PARENT";
MPRINT(EM_REPORT):   VALUE = "PARENT";
MPRINT(EM_REPORT):   VIEW = 0.63097149256196;
MPRINT(EM_REPORT):   output;
MPRINT(EM_REPORT):   NAME = "NODETEXT";
MPRINT(EM_REPORT):   VALUE = "NODETEXT";
MPRINT(EM_REPORT):   VIEW = 0.63097149256196;
MPRINT(EM_REPORT):   output;
MPRINT(EM_REPORT):   NAME = "ABOVETEXT";
MPRINT(EM_REPORT):   VALUE = "";
MPRINT(EM_REPORT):   VIEW = 0.63097149256196;
MPRINT(EM_REPORT):   output;
MPRINT(EM_REPORT):   NAME = "BELOWTEXT";
MPRINT(EM_REPORT):   VALUE = "";
MPRINT(EM_REPORT):   VIEW = 0.63097149256196;
MPRINT(EM_REPORT):   output;
MPRINT(EM_REPORT):   NAME = "NODESIZE";
MPRINT(EM_REPORT):   VALUE = "N";
MPRINT(EM_REPORT):   VIEW = 0.63097149256196;
MPRINT(EM_REPORT):   output;
MPRINT(EM_REPORT):   NAME = "STATS";
MPRINT(EM_REPORT):   VALUE = "";
MPRINT(EM_REPORT):   VIEW = 0.63097149256196;
MPRINT(EM_REPORT):   output;
MPRINT(EM_REPORT):   NAME = "CLASSDIST";
MPRINT(EM_REPORT):   VALUE = "";
MPRINT(EM_REPORT):   VIEW = 0.63097149256196;
MPRINT(EM_REPORT):   output;
MPRINT(EM_REPORT):   NAME = "INTDIST";
MPRINT(EM_REPORT):   VALUE = "";
MPRINT(EM_REPORT):   VIEW = 0.63097149256196;
MPRINT(EM_REPORT):   output;
MPRINT(EM_REPORT):   NAME = "FOLDER";
MPRINT(EM_REPORT):   VALUE = "";
MPRINT(EM_REPORT):   VIEW = 0.63097149256196;
MPRINT(EM_REPORT):   output;
MPRINT(EM_REPORT):   NAME = "YPLOTTYPE";
MPRINT(EM_REPORT):   VALUE = "";
MPRINT(EM_REPORT):   VIEW = 0.63097149256196;
MPRINT(EM_REPORT):   output;
MPRINT(EM_REPORT):   NAME = "XREF";
MPRINT(EM_REPORT):   VALUE = "";
MPRINT(EM_REPORT):   VIEW = 0.63097149256196;
MPRINT(EM_REPORT):   output;
MPRINT(EM_REPORT):   NAME = "XREF2";
MPRINT(EM_REPORT):   VALUE = "";
MPRINT(EM_REPORT):   VIEW = 0.63097149256196;
MPRINT(EM_REPORT):   output;
MPRINT(EM_REPORT):   NAME = "YREF";
MPRINT(EM_REPORT):   VALUE = "";
MPRINT(EM_REPORT):   VIEW = 0.63097149256196;
MPRINT(EM_REPORT):   output;
MPRINT(EM_REPORT):   NAME = "Y2REF";
MPRINT(EM_REPORT):   VALUE = "";
MPRINT(EM_REPORT):   VIEW = 0.63097149256196;
MPRINT(EM_REPORT):   output;
MPRINT(EM_REPORT):   NAME = "YREF2";
MPRINT(EM_REPORT):   VALUE = "";
MPRINT(EM_REPORT):   VIEW = 0.63097149256196;
MPRINT(EM_REPORT):   output;
MPRINT(EM_REPORT):   NAME = "Y2REF2";
MPRINT(EM_REPORT):   VALUE = "";
MPRINT(EM_REPORT):   VIEW = 0.63097149256196;
MPRINT(EM_REPORT):   output;
MPRINT(EM_REPORT):   NAME = "GROUPINDEX";
MPRINT(EM_REPORT):   VALUE = "";
MPRINT(EM_REPORT):   VIEW = 0.63097149256196;
MPRINT(EM_REPORT):   output;
MPRINT(EM_REPORT):   NAME = "JOIN";
MPRINT(EM_REPORT):   VALUE = "";
MPRINT(EM_REPORT):   VIEW = 0.63097149256196;
MPRINT(EM_REPORT):   output;
MPRINT(EM_REPORT):   NAME = "XEXCLUDE";
MPRINT(EM_REPORT):   VALUE = "";
MPRINT(EM_REPORT):   VIEW = 0.63097149256196;
MPRINT(EM_REPORT):   output;
MPRINT(EM_REPORT):   NAME = "FREQEXCLUDE";
MPRINT(EM_REPORT):   VALUE = "";
MPRINT(EM_REPORT):   VIEW = 0.63097149256196;
MPRINT(EM_REPORT):   output;
MPRINT(EM_REPORT):   NAME = "YEXCLUDE";
MPRINT(EM_REPORT):   VALUE = "";
MPRINT(EM_REPORT):   VIEW = 0.63097149256196;
MPRINT(EM_REPORT):   output;
MPRINT(EM_REPORT):   NAME = "NAME";
MPRINT(EM_REPORT):   VALUE = "";
MPRINT(EM_REPORT):   VIEW = 0.63097149256196;
MPRINT(EM_REPORT):   output;
MPRINT(EM_REPORT):   NAME = "HEIGHT";
MPRINT(EM_REPORT):   VALUE = "";
MPRINT(EM_REPORT):   VIEW = 0.63097149256196;
MPRINT(EM_REPORT):   output;
MPRINT(EM_REPORT):   NAME = "WIDTH";
MPRINT(EM_REPORT):   VALUE = "";
MPRINT(EM_REPORT):   VIEW = 0.63097149256196;
MPRINT(EM_REPORT):   output;
MPRINT(EM_REPORT):   NAME = "XAXISLABEL";
MPRINT(EM_REPORT):   VALUE = "";
MPRINT(EM_REPORT):   VIEW = 0.63097149256196;
MPRINT(EM_REPORT):   output;
MPRINT(EM_REPORT):   NAME = "Y2AXISLABEL";
MPRINT(EM_REPORT):   VALUE = "";
MPRINT(EM_REPORT):   VIEW = 0.63097149256196;
MPRINT(EM_REPORT):   output;
MPRINT(EM_REPORT):   NAME = "YAXISLABEL";
MPRINT(EM_REPORT):   VALUE = "";
MPRINT(EM_REPORT):   VIEW = 0.63097149256196;
MPRINT(EM_REPORT):   output;
MPRINT(EM_REPORT):   NAME = "DISPLAYXLABEL";
MPRINT(EM_REPORT):   VALUE = "Y";
MPRINT(EM_REPORT):   VIEW = 0.63097149256196;
MPRINT(EM_REPORT):   output;
MPRINT(EM_REPORT):   NAME = "DISPLAYYLABEL";
MPRINT(EM_REPORT):   VALUE = "Y";
MPRINT(EM_REPORT):   VIEW = 0.63097149256196;
MPRINT(EM_REPORT):   output;
MPRINT(EM_REPORT):   NAME = "CHOICETEXT";
MPRINT(EM_REPORT):   VALUE = "";
MPRINT(EM_REPORT):   VIEW = 0.63097149256196;
MPRINT(EM_REPORT):   output;
MPRINT(EM_REPORT):   NAME = "SEGMENTVALUE";
MPRINT(EM_REPORT):   VALUE = "";
MPRINT(EM_REPORT):   VIEW = 0.63097149256196;
MPRINT(EM_REPORT):   output;
MPRINT(EM_REPORT):   NAME = "LOWERBAND";
MPRINT(EM_REPORT):   VALUE = "";
MPRINT(EM_REPORT):   VIEW = 0.63097149256196;
MPRINT(EM_REPORT):   output;
MPRINT(EM_REPORT):   NAME = "UPPERBAND";
MPRINT(EM_REPORT):   VALUE = "";
MPRINT(EM_REPORT):   VIEW = 0.63097149256196;
MPRINT(EM_REPORT):   output;
MPRINT(EM_REPORT):   NAME = "YLINE";
MPRINT(EM_REPORT):   VALUE = "";
MPRINT(EM_REPORT):   VIEW = 0.63097149256196;
MPRINT(EM_REPORT):   output;
MPRINT(EM_REPORT):   NAME = "LINKKEY";
MPRINT(EM_REPORT):   VALUE = "";
MPRINT(EM_REPORT):   VIEW = 0.63097149256196;
MPRINT(EM_REPORT):   output;
MPRINT(EM_REPORT):   NAME = "NODEKEY";
MPRINT(EM_REPORT):   VALUE = "";
MPRINT(EM_REPORT):   VIEW = 0.63097149256196;
MPRINT(EM_REPORT):   output;
MPRINT(EM_REPORT):   NAME = "NODEID";
MPRINT(EM_REPORT):   VALUE = "";
MPRINT(EM_REPORT):   VIEW = 0.63097149256196;
MPRINT(EM_REPORT):   output;
MPRINT(EM_REPORT):   NAME = "NODEVALUE";
MPRINT(EM_REPORT):   VALUE = "";
MPRINT(EM_REPORT):   VIEW = 0.63097149256196;
MPRINT(EM_REPORT):   output;
MPRINT(EM_REPORT):   NAME = "NODECOLOR";
MPRINT(EM_REPORT):   VALUE = "NODECOLOR";
MPRINT(EM_REPORT):   VIEW = 0.63097149256196;
MPRINT(EM_REPORT):   output;
MPRINT(EM_REPORT):   NAME = "NODESHAPE";
MPRINT(EM_REPORT):   VALUE = "";
MPRINT(EM_REPORT):   VIEW = 0.63097149256196;
MPRINT(EM_REPORT):   output;
MPRINT(EM_REPORT):   NAME = "NODESHAPEVAR";
MPRINT(EM_REPORT):   VALUE = "";
MPRINT(EM_REPORT):   VIEW = 0.63097149256196;
MPRINT(EM_REPORT):   output;
MPRINT(EM_REPORT):   NAME = "NODELABEL";
MPRINT(EM_REPORT):   VALUE = "";
MPRINT(EM_REPORT):   VIEW = 0.63097149256196;
MPRINT(EM_REPORT):   output;
MPRINT(EM_REPORT):   NAME = "NODETIP";
MPRINT(EM_REPORT):   VALUE = "";
MPRINT(EM_REPORT):   VIEW = 0.63097149256196;
MPRINT(EM_REPORT):   output;
MPRINT(EM_REPORT):   NAME = "LINKID";
MPRINT(EM_REPORT):   VALUE = "";
MPRINT(EM_REPORT):   VIEW = 0.63097149256196;
MPRINT(EM_REPORT):   output;
MPRINT(EM_REPORT):   NAME = "LINKVALUE";
MPRINT(EM_REPORT):   VALUE = "";
MPRINT(EM_REPORT):   VIEW = 0.63097149256196;
MPRINT(EM_REPORT):   output;
MPRINT(EM_REPORT):   NAME = "LINKFROM";
MPRINT(EM_REPORT):   VALUE = "";
MPRINT(EM_REPORT):   VIEW = 0.63097149256196;
MPRINT(EM_REPORT):   output;
MPRINT(EM_REPORT):   NAME = "LINKTO";
MPRINT(EM_REPORT):   VALUE = "";
MPRINT(EM_REPORT):   VIEW = 0.63097149256196;
MPRINT(EM_REPORT):   output;
MPRINT(EM_REPORT):   NAME = "LINKCOLOR";
MPRINT(EM_REPORT):   VALUE = "";
MPRINT(EM_REPORT):   VIEW = 0.63097149256196;
MPRINT(EM_REPORT):   output;
MPRINT(EM_REPORT):   NAME = "LINKWIDTH";
MPRINT(EM_REPORT):   VALUE = "";
MPRINT(EM_REPORT):   VIEW = 0.63097149256196;
MPRINT(EM_REPORT):   output;
MPRINT(EM_REPORT):   NAME = "LINKTIP";
MPRINT(EM_REPORT):   VALUE = "";
MPRINT(EM_REPORT):   VIEW = 0.63097149256196;
MPRINT(EM_REPORT):   output;
MPRINT(EM_REPORT):   NAME = "XFROM";
MPRINT(EM_REPORT):   VALUE = "";
MPRINT(EM_REPORT):   VIEW = 0.63097149256196;
MPRINT(EM_REPORT):   output;
MPRINT(EM_REPORT):   NAME = "XTO";
MPRINT(EM_REPORT):   VALUE = "";
MPRINT(EM_REPORT):   VIEW = 0.63097149256196;
MPRINT(EM_REPORT):   output;
MPRINT(EM_REPORT):   NAME = "YFROM";
MPRINT(EM_REPORT):   VALUE = "";
MPRINT(EM_REPORT):   VIEW = 0.63097149256196;
MPRINT(EM_REPORT):   output;
MPRINT(EM_REPORT):   NAME = "YTO";
MPRINT(EM_REPORT):   VALUE = "";
MPRINT(EM_REPORT):   VIEW = 0.63097149256196;
MPRINT(EM_REPORT):   output;
MPRINT(EM_REPORT):   NAME = "MATRIXVAR";
MPRINT(EM_REPORT):   VALUE = "";
MPRINT(EM_REPORT):   VIEW = 0.63097149256196;
MPRINT(EM_REPORT):   output;
MPRINT(EM_REPORT):   NAME = "RESPONSE";
MPRINT(EM_REPORT):   VALUE = "";
MPRINT(EM_REPORT):   VIEW = 0.63097149256196;
MPRINT(EM_REPORT):   output;
MPRINT(EM_REPORT):   NAME = "SERIES";
MPRINT(EM_REPORT):   VALUE = "";
MPRINT(EM_REPORT):   VIEW = 0.63097149256196;
MPRINT(EM_REPORT):   output;
MPRINT(EM_REPORT):   NAME = "DESCARG";
MPRINT(EM_REPORT):   VALUE = "";
MPRINT(EM_REPORT):   VIEW = 0.63097149256196;
MPRINT(EM_REPORT):   output;
MPRINT(EM_REPORT):   NAME = "SLIDER";
MPRINT(EM_REPORT):   VALUE = "";
MPRINT(EM_REPORT):   VIEW = 0.63097149256196;
MPRINT(EM_REPORT):   output;
MPRINT(EM_REPORT):   NAME = "MarkerSize";
MPRINT(EM_REPORT):   VALUE = "";
MPRINT(EM_REPORT):   VIEW = 0.63097149256196;
MPRINT(EM_REPORT):   output;
MPRINT(EM_REPORT):   NAME = "Marker";
MPRINT(EM_REPORT):   VALUE = "";
MPRINT(EM_REPORT):   VIEW = 0.63097149256196;
MPRINT(EM_REPORT):   output;
MPRINT(EM_REPORT):   NAME = "Y1";
MPRINT(EM_REPORT):   VALUE = "";
MPRINT(EM_REPORT):   VIEW = 0.63097149256196;
MPRINT(EM_REPORT):   output;
MPRINT(EM_REPORT):   NAME = "Y2";
MPRINT(EM_REPORT):   VALUE = "";
MPRINT(EM_REPORT):   VIEW = 0.63097149256196;
MPRINT(EM_REPORT):   output;
MPRINT(EM_REPORT):   NAME = "Y3";
MPRINT(EM_REPORT):   VALUE = "";
MPRINT(EM_REPORT):   VIEW = 0.63097149256196;
MPRINT(EM_REPORT):   output;
MPRINT(EM_REPORT):   NAME = "Y4";
MPRINT(EM_REPORT):   VALUE = "";
MPRINT(EM_REPORT):   VIEW = 0.63097149256196;
MPRINT(EM_REPORT):   output;
MPRINT(EM_REPORT):   NAME = "Y5";
MPRINT(EM_REPORT):   VALUE = "";
MPRINT(EM_REPORT):   VIEW = 0.63097149256196;
MPRINT(EM_REPORT):   output;
MPRINT(EM_REPORT):   NAME = "Y6";
MPRINT(EM_REPORT):   VALUE = "";
MPRINT(EM_REPORT):   VIEW = 0.63097149256196;
MPRINT(EM_REPORT):   output;
MPRINT(EM_REPORT):   NAME = "Y7";
MPRINT(EM_REPORT):   VALUE = "";
MPRINT(EM_REPORT):   VIEW = 0.63097149256196;
MPRINT(EM_REPORT):   output;
MPRINT(EM_REPORT):   NAME = "Y8";
MPRINT(EM_REPORT):   VALUE = "";
MPRINT(EM_REPORT):   VIEW = 0.63097149256196;
MPRINT(EM_REPORT):   output;
MPRINT(EM_REPORT):   NAME = "Y9";
MPRINT(EM_REPORT):   VALUE = "";
MPRINT(EM_REPORT):   VIEW = 0.63097149256196;
MPRINT(EM_REPORT):   output;
MPRINT(EM_REPORT):   NAME = "Y10";
MPRINT(EM_REPORT):   VALUE = "";
MPRINT(EM_REPORT):   VIEW = 0.63097149256196;
MPRINT(EM_REPORT):   output;
MPRINT(EM_REPORT):   NAME = "Y11";
MPRINT(EM_REPORT):   VALUE = "";
MPRINT(EM_REPORT):   VIEW = 0.63097149256196;
MPRINT(EM_REPORT):   output;
MPRINT(EM_REPORT):   NAME = "Y12";
MPRINT(EM_REPORT):   VALUE = "";
MPRINT(EM_REPORT):   VIEW = 0.63097149256196;
MPRINT(EM_REPORT):   output;
MPRINT(EM_REPORT):   NAME = "Y13";
MPRINT(EM_REPORT):   VALUE = "";
MPRINT(EM_REPORT):   VIEW = 0.63097149256196;
MPRINT(EM_REPORT):   output;
MPRINT(EM_REPORT):   NAME = "Y14";
MPRINT(EM_REPORT):   VALUE = "";
MPRINT(EM_REPORT):   VIEW = 0.63097149256196;
MPRINT(EM_REPORT):   output;
MPRINT(EM_REPORT):   NAME = "Y15";
MPRINT(EM_REPORT):   VALUE = "";
MPRINT(EM_REPORT):   VIEW = 0.63097149256196;
MPRINT(EM_REPORT):   output;
MPRINT(EM_REPORT):   NAME = "Y16";
MPRINT(EM_REPORT):   VALUE = "";
MPRINT(EM_REPORT):   VIEW = 0.63097149256196;
MPRINT(EM_REPORT):   output;
MPRINT(EM_REPORT):   NAME = "TITLE";
MPRINT(EM_REPORT):   VALUE = "";
MPRINT(EM_REPORT):   VIEW = 0.63097149256196;
MPRINT(EM_REPORT):   output;
MPRINT(EM_REPORT):   NAME = "LEGEND";
MPRINT(EM_REPORT):   VALUE = "";
MPRINT(EM_REPORT):   VIEW = 0.63097149256196;
MPRINT(EM_REPORT):   output;
MPRINT(EM_REPORT):   NAME = "LEGENDTITLE";
MPRINT(EM_REPORT):   VALUE = "";
MPRINT(EM_REPORT):   VIEW = 0.63097149256196;
MPRINT(EM_REPORT):   output;
MPRINT(EM_REPORT):   NAME = "SHAPE";
MPRINT(EM_REPORT):   VALUE = "";
MPRINT(EM_REPORT):   VIEW = 0.63097149256196;
MPRINT(EM_REPORT):   output;
MPRINT(EM_REPORT):   NAME = "METHOD";
MPRINT(EM_REPORT):   VALUE = "";
MPRINT(EM_REPORT):   VIEW = 0.63097149256196;
MPRINT(EM_REPORT):   output;
MPRINT(EM_REPORT):   NAME = "NOBINMISS";
MPRINT(EM_REPORT):   VALUE = "";
MPRINT(EM_REPORT):   VIEW = 0.63097149256196;
MPRINT(EM_REPORT):   output;
MPRINT(EM_REPORT):   end;
MPRINT(EM_REPORT):   run;

NOTE: There were 132 observations read from the data set WORK.EM_USER_REPORT.
NOTE: The data set WORK.EM_USER_REPORT has 264 observations and 4 variables.
NOTE: DATA statement used (Total process time):
      real time           0.03 seconds
      cpu time            0.03 seconds
      

MPRINT(EM_TREE_REPORT):  ;
MPRINT(EM_REPORT):   data WORK.EM_USER_REPORT;
MPRINT(EM_REPORT):   set WORK.EM_USER_REPORT end=eof;
MPRINT(EM_REPORT):   output;
MPRINT(EM_REPORT):   if eof then do;
MPRINT(EM_REPORT):   id+1;
MPRINT(EM_REPORT):   NAME = "KEY";
MPRINT(EM_REPORT):   VALUE = "TREE_PLOT";
MPRINT(EM_REPORT):   VIEW = 0.04290268199653;
MPRINT(EM_REPORT):   output;
MPRINT(EM_REPORT):   NAME = "VIEWTYPE";
MPRINT(EM_REPORT):   VALUE = "AREABAR";
MPRINT(EM_REPORT):   VIEW = 0.04290268199653;
MPRINT(EM_REPORT):   output;
MPRINT(EM_REPORT):   NAME = "AUTODISPLAY";
MPRINT(EM_REPORT):   VALUE = "N";
MPRINT(EM_REPORT):   VIEW = 0.04290268199653;
MPRINT(EM_REPORT):   output;
MPRINT(EM_REPORT):   NAME = "SPK";
MPRINT(EM_REPORT):   VALUE = "Y";
MPRINT(EM_REPORT):   VIEW = 0.04290268199653;
MPRINT(EM_REPORT):   output;
MPRINT(EM_REPORT):   NAME = "COMPARE";
MPRINT(EM_REPORT):   VALUE = "N";
MPRINT(EM_REPORT):   VIEW = 0.04290268199653;
MPRINT(EM_REPORT):   output;
MPRINT(EM_REPORT):   NAME = "LOCALIZE";
MPRINT(EM_REPORT):   VALUE = "N";
MPRINT(EM_REPORT):   VIEW = 0.04290268199653;
MPRINT(EM_REPORT):   output;
MPRINT(EM_REPORT):   NAME = "EQUALIZEROWX";
MPRINT(EM_REPORT):   VALUE = "N";
MPRINT(EM_REPORT):   VIEW = 0.04290268199653;
MPRINT(EM_REPORT):   output;
MPRINT(EM_REPORT):   NAME = "EQUALIZEROWY";
MPRINT(EM_REPORT):   VALUE = "N";
MPRINT(EM_REPORT):   VIEW = 0.04290268199653;
MPRINT(EM_REPORT):   output;
MPRINT(EM_REPORT):   NAME = "EQUALIZECOLX";
MPRINT(EM_REPORT):   VALUE = "N";
MPRINT(EM_REPORT):   VIEW = 0.04290268199653;
MPRINT(EM_REPORT):   output;
MPRINT(EM_REPORT):   NAME = "EQUALIZECOLY";
MPRINT(EM_REPORT):   VALUE = "N";
MPRINT(EM_REPORT):   VIEW = 0.04290268199653;
MPRINT(EM_REPORT):   output;
MPRINT(EM_REPORT):   NAME = "NROWS";
MPRINT(EM_REPORT):   VALUE = "";
MPRINT(EM_REPORT):   VIEW = 0.04290268199653;
MPRINT(EM_REPORT):   output;
MPRINT(EM_REPORT):   NAME = "NCOLS";
MPRINT(EM_REPORT):   VALUE = "";
MPRINT(EM_REPORT):   VIEW = 0.04290268199653;
MPRINT(EM_REPORT):   output;
MPRINT(EM_REPORT):   NAME = "DISCRETEX";
MPRINT(EM_REPORT):   VALUE = "";
MPRINT(EM_REPORT):   VIEW = 0.04290268199653;
MPRINT(EM_REPORT):   output;
MPRINT(EM_REPORT):   NAME = "DISCRETEY";
MPRINT(EM_REPORT):   VALUE = "";
MPRINT(EM_REPORT):   VIEW = 0.04290268199653;
MPRINT(EM_REPORT):   output;
MPRINT(EM_REPORT):   NAME = "LATTICEX";
MPRINT(EM_REPORT):   VALUE = "";
MPRINT(EM_REPORT):   VIEW = 0.04290268199653;
MPRINT(EM_REPORT):   output;
MPRINT(EM_REPORT):   NAME = "LATTICEY";
MPRINT(EM_REPORT):   VALUE = "";
MPRINT(EM_REPORT):   VIEW = 0.04290268199653;
MPRINT(EM_REPORT):   output;
MPRINT(EM_REPORT):   NAME = "LATTICETYPE";
MPRINT(EM_REPORT):   VALUE = "";
MPRINT(EM_REPORT):   VIEW = 0.04290268199653;
MPRINT(EM_REPORT):   output;
MPRINT(EM_REPORT):   NAME = "ABSOLUTEVALUE";
MPRINT(EM_REPORT):   VALUE = "";
MPRINT(EM_REPORT):   VIEW = 0.04290268199653;
MPRINT(EM_REPORT):   output;
MPRINT(EM_REPORT):   NAME = "SORTORDER";
MPRINT(EM_REPORT):   VALUE = "";
MPRINT(EM_REPORT):   VIEW = 0.04290268199653;
MPRINT(EM_REPORT):   output;
MPRINT(EM_REPORT):   NAME = "SORTORDERY";
MPRINT(EM_REPORT):   VALUE = "";
MPRINT(EM_REPORT):   VIEW = 0.04290268199653;
MPRINT(EM_REPORT):   output;
MPRINT(EM_REPORT):   NAME = "ORIENTATION";
MPRINT(EM_REPORT):   VALUE = "";
MPRINT(EM_REPORT):   VIEW = 0.04290268199653;
MPRINT(EM_REPORT):   output;
MPRINT(EM_REPORT):   NAME = "METHOD";
MPRINT(EM_REPORT):   VALUE = "";
MPRINT(EM_REPORT):   VIEW = 0.04290268199653;
MPRINT(EM_REPORT):   output;
MPRINT(EM_REPORT):   NAME = "DIRECTION";
MPRINT(EM_REPORT):   VALUE = "";
MPRINT(EM_REPORT):   VIEW = 0.04290268199653;
MPRINT(EM_REPORT):   output;
MPRINT(EM_REPORT):   NAME = "BYSET";
MPRINT(EM_REPORT):   VALUE = "";
MPRINT(EM_REPORT):   VIEW = 0.04290268199653;
MPRINT(EM_REPORT):   output;
MPRINT(EM_REPORT):   NAME = "RENDERMODE";
MPRINT(EM_REPORT):   VALUE = "";
MPRINT(EM_REPORT):   VIEW = 0.04290268199653;
MPRINT(EM_REPORT):   output;
MPRINT(EM_REPORT):   NAME = "DESCRIPTION";
MPRINT(EM_REPORT):   VALUE = "VARWIDTH";
MPRINT(EM_REPORT):   VIEW = 0.04290268199653;
MPRINT(EM_REPORT):   output;
MPRINT(EM_REPORT):   NAME = "X";
MPRINT(EM_REPORT):   VALUE = "NODE";
MPRINT(EM_REPORT):   VIEW = 0.04290268199653;
MPRINT(EM_REPORT):   output;
MPRINT(EM_REPORT):   NAME = "EXCLUDEVARS";
MPRINT(EM_REPORT):   VALUE = "";
MPRINT(EM_REPORT):   VIEW = 0.04290268199653;
MPRINT(EM_REPORT):   output;
MPRINT(EM_REPORT):   NAME = "Y";
MPRINT(EM_REPORT):   VALUE = "PERCEVENT_TRAIN";
MPRINT(EM_REPORT):   VIEW = 0.04290268199653;
MPRINT(EM_REPORT):   output;
MPRINT(EM_REPORT):   NAME = "Z";
MPRINT(EM_REPORT):   VALUE = "";
MPRINT(EM_REPORT):   VIEW = 0.04290268199653;
MPRINT(EM_REPORT):   output;
MPRINT(EM_REPORT):   NAME = "YVARS";
MPRINT(EM_REPORT):   VALUE = "";
MPRINT(EM_REPORT):   VIEW = 0.04290268199653;
MPRINT(EM_REPORT):   output;
MPRINT(EM_REPORT):   NAME = "FREQVARS";
MPRINT(EM_REPORT):   VALUE = "";
MPRINT(EM_REPORT):   VIEW = 0.04290268199653;
MPRINT(EM_REPORT):   output;
MPRINT(EM_REPORT):   NAME = "AXIS";
MPRINT(EM_REPORT):   VALUE = "";
MPRINT(EM_REPORT):   VIEW = 0.04290268199653;
MPRINT(EM_REPORT):   output;
MPRINT(EM_REPORT):   NAME = "FREQ";
MPRINT(EM_REPORT):   VALUE = "";
MPRINT(EM_REPORT):   VIEW = 0.04290268199653;
MPRINT(EM_REPORT):   output;
MPRINT(EM_REPORT):   NAME = "GROUP";
MPRINT(EM_REPORT):   VALUE = "";
MPRINT(EM_REPORT):   VIEW = 0.04290268199653;
MPRINT(EM_REPORT):   output;
MPRINT(EM_REPORT):   NAME = "SUBGROUP";
MPRINT(EM_REPORT):   VALUE = "";
MPRINT(EM_REPORT):   VIEW = 0.04290268199653;
MPRINT(EM_REPORT):   output;
MPRINT(EM_REPORT):   NAME = "BLOCK";
MPRINT(EM_REPORT):   VALUE = "MODEL";
MPRINT(EM_REPORT):   VIEW = 0.04290268199653;
MPRINT(EM_REPORT):   output;
MPRINT(EM_REPORT):   NAME = "COLOR";
MPRINT(EM_REPORT):   VALUE = "";
MPRINT(EM_REPORT):   VIEW = 0.04290268199653;
MPRINT(EM_REPORT):   output;
MPRINT(EM_REPORT):   NAME = "COLORINDEX";
MPRINT(EM_REPORT):   VALUE = "";
MPRINT(EM_REPORT):   VIEW = 0.04290268199653;
MPRINT(EM_REPORT):   output;
MPRINT(EM_REPORT):   NAME = "TIPTEXT";
MPRINT(EM_REPORT):   VALUE = "";
MPRINT(EM_REPORT):   VIEW = 0.04290268199653;
MPRINT(EM_REPORT):   output;
MPRINT(EM_REPORT):   NAME = "TIP";
MPRINT(EM_REPORT):   VALUE = "";
MPRINT(EM_REPORT):   VIEW = 0.04290268199653;
MPRINT(EM_REPORT):   output;
MPRINT(EM_REPORT):   NAME = "TOOLTIP";
MPRINT(EM_REPORT):   VALUE = "";
MPRINT(EM_REPORT):   VIEW = 0.04290268199653;
MPRINT(EM_REPORT):   output;
MPRINT(EM_REPORT):   NAME = "REPORTID";
MPRINT(EM_REPORT):   VALUE = "";
MPRINT(EM_REPORT):   VIEW = 0.04290268199653;
MPRINT(EM_REPORT):   output;
MPRINT(EM_REPORT):   NAME = "IDVALUE";
MPRINT(EM_REPORT):   VALUE = "";
MPRINT(EM_REPORT):   VIEW = 0.04290268199653;
MPRINT(EM_REPORT):   output;
MPRINT(EM_REPORT):   NAME = "ID";
MPRINT(EM_REPORT):   VALUE = "";
MPRINT(EM_REPORT):   VIEW = 0.04290268199653;
MPRINT(EM_REPORT):   output;
MPRINT(EM_REPORT):   NAME = "SIZE";
MPRINT(EM_REPORT):   VALUE = "";
MPRINT(EM_REPORT):   VIEW = 0.04290268199653;
MPRINT(EM_REPORT):   output;
MPRINT(EM_REPORT):   NAME = "FROM";
MPRINT(EM_REPORT):   VALUE = "";
MPRINT(EM_REPORT):   VIEW = 0.04290268199653;
MPRINT(EM_REPORT):   output;
MPRINT(EM_REPORT):   NAME = "TO";
MPRINT(EM_REPORT):   VALUE = "";
MPRINT(EM_REPORT):   VIEW = 0.04290268199653;
MPRINT(EM_REPORT):   output;
MPRINT(EM_REPORT):   NAME = "VALUE";
MPRINT(EM_REPORT):   VALUE = "";
MPRINT(EM_REPORT):   VIEW = 0.04290268199653;
MPRINT(EM_REPORT):   output;
MPRINT(EM_REPORT):   NAME = "VIEWS";
MPRINT(EM_REPORT):   VALUE = "";
MPRINT(EM_REPORT):   VIEW = 0.04290268199653;
MPRINT(EM_REPORT):   output;
MPRINT(EM_REPORT):   NAME = "PARENT";
MPRINT(EM_REPORT):   VALUE = "";
MPRINT(EM_REPORT):   VIEW = 0.04290268199653;
MPRINT(EM_REPORT):   output;
MPRINT(EM_REPORT):   NAME = "NODETEXT";
MPRINT(EM_REPORT):   VALUE = "";
MPRINT(EM_REPORT):   VIEW = 0.04290268199653;
MPRINT(EM_REPORT):   output;
MPRINT(EM_REPORT):   NAME = "ABOVETEXT";
MPRINT(EM_REPORT):   VALUE = "";
MPRINT(EM_REPORT):   VIEW = 0.04290268199653;
MPRINT(EM_REPORT):   output;
MPRINT(EM_REPORT):   NAME = "BELOWTEXT";
MPRINT(EM_REPORT):   VALUE = "";
MPRINT(EM_REPORT):   VIEW = 0.04290268199653;
MPRINT(EM_REPORT):   output;
MPRINT(EM_REPORT):   NAME = "NODESIZE";
MPRINT(EM_REPORT):   VALUE = "";
MPRINT(EM_REPORT):   VIEW = 0.04290268199653;
MPRINT(EM_REPORT):   output;
MPRINT(EM_REPORT):   NAME = "STATS";
MPRINT(EM_REPORT):   VALUE = "";
MPRINT(EM_REPORT):   VIEW = 0.04290268199653;
MPRINT(EM_REPORT):   output;
MPRINT(EM_REPORT):   NAME = "CLASSDIST";
MPRINT(EM_REPORT):   VALUE = "";
MPRINT(EM_REPORT):   VIEW = 0.04290268199653;
MPRINT(EM_REPORT):   output;
MPRINT(EM_REPORT):   NAME = "INTDIST";
MPRINT(EM_REPORT):   VALUE = "";
MPRINT(EM_REPORT):   VIEW = 0.04290268199653;
MPRINT(EM_REPORT):   output;
MPRINT(EM_REPORT):   NAME = "FOLDER";
MPRINT(EM_REPORT):   VALUE = "";
MPRINT(EM_REPORT):   VIEW = 0.04290268199653;
MPRINT(EM_REPORT):   output;
MPRINT(EM_REPORT):   NAME = "YPLOTTYPE";
MPRINT(EM_REPORT):   VALUE = "";
MPRINT(EM_REPORT):   VIEW = 0.04290268199653;
MPRINT(EM_REPORT):   output;
MPRINT(EM_REPORT):   NAME = "XREF";
MPRINT(EM_REPORT):   VALUE = "";
MPRINT(EM_REPORT):   VIEW = 0.04290268199653;
MPRINT(EM_REPORT):   output;
MPRINT(EM_REPORT):   NAME = "XREF2";
MPRINT(EM_REPORT):   VALUE = "";
MPRINT(EM_REPORT):   VIEW = 0.04290268199653;
MPRINT(EM_REPORT):   output;
MPRINT(EM_REPORT):   NAME = "YREF";
MPRINT(EM_REPORT):   VALUE = "";
MPRINT(EM_REPORT):   VIEW = 0.04290268199653;
MPRINT(EM_REPORT):   output;
MPRINT(EM_REPORT):   NAME = "Y2REF";
MPRINT(EM_REPORT):   VALUE = "";
MPRINT(EM_REPORT):   VIEW = 0.04290268199653;
MPRINT(EM_REPORT):   output;
MPRINT(EM_REPORT):   NAME = "YREF2";
MPRINT(EM_REPORT):   VALUE = "";
MPRINT(EM_REPORT):   VIEW = 0.04290268199653;
MPRINT(EM_REPORT):   output;
MPRINT(EM_REPORT):   NAME = "Y2REF2";
MPRINT(EM_REPORT):   VALUE = "";
MPRINT(EM_REPORT):   VIEW = 0.04290268199653;
MPRINT(EM_REPORT):   output;
MPRINT(EM_REPORT):   NAME = "GROUPINDEX";
MPRINT(EM_REPORT):   VALUE = "";
MPRINT(EM_REPORT):   VIEW = 0.04290268199653;
MPRINT(EM_REPORT):   output;
MPRINT(EM_REPORT):   NAME = "JOIN";
MPRINT(EM_REPORT):   VALUE = "";
MPRINT(EM_REPORT):   VIEW = 0.04290268199653;
MPRINT(EM_REPORT):   output;
MPRINT(EM_REPORT):   NAME = "XEXCLUDE";
MPRINT(EM_REPORT):   VALUE = "";
MPRINT(EM_REPORT):   VIEW = 0.04290268199653;
MPRINT(EM_REPORT):   output;
MPRINT(EM_REPORT):   NAME = "FREQEXCLUDE";
MPRINT(EM_REPORT):   VALUE = "";
MPRINT(EM_REPORT):   VIEW = 0.04290268199653;
MPRINT(EM_REPORT):   output;
MPRINT(EM_REPORT):   NAME = "YEXCLUDE";
MPRINT(EM_REPORT):   VALUE = "";
MPRINT(EM_REPORT):   VIEW = 0.04290268199653;
MPRINT(EM_REPORT):   output;
MPRINT(EM_REPORT):   NAME = "NAME";
MPRINT(EM_REPORT):   VALUE = "";
MPRINT(EM_REPORT):   VIEW = 0.04290268199653;
MPRINT(EM_REPORT):   output;
MPRINT(EM_REPORT):   NAME = "HEIGHT";
MPRINT(EM_REPORT):   VALUE = "";
MPRINT(EM_REPORT):   VIEW = 0.04290268199653;
MPRINT(EM_REPORT):   output;
MPRINT(EM_REPORT):   NAME = "WIDTH";
MPRINT(EM_REPORT):   VALUE = "PERC_TRAIN";
MPRINT(EM_REPORT):   VIEW = 0.04290268199653;
MPRINT(EM_REPORT):   output;
MPRINT(EM_REPORT):   NAME = "XAXISLABEL";
MPRINT(EM_REPORT):   VALUE = "";
MPRINT(EM_REPORT):   VIEW = 0.04290268199653;
MPRINT(EM_REPORT):   output;
MPRINT(EM_REPORT):   NAME = "Y2AXISLABEL";
MPRINT(EM_REPORT):   VALUE = "";
MPRINT(EM_REPORT):   VIEW = 0.04290268199653;
MPRINT(EM_REPORT):   output;
MPRINT(EM_REPORT):   NAME = "YAXISLABEL";
MPRINT(EM_REPORT):   VALUE = "";
MPRINT(EM_REPORT):   VIEW = 0.04290268199653;
MPRINT(EM_REPORT):   output;
MPRINT(EM_REPORT):   NAME = "DISPLAYXLABEL";
MPRINT(EM_REPORT):   VALUE = "Y";
MPRINT(EM_REPORT):   VIEW = 0.04290268199653;
MPRINT(EM_REPORT):   output;
MPRINT(EM_REPORT):   NAME = "DISPLAYYLABEL";
MPRINT(EM_REPORT):   VALUE = "Y";
MPRINT(EM_REPORT):   VIEW = 0.04290268199653;
MPRINT(EM_REPORT):   output;
MPRINT(EM_REPORT):   NAME = "CHOICETEXT";
MPRINT(EM_REPORT):   VALUE = "";
MPRINT(EM_REPORT):   VIEW = 0.04290268199653;
MPRINT(EM_REPORT):   output;
MPRINT(EM_REPORT):   NAME = "SEGMENTVALUE";
MPRINT(EM_REPORT):   VALUE = "";
MPRINT(EM_REPORT):   VIEW = 0.04290268199653;
MPRINT(EM_REPORT):   output;
MPRINT(EM_REPORT):   NAME = "LOWERBAND";
MPRINT(EM_REPORT):   VALUE = "";
MPRINT(EM_REPORT):   VIEW = 0.04290268199653;
MPRINT(EM_REPORT):   output;
MPRINT(EM_REPORT):   NAME = "UPPERBAND";
MPRINT(EM_REPORT):   VALUE = "";
MPRINT(EM_REPORT):   VIEW = 0.04290268199653;
MPRINT(EM_REPORT):   output;
MPRINT(EM_REPORT):   NAME = "YLINE";
MPRINT(EM_REPORT):   VALUE = "";
MPRINT(EM_REPORT):   VIEW = 0.04290268199653;
MPRINT(EM_REPORT):   output;
MPRINT(EM_REPORT):   NAME = "LINKKEY";
MPRINT(EM_REPORT):   VALUE = "";
MPRINT(EM_REPORT):   VIEW = 0.04290268199653;
MPRINT(EM_REPORT):   output;
MPRINT(EM_REPORT):   NAME = "NODEKEY";
MPRINT(EM_REPORT):   VALUE = "";
MPRINT(EM_REPORT):   VIEW = 0.04290268199653;
MPRINT(EM_REPORT):   output;
MPRINT(EM_REPORT):   NAME = "NODEID";
MPRINT(EM_REPORT):   VALUE = "";
MPRINT(EM_REPORT):   VIEW = 0.04290268199653;
MPRINT(EM_REPORT):   output;
MPRINT(EM_REPORT):   NAME = "NODEVALUE";
MPRINT(EM_REPORT):   VALUE = "";
MPRINT(EM_REPORT):   VIEW = 0.04290268199653;
MPRINT(EM_REPORT):   output;
MPRINT(EM_REPORT):   NAME = "NODECOLOR";
MPRINT(EM_REPORT):   VALUE = "";
MPRINT(EM_REPORT):   VIEW = 0.04290268199653;
MPRINT(EM_REPORT):   output;
MPRINT(EM_REPORT):   NAME = "NODESHAPE";
MPRINT(EM_REPORT):   VALUE = "";
MPRINT(EM_REPORT):   VIEW = 0.04290268199653;
MPRINT(EM_REPORT):   output;
MPRINT(EM_REPORT):   NAME = "NODESHAPEVAR";
MPRINT(EM_REPORT):   VALUE = "";
MPRINT(EM_REPORT):   VIEW = 0.04290268199653;
MPRINT(EM_REPORT):   output;
MPRINT(EM_REPORT):   NAME = "NODELABEL";
MPRINT(EM_REPORT):   VALUE = "";
MPRINT(EM_REPORT):   VIEW = 0.04290268199653;
MPRINT(EM_REPORT):   output;
MPRINT(EM_REPORT):   NAME = "NODETIP";
MPRINT(EM_REPORT):   VALUE = "";
MPRINT(EM_REPORT):   VIEW = 0.04290268199653;
MPRINT(EM_REPORT):   output;
MPRINT(EM_REPORT):   NAME = "LINKID";
MPRINT(EM_REPORT):   VALUE = "";
MPRINT(EM_REPORT):   VIEW = 0.04290268199653;
MPRINT(EM_REPORT):   output;
MPRINT(EM_REPORT):   NAME = "LINKVALUE";
MPRINT(EM_REPORT):   VALUE = "";
MPRINT(EM_REPORT):   VIEW = 0.04290268199653;
MPRINT(EM_REPORT):   output;
MPRINT(EM_REPORT):   NAME = "LINKFROM";
MPRINT(EM_REPORT):   VALUE = "";
MPRINT(EM_REPORT):   VIEW = 0.04290268199653;
MPRINT(EM_REPORT):   output;
MPRINT(EM_REPORT):   NAME = "LINKTO";
MPRINT(EM_REPORT):   VALUE = "";
MPRINT(EM_REPORT):   VIEW = 0.04290268199653;
MPRINT(EM_REPORT):   output;
MPRINT(EM_REPORT):   NAME = "LINKCOLOR";
MPRINT(EM_REPORT):   VALUE = "";
MPRINT(EM_REPORT):   VIEW = 0.04290268199653;
MPRINT(EM_REPORT):   output;
MPRINT(EM_REPORT):   NAME = "LINKWIDTH";
MPRINT(EM_REPORT):   VALUE = "";
MPRINT(EM_REPORT):   VIEW = 0.04290268199653;
MPRINT(EM_REPORT):   output;
MPRINT(EM_REPORT):   NAME = "LINKTIP";
MPRINT(EM_REPORT):   VALUE = "";
MPRINT(EM_REPORT):   VIEW = 0.04290268199653;
MPRINT(EM_REPORT):   output;
MPRINT(EM_REPORT):   NAME = "XFROM";
MPRINT(EM_REPORT):   VALUE = "";
MPRINT(EM_REPORT):   VIEW = 0.04290268199653;
MPRINT(EM_REPORT):   output;
MPRINT(EM_REPORT):   NAME = "XTO";
MPRINT(EM_REPORT):   VALUE = "";
MPRINT(EM_REPORT):   VIEW = 0.04290268199653;
MPRINT(EM_REPORT):   output;
MPRINT(EM_REPORT):   NAME = "YFROM";
MPRINT(EM_REPORT):   VALUE = "";
MPRINT(EM_REPORT):   VIEW = 0.04290268199653;
MPRINT(EM_REPORT):   output;
MPRINT(EM_REPORT):   NAME = "YTO";
MPRINT(EM_REPORT):   VALUE = "";
MPRINT(EM_REPORT):   VIEW = 0.04290268199653;
MPRINT(EM_REPORT):   output;
MPRINT(EM_REPORT):   NAME = "MATRIXVAR";
MPRINT(EM_REPORT):   VALUE = "";
MPRINT(EM_REPORT):   VIEW = 0.04290268199653;
MPRINT(EM_REPORT):   output;
MPRINT(EM_REPORT):   NAME = "RESPONSE";
MPRINT(EM_REPORT):   VALUE = "";
MPRINT(EM_REPORT):   VIEW = 0.04290268199653;
MPRINT(EM_REPORT):   output;
MPRINT(EM_REPORT):   NAME = "SERIES";
MPRINT(EM_REPORT):   VALUE = "";
MPRINT(EM_REPORT):   VIEW = 0.04290268199653;
MPRINT(EM_REPORT):   output;
MPRINT(EM_REPORT):   NAME = "DESCARG";
MPRINT(EM_REPORT):   VALUE = "";
MPRINT(EM_REPORT):   VIEW = 0.04290268199653;
MPRINT(EM_REPORT):   output;
MPRINT(EM_REPORT):   NAME = "SLIDER";
MPRINT(EM_REPORT):   VALUE = "";
MPRINT(EM_REPORT):   VIEW = 0.04290268199653;
MPRINT(EM_REPORT):   output;
MPRINT(EM_REPORT):   NAME = "MarkerSize";
MPRINT(EM_REPORT):   VALUE = "";
MPRINT(EM_REPORT):   VIEW = 0.04290268199653;
MPRINT(EM_REPORT):   output;
MPRINT(EM_REPORT):   NAME = "Marker";
MPRINT(EM_REPORT):   VALUE = "";
MPRINT(EM_REPORT):   VIEW = 0.04290268199653;
MPRINT(EM_REPORT):   output;
MPRINT(EM_REPORT):   NAME = "Y1";
MPRINT(EM_REPORT):   VALUE = "";
MPRINT(EM_REPORT):   VIEW = 0.04290268199653;
MPRINT(EM_REPORT):   output;
MPRINT(EM_REPORT):   NAME = "Y2";
MPRINT(EM_REPORT):   VALUE = "";
MPRINT(EM_REPORT):   VIEW = 0.04290268199653;
MPRINT(EM_REPORT):   output;
MPRINT(EM_REPORT):   NAME = "Y3";
MPRINT(EM_REPORT):   VALUE = "";
MPRINT(EM_REPORT):   VIEW = 0.04290268199653;
MPRINT(EM_REPORT):   output;
MPRINT(EM_REPORT):   NAME = "Y4";
MPRINT(EM_REPORT):   VALUE = "";
MPRINT(EM_REPORT):   VIEW = 0.04290268199653;
MPRINT(EM_REPORT):   output;
MPRINT(EM_REPORT):   NAME = "Y5";
MPRINT(EM_REPORT):   VALUE = "";
MPRINT(EM_REPORT):   VIEW = 0.04290268199653;
MPRINT(EM_REPORT):   output;
MPRINT(EM_REPORT):   NAME = "Y6";
MPRINT(EM_REPORT):   VALUE = "";
MPRINT(EM_REPORT):   VIEW = 0.04290268199653;
MPRINT(EM_REPORT):   output;
MPRINT(EM_REPORT):   NAME = "Y7";
MPRINT(EM_REPORT):   VALUE = "";
MPRINT(EM_REPORT):   VIEW = 0.04290268199653;
MPRINT(EM_REPORT):   output;
MPRINT(EM_REPORT):   NAME = "Y8";
MPRINT(EM_REPORT):   VALUE = "";
MPRINT(EM_REPORT):   VIEW = 0.04290268199653;
MPRINT(EM_REPORT):   output;
MPRINT(EM_REPORT):   NAME = "Y9";
MPRINT(EM_REPORT):   VALUE = "";
MPRINT(EM_REPORT):   VIEW = 0.04290268199653;
MPRINT(EM_REPORT):   output;
MPRINT(EM_REPORT):   NAME = "Y10";
MPRINT(EM_REPORT):   VALUE = "";
MPRINT(EM_REPORT):   VIEW = 0.04290268199653;
MPRINT(EM_REPORT):   output;
MPRINT(EM_REPORT):   NAME = "Y11";
MPRINT(EM_REPORT):   VALUE = "";
MPRINT(EM_REPORT):   VIEW = 0.04290268199653;
MPRINT(EM_REPORT):   output;
MPRINT(EM_REPORT):   NAME = "Y12";
MPRINT(EM_REPORT):   VALUE = "";
MPRINT(EM_REPORT):   VIEW = 0.04290268199653;
MPRINT(EM_REPORT):   output;
MPRINT(EM_REPORT):   NAME = "Y13";
MPRINT(EM_REPORT):   VALUE = "";
MPRINT(EM_REPORT):   VIEW = 0.04290268199653;
MPRINT(EM_REPORT):   output;
MPRINT(EM_REPORT):   NAME = "Y14";
MPRINT(EM_REPORT):   VALUE = "";
MPRINT(EM_REPORT):   VIEW = 0.04290268199653;
MPRINT(EM_REPORT):   output;
MPRINT(EM_REPORT):   NAME = "Y15";
MPRINT(EM_REPORT):   VALUE = "";
MPRINT(EM_REPORT):   VIEW = 0.04290268199653;
MPRINT(EM_REPORT):   output;
MPRINT(EM_REPORT):   NAME = "Y16";
MPRINT(EM_REPORT):   VALUE = "";
MPRINT(EM_REPORT):   VIEW = 0.04290268199653;
MPRINT(EM_REPORT):   output;
MPRINT(EM_REPORT):   NAME = "TITLE";
MPRINT(EM_REPORT):   VALUE = "";
MPRINT(EM_REPORT):   VIEW = 0.04290268199653;
MPRINT(EM_REPORT):   output;
MPRINT(EM_REPORT):   NAME = "LEGEND";
MPRINT(EM_REPORT):   VALUE = "";
MPRINT(EM_REPORT):   VIEW = 0.04290268199653;
MPRINT(EM_REPORT):   output;
MPRINT(EM_REPORT):   NAME = "LEGENDTITLE";
MPRINT(EM_REPORT):   VALUE = "";
MPRINT(EM_REPORT):   VIEW = 0.04290268199653;
MPRINT(EM_REPORT):   output;
MPRINT(EM_REPORT):   NAME = "SHAPE";
MPRINT(EM_REPORT):   VALUE = "";
MPRINT(EM_REPORT):   VIEW = 0.04290268199653;
MPRINT(EM_REPORT):   output;
MPRINT(EM_REPORT):   NAME = "METHOD";
MPRINT(EM_REPORT):   VALUE = "";
MPRINT(EM_REPORT):   VIEW = 0.04290268199653;
MPRINT(EM_REPORT):   output;
MPRINT(EM_REPORT):   NAME = "NOBINMISS";
MPRINT(EM_REPORT):   VALUE = "";
MPRINT(EM_REPORT):   VIEW = 0.04290268199653;
MPRINT(EM_REPORT):   output;
MPRINT(EM_REPORT):   end;
MPRINT(EM_REPORT):   run;

NOTE: There were 264 observations read from the data set WORK.EM_USER_REPORT.
NOTE: The data set WORK.EM_USER_REPORT has 397 observations and 4 variables.
NOTE: DATA statement used (Total process time):
      real time           0.02 seconds
      cpu time            0.01 seconds
      

MPRINT(EM_TREE_REPORT):  ;
MPRINT(EM_TREE_REPORT):   proc sort data=EMWS1.Tree8_TREE_PLOT out=t;
MPRINT(EM_TREE_REPORT):   by descending N;
MPRINT(EM_TREE_REPORT):   run;

NOTE: There were 7 observations read from the data set EMWS1.TREE8_TREE_PLOT.
NOTE: The data set WORK.T has 7 observations and 37 variables.
NOTE: PROCEDURE SORT used (Total process time):
      real time           0.00 seconds
      cpu time            0.01 seconds
      

MPRINT(EM_TREE_REPORT):   data _null_;
MPRINT(EM_TREE_REPORT):   set t (obs=2) end=eof;
MPRINT(EM_TREE_REPORT):   if eof then do;
MPRINT(EM_TREE_REPORT):   call symput("vn", strip(put(vn, best.)));
MPRINT(EM_TREE_REPORT):   end;
MPRINT(EM_TREE_REPORT):   run;

NOTE: There were 2 observations read from the data set WORK.T.
NOTE: DATA statement used (Total process time):
      real time           0.01 seconds
      cpu time            0.00 seconds
      

MPRINT(EM_TREE_REPORT):   data t;
MPRINT(EM_TREE_REPORT):   set t;
MPRINT(EM_TREE_REPORT):   label N= "Training Observations" DEPTH=
MPRINT(EM_TREE_REPORT):   "Depth" VN=
MPRINT(EM_TREE_REPORT):   "Validation Observations" ;
MPRINT(EM_TREE_REPORT):   run;

NOTE: There were 7 observations read from the data set WORK.T.
NOTE: The data set WORK.T has 7 observations and 37 variables.
NOTE: DATA statement used (Total process time):
      real time           0.01 seconds
      cpu time            0.00 seconds
      

MPRINT(EM_TREE_REPORT):   title10 "Tree Leaf Report";
MPRINT(EM_TREE_REPORT):   proc print data=t noobs label;
MPRINT(EM_TREE_REPORT):   where tprob ne .;
MPRINT(EM_TREE_REPORT):   var node depth N tprob VN vprob ;
MPRINT(EM_TREE_REPORT):   run;

NOTE: There were 4 observations read from the data set WORK.T.
      WHERE tprob not = .;
NOTE: The PROCEDURE PRINT printed page 8.
NOTE: PROCEDURE PRINT used (Total process time):
      real time           0.00 seconds
      cpu time            0.00 seconds
      

MPRINT(EM_TREE_REPORT):   title10;
MPRINT(EM_TREE_REPORT):  ;
MPRINT(EM_TREE_REPORT):   data _null_;
MPRINT(EM_TREE_REPORT):   set EMWS1.Tree8_OUTTOPOLOGY end=eof;
MPRINT(EM_TREE_REPORT):   if eof then do;
MPRINT(EM_TREE_REPORT):   call symput('nleaves', LEAF);
MPRINT(EM_TREE_REPORT):   end;
MPRINT(EM_TREE_REPORT):   run;

NOTE: Numeric values have been converted to character values at the places given by: (Line):(Column).
      306:141   
NOTE: There were 7 observations read from the data set EMWS1.TREE8_OUTTOPOLOGY.
NOTE: DATA statement used (Total process time):
      real time           0.00 seconds
      cpu time            0.01 seconds
      

MPRINT(EM_REPORT):   data WORK.EM_USER_REPORT;
MPRINT(EM_REPORT):   set WORK.EM_USER_REPORT end=eof;
MPRINT(EM_REPORT):   output;
MPRINT(EM_REPORT):   if eof then do;
MPRINT(EM_REPORT):   id+1;
MPRINT(EM_REPORT):   NAME = "KEY";
MPRINT(EM_REPORT):   VALUE = "OUTSEQ";
MPRINT(EM_REPORT):   VIEW = 0.93260375453746;
MPRINT(EM_REPORT):   output;
MPRINT(EM_REPORT):   NAME = "VIEWTYPE";
MPRINT(EM_REPORT):   VALUE = "ITERATIONPLOT";
MPRINT(EM_REPORT):   VIEW = 0.93260375453746;
MPRINT(EM_REPORT):   output;
MPRINT(EM_REPORT):   NAME = "AUTODISPLAY";
MPRINT(EM_REPORT):   VALUE = "N";
MPRINT(EM_REPORT):   VIEW = 0.93260375453746;
MPRINT(EM_REPORT):   output;
MPRINT(EM_REPORT):   NAME = "SPK";
MPRINT(EM_REPORT):   VALUE = "Y";
MPRINT(EM_REPORT):   VIEW = 0.93260375453746;
MPRINT(EM_REPORT):   output;
MPRINT(EM_REPORT):   NAME = "COMPARE";
MPRINT(EM_REPORT):   VALUE = "N";
MPRINT(EM_REPORT):   VIEW = 0.93260375453746;
MPRINT(EM_REPORT):   output;
MPRINT(EM_REPORT):   NAME = "LOCALIZE";
MPRINT(EM_REPORT):   VALUE = "N";
MPRINT(EM_REPORT):   VIEW = 0.93260375453746;
MPRINT(EM_REPORT):   output;
MPRINT(EM_REPORT):   NAME = "EQUALIZEROWX";
MPRINT(EM_REPORT):   VALUE = "N";
MPRINT(EM_REPORT):   VIEW = 0.93260375453746;
MPRINT(EM_REPORT):   output;
MPRINT(EM_REPORT):   NAME = "EQUALIZEROWY";
MPRINT(EM_REPORT):   VALUE = "N";
MPRINT(EM_REPORT):   VIEW = 0.93260375453746;
MPRINT(EM_REPORT):   output;
MPRINT(EM_REPORT):   NAME = "EQUALIZECOLX";
MPRINT(EM_REPORT):   VALUE = "N";
MPRINT(EM_REPORT):   VIEW = 0.93260375453746;
MPRINT(EM_REPORT):   output;
MPRINT(EM_REPORT):   NAME = "EQUALIZECOLY";
MPRINT(EM_REPORT):   VALUE = "N";
MPRINT(EM_REPORT):   VIEW = 0.93260375453746;
MPRINT(EM_REPORT):   output;
MPRINT(EM_REPORT):   NAME = "NROWS";
MPRINT(EM_REPORT):   VALUE = "";
MPRINT(EM_REPORT):   VIEW = 0.93260375453746;
MPRINT(EM_REPORT):   output;
MPRINT(EM_REPORT):   NAME = "NCOLS";
MPRINT(EM_REPORT):   VALUE = "";
MPRINT(EM_REPORT):   VIEW = 0.93260375453746;
MPRINT(EM_REPORT):   output;
MPRINT(EM_REPORT):   NAME = "DISCRETEX";
MPRINT(EM_REPORT):   VALUE = "";
MPRINT(EM_REPORT):   VIEW = 0.93260375453746;
MPRINT(EM_REPORT):   output;
MPRINT(EM_REPORT):   NAME = "DISCRETEY";
MPRINT(EM_REPORT):   VALUE = "";
MPRINT(EM_REPORT):   VIEW = 0.93260375453746;
MPRINT(EM_REPORT):   output;
MPRINT(EM_REPORT):   NAME = "LATTICEX";
MPRINT(EM_REPORT):   VALUE = "";
MPRINT(EM_REPORT):   VIEW = 0.93260375453746;
MPRINT(EM_REPORT):   output;
MPRINT(EM_REPORT):   NAME = "LATTICEY";
MPRINT(EM_REPORT):   VALUE = "";
MPRINT(EM_REPORT):   VIEW = 0.93260375453746;
MPRINT(EM_REPORT):   output;
MPRINT(EM_REPORT):   NAME = "LATTICETYPE";
MPRINT(EM_REPORT):   VALUE = "";
MPRINT(EM_REPORT):   VIEW = 0.93260375453746;
MPRINT(EM_REPORT):   output;
MPRINT(EM_REPORT):   NAME = "ABSOLUTEVALUE";
MPRINT(EM_REPORT):   VALUE = "";
MPRINT(EM_REPORT):   VIEW = 0.93260375453746;
MPRINT(EM_REPORT):   output;
MPRINT(EM_REPORT):   NAME = "SORTORDER";
MPRINT(EM_REPORT):   VALUE = "";
MPRINT(EM_REPORT):   VIEW = 0.93260375453746;
MPRINT(EM_REPORT):   output;
MPRINT(EM_REPORT):   NAME = "SORTORDERY";
MPRINT(EM_REPORT):   VALUE = "";
MPRINT(EM_REPORT):   VIEW = 0.93260375453746;
MPRINT(EM_REPORT):   output;
MPRINT(EM_REPORT):   NAME = "ORIENTATION";
MPRINT(EM_REPORT):   VALUE = "";
MPRINT(EM_REPORT):   VIEW = 0.93260375453746;
MPRINT(EM_REPORT):   output;
MPRINT(EM_REPORT):   NAME = "METHOD";
MPRINT(EM_REPORT):   VALUE = "";
MPRINT(EM_REPORT):   VIEW = 0.93260375453746;
MPRINT(EM_REPORT):   output;
MPRINT(EM_REPORT):   NAME = "DIRECTION";
MPRINT(EM_REPORT):   VALUE = "";
MPRINT(EM_REPORT):   VIEW = 0.93260375453746;
MPRINT(EM_REPORT):   output;
MPRINT(EM_REPORT):   NAME = "BYSET";
MPRINT(EM_REPORT):   VALUE = "";
MPRINT(EM_REPORT):   VIEW = 0.93260375453746;
MPRINT(EM_REPORT):   output;
MPRINT(EM_REPORT):   NAME = "RENDERMODE";
MPRINT(EM_REPORT):   VALUE = "";
MPRINT(EM_REPORT):   VIEW = 0.93260375453746;
MPRINT(EM_REPORT):   output;
MPRINT(EM_REPORT):   NAME = "DESCRIPTION";
MPRINT(EM_REPORT):   VALUE = "SUBTREE";
MPRINT(EM_REPORT):   VIEW = 0.93260375453746;
MPRINT(EM_REPORT):   output;
MPRINT(EM_REPORT):   NAME = "X";
MPRINT(EM_REPORT):   VALUE = "_NW_";
MPRINT(EM_REPORT):   VIEW = 0.93260375453746;
MPRINT(EM_REPORT):   output;
MPRINT(EM_REPORT):   NAME = "EXCLUDEVARS";
MPRINT(EM_REPORT):   VALUE = "";
MPRINT(EM_REPORT):   VIEW = 0.93260375453746;
MPRINT(EM_REPORT):   output;
MPRINT(EM_REPORT):   NAME = "Z";
MPRINT(EM_REPORT):   VALUE = "";
MPRINT(EM_REPORT):   VIEW = 0.93260375453746;
MPRINT(EM_REPORT):   output;
MPRINT(EM_REPORT):   NAME = "YVARS";
MPRINT(EM_REPORT):   VALUE = "";
MPRINT(EM_REPORT):   VIEW = 0.93260375453746;
MPRINT(EM_REPORT):   output;
MPRINT(EM_REPORT):   NAME = "FREQVARS";
MPRINT(EM_REPORT):   VALUE = "";
MPRINT(EM_REPORT):   VIEW = 0.93260375453746;
MPRINT(EM_REPORT):   output;
MPRINT(EM_REPORT):   NAME = "AXIS";
MPRINT(EM_REPORT):   VALUE = "";
MPRINT(EM_REPORT):   VIEW = 0.93260375453746;
MPRINT(EM_REPORT):   output;
MPRINT(EM_REPORT):   NAME = "FREQ";
MPRINT(EM_REPORT):   VALUE = "";
MPRINT(EM_REPORT):   VIEW = 0.93260375453746;
MPRINT(EM_REPORT):   output;
MPRINT(EM_REPORT):   NAME = "GROUP";
MPRINT(EM_REPORT):   VALUE = "";
MPRINT(EM_REPORT):   VIEW = 0.93260375453746;
MPRINT(EM_REPORT):   output;
MPRINT(EM_REPORT):   NAME = "SUBGROUP";
MPRINT(EM_REPORT):   VALUE = "";
MPRINT(EM_REPORT):   VIEW = 0.93260375453746;
MPRINT(EM_REPORT):   output;
MPRINT(EM_REPORT):   NAME = "BLOCK";
MPRINT(EM_REPORT):   VALUE = "MODEL";
MPRINT(EM_REPORT):   VIEW = 0.93260375453746;
MPRINT(EM_REPORT):   output;
MPRINT(EM_REPORT):   NAME = "COLOR";
MPRINT(EM_REPORT):   VALUE = "";
MPRINT(EM_REPORT):   VIEW = 0.93260375453746;
MPRINT(EM_REPORT):   output;
MPRINT(EM_REPORT):   NAME = "COLORINDEX";
MPRINT(EM_REPORT):   VALUE = "";
MPRINT(EM_REPORT):   VIEW = 0.93260375453746;
MPRINT(EM_REPORT):   output;
MPRINT(EM_REPORT):   NAME = "TIPTEXT";
MPRINT(EM_REPORT):   VALUE = "";
MPRINT(EM_REPORT):   VIEW = 0.93260375453746;
MPRINT(EM_REPORT):   output;
MPRINT(EM_REPORT):   NAME = "TIP";
MPRINT(EM_REPORT):   VALUE = "";
MPRINT(EM_REPORT):   VIEW = 0.93260375453746;
MPRINT(EM_REPORT):   output;
MPRINT(EM_REPORT):   NAME = "TOOLTIP";
MPRINT(EM_REPORT):   VALUE = "";
MPRINT(EM_REPORT):   VIEW = 0.93260375453746;
MPRINT(EM_REPORT):   output;
MPRINT(EM_REPORT):   NAME = "REPORTID";
MPRINT(EM_REPORT):   VALUE = "";
MPRINT(EM_REPORT):   VIEW = 0.93260375453746;
MPRINT(EM_REPORT):   output;
MPRINT(EM_REPORT):   NAME = "IDVALUE";
MPRINT(EM_REPORT):   VALUE = "";
MPRINT(EM_REPORT):   VIEW = 0.93260375453746;
MPRINT(EM_REPORT):   output;
MPRINT(EM_REPORT):   NAME = "ID";
MPRINT(EM_REPORT):   VALUE = "";
MPRINT(EM_REPORT):   VIEW = 0.93260375453746;
MPRINT(EM_REPORT):   output;
MPRINT(EM_REPORT):   NAME = "SIZE";
MPRINT(EM_REPORT):   VALUE = "";
MPRINT(EM_REPORT):   VIEW = 0.93260375453746;
MPRINT(EM_REPORT):   output;
MPRINT(EM_REPORT):   NAME = "FROM";
MPRINT(EM_REPORT):   VALUE = "";
MPRINT(EM_REPORT):   VIEW = 0.93260375453746;
MPRINT(EM_REPORT):   output;
MPRINT(EM_REPORT):   NAME = "TO";
MPRINT(EM_REPORT):   VALUE = "";
MPRINT(EM_REPORT):   VIEW = 0.93260375453746;
MPRINT(EM_REPORT):   output;
MPRINT(EM_REPORT):   NAME = "VALUE";
MPRINT(EM_REPORT):   VALUE = "";
MPRINT(EM_REPORT):   VIEW = 0.93260375453746;
MPRINT(EM_REPORT):   output;
MPRINT(EM_REPORT):   NAME = "VIEWS";
MPRINT(EM_REPORT):   VALUE = "";
MPRINT(EM_REPORT):   VIEW = 0.93260375453746;
MPRINT(EM_REPORT):   output;
MPRINT(EM_REPORT):   NAME = "PARENT";
MPRINT(EM_REPORT):   VALUE = "";
MPRINT(EM_REPORT):   VIEW = 0.93260375453746;
MPRINT(EM_REPORT):   output;
MPRINT(EM_REPORT):   NAME = "NODETEXT";
MPRINT(EM_REPORT):   VALUE = "";
MPRINT(EM_REPORT):   VIEW = 0.93260375453746;
MPRINT(EM_REPORT):   output;
MPRINT(EM_REPORT):   NAME = "ABOVETEXT";
MPRINT(EM_REPORT):   VALUE = "";
MPRINT(EM_REPORT):   VIEW = 0.93260375453746;
MPRINT(EM_REPORT):   output;
MPRINT(EM_REPORT):   NAME = "BELOWTEXT";
MPRINT(EM_REPORT):   VALUE = "";
MPRINT(EM_REPORT):   VIEW = 0.93260375453746;
MPRINT(EM_REPORT):   output;
MPRINT(EM_REPORT):   NAME = "NODESIZE";
MPRINT(EM_REPORT):   VALUE = "";
MPRINT(EM_REPORT):   VIEW = 0.93260375453746;
MPRINT(EM_REPORT):   output;
MPRINT(EM_REPORT):   NAME = "STATS";
MPRINT(EM_REPORT):   VALUE = "";
MPRINT(EM_REPORT):   VIEW = 0.93260375453746;
MPRINT(EM_REPORT):   output;
MPRINT(EM_REPORT):   NAME = "CLASSDIST";
MPRINT(EM_REPORT):   VALUE = "";
MPRINT(EM_REPORT):   VIEW = 0.93260375453746;
MPRINT(EM_REPORT):   output;
MPRINT(EM_REPORT):   NAME = "INTDIST";
MPRINT(EM_REPORT):   VALUE = "";
MPRINT(EM_REPORT):   VIEW = 0.93260375453746;
MPRINT(EM_REPORT):   output;
MPRINT(EM_REPORT):   NAME = "FOLDER";
MPRINT(EM_REPORT):   VALUE = "";
MPRINT(EM_REPORT):   VIEW = 0.93260375453746;
MPRINT(EM_REPORT):   output;
MPRINT(EM_REPORT):   NAME = "YPLOTTYPE";
MPRINT(EM_REPORT):   VALUE = "";
MPRINT(EM_REPORT):   VIEW = 0.93260375453746;
MPRINT(EM_REPORT):   output;
MPRINT(EM_REPORT):   NAME = "XREF";
MPRINT(EM_REPORT):   VALUE = "4";
MPRINT(EM_REPORT):   VIEW = 0.93260375453746;
MPRINT(EM_REPORT):   output;
MPRINT(EM_REPORT):   NAME = "XREF2";
MPRINT(EM_REPORT):   VALUE = "";
MPRINT(EM_REPORT):   VIEW = 0.93260375453746;
MPRINT(EM_REPORT):   output;
MPRINT(EM_REPORT):   NAME = "YREF";
MPRINT(EM_REPORT):   VALUE = "";
MPRINT(EM_REPORT):   VIEW = 0.93260375453746;
MPRINT(EM_REPORT):   output;
MPRINT(EM_REPORT):   NAME = "Y2REF";
MPRINT(EM_REPORT):   VALUE = "";
MPRINT(EM_REPORT):   VIEW = 0.93260375453746;
MPRINT(EM_REPORT):   output;
MPRINT(EM_REPORT):   NAME = "YREF2";
MPRINT(EM_REPORT):   VALUE = "";
MPRINT(EM_REPORT):   VIEW = 0.93260375453746;
MPRINT(EM_REPORT):   output;
MPRINT(EM_REPORT):   NAME = "Y2REF2";
MPRINT(EM_REPORT):   VALUE = "";
MPRINT(EM_REPORT):   VIEW = 0.93260375453746;
MPRINT(EM_REPORT):   output;
MPRINT(EM_REPORT):   NAME = "GROUPINDEX";
MPRINT(EM_REPORT):   VALUE = "";
MPRINT(EM_REPORT):   VIEW = 0.93260375453746;
MPRINT(EM_REPORT):   output;
MPRINT(EM_REPORT):   NAME = "JOIN";
MPRINT(EM_REPORT):   VALUE = "";
MPRINT(EM_REPORT):   VIEW = 0.93260375453746;
MPRINT(EM_REPORT):   output;
MPRINT(EM_REPORT):   NAME = "XEXCLUDE";
MPRINT(EM_REPORT):   VALUE = "";
MPRINT(EM_REPORT):   VIEW = 0.93260375453746;
MPRINT(EM_REPORT):   output;
MPRINT(EM_REPORT):   NAME = "FREQEXCLUDE";
MPRINT(EM_REPORT):   VALUE = "";
MPRINT(EM_REPORT):   VIEW = 0.93260375453746;
MPRINT(EM_REPORT):   output;
MPRINT(EM_REPORT):   NAME = "YEXCLUDE";
MPRINT(EM_REPORT):   VALUE = "";
MPRINT(EM_REPORT):   VIEW = 0.93260375453746;
MPRINT(EM_REPORT):   output;
MPRINT(EM_REPORT):   NAME = "NAME";
MPRINT(EM_REPORT):   VALUE = "";
MPRINT(EM_REPORT):   VIEW = 0.93260375453746;
MPRINT(EM_REPORT):   output;
MPRINT(EM_REPORT):   NAME = "HEIGHT";
MPRINT(EM_REPORT):   VALUE = "";
MPRINT(EM_REPORT):   VIEW = 0.93260375453746;
MPRINT(EM_REPORT):   output;
MPRINT(EM_REPORT):   NAME = "WIDTH";
MPRINT(EM_REPORT):   VALUE = "";
MPRINT(EM_REPORT):   VIEW = 0.93260375453746;
MPRINT(EM_REPORT):   output;
MPRINT(EM_REPORT):   NAME = "XAXISLABEL";
MPRINT(EM_REPORT):   VALUE = "";
MPRINT(EM_REPORT):   VIEW = 0.93260375453746;
MPRINT(EM_REPORT):   output;
MPRINT(EM_REPORT):   NAME = "Y2AXISLABEL";
MPRINT(EM_REPORT):   VALUE = "";
MPRINT(EM_REPORT):   VIEW = 0.93260375453746;
MPRINT(EM_REPORT):   output;
MPRINT(EM_REPORT):   NAME = "YAXISLABEL";
MPRINT(EM_REPORT):   VALUE = "";
MPRINT(EM_REPORT):   VIEW = 0.93260375453746;
MPRINT(EM_REPORT):   output;
MPRINT(EM_REPORT):   NAME = "DISPLAYXLABEL";
MPRINT(EM_REPORT):   VALUE = "Y";
MPRINT(EM_REPORT):   VIEW = 0.93260375453746;
MPRINT(EM_REPORT):   output;
MPRINT(EM_REPORT):   NAME = "DISPLAYYLABEL";
MPRINT(EM_REPORT):   VALUE = "Y";
MPRINT(EM_REPORT):   VIEW = 0.93260375453746;
MPRINT(EM_REPORT):   output;
MPRINT(EM_REPORT):   NAME = "CHOICETEXT";
MPRINT(EM_REPORT):   VALUE = "";
MPRINT(EM_REPORT):   VIEW = 0.93260375453746;
MPRINT(EM_REPORT):   output;
MPRINT(EM_REPORT):   NAME = "SEGMENTVALUE";
MPRINT(EM_REPORT):   VALUE = "";
MPRINT(EM_REPORT):   VIEW = 0.93260375453746;
MPRINT(EM_REPORT):   output;
MPRINT(EM_REPORT):   NAME = "LOWERBAND";
MPRINT(EM_REPORT):   VALUE = "";
MPRINT(EM_REPORT):   VIEW = 0.93260375453746;
MPRINT(EM_REPORT):   output;
MPRINT(EM_REPORT):   NAME = "UPPERBAND";
MPRINT(EM_REPORT):   VALUE = "";
MPRINT(EM_REPORT):   VIEW = 0.93260375453746;
MPRINT(EM_REPORT):   output;
MPRINT(EM_REPORT):   NAME = "YLINE";
MPRINT(EM_REPORT):   VALUE = "";
MPRINT(EM_REPORT):   VIEW = 0.93260375453746;
MPRINT(EM_REPORT):   output;
MPRINT(EM_REPORT):   NAME = "LINKKEY";
MPRINT(EM_REPORT):   VALUE = "";
MPRINT(EM_REPORT):   VIEW = 0.93260375453746;
MPRINT(EM_REPORT):   output;
MPRINT(EM_REPORT):   NAME = "NODEKEY";
MPRINT(EM_REPORT):   VALUE = "";
MPRINT(EM_REPORT):   VIEW = 0.93260375453746;
MPRINT(EM_REPORT):   output;
MPRINT(EM_REPORT):   NAME = "NODEID";
MPRINT(EM_REPORT):   VALUE = "";
MPRINT(EM_REPORT):   VIEW = 0.93260375453746;
MPRINT(EM_REPORT):   output;
MPRINT(EM_REPORT):   NAME = "NODEVALUE";
MPRINT(EM_REPORT):   VALUE = "";
MPRINT(EM_REPORT):   VIEW = 0.93260375453746;
MPRINT(EM_REPORT):   output;
MPRINT(EM_REPORT):   NAME = "NODECOLOR";
MPRINT(EM_REPORT):   VALUE = "";
MPRINT(EM_REPORT):   VIEW = 0.93260375453746;
MPRINT(EM_REPORT):   output;
MPRINT(EM_REPORT):   NAME = "NODESHAPE";
MPRINT(EM_REPORT):   VALUE = "";
MPRINT(EM_REPORT):   VIEW = 0.93260375453746;
MPRINT(EM_REPORT):   output;
MPRINT(EM_REPORT):   NAME = "NODESHAPEVAR";
MPRINT(EM_REPORT):   VALUE = "";
MPRINT(EM_REPORT):   VIEW = 0.93260375453746;
MPRINT(EM_REPORT):   output;
MPRINT(EM_REPORT):   NAME = "NODELABEL";
MPRINT(EM_REPORT):   VALUE = "";
MPRINT(EM_REPORT):   VIEW = 0.93260375453746;
MPRINT(EM_REPORT):   output;
MPRINT(EM_REPORT):   NAME = "NODETIP";
MPRINT(EM_REPORT):   VALUE = "";
MPRINT(EM_REPORT):   VIEW = 0.93260375453746;
MPRINT(EM_REPORT):   output;
MPRINT(EM_REPORT):   NAME = "LINKID";
MPRINT(EM_REPORT):   VALUE = "";
MPRINT(EM_REPORT):   VIEW = 0.93260375453746;
MPRINT(EM_REPORT):   output;
MPRINT(EM_REPORT):   NAME = "LINKVALUE";
MPRINT(EM_REPORT):   VALUE = "";
MPRINT(EM_REPORT):   VIEW = 0.93260375453746;
MPRINT(EM_REPORT):   output;
MPRINT(EM_REPORT):   NAME = "LINKFROM";
MPRINT(EM_REPORT):   VALUE = "";
MPRINT(EM_REPORT):   VIEW = 0.93260375453746;
MPRINT(EM_REPORT):   output;
MPRINT(EM_REPORT):   NAME = "LINKTO";
MPRINT(EM_REPORT):   VALUE = "";
MPRINT(EM_REPORT):   VIEW = 0.93260375453746;
MPRINT(EM_REPORT):   output;
MPRINT(EM_REPORT):   NAME = "LINKCOLOR";
MPRINT(EM_REPORT):   VALUE = "";
MPRINT(EM_REPORT):   VIEW = 0.93260375453746;
MPRINT(EM_REPORT):   output;
MPRINT(EM_REPORT):   NAME = "LINKWIDTH";
MPRINT(EM_REPORT):   VALUE = "";
MPRINT(EM_REPORT):   VIEW = 0.93260375453746;
MPRINT(EM_REPORT):   output;
MPRINT(EM_REPORT):   NAME = "LINKTIP";
MPRINT(EM_REPORT):   VALUE = "";
MPRINT(EM_REPORT):   VIEW = 0.93260375453746;
MPRINT(EM_REPORT):   output;
MPRINT(EM_REPORT):   NAME = "XFROM";
MPRINT(EM_REPORT):   VALUE = "";
MPRINT(EM_REPORT):   VIEW = 0.93260375453746;
MPRINT(EM_REPORT):   output;
MPRINT(EM_REPORT):   NAME = "XTO";
MPRINT(EM_REPORT):   VALUE = "";
MPRINT(EM_REPORT):   VIEW = 0.93260375453746;
MPRINT(EM_REPORT):   output;
MPRINT(EM_REPORT):   NAME = "YFROM";
MPRINT(EM_REPORT):   VALUE = "";
MPRINT(EM_REPORT):   VIEW = 0.93260375453746;
MPRINT(EM_REPORT):   output;
MPRINT(EM_REPORT):   NAME = "YTO";
MPRINT(EM_REPORT):   VALUE = "";
MPRINT(EM_REPORT):   VIEW = 0.93260375453746;
MPRINT(EM_REPORT):   output;
MPRINT(EM_REPORT):   NAME = "MATRIXVAR";
MPRINT(EM_REPORT):   VALUE = "";
MPRINT(EM_REPORT):   VIEW = 0.93260375453746;
MPRINT(EM_REPORT):   output;
MPRINT(EM_REPORT):   NAME = "RESPONSE";
MPRINT(EM_REPORT):   VALUE = "";
MPRINT(EM_REPORT):   VIEW = 0.93260375453746;
MPRINT(EM_REPORT):   output;
MPRINT(EM_REPORT):   NAME = "SERIES";
MPRINT(EM_REPORT):   VALUE = "";
MPRINT(EM_REPORT):   VIEW = 0.93260375453746;
MPRINT(EM_REPORT):   output;
MPRINT(EM_REPORT):   NAME = "DESCARG";
MPRINT(EM_REPORT):   VALUE = "";
MPRINT(EM_REPORT):   VIEW = 0.93260375453746;
MPRINT(EM_REPORT):   output;
MPRINT(EM_REPORT):   NAME = "SLIDER";
MPRINT(EM_REPORT):   VALUE = "";
MPRINT(EM_REPORT):   VIEW = 0.93260375453746;
MPRINT(EM_REPORT):   output;
MPRINT(EM_REPORT):   NAME = "MarkerSize";
MPRINT(EM_REPORT):   VALUE = "";
MPRINT(EM_REPORT):   VIEW = 0.93260375453746;
MPRINT(EM_REPORT):   output;
MPRINT(EM_REPORT):   NAME = "Marker";
MPRINT(EM_REPORT):   VALUE = "";
MPRINT(EM_REPORT):   VIEW = 0.93260375453746;
MPRINT(EM_REPORT):   output;
MPRINT(EM_REPORT):   NAME = "Y1";
MPRINT(EM_REPORT):   VALUE = "";
MPRINT(EM_REPORT):   VIEW = 0.93260375453746;
MPRINT(EM_REPORT):   output;
MPRINT(EM_REPORT):   NAME = "Y2";
MPRINT(EM_REPORT):   VALUE = "";
MPRINT(EM_REPORT):   VIEW = 0.93260375453746;
MPRINT(EM_REPORT):   output;
MPRINT(EM_REPORT):   NAME = "Y3";
MPRINT(EM_REPORT):   VALUE = "";
MPRINT(EM_REPORT):   VIEW = 0.93260375453746;
MPRINT(EM_REPORT):   output;
MPRINT(EM_REPORT):   NAME = "Y4";
MPRINT(EM_REPORT):   VALUE = "";
MPRINT(EM_REPORT):   VIEW = 0.93260375453746;
MPRINT(EM_REPORT):   output;
MPRINT(EM_REPORT):   NAME = "Y5";
MPRINT(EM_REPORT):   VALUE = "";
MPRINT(EM_REPORT):   VIEW = 0.93260375453746;
MPRINT(EM_REPORT):   output;
MPRINT(EM_REPORT):   NAME = "Y6";
MPRINT(EM_REPORT):   VALUE = "";
MPRINT(EM_REPORT):   VIEW = 0.93260375453746;
MPRINT(EM_REPORT):   output;
MPRINT(EM_REPORT):   NAME = "Y7";
MPRINT(EM_REPORT):   VALUE = "";
MPRINT(EM_REPORT):   VIEW = 0.93260375453746;
MPRINT(EM_REPORT):   output;
MPRINT(EM_REPORT):   NAME = "Y8";
MPRINT(EM_REPORT):   VALUE = "";
MPRINT(EM_REPORT):   VIEW = 0.93260375453746;
MPRINT(EM_REPORT):   output;
MPRINT(EM_REPORT):   NAME = "Y9";
MPRINT(EM_REPORT):   VALUE = "";
MPRINT(EM_REPORT):   VIEW = 0.93260375453746;
MPRINT(EM_REPORT):   output;
MPRINT(EM_REPORT):   NAME = "Y10";
MPRINT(EM_REPORT):   VALUE = "";
MPRINT(EM_REPORT):   VIEW = 0.93260375453746;
MPRINT(EM_REPORT):   output;
MPRINT(EM_REPORT):   NAME = "Y11";
MPRINT(EM_REPORT):   VALUE = "";
MPRINT(EM_REPORT):   VIEW = 0.93260375453746;
MPRINT(EM_REPORT):   output;
MPRINT(EM_REPORT):   NAME = "Y12";
MPRINT(EM_REPORT):   VALUE = "";
MPRINT(EM_REPORT):   VIEW = 0.93260375453746;
MPRINT(EM_REPORT):   output;
MPRINT(EM_REPORT):   NAME = "Y13";
MPRINT(EM_REPORT):   VALUE = "";
MPRINT(EM_REPORT):   VIEW = 0.93260375453746;
MPRINT(EM_REPORT):   output;
MPRINT(EM_REPORT):   NAME = "Y14";
MPRINT(EM_REPORT):   VALUE = "";
MPRINT(EM_REPORT):   VIEW = 0.93260375453746;
MPRINT(EM_REPORT):   output;
MPRINT(EM_REPORT):   NAME = "Y15";
MPRINT(EM_REPORT):   VALUE = "";
MPRINT(EM_REPORT):   VIEW = 0.93260375453746;
MPRINT(EM_REPORT):   output;
MPRINT(EM_REPORT):   NAME = "Y16";
MPRINT(EM_REPORT):   VALUE = "";
MPRINT(EM_REPORT):   VIEW = 0.93260375453746;
MPRINT(EM_REPORT):   output;
MPRINT(EM_REPORT):   NAME = "TITLE";
MPRINT(EM_REPORT):   VALUE = "";
MPRINT(EM_REPORT):   VIEW = 0.93260375453746;
MPRINT(EM_REPORT):   output;
MPRINT(EM_REPORT):   NAME = "LEGEND";
MPRINT(EM_REPORT):   VALUE = "";
MPRINT(EM_REPORT):   VIEW = 0.93260375453746;
MPRINT(EM_REPORT):   output;
MPRINT(EM_REPORT):   NAME = "LEGENDTITLE";
MPRINT(EM_REPORT):   VALUE = "";
MPRINT(EM_REPORT):   VIEW = 0.93260375453746;
MPRINT(EM_REPORT):   output;
MPRINT(EM_REPORT):   NAME = "SHAPE";
MPRINT(EM_REPORT):   VALUE = "";
MPRINT(EM_REPORT):   VIEW = 0.93260375453746;
MPRINT(EM_REPORT):   output;
MPRINT(EM_REPORT):   NAME = "METHOD";
MPRINT(EM_REPORT):   VALUE = "";
MPRINT(EM_REPORT):   VIEW = 0.93260375453746;
MPRINT(EM_REPORT):   output;
MPRINT(EM_REPORT):   NAME = "NOBINMISS";
MPRINT(EM_REPORT):   VALUE = "";
MPRINT(EM_REPORT):   VIEW = 0.93260375453746;
MPRINT(EM_REPORT):   output;
MPRINT(EM_REPORT):   end;
MPRINT(EM_REPORT):   run;

NOTE: There were 397 observations read from the data set WORK.EM_USER_REPORT.
NOTE: The data set WORK.EM_USER_REPORT has 529 observations and 4 variables.
NOTE: DATA statement used (Total process time):
      real time           0.02 seconds
      cpu time            0.01 seconds
      

MPRINT(EM_TREE_REPORT):  ;
MPRINT(EM_REPORT):   data WORK.EM_USER_REPORT;
MPRINT(EM_REPORT):   set WORK.EM_USER_REPORT end=eof;
MPRINT(EM_REPORT):   output;
MPRINT(EM_REPORT):   if eof then do;
MPRINT(EM_REPORT):   id+1;
MPRINT(EM_REPORT):   NAME = "KEY";
MPRINT(EM_REPORT):   VALUE = "TREE_PLOT";
MPRINT(EM_REPORT):   VIEW = 1;
MPRINT(EM_REPORT):   output;
MPRINT(EM_REPORT):   NAME = "VIEWTYPE";
MPRINT(EM_REPORT):   VALUE = "RESPONSEBAR";
MPRINT(EM_REPORT):   VIEW = 1;
MPRINT(EM_REPORT):   output;
MPRINT(EM_REPORT):   NAME = "AUTODISPLAY";
MPRINT(EM_REPORT):   VALUE = "Y";
MPRINT(EM_REPORT):   VIEW = 1;
MPRINT(EM_REPORT):   output;
MPRINT(EM_REPORT):   NAME = "SPK";
MPRINT(EM_REPORT):   VALUE = "Y";
MPRINT(EM_REPORT):   VIEW = 1;
MPRINT(EM_REPORT):   output;
MPRINT(EM_REPORT):   NAME = "COMPARE";
MPRINT(EM_REPORT):   VALUE = "N";
MPRINT(EM_REPORT):   VIEW = 1;
MPRINT(EM_REPORT):   output;
MPRINT(EM_REPORT):   NAME = "LOCALIZE";
MPRINT(EM_REPORT):   VALUE = "N";
MPRINT(EM_REPORT):   VIEW = 1;
MPRINT(EM_REPORT):   output;
MPRINT(EM_REPORT):   NAME = "EQUALIZEROWX";
MPRINT(EM_REPORT):   VALUE = "N";
MPRINT(EM_REPORT):   VIEW = 1;
MPRINT(EM_REPORT):   output;
MPRINT(EM_REPORT):   NAME = "EQUALIZEROWY";
MPRINT(EM_REPORT):   VALUE = "N";
MPRINT(EM_REPORT):   VIEW = 1;
MPRINT(EM_REPORT):   output;
MPRINT(EM_REPORT):   NAME = "EQUALIZECOLX";
MPRINT(EM_REPORT):   VALUE = "N";
MPRINT(EM_REPORT):   VIEW = 1;
MPRINT(EM_REPORT):   output;
MPRINT(EM_REPORT):   NAME = "EQUALIZECOLY";
MPRINT(EM_REPORT):   VALUE = "N";
MPRINT(EM_REPORT):   VIEW = 1;
MPRINT(EM_REPORT):   output;
MPRINT(EM_REPORT):   NAME = "NROWS";
MPRINT(EM_REPORT):   VALUE = "";
MPRINT(EM_REPORT):   VIEW = 1;
MPRINT(EM_REPORT):   output;
MPRINT(EM_REPORT):   NAME = "NCOLS";
MPRINT(EM_REPORT):   VALUE = "";
MPRINT(EM_REPORT):   VIEW = 1;
MPRINT(EM_REPORT):   output;
MPRINT(EM_REPORT):   NAME = "DISCRETEX";
MPRINT(EM_REPORT):   VALUE = "";
MPRINT(EM_REPORT):   VIEW = 1;
MPRINT(EM_REPORT):   output;
MPRINT(EM_REPORT):   NAME = "DISCRETEY";
MPRINT(EM_REPORT):   VALUE = "";
MPRINT(EM_REPORT):   VIEW = 1;
MPRINT(EM_REPORT):   output;
MPRINT(EM_REPORT):   NAME = "LATTICEX";
MPRINT(EM_REPORT):   VALUE = "";
MPRINT(EM_REPORT):   VIEW = 1;
MPRINT(EM_REPORT):   output;
MPRINT(EM_REPORT):   NAME = "LATTICEY";
MPRINT(EM_REPORT):   VALUE = "";
MPRINT(EM_REPORT):   VIEW = 1;
MPRINT(EM_REPORT):   output;
MPRINT(EM_REPORT):   NAME = "LATTICETYPE";
MPRINT(EM_REPORT):   VALUE = "";
MPRINT(EM_REPORT):   VIEW = 1;
MPRINT(EM_REPORT):   output;
MPRINT(EM_REPORT):   NAME = "ABSOLUTEVALUE";
MPRINT(EM_REPORT):   VALUE = "";
MPRINT(EM_REPORT):   VIEW = 1;
MPRINT(EM_REPORT):   output;
MPRINT(EM_REPORT):   NAME = "SORTORDER";
MPRINT(EM_REPORT):   VALUE = "";
MPRINT(EM_REPORT):   VIEW = 1;
MPRINT(EM_REPORT):   output;
MPRINT(EM_REPORT):   NAME = "SORTORDERY";
MPRINT(EM_REPORT):   VALUE = "";
MPRINT(EM_REPORT):   VIEW = 1;
MPRINT(EM_REPORT):   output;
MPRINT(EM_REPORT):   NAME = "ORIENTATION";
MPRINT(EM_REPORT):   VALUE = "";
MPRINT(EM_REPORT):   VIEW = 1;
MPRINT(EM_REPORT):   output;
MPRINT(EM_REPORT):   NAME = "METHOD";
MPRINT(EM_REPORT):   VALUE = "";
MPRINT(EM_REPORT):   VIEW = 1;
MPRINT(EM_REPORT):   output;
MPRINT(EM_REPORT):   NAME = "DIRECTION";
MPRINT(EM_REPORT):   VALUE = "";
MPRINT(EM_REPORT):   VIEW = 1;
MPRINT(EM_REPORT):   output;
MPRINT(EM_REPORT):   NAME = "BYSET";
MPRINT(EM_REPORT):   VALUE = "";
MPRINT(EM_REPORT):   VIEW = 1;
MPRINT(EM_REPORT):   output;
MPRINT(EM_REPORT):   NAME = "RENDERMODE";
MPRINT(EM_REPORT):   VALUE = "";
MPRINT(EM_REPORT):   VIEW = 1;
MPRINT(EM_REPORT):   output;
MPRINT(EM_REPORT):   NAME = "WHERECLAUSE";
MPRINT(EM_REPORT):   VALUE = "INDEX ne .";
MPRINT(EM_REPORT):   output;
MPRINT(EM_REPORT):   NAME = "DESCRIPTION";
MPRINT(EM_REPORT):   VALUE = "LEAFSTATS";
MPRINT(EM_REPORT):   VIEW = 1;
MPRINT(EM_REPORT):   output;
MPRINT(EM_REPORT):   NAME = "X";
MPRINT(EM_REPORT):   VALUE = "INDEX";
MPRINT(EM_REPORT):   VIEW = 1;
MPRINT(EM_REPORT):   output;
MPRINT(EM_REPORT):   NAME = "EXCLUDEVARS";
MPRINT(EM_REPORT):   VALUE = "";
MPRINT(EM_REPORT):   VIEW = 1;
MPRINT(EM_REPORT):   output;
MPRINT(EM_REPORT):   NAME = "Z";
MPRINT(EM_REPORT):   VALUE = "";
MPRINT(EM_REPORT):   VIEW = 1;
MPRINT(EM_REPORT):   output;
MPRINT(EM_REPORT):   NAME = "YVARS";
MPRINT(EM_REPORT):   VALUE = "";
MPRINT(EM_REPORT):   VIEW = 1;
MPRINT(EM_REPORT):   output;
MPRINT(EM_REPORT):   NAME = "FREQVARS";
MPRINT(EM_REPORT):   VALUE = "";
MPRINT(EM_REPORT):   VIEW = 1;
MPRINT(EM_REPORT):   output;
MPRINT(EM_REPORT):   NAME = "AXIS";
MPRINT(EM_REPORT):   VALUE = "";
MPRINT(EM_REPORT):   VIEW = 1;
MPRINT(EM_REPORT):   output;
MPRINT(EM_REPORT):   NAME = "FREQ";
MPRINT(EM_REPORT):   VALUE = "";
MPRINT(EM_REPORT):   VIEW = 1;
MPRINT(EM_REPORT):   output;
MPRINT(EM_REPORT):   NAME = "GROUP";
MPRINT(EM_REPORT):   VALUE = "";
MPRINT(EM_REPORT):   VIEW = 1;
MPRINT(EM_REPORT):   output;
MPRINT(EM_REPORT):   NAME = "SUBGROUP";
MPRINT(EM_REPORT):   VALUE = "";
MPRINT(EM_REPORT):   VIEW = 1;
MPRINT(EM_REPORT):   output;
MPRINT(EM_REPORT):   NAME = "BLOCK";
MPRINT(EM_REPORT):   VALUE = "MODEL";
MPRINT(EM_REPORT):   VIEW = 1;
MPRINT(EM_REPORT):   output;
MPRINT(EM_REPORT):   NAME = "COLOR";
MPRINT(EM_REPORT):   VALUE = "";
MPRINT(EM_REPORT):   VIEW = 1;
MPRINT(EM_REPORT):   output;
MPRINT(EM_REPORT):   NAME = "COLORINDEX";
MPRINT(EM_REPORT):   VALUE = "";
MPRINT(EM_REPORT):   VIEW = 1;
MPRINT(EM_REPORT):   output;
MPRINT(EM_REPORT):   NAME = "TIPTEXT";
MPRINT(EM_REPORT):   VALUE = "";
MPRINT(EM_REPORT):   VIEW = 1;
MPRINT(EM_REPORT):   output;
MPRINT(EM_REPORT):   NAME = "TIP";
MPRINT(EM_REPORT):   VALUE = "";
MPRINT(EM_REPORT):   VIEW = 1;
MPRINT(EM_REPORT):   output;
MPRINT(EM_REPORT):   NAME = "TOOLTIP";
MPRINT(EM_REPORT):   VALUE = "";
MPRINT(EM_REPORT):   VIEW = 1;
MPRINT(EM_REPORT):   output;
MPRINT(EM_REPORT):   NAME = "REPORTID";
MPRINT(EM_REPORT):   VALUE = "";
MPRINT(EM_REPORT):   VIEW = 1;
MPRINT(EM_REPORT):   output;
MPRINT(EM_REPORT):   NAME = "IDVALUE";
MPRINT(EM_REPORT):   VALUE = "";
MPRINT(EM_REPORT):   VIEW = 1;
MPRINT(EM_REPORT):   output;
MPRINT(EM_REPORT):   NAME = "ID";
MPRINT(EM_REPORT):   VALUE = "";
MPRINT(EM_REPORT):   VIEW = 1;
MPRINT(EM_REPORT):   output;
MPRINT(EM_REPORT):   NAME = "SIZE";
MPRINT(EM_REPORT):   VALUE = "";
MPRINT(EM_REPORT):   VIEW = 1;
MPRINT(EM_REPORT):   output;
MPRINT(EM_REPORT):   NAME = "FROM";
MPRINT(EM_REPORT):   VALUE = "";
MPRINT(EM_REPORT):   VIEW = 1;
MPRINT(EM_REPORT):   output;
MPRINT(EM_REPORT):   NAME = "TO";
MPRINT(EM_REPORT):   VALUE = "";
MPRINT(EM_REPORT):   VIEW = 1;
MPRINT(EM_REPORT):   output;
MPRINT(EM_REPORT):   NAME = "VALUE";
MPRINT(EM_REPORT):   VALUE = "";
MPRINT(EM_REPORT):   VIEW = 1;
MPRINT(EM_REPORT):   output;
MPRINT(EM_REPORT):   NAME = "VIEWS";
MPRINT(EM_REPORT):   VALUE = "";
MPRINT(EM_REPORT):   VIEW = 1;
MPRINT(EM_REPORT):   output;
MPRINT(EM_REPORT):   NAME = "PARENT";
MPRINT(EM_REPORT):   VALUE = "";
MPRINT(EM_REPORT):   VIEW = 1;
MPRINT(EM_REPORT):   output;
MPRINT(EM_REPORT):   NAME = "NODETEXT";
MPRINT(EM_REPORT):   VALUE = "";
MPRINT(EM_REPORT):   VIEW = 1;
MPRINT(EM_REPORT):   output;
MPRINT(EM_REPORT):   NAME = "ABOVETEXT";
MPRINT(EM_REPORT):   VALUE = "";
MPRINT(EM_REPORT):   VIEW = 1;
MPRINT(EM_REPORT):   output;
MPRINT(EM_REPORT):   NAME = "BELOWTEXT";
MPRINT(EM_REPORT):   VALUE = "";
MPRINT(EM_REPORT):   VIEW = 1;
MPRINT(EM_REPORT):   output;
MPRINT(EM_REPORT):   NAME = "NODESIZE";
MPRINT(EM_REPORT):   VALUE = "";
MPRINT(EM_REPORT):   VIEW = 1;
MPRINT(EM_REPORT):   output;
MPRINT(EM_REPORT):   NAME = "STATS";
MPRINT(EM_REPORT):   VALUE = "";
MPRINT(EM_REPORT):   VIEW = 1;
MPRINT(EM_REPORT):   output;
MPRINT(EM_REPORT):   NAME = "CLASSDIST";
MPRINT(EM_REPORT):   VALUE = "";
MPRINT(EM_REPORT):   VIEW = 1;
MPRINT(EM_REPORT):   output;
MPRINT(EM_REPORT):   NAME = "INTDIST";
MPRINT(EM_REPORT):   VALUE = "";
MPRINT(EM_REPORT):   VIEW = 1;
MPRINT(EM_REPORT):   output;
MPRINT(EM_REPORT):   NAME = "FOLDER";
MPRINT(EM_REPORT):   VALUE = "";
MPRINT(EM_REPORT):   VIEW = 1;
MPRINT(EM_REPORT):   output;
MPRINT(EM_REPORT):   NAME = "YPLOTTYPE";
MPRINT(EM_REPORT):   VALUE = "";
MPRINT(EM_REPORT):   VIEW = 1;
MPRINT(EM_REPORT):   output;
MPRINT(EM_REPORT):   NAME = "XREF";
MPRINT(EM_REPORT):   VALUE = "";
MPRINT(EM_REPORT):   VIEW = 1;
MPRINT(EM_REPORT):   output;
MPRINT(EM_REPORT):   NAME = "XREF2";
MPRINT(EM_REPORT):   VALUE = "";
MPRINT(EM_REPORT):   VIEW = 1;
MPRINT(EM_REPORT):   output;
MPRINT(EM_REPORT):   NAME = "YREF";
MPRINT(EM_REPORT):   VALUE = "";
MPRINT(EM_REPORT):   VIEW = 1;
MPRINT(EM_REPORT):   output;
MPRINT(EM_REPORT):   NAME = "Y2REF";
MPRINT(EM_REPORT):   VALUE = "";
MPRINT(EM_REPORT):   VIEW = 1;
MPRINT(EM_REPORT):   output;
MPRINT(EM_REPORT):   NAME = "YREF2";
MPRINT(EM_REPORT):   VALUE = "";
MPRINT(EM_REPORT):   VIEW = 1;
MPRINT(EM_REPORT):   output;
MPRINT(EM_REPORT):   NAME = "Y2REF2";
MPRINT(EM_REPORT):   VALUE = "";
MPRINT(EM_REPORT):   VIEW = 1;
MPRINT(EM_REPORT):   output;
MPRINT(EM_REPORT):   NAME = "GROUPINDEX";
MPRINT(EM_REPORT):   VALUE = "";
MPRINT(EM_REPORT):   VIEW = 1;
MPRINT(EM_REPORT):   output;
MPRINT(EM_REPORT):   NAME = "JOIN";
MPRINT(EM_REPORT):   VALUE = "";
MPRINT(EM_REPORT):   VIEW = 1;
MPRINT(EM_REPORT):   output;
MPRINT(EM_REPORT):   NAME = "XEXCLUDE";
MPRINT(EM_REPORT):   VALUE = "";
MPRINT(EM_REPORT):   VIEW = 1;
MPRINT(EM_REPORT):   output;
MPRINT(EM_REPORT):   NAME = "FREQEXCLUDE";
MPRINT(EM_REPORT):   VALUE = "";
MPRINT(EM_REPORT):   VIEW = 1;
MPRINT(EM_REPORT):   output;
MPRINT(EM_REPORT):   NAME = "YEXCLUDE";
MPRINT(EM_REPORT):   VALUE = "";
MPRINT(EM_REPORT):   VIEW = 1;
MPRINT(EM_REPORT):   output;
MPRINT(EM_REPORT):   NAME = "NAME";
MPRINT(EM_REPORT):   VALUE = "";
MPRINT(EM_REPORT):   VIEW = 1;
MPRINT(EM_REPORT):   output;
MPRINT(EM_REPORT):   NAME = "HEIGHT";
MPRINT(EM_REPORT):   VALUE = "";
MPRINT(EM_REPORT):   VIEW = 1;
MPRINT(EM_REPORT):   output;
MPRINT(EM_REPORT):   NAME = "WIDTH";
MPRINT(EM_REPORT):   VALUE = "";
MPRINT(EM_REPORT):   VIEW = 1;
MPRINT(EM_REPORT):   output;
MPRINT(EM_REPORT):   NAME = "XAXISLABEL";
MPRINT(EM_REPORT):   VALUE = "";
MPRINT(EM_REPORT):   VIEW = 1;
MPRINT(EM_REPORT):   output;
MPRINT(EM_REPORT):   NAME = "Y2AXISLABEL";
MPRINT(EM_REPORT):   VALUE = "";
MPRINT(EM_REPORT):   VIEW = 1;
MPRINT(EM_REPORT):   output;
MPRINT(EM_REPORT):   NAME = "YAXISLABEL";
MPRINT(EM_REPORT):   VALUE = "";
MPRINT(EM_REPORT):   VIEW = 1;
MPRINT(EM_REPORT):   output;
MPRINT(EM_REPORT):   NAME = "DISPLAYXLABEL";
MPRINT(EM_REPORT):   VALUE = "Y";
MPRINT(EM_REPORT):   VIEW = 1;
MPRINT(EM_REPORT):   output;
MPRINT(EM_REPORT):   NAME = "DISPLAYYLABEL";
MPRINT(EM_REPORT):   VALUE = "Y";
MPRINT(EM_REPORT):   VIEW = 1;
MPRINT(EM_REPORT):   output;
MPRINT(EM_REPORT):   NAME = "CHOICETEXT";
MPRINT(EM_REPORT):   VALUE = "";
MPRINT(EM_REPORT):   VIEW = 1;
MPRINT(EM_REPORT):   output;
MPRINT(EM_REPORT):   NAME = "SEGMENTVALUE";
MPRINT(EM_REPORT):   VALUE = "";
MPRINT(EM_REPORT):   VIEW = 1;
MPRINT(EM_REPORT):   output;
MPRINT(EM_REPORT):   NAME = "LOWERBAND";
MPRINT(EM_REPORT):   VALUE = "";
MPRINT(EM_REPORT):   VIEW = 1;
MPRINT(EM_REPORT):   output;
MPRINT(EM_REPORT):   NAME = "UPPERBAND";
MPRINT(EM_REPORT):   VALUE = "";
MPRINT(EM_REPORT):   VIEW = 1;
MPRINT(EM_REPORT):   output;
MPRINT(EM_REPORT):   NAME = "YLINE";
MPRINT(EM_REPORT):   VALUE = "";
MPRINT(EM_REPORT):   VIEW = 1;
MPRINT(EM_REPORT):   output;
MPRINT(EM_REPORT):   NAME = "LINKKEY";
MPRINT(EM_REPORT):   VALUE = "";
MPRINT(EM_REPORT):   VIEW = 1;
MPRINT(EM_REPORT):   output;
MPRINT(EM_REPORT):   NAME = "NODEKEY";
MPRINT(EM_REPORT):   VALUE = "";
MPRINT(EM_REPORT):   VIEW = 1;
MPRINT(EM_REPORT):   output;
MPRINT(EM_REPORT):   NAME = "NODEID";
MPRINT(EM_REPORT):   VALUE = "";
MPRINT(EM_REPORT):   VIEW = 1;
MPRINT(EM_REPORT):   output;
MPRINT(EM_REPORT):   NAME = "NODEVALUE";
MPRINT(EM_REPORT):   VALUE = "";
MPRINT(EM_REPORT):   VIEW = 1;
MPRINT(EM_REPORT):   output;
MPRINT(EM_REPORT):   NAME = "NODECOLOR";
MPRINT(EM_REPORT):   VALUE = "";
MPRINT(EM_REPORT):   VIEW = 1;
MPRINT(EM_REPORT):   output;
MPRINT(EM_REPORT):   NAME = "NODESHAPE";
MPRINT(EM_REPORT):   VALUE = "";
MPRINT(EM_REPORT):   VIEW = 1;
MPRINT(EM_REPORT):   output;
MPRINT(EM_REPORT):   NAME = "NODESHAPEVAR";
MPRINT(EM_REPORT):   VALUE = "";
MPRINT(EM_REPORT):   VIEW = 1;
MPRINT(EM_REPORT):   output;
MPRINT(EM_REPORT):   NAME = "NODELABEL";
MPRINT(EM_REPORT):   VALUE = "";
MPRINT(EM_REPORT):   VIEW = 1;
MPRINT(EM_REPORT):   output;
MPRINT(EM_REPORT):   NAME = "NODETIP";
MPRINT(EM_REPORT):   VALUE = "";
MPRINT(EM_REPORT):   VIEW = 1;
MPRINT(EM_REPORT):   output;
MPRINT(EM_REPORT):   NAME = "LINKID";
MPRINT(EM_REPORT):   VALUE = "";
MPRINT(EM_REPORT):   VIEW = 1;
MPRINT(EM_REPORT):   output;
MPRINT(EM_REPORT):   NAME = "LINKVALUE";
MPRINT(EM_REPORT):   VALUE = "";
MPRINT(EM_REPORT):   VIEW = 1;
MPRINT(EM_REPORT):   output;
MPRINT(EM_REPORT):   NAME = "LINKFROM";
MPRINT(EM_REPORT):   VALUE = "";
MPRINT(EM_REPORT):   VIEW = 1;
MPRINT(EM_REPORT):   output;
MPRINT(EM_REPORT):   NAME = "LINKTO";
MPRINT(EM_REPORT):   VALUE = "";
MPRINT(EM_REPORT):   VIEW = 1;
MPRINT(EM_REPORT):   output;
MPRINT(EM_REPORT):   NAME = "LINKCOLOR";
MPRINT(EM_REPORT):   VALUE = "";
MPRINT(EM_REPORT):   VIEW = 1;
MPRINT(EM_REPORT):   output;
MPRINT(EM_REPORT):   NAME = "LINKWIDTH";
MPRINT(EM_REPORT):   VALUE = "";
MPRINT(EM_REPORT):   VIEW = 1;
MPRINT(EM_REPORT):   output;
MPRINT(EM_REPORT):   NAME = "LINKTIP";
MPRINT(EM_REPORT):   VALUE = "";
MPRINT(EM_REPORT):   VIEW = 1;
MPRINT(EM_REPORT):   output;
MPRINT(EM_REPORT):   NAME = "XFROM";
MPRINT(EM_REPORT):   VALUE = "";
MPRINT(EM_REPORT):   VIEW = 1;
MPRINT(EM_REPORT):   output;
MPRINT(EM_REPORT):   NAME = "XTO";
MPRINT(EM_REPORT):   VALUE = "";
MPRINT(EM_REPORT):   VIEW = 1;
MPRINT(EM_REPORT):   output;
MPRINT(EM_REPORT):   NAME = "YFROM";
MPRINT(EM_REPORT):   VALUE = "";
MPRINT(EM_REPORT):   VIEW = 1;
MPRINT(EM_REPORT):   output;
MPRINT(EM_REPORT):   NAME = "YTO";
MPRINT(EM_REPORT):   VALUE = "";
MPRINT(EM_REPORT):   VIEW = 1;
MPRINT(EM_REPORT):   output;
MPRINT(EM_REPORT):   NAME = "MATRIXVAR";
MPRINT(EM_REPORT):   VALUE = "";
MPRINT(EM_REPORT):   VIEW = 1;
MPRINT(EM_REPORT):   output;
MPRINT(EM_REPORT):   NAME = "RESPONSE";
MPRINT(EM_REPORT):   VALUE = "";
MPRINT(EM_REPORT):   VIEW = 1;
MPRINT(EM_REPORT):   output;
MPRINT(EM_REPORT):   NAME = "SERIES";
MPRINT(EM_REPORT):   VALUE = "";
MPRINT(EM_REPORT):   VIEW = 1;
MPRINT(EM_REPORT):   output;
MPRINT(EM_REPORT):   NAME = "DESCARG";
MPRINT(EM_REPORT):   VALUE = "";
MPRINT(EM_REPORT):   VIEW = 1;
MPRINT(EM_REPORT):   output;
MPRINT(EM_REPORT):   NAME = "SLIDER";
MPRINT(EM_REPORT):   VALUE = "";
MPRINT(EM_REPORT):   VIEW = 1;
MPRINT(EM_REPORT):   output;
MPRINT(EM_REPORT):   NAME = "MarkerSize";
MPRINT(EM_REPORT):   VALUE = "";
MPRINT(EM_REPORT):   VIEW = 1;
MPRINT(EM_REPORT):   output;
MPRINT(EM_REPORT):   NAME = "Marker";
MPRINT(EM_REPORT):   VALUE = "";
MPRINT(EM_REPORT):   VIEW = 1;
MPRINT(EM_REPORT):   output;
MPRINT(EM_REPORT):   NAME = "Y1";
MPRINT(EM_REPORT):   VALUE = "tprob";
MPRINT(EM_REPORT):   VIEW = 1;
MPRINT(EM_REPORT):   output;
MPRINT(EM_REPORT):   NAME = "Y2";
MPRINT(EM_REPORT):   VALUE = "vprob";
MPRINT(EM_REPORT):   VIEW = 1;
MPRINT(EM_REPORT):   output;
MPRINT(EM_REPORT):   NAME = "Y3";
MPRINT(EM_REPORT):   VALUE = "";
MPRINT(EM_REPORT):   VIEW = 1;
MPRINT(EM_REPORT):   output;
MPRINT(EM_REPORT):   NAME = "Y4";
MPRINT(EM_REPORT):   VALUE = "";
MPRINT(EM_REPORT):   VIEW = 1;
MPRINT(EM_REPORT):   output;
MPRINT(EM_REPORT):   NAME = "Y5";
MPRINT(EM_REPORT):   VALUE = "";
MPRINT(EM_REPORT):   VIEW = 1;
MPRINT(EM_REPORT):   output;
MPRINT(EM_REPORT):   NAME = "Y6";
MPRINT(EM_REPORT):   VALUE = "";
MPRINT(EM_REPORT):   VIEW = 1;
MPRINT(EM_REPORT):   output;
MPRINT(EM_REPORT):   NAME = "Y7";
MPRINT(EM_REPORT):   VALUE = "";
MPRINT(EM_REPORT):   VIEW = 1;
MPRINT(EM_REPORT):   output;
MPRINT(EM_REPORT):   NAME = "Y8";
MPRINT(EM_REPORT):   VALUE = "";
MPRINT(EM_REPORT):   VIEW = 1;
MPRINT(EM_REPORT):   output;
MPRINT(EM_REPORT):   NAME = "Y9";
MPRINT(EM_REPORT):   VALUE = "";
MPRINT(EM_REPORT):   VIEW = 1;
MPRINT(EM_REPORT):   output;
MPRINT(EM_REPORT):   NAME = "Y10";
MPRINT(EM_REPORT):   VALUE = "";
MPRINT(EM_REPORT):   VIEW = 1;
MPRINT(EM_REPORT):   output;
MPRINT(EM_REPORT):   NAME = "Y11";
MPRINT(EM_REPORT):   VALUE = "";
MPRINT(EM_REPORT):   VIEW = 1;
MPRINT(EM_REPORT):   output;
MPRINT(EM_REPORT):   NAME = "Y12";
MPRINT(EM_REPORT):   VALUE = "";
MPRINT(EM_REPORT):   VIEW = 1;
MPRINT(EM_REPORT):   output;
MPRINT(EM_REPORT):   NAME = "Y13";
MPRINT(EM_REPORT):   VALUE = "";
MPRINT(EM_REPORT):   VIEW = 1;
MPRINT(EM_REPORT):   output;
MPRINT(EM_REPORT):   NAME = "Y14";
MPRINT(EM_REPORT):   VALUE = "";
MPRINT(EM_REPORT):   VIEW = 1;
MPRINT(EM_REPORT):   output;
MPRINT(EM_REPORT):   NAME = "Y15";
MPRINT(EM_REPORT):   VALUE = "";
MPRINT(EM_REPORT):   VIEW = 1;
MPRINT(EM_REPORT):   output;
MPRINT(EM_REPORT):   NAME = "Y16";
MPRINT(EM_REPORT):   VALUE = "";
MPRINT(EM_REPORT):   VIEW = 1;
MPRINT(EM_REPORT):   output;
MPRINT(EM_REPORT):   NAME = "TITLE";
MPRINT(EM_REPORT):   VALUE = "";
MPRINT(EM_REPORT):   VIEW = 1;
MPRINT(EM_REPORT):   output;
MPRINT(EM_REPORT):   NAME = "LEGEND";
MPRINT(EM_REPORT):   VALUE = "";
MPRINT(EM_REPORT):   VIEW = 1;
MPRINT(EM_REPORT):   output;
MPRINT(EM_REPORT):   NAME = "LEGENDTITLE";
MPRINT(EM_REPORT):   VALUE = "";
MPRINT(EM_REPORT):   VIEW = 1;
MPRINT(EM_REPORT):   output;
MPRINT(EM_REPORT):   NAME = "SHAPE";
MPRINT(EM_REPORT):   VALUE = "";
MPRINT(EM_REPORT):   VIEW = 1;
MPRINT(EM_REPORT):   output;
MPRINT(EM_REPORT):   NAME = "METHOD";
MPRINT(EM_REPORT):   VALUE = "";
MPRINT(EM_REPORT):   VIEW = 1;
MPRINT(EM_REPORT):   output;
MPRINT(EM_REPORT):   NAME = "NOBINMISS";
MPRINT(EM_REPORT):   VALUE = "";
MPRINT(EM_REPORT):   VIEW = 1;
MPRINT(EM_REPORT):   output;
MPRINT(EM_REPORT):   end;
MPRINT(EM_REPORT):   run;

NOTE: There were 529 observations read from the data set WORK.EM_USER_REPORT.
NOTE: The data set WORK.EM_USER_REPORT has 662 observations and 4 variables.
NOTE: DATA statement used (Total process time):
      real time           0.04 seconds
      cpu time            0.01 seconds
      

MPRINT(EM_TREE_REPORT):  ;
MPRINT(EM_TREE_REPORT):  ;
MPRINT(EM_REPORT):   data WORK.EM_USER_REPORT;
MPRINT(EM_REPORT):   set WORK.EM_USER_REPORT end=eof;
MPRINT(EM_REPORT):   output;
MPRINT(EM_REPORT):   if eof then do;
MPRINT(EM_REPORT):   id+1;
MPRINT(EM_REPORT):   NAME = "KEY";
MPRINT(EM_REPORT):   VALUE = "OUTSTATS";
MPRINT(EM_REPORT):   VIEW = 0.3820506694643;
MPRINT(EM_REPORT):   output;
MPRINT(EM_REPORT):   NAME = "VIEWTYPE";
MPRINT(EM_REPORT):   VALUE = "";
MPRINT(EM_REPORT):   VIEW = 0.3820506694643;
MPRINT(EM_REPORT):   output;
MPRINT(EM_REPORT):   NAME = "AUTODISPLAY";
MPRINT(EM_REPORT):   VALUE = "N";
MPRINT(EM_REPORT):   VIEW = 0.3820506694643;
MPRINT(EM_REPORT):   output;
MPRINT(EM_REPORT):   NAME = "SPK";
MPRINT(EM_REPORT):   VALUE = "Y";
MPRINT(EM_REPORT):   VIEW = 0.3820506694643;
MPRINT(EM_REPORT):   output;
MPRINT(EM_REPORT):   NAME = "COMPARE";
MPRINT(EM_REPORT):   VALUE = "N";
MPRINT(EM_REPORT):   VIEW = 0.3820506694643;
MPRINT(EM_REPORT):   output;
MPRINT(EM_REPORT):   NAME = "LOCALIZE";
MPRINT(EM_REPORT):   VALUE = "N";
MPRINT(EM_REPORT):   VIEW = 0.3820506694643;
MPRINT(EM_REPORT):   output;
MPRINT(EM_REPORT):   NAME = "EQUALIZEROWX";
MPRINT(EM_REPORT):   VALUE = "N";
MPRINT(EM_REPORT):   VIEW = 0.3820506694643;
MPRINT(EM_REPORT):   output;
MPRINT(EM_REPORT):   NAME = "EQUALIZEROWY";
MPRINT(EM_REPORT):   VALUE = "N";
MPRINT(EM_REPORT):   VIEW = 0.3820506694643;
MPRINT(EM_REPORT):   output;
MPRINT(EM_REPORT):   NAME = "EQUALIZECOLX";
MPRINT(EM_REPORT):   VALUE = "N";
MPRINT(EM_REPORT):   VIEW = 0.3820506694643;
MPRINT(EM_REPORT):   output;
MPRINT(EM_REPORT):   NAME = "EQUALIZECOLY";
MPRINT(EM_REPORT):   VALUE = "N";
MPRINT(EM_REPORT):   VIEW = 0.3820506694643;
MPRINT(EM_REPORT):   output;
MPRINT(EM_REPORT):   NAME = "NROWS";
MPRINT(EM_REPORT):   VALUE = "";
MPRINT(EM_REPORT):   VIEW = 0.3820506694643;
MPRINT(EM_REPORT):   output;
MPRINT(EM_REPORT):   NAME = "NCOLS";
MPRINT(EM_REPORT):   VALUE = "";
MPRINT(EM_REPORT):   VIEW = 0.3820506694643;
MPRINT(EM_REPORT):   output;
MPRINT(EM_REPORT):   NAME = "DISCRETEX";
MPRINT(EM_REPORT):   VALUE = "";
MPRINT(EM_REPORT):   VIEW = 0.3820506694643;
MPRINT(EM_REPORT):   output;
MPRINT(EM_REPORT):   NAME = "DISCRETEY";
MPRINT(EM_REPORT):   VALUE = "";
MPRINT(EM_REPORT):   VIEW = 0.3820506694643;
MPRINT(EM_REPORT):   output;
MPRINT(EM_REPORT):   NAME = "LATTICEX";
MPRINT(EM_REPORT):   VALUE = "";
MPRINT(EM_REPORT):   VIEW = 0.3820506694643;
MPRINT(EM_REPORT):   output;
MPRINT(EM_REPORT):   NAME = "LATTICEY";
MPRINT(EM_REPORT):   VALUE = "";
MPRINT(EM_REPORT):   VIEW = 0.3820506694643;
MPRINT(EM_REPORT):   output;
MPRINT(EM_REPORT):   NAME = "LATTICETYPE";
MPRINT(EM_REPORT):   VALUE = "";
MPRINT(EM_REPORT):   VIEW = 0.3820506694643;
MPRINT(EM_REPORT):   output;
MPRINT(EM_REPORT):   NAME = "ABSOLUTEVALUE";
MPRINT(EM_REPORT):   VALUE = "";
MPRINT(EM_REPORT):   VIEW = 0.3820506694643;
MPRINT(EM_REPORT):   output;
MPRINT(EM_REPORT):   NAME = "SORTORDER";
MPRINT(EM_REPORT):   VALUE = "";
MPRINT(EM_REPORT):   VIEW = 0.3820506694643;
MPRINT(EM_REPORT):   output;
MPRINT(EM_REPORT):   NAME = "SORTORDERY";
MPRINT(EM_REPORT):   VALUE = "";
MPRINT(EM_REPORT):   VIEW = 0.3820506694643;
MPRINT(EM_REPORT):   output;
MPRINT(EM_REPORT):   NAME = "ORIENTATION";
MPRINT(EM_REPORT):   VALUE = "";
MPRINT(EM_REPORT):   VIEW = 0.3820506694643;
MPRINT(EM_REPORT):   output;
MPRINT(EM_REPORT):   NAME = "METHOD";
MPRINT(EM_REPORT):   VALUE = "";
MPRINT(EM_REPORT):   VIEW = 0.3820506694643;
MPRINT(EM_REPORT):   output;
MPRINT(EM_REPORT):   NAME = "DIRECTION";
MPRINT(EM_REPORT):   VALUE = "";
MPRINT(EM_REPORT):   VIEW = 0.3820506694643;
MPRINT(EM_REPORT):   output;
MPRINT(EM_REPORT):   NAME = "BYSET";
MPRINT(EM_REPORT):   VALUE = "";
MPRINT(EM_REPORT):   VIEW = 0.3820506694643;
MPRINT(EM_REPORT):   output;
MPRINT(EM_REPORT):   NAME = "RENDERMODE";
MPRINT(EM_REPORT):   VALUE = "";
MPRINT(EM_REPORT):   VIEW = 0.3820506694643;
MPRINT(EM_REPORT):   output;
MPRINT(EM_REPORT):   NAME = "DESCRIPTION";
MPRINT(EM_REPORT):   VALUE = "";
MPRINT(EM_REPORT):   VIEW = 0.3820506694643;
MPRINT(EM_REPORT):   output;
MPRINT(EM_REPORT):   NAME = "X";
MPRINT(EM_REPORT):   VALUE = "";
MPRINT(EM_REPORT):   VIEW = 0.3820506694643;
MPRINT(EM_REPORT):   output;
MPRINT(EM_REPORT):   NAME = "EXCLUDEVARS";
MPRINT(EM_REPORT):   VALUE = "";
MPRINT(EM_REPORT):   VIEW = 0.3820506694643;
MPRINT(EM_REPORT):   output;
MPRINT(EM_REPORT):   NAME = "Z";
MPRINT(EM_REPORT):   VALUE = "";
MPRINT(EM_REPORT):   VIEW = 0.3820506694643;
MPRINT(EM_REPORT):   output;
MPRINT(EM_REPORT):   NAME = "YVARS";
MPRINT(EM_REPORT):   VALUE = "";
MPRINT(EM_REPORT):   VIEW = 0.3820506694643;
MPRINT(EM_REPORT):   output;
MPRINT(EM_REPORT):   NAME = "FREQVARS";
MPRINT(EM_REPORT):   VALUE = "";
MPRINT(EM_REPORT):   VIEW = 0.3820506694643;
MPRINT(EM_REPORT):   output;
MPRINT(EM_REPORT):   NAME = "AXIS";
MPRINT(EM_REPORT):   VALUE = "";
MPRINT(EM_REPORT):   VIEW = 0.3820506694643;
MPRINT(EM_REPORT):   output;
MPRINT(EM_REPORT):   NAME = "FREQ";
MPRINT(EM_REPORT):   VALUE = "";
MPRINT(EM_REPORT):   VIEW = 0.3820506694643;
MPRINT(EM_REPORT):   output;
MPRINT(EM_REPORT):   NAME = "GROUP";
MPRINT(EM_REPORT):   VALUE = "";
MPRINT(EM_REPORT):   VIEW = 0.3820506694643;
MPRINT(EM_REPORT):   output;
MPRINT(EM_REPORT):   NAME = "SUBGROUP";
MPRINT(EM_REPORT):   VALUE = "";
MPRINT(EM_REPORT):   VIEW = 0.3820506694643;
MPRINT(EM_REPORT):   output;
MPRINT(EM_REPORT):   NAME = "BLOCK";
MPRINT(EM_REPORT):   VALUE = "CUSTOM";
MPRINT(EM_REPORT):   VIEW = 0.3820506694643;
MPRINT(EM_REPORT):   output;
MPRINT(EM_REPORT):   NAME = "COLOR";
MPRINT(EM_REPORT):   VALUE = "";
MPRINT(EM_REPORT):   VIEW = 0.3820506694643;
MPRINT(EM_REPORT):   output;
MPRINT(EM_REPORT):   NAME = "COLORINDEX";
MPRINT(EM_REPORT):   VALUE = "";
MPRINT(EM_REPORT):   VIEW = 0.3820506694643;
MPRINT(EM_REPORT):   output;
MPRINT(EM_REPORT):   NAME = "TIPTEXT";
MPRINT(EM_REPORT):   VALUE = "";
MPRINT(EM_REPORT):   VIEW = 0.3820506694643;
MPRINT(EM_REPORT):   output;
MPRINT(EM_REPORT):   NAME = "TIP";
MPRINT(EM_REPORT):   VALUE = "";
MPRINT(EM_REPORT):   VIEW = 0.3820506694643;
MPRINT(EM_REPORT):   output;
MPRINT(EM_REPORT):   NAME = "TOOLTIP";
MPRINT(EM_REPORT):   VALUE = "";
MPRINT(EM_REPORT):   VIEW = 0.3820506694643;
MPRINT(EM_REPORT):   output;
MPRINT(EM_REPORT):   NAME = "REPORTID";
MPRINT(EM_REPORT):   VALUE = "";
MPRINT(EM_REPORT):   VIEW = 0.3820506694643;
MPRINT(EM_REPORT):   output;
MPRINT(EM_REPORT):   NAME = "IDVALUE";
MPRINT(EM_REPORT):   VALUE = "";
MPRINT(EM_REPORT):   VIEW = 0.3820506694643;
MPRINT(EM_REPORT):   output;
MPRINT(EM_REPORT):   NAME = "ID";
MPRINT(EM_REPORT):   VALUE = "";
MPRINT(EM_REPORT):   VIEW = 0.3820506694643;
MPRINT(EM_REPORT):   output;
MPRINT(EM_REPORT):   NAME = "SIZE";
MPRINT(EM_REPORT):   VALUE = "";
MPRINT(EM_REPORT):   VIEW = 0.3820506694643;
MPRINT(EM_REPORT):   output;
MPRINT(EM_REPORT):   NAME = "FROM";
MPRINT(EM_REPORT):   VALUE = "";
MPRINT(EM_REPORT):   VIEW = 0.3820506694643;
MPRINT(EM_REPORT):   output;
MPRINT(EM_REPORT):   NAME = "TO";
MPRINT(EM_REPORT):   VALUE = "";
MPRINT(EM_REPORT):   VIEW = 0.3820506694643;
MPRINT(EM_REPORT):   output;
MPRINT(EM_REPORT):   NAME = "VALUE";
MPRINT(EM_REPORT):   VALUE = "";
MPRINT(EM_REPORT):   VIEW = 0.3820506694643;
MPRINT(EM_REPORT):   output;
MPRINT(EM_REPORT):   NAME = "VIEWS";
MPRINT(EM_REPORT):   VALUE = "";
MPRINT(EM_REPORT):   VIEW = 0.3820506694643;
MPRINT(EM_REPORT):   output;
MPRINT(EM_REPORT):   NAME = "PARENT";
MPRINT(EM_REPORT):   VALUE = "";
MPRINT(EM_REPORT):   VIEW = 0.3820506694643;
MPRINT(EM_REPORT):   output;
MPRINT(EM_REPORT):   NAME = "NODETEXT";
MPRINT(EM_REPORT):   VALUE = "";
MPRINT(EM_REPORT):   VIEW = 0.3820506694643;
MPRINT(EM_REPORT):   output;
MPRINT(EM_REPORT):   NAME = "ABOVETEXT";
MPRINT(EM_REPORT):   VALUE = "";
MPRINT(EM_REPORT):   VIEW = 0.3820506694643;
MPRINT(EM_REPORT):   output;
MPRINT(EM_REPORT):   NAME = "BELOWTEXT";
MPRINT(EM_REPORT):   VALUE = "";
MPRINT(EM_REPORT):   VIEW = 0.3820506694643;
MPRINT(EM_REPORT):   output;
MPRINT(EM_REPORT):   NAME = "NODESIZE";
MPRINT(EM_REPORT):   VALUE = "";
MPRINT(EM_REPORT):   VIEW = 0.3820506694643;
MPRINT(EM_REPORT):   output;
MPRINT(EM_REPORT):   NAME = "STATS";
MPRINT(EM_REPORT):   VALUE = "";
MPRINT(EM_REPORT):   VIEW = 0.3820506694643;
MPRINT(EM_REPORT):   output;
MPRINT(EM_REPORT):   NAME = "CLASSDIST";
MPRINT(EM_REPORT):   VALUE = "";
MPRINT(EM_REPORT):   VIEW = 0.3820506694643;
MPRINT(EM_REPORT):   output;
MPRINT(EM_REPORT):   NAME = "INTDIST";
MPRINT(EM_REPORT):   VALUE = "";
MPRINT(EM_REPORT):   VIEW = 0.3820506694643;
MPRINT(EM_REPORT):   output;
MPRINT(EM_REPORT):   NAME = "FOLDER";
MPRINT(EM_REPORT):   VALUE = "";
MPRINT(EM_REPORT):   VIEW = 0.3820506694643;
MPRINT(EM_REPORT):   output;
MPRINT(EM_REPORT):   NAME = "YPLOTTYPE";
MPRINT(EM_REPORT):   VALUE = "";
MPRINT(EM_REPORT):   VIEW = 0.3820506694643;
MPRINT(EM_REPORT):   output;
MPRINT(EM_REPORT):   NAME = "XREF";
MPRINT(EM_REPORT):   VALUE = "";
MPRINT(EM_REPORT):   VIEW = 0.3820506694643;
MPRINT(EM_REPORT):   output;
MPRINT(EM_REPORT):   NAME = "XREF2";
MPRINT(EM_REPORT):   VALUE = "";
MPRINT(EM_REPORT):   VIEW = 0.3820506694643;
MPRINT(EM_REPORT):   output;
MPRINT(EM_REPORT):   NAME = "YREF";
MPRINT(EM_REPORT):   VALUE = "";
MPRINT(EM_REPORT):   VIEW = 0.3820506694643;
MPRINT(EM_REPORT):   output;
MPRINT(EM_REPORT):   NAME = "Y2REF";
MPRINT(EM_REPORT):   VALUE = "";
MPRINT(EM_REPORT):   VIEW = 0.3820506694643;
MPRINT(EM_REPORT):   output;
MPRINT(EM_REPORT):   NAME = "YREF2";
MPRINT(EM_REPORT):   VALUE = "";
MPRINT(EM_REPORT):   VIEW = 0.3820506694643;
MPRINT(EM_REPORT):   output;
MPRINT(EM_REPORT):   NAME = "Y2REF2";
MPRINT(EM_REPORT):   VALUE = "";
MPRINT(EM_REPORT):   VIEW = 0.3820506694643;
MPRINT(EM_REPORT):   output;
MPRINT(EM_REPORT):   NAME = "GROUPINDEX";
MPRINT(EM_REPORT):   VALUE = "";
MPRINT(EM_REPORT):   VIEW = 0.3820506694643;
MPRINT(EM_REPORT):   output;
MPRINT(EM_REPORT):   NAME = "JOIN";
MPRINT(EM_REPORT):   VALUE = "";
MPRINT(EM_REPORT):   VIEW = 0.3820506694643;
MPRINT(EM_REPORT):   output;
MPRINT(EM_REPORT):   NAME = "XEXCLUDE";
MPRINT(EM_REPORT):   VALUE = "";
MPRINT(EM_REPORT):   VIEW = 0.3820506694643;
MPRINT(EM_REPORT):   output;
MPRINT(EM_REPORT):   NAME = "FREQEXCLUDE";
MPRINT(EM_REPORT):   VALUE = "";
MPRINT(EM_REPORT):   VIEW = 0.3820506694643;
MPRINT(EM_REPORT):   output;
MPRINT(EM_REPORT):   NAME = "YEXCLUDE";
MPRINT(EM_REPORT):   VALUE = "";
MPRINT(EM_REPORT):   VIEW = 0.3820506694643;
MPRINT(EM_REPORT):   output;
MPRINT(EM_REPORT):   NAME = "NAME";
MPRINT(EM_REPORT):   VALUE = "";
MPRINT(EM_REPORT):   VIEW = 0.3820506694643;
MPRINT(EM_REPORT):   output;
MPRINT(EM_REPORT):   NAME = "HEIGHT";
MPRINT(EM_REPORT):   VALUE = "";
MPRINT(EM_REPORT):   VIEW = 0.3820506694643;
MPRINT(EM_REPORT):   output;
MPRINT(EM_REPORT):   NAME = "WIDTH";
MPRINT(EM_REPORT):   VALUE = "";
MPRINT(EM_REPORT):   VIEW = 0.3820506694643;
MPRINT(EM_REPORT):   output;
MPRINT(EM_REPORT):   NAME = "XAXISLABEL";
MPRINT(EM_REPORT):   VALUE = "";
MPRINT(EM_REPORT):   VIEW = 0.3820506694643;
MPRINT(EM_REPORT):   output;
MPRINT(EM_REPORT):   NAME = "Y2AXISLABEL";
MPRINT(EM_REPORT):   VALUE = "";
MPRINT(EM_REPORT):   VIEW = 0.3820506694643;
MPRINT(EM_REPORT):   output;
MPRINT(EM_REPORT):   NAME = "YAXISLABEL";
MPRINT(EM_REPORT):   VALUE = "";
MPRINT(EM_REPORT):   VIEW = 0.3820506694643;
MPRINT(EM_REPORT):   output;
MPRINT(EM_REPORT):   NAME = "DISPLAYXLABEL";
MPRINT(EM_REPORT):   VALUE = "Y";
MPRINT(EM_REPORT):   VIEW = 0.3820506694643;
MPRINT(EM_REPORT):   output;
MPRINT(EM_REPORT):   NAME = "DISPLAYYLABEL";
MPRINT(EM_REPORT):   VALUE = "Y";
MPRINT(EM_REPORT):   VIEW = 0.3820506694643;
MPRINT(EM_REPORT):   output;
MPRINT(EM_REPORT):   NAME = "CHOICETEXT";
MPRINT(EM_REPORT):   VALUE = "";
MPRINT(EM_REPORT):   VIEW = 0.3820506694643;
MPRINT(EM_REPORT):   output;
MPRINT(EM_REPORT):   NAME = "SEGMENTVALUE";
MPRINT(EM_REPORT):   VALUE = "";
MPRINT(EM_REPORT):   VIEW = 0.3820506694643;
MPRINT(EM_REPORT):   output;
MPRINT(EM_REPORT):   NAME = "LOWERBAND";
MPRINT(EM_REPORT):   VALUE = "";
MPRINT(EM_REPORT):   VIEW = 0.3820506694643;
MPRINT(EM_REPORT):   output;
MPRINT(EM_REPORT):   NAME = "UPPERBAND";
MPRINT(EM_REPORT):   VALUE = "";
MPRINT(EM_REPORT):   VIEW = 0.3820506694643;
MPRINT(EM_REPORT):   output;
MPRINT(EM_REPORT):   NAME = "YLINE";
MPRINT(EM_REPORT):   VALUE = "";
MPRINT(EM_REPORT):   VIEW = 0.3820506694643;
MPRINT(EM_REPORT):   output;
MPRINT(EM_REPORT):   NAME = "LINKKEY";
MPRINT(EM_REPORT):   VALUE = "";
MPRINT(EM_REPORT):   VIEW = 0.3820506694643;
MPRINT(EM_REPORT):   output;
MPRINT(EM_REPORT):   NAME = "NODEKEY";
MPRINT(EM_REPORT):   VALUE = "";
MPRINT(EM_REPORT):   VIEW = 0.3820506694643;
MPRINT(EM_REPORT):   output;
MPRINT(EM_REPORT):   NAME = "NODEID";
MPRINT(EM_REPORT):   VALUE = "";
MPRINT(EM_REPORT):   VIEW = 0.3820506694643;
MPRINT(EM_REPORT):   output;
MPRINT(EM_REPORT):   NAME = "NODEVALUE";
MPRINT(EM_REPORT):   VALUE = "";
MPRINT(EM_REPORT):   VIEW = 0.3820506694643;
MPRINT(EM_REPORT):   output;
MPRINT(EM_REPORT):   NAME = "NODECOLOR";
MPRINT(EM_REPORT):   VALUE = "";
MPRINT(EM_REPORT):   VIEW = 0.3820506694643;
MPRINT(EM_REPORT):   output;
MPRINT(EM_REPORT):   NAME = "NODESHAPE";
MPRINT(EM_REPORT):   VALUE = "";
MPRINT(EM_REPORT):   VIEW = 0.3820506694643;
MPRINT(EM_REPORT):   output;
MPRINT(EM_REPORT):   NAME = "NODESHAPEVAR";
MPRINT(EM_REPORT):   VALUE = "";
MPRINT(EM_REPORT):   VIEW = 0.3820506694643;
MPRINT(EM_REPORT):   output;
MPRINT(EM_REPORT):   NAME = "NODELABEL";
MPRINT(EM_REPORT):   VALUE = "";
MPRINT(EM_REPORT):   VIEW = 0.3820506694643;
MPRINT(EM_REPORT):   output;
MPRINT(EM_REPORT):   NAME = "NODETIP";
MPRINT(EM_REPORT):   VALUE = "";
MPRINT(EM_REPORT):   VIEW = 0.3820506694643;
MPRINT(EM_REPORT):   output;
MPRINT(EM_REPORT):   NAME = "LINKID";
MPRINT(EM_REPORT):   VALUE = "";
MPRINT(EM_REPORT):   VIEW = 0.3820506694643;
MPRINT(EM_REPORT):   output;
MPRINT(EM_REPORT):   NAME = "LINKVALUE";
MPRINT(EM_REPORT):   VALUE = "";
MPRINT(EM_REPORT):   VIEW = 0.3820506694643;
MPRINT(EM_REPORT):   output;
MPRINT(EM_REPORT):   NAME = "LINKFROM";
MPRINT(EM_REPORT):   VALUE = "";
MPRINT(EM_REPORT):   VIEW = 0.3820506694643;
MPRINT(EM_REPORT):   output;
MPRINT(EM_REPORT):   NAME = "LINKTO";
MPRINT(EM_REPORT):   VALUE = "";
MPRINT(EM_REPORT):   VIEW = 0.3820506694643;
MPRINT(EM_REPORT):   output;
MPRINT(EM_REPORT):   NAME = "LINKCOLOR";
MPRINT(EM_REPORT):   VALUE = "";
MPRINT(EM_REPORT):   VIEW = 0.3820506694643;
MPRINT(EM_REPORT):   output;
MPRINT(EM_REPORT):   NAME = "LINKWIDTH";
MPRINT(EM_REPORT):   VALUE = "";
MPRINT(EM_REPORT):   VIEW = 0.3820506694643;
MPRINT(EM_REPORT):   output;
MPRINT(EM_REPORT):   NAME = "LINKTIP";
MPRINT(EM_REPORT):   VALUE = "";
MPRINT(EM_REPORT):   VIEW = 0.3820506694643;
MPRINT(EM_REPORT):   output;
MPRINT(EM_REPORT):   NAME = "XFROM";
MPRINT(EM_REPORT):   VALUE = "";
MPRINT(EM_REPORT):   VIEW = 0.3820506694643;
MPRINT(EM_REPORT):   output;
MPRINT(EM_REPORT):   NAME = "XTO";
MPRINT(EM_REPORT):   VALUE = "";
MPRINT(EM_REPORT):   VIEW = 0.3820506694643;
MPRINT(EM_REPORT):   output;
MPRINT(EM_REPORT):   NAME = "YFROM";
MPRINT(EM_REPORT):   VALUE = "";
MPRINT(EM_REPORT):   VIEW = 0.3820506694643;
MPRINT(EM_REPORT):   output;
MPRINT(EM_REPORT):   NAME = "YTO";
MPRINT(EM_REPORT):   VALUE = "";
MPRINT(EM_REPORT):   VIEW = 0.3820506694643;
MPRINT(EM_REPORT):   output;
MPRINT(EM_REPORT):   NAME = "MATRIXVAR";
MPRINT(EM_REPORT):   VALUE = "";
MPRINT(EM_REPORT):   VIEW = 0.3820506694643;
MPRINT(EM_REPORT):   output;
MPRINT(EM_REPORT):   NAME = "RESPONSE";
MPRINT(EM_REPORT):   VALUE = "";
MPRINT(EM_REPORT):   VIEW = 0.3820506694643;
MPRINT(EM_REPORT):   output;
MPRINT(EM_REPORT):   NAME = "SERIES";
MPRINT(EM_REPORT):   VALUE = "";
MPRINT(EM_REPORT):   VIEW = 0.3820506694643;
MPRINT(EM_REPORT):   output;
MPRINT(EM_REPORT):   NAME = "DESCARG";
MPRINT(EM_REPORT):   VALUE = "";
MPRINT(EM_REPORT):   VIEW = 0.3820506694643;
MPRINT(EM_REPORT):   output;
MPRINT(EM_REPORT):   NAME = "SLIDER";
MPRINT(EM_REPORT):   VALUE = "";
MPRINT(EM_REPORT):   VIEW = 0.3820506694643;
MPRINT(EM_REPORT):   output;
MPRINT(EM_REPORT):   NAME = "MarkerSize";
MPRINT(EM_REPORT):   VALUE = "";
MPRINT(EM_REPORT):   VIEW = 0.3820506694643;
MPRINT(EM_REPORT):   output;
MPRINT(EM_REPORT):   NAME = "Marker";
MPRINT(EM_REPORT):   VALUE = "";
MPRINT(EM_REPORT):   VIEW = 0.3820506694643;
MPRINT(EM_REPORT):   output;
MPRINT(EM_REPORT):   NAME = "Y1";
MPRINT(EM_REPORT):   VALUE = "";
MPRINT(EM_REPORT):   VIEW = 0.3820506694643;
MPRINT(EM_REPORT):   output;
MPRINT(EM_REPORT):   NAME = "Y2";
MPRINT(EM_REPORT):   VALUE = "";
MPRINT(EM_REPORT):   VIEW = 0.3820506694643;
MPRINT(EM_REPORT):   output;
MPRINT(EM_REPORT):   NAME = "Y3";
MPRINT(EM_REPORT):   VALUE = "";
MPRINT(EM_REPORT):   VIEW = 0.3820506694643;
MPRINT(EM_REPORT):   output;
MPRINT(EM_REPORT):   NAME = "Y4";
MPRINT(EM_REPORT):   VALUE = "";
MPRINT(EM_REPORT):   VIEW = 0.3820506694643;
MPRINT(EM_REPORT):   output;
MPRINT(EM_REPORT):   NAME = "Y5";
MPRINT(EM_REPORT):   VALUE = "";
MPRINT(EM_REPORT):   VIEW = 0.3820506694643;
MPRINT(EM_REPORT):   output;
MPRINT(EM_REPORT):   NAME = "Y6";
MPRINT(EM_REPORT):   VALUE = "";
MPRINT(EM_REPORT):   VIEW = 0.3820506694643;
MPRINT(EM_REPORT):   output;
MPRINT(EM_REPORT):   NAME = "Y7";
MPRINT(EM_REPORT):   VALUE = "";
MPRINT(EM_REPORT):   VIEW = 0.3820506694643;
MPRINT(EM_REPORT):   output;
MPRINT(EM_REPORT):   NAME = "Y8";
MPRINT(EM_REPORT):   VALUE = "";
MPRINT(EM_REPORT):   VIEW = 0.3820506694643;
MPRINT(EM_REPORT):   output;
MPRINT(EM_REPORT):   NAME = "Y9";
MPRINT(EM_REPORT):   VALUE = "";
MPRINT(EM_REPORT):   VIEW = 0.3820506694643;
MPRINT(EM_REPORT):   output;
MPRINT(EM_REPORT):   NAME = "Y10";
MPRINT(EM_REPORT):   VALUE = "";
MPRINT(EM_REPORT):   VIEW = 0.3820506694643;
MPRINT(EM_REPORT):   output;
MPRINT(EM_REPORT):   NAME = "Y11";
MPRINT(EM_REPORT):   VALUE = "";
MPRINT(EM_REPORT):   VIEW = 0.3820506694643;
MPRINT(EM_REPORT):   output;
MPRINT(EM_REPORT):   NAME = "Y12";
MPRINT(EM_REPORT):   VALUE = "";
MPRINT(EM_REPORT):   VIEW = 0.3820506694643;
MPRINT(EM_REPORT):   output;
MPRINT(EM_REPORT):   NAME = "Y13";
MPRINT(EM_REPORT):   VALUE = "";
MPRINT(EM_REPORT):   VIEW = 0.3820506694643;
MPRINT(EM_REPORT):   output;
MPRINT(EM_REPORT):   NAME = "Y14";
MPRINT(EM_REPORT):   VALUE = "";
MPRINT(EM_REPORT):   VIEW = 0.3820506694643;
MPRINT(EM_REPORT):   output;
MPRINT(EM_REPORT):   NAME = "Y15";
MPRINT(EM_REPORT):   VALUE = "";
MPRINT(EM_REPORT):   VIEW = 0.3820506694643;
MPRINT(EM_REPORT):   output;
MPRINT(EM_REPORT):   NAME = "Y16";
MPRINT(EM_REPORT):   VALUE = "";
MPRINT(EM_REPORT):   VIEW = 0.3820506694643;
MPRINT(EM_REPORT):   output;
MPRINT(EM_REPORT):   NAME = "TITLE";
MPRINT(EM_REPORT):   VALUE = "";
MPRINT(EM_REPORT):   VIEW = 0.3820506694643;
MPRINT(EM_REPORT):   output;
MPRINT(EM_REPORT):   NAME = "LEGEND";
MPRINT(EM_REPORT):   VALUE = "";
MPRINT(EM_REPORT):   VIEW = 0.3820506694643;
MPRINT(EM_REPORT):   output;
MPRINT(EM_REPORT):   NAME = "LEGENDTITLE";
MPRINT(EM_REPORT):   VALUE = "";
MPRINT(EM_REPORT):   VIEW = 0.3820506694643;
MPRINT(EM_REPORT):   output;
MPRINT(EM_REPORT):   NAME = "SHAPE";
MPRINT(EM_REPORT):   VALUE = "";
MPRINT(EM_REPORT):   VIEW = 0.3820506694643;
MPRINT(EM_REPORT):   output;
MPRINT(EM_REPORT):   NAME = "METHOD";
MPRINT(EM_REPORT):   VALUE = "";
MPRINT(EM_REPORT):   VIEW = 0.3820506694643;
MPRINT(EM_REPORT):   output;
MPRINT(EM_REPORT):   NAME = "NOBINMISS";
MPRINT(EM_REPORT):   VALUE = "";
MPRINT(EM_REPORT):   VIEW = 0.3820506694643;
MPRINT(EM_REPORT):   output;
MPRINT(EM_REPORT):   end;
MPRINT(EM_REPORT):   run;

NOTE: There were 662 observations read from the data set WORK.EM_USER_REPORT.
NOTE: The data set WORK.EM_USER_REPORT has 794 observations and 4 variables.
NOTE: DATA statement used (Total process time):
      real time           0.03 seconds
      cpu time            0.00 seconds
      

MPRINT(EM_TREE_REPORT):  ;
MPRINT(MAIN):  ;
MPRINT(EM_DIAGRAM):  ;
MPRINT(EM_DIAGRAM):   *------------------------------------------------------------*;
MPRINT(EM_DIAGRAM):   * End REPORT: Tree8;
MPRINT(EM_DIAGRAM):   *------------------------------------------------------------*;
33431      
33432      *------------------------------------------------------------*;
33433      * End REPORT: Tree8;
33434      *------------------------------------------------------------*;

33435      /* Reset EM Options */
33436      options formchar="|----|+|---+=|-/\<>*";
MPRINT(EM_DIAGRAM):    options formchar="|----|+|---+=|-/\<>*";
33437      options nocenter ls=256 ps=10000;
MPRINT(EM_DIAGRAM):   options nocenter ls=256 ps=10000;
33438      goptions reset=all device=GIF NODISPLAY;
MPRINT(EM_DIAGRAM):   goptions reset=all device=GIF NODISPLAY;
33439      proc sort data=WORK.EM_USER_REPORT;
MPRINT(EM_DIAGRAM):    proc sort data=WORK.EM_USER_REPORT;
33440      by ID VIEW;
MPRINT(EM_DIAGRAM):   by ID VIEW;
33441      run;
MPRINT(EM_DIAGRAM):   run;

NOTE: There were 794 observations read from the data set WORK.EM_USER_REPORT.
NOTE: The data set WORK.EM_USER_REPORT has 794 observations and 4 variables.
NOTE: PROCEDURE SORT used (Total process time):
      real time           0.01 seconds
      cpu time            0.01 seconds
      

33442      proc sort data=EMWS1.Part2_CMeta_TRAIN out=WORK.SUBSETINMETA;
MPRINT(EM_DIAGRAM):    proc sort data=EMWS1.Part2_CMeta_TRAIN out=WORK.SUBSETINMETA;
33443      by NAME;
MPRINT(EM_DIAGRAM):   by NAME;
33444      run;
MPRINT(EM_DIAGRAM):   run;

NOTE: There were 33 observations read from the data set EMWS1.PART2_CMETA_TRAIN.
NOTE: The data set WORK.SUBSETINMETA has 33 observations and 20 variables.
NOTE: PROCEDURE SORT used (Total process time):
      real time           0.01 seconds
      cpu time            0.00 seconds
      

33445      proc sort data=EMWS1.Tree8_VariableSet out=WORK.SUBSETVARSET(keep=NAME REPORT);
MPRINT(EM_DIAGRAM):   proc sort data=EMWS1.Tree8_VariableSet out=WORK.SUBSETVARSET(keep=NAME REPORT);
33446      by NAME;
MPRINT(EM_DIAGRAM):   by NAME;
33447      run;
MPRINT(EM_DIAGRAM):   run;

NOTE: There were 33 observations read from the data set EMWS1.TREE8_VARIABLESET.
NOTE: The data set WORK.SUBSETVARSET has 33 observations and 2 variables.
NOTE: PROCEDURE SORT used (Total process time):
      real time           0.03 seconds
      cpu time            0.01 seconds
      

33448      data WORK.ASSESS_META;
MPRINT(EM_DIAGRAM):   data WORK.ASSESS_META;
33449      merge WORK.SUBSETINMETA WORK.SUBSETVARSET;
MPRINT(EM_DIAGRAM):   merge WORK.SUBSETINMETA WORK.SUBSETVARSET;
33450      by NAME;
MPRINT(EM_DIAGRAM):   by NAME;
33451      run;
MPRINT(EM_DIAGRAM):   run;

NOTE: There were 33 observations read from the data set WORK.SUBSETINMETA.
NOTE: There were 33 observations read from the data set WORK.SUBSETVARSET.
NOTE: The data set WORK.ASSESS_META has 33 observations and 20 variables.
NOTE: DATA statement used (Total process time):
      real time           0.02 seconds
      cpu time            0.00 seconds
      

33452      data EM_temp_assessMeta;
MPRINT(EM_DIAGRAM):    data EM_temp_assessMeta;
33453      set EMWS1.Tree8_CMeta_TRAIN;
MPRINT(EM_DIAGRAM):   set EMWS1.Tree8_CMeta_TRAIN;
33454      where role in('DECISION', 'PREDICT', 'RESIDUAL', 'CLASSIFICATION', 'ASSESS', 'COST');
MPRINT(EM_DIAGRAM):   where role in('DECISION', 'PREDICT', 'RESIDUAL', 'CLASSIFICATION', 'ASSESS', 'COST');
33455      run;
MPRINT(EM_DIAGRAM):   run;

NOTE: There were 12 observations read from the data set EMWS1.TREE8_CMETA_TRAIN.
      WHERE role in ('ASSESS', 'CLASSIFICATION', 'COST', 'DECISION', 'PREDICT', 'RESIDUAL');
NOTE: The data set WORK.EM_TEMP_ASSESSMETA has 12 observations and 21 variables.
NOTE: DATA statement used (Total process time):
      real time           0.00 seconds
      cpu time            0.00 seconds
      

33456      data EM_temp_assessdata;
MPRINT(EM_DIAGRAM):    data EM_temp_assessdata;
33457      set EMWS1.Tree8_TRAIN(keep=
33458      F_diagnosis
33459      I_diagnosis
33460      P_diagnosisB
33461      P_diagnosisM
33462      Q_diagnosisB
33463      Q_diagnosisM
33464      R_diagnosisB
33465      R_diagnosisM
33466      U_diagnosis
33467      V_diagnosisB
33468      V_diagnosisM
33469      _WARN_
33470      diagnosis
33471      );
MPRINT(EM_DIAGRAM):   set EMWS1.Tree8_TRAIN(keep= F_diagnosis I_diagnosis P_diagnosisB P_diagnosisM Q_diagnosisB Q_diagnosisM R_diagnosisB R_diagnosisM U_diagnosis V_diagnosisB V_diagnosisM _WARN_ diagnosis );
33472      run;
MPRINT(EM_DIAGRAM):   run;

NOTE: Variable _WARN_ is uninitialized.
NOTE: View EMWS1.TREE8_TRAIN.VIEW used (Total process time):
      real time           0.05 seconds
      cpu time            0.03 seconds
      
NOTE: There were 396 observations read from the data set EMWS1.PART2_TRAIN.
NOTE: There were 396 observations read from the data set EMWS1.TREE8_TRAIN.
NOTE: The data set WORK.EM_TEMP_ASSESSDATA has 396 observations and 13 variables.
NOTE: DATA statement used (Total process time):
      real time           0.06 seconds
      cpu time            0.04 seconds
      

MPRINT(EM_DIAGRAM):    proc freq data=EM_temp_assessdata noprint;
MPRINT(EM_DIAGRAM):   table I_diagnosis*F_diagnosis / out = WORK.Tree8_1W7J683 nocol norow outpct;
MPRINT(EM_DIAGRAM):   run;
MPRINT(EM_DIAGRAM):    data WORK.Tree8_1W7J683;
MPRINT(EM_DIAGRAM):   length _TYPE_ $10 DATAROLE TARGET $32 TARGETLABEL $200 FROM INTO $32 CORRECTTEXT $40 ;
MPRINT(EM_DIAGRAM):   label _TYPE_ = "Outcome Type";
MPRINT(EM_DIAGRAM):   label DATAROLE = "Data Role";
MPRINT(EM_DIAGRAM):   label TARGET = "Target Variable";
MPRINT(EM_DIAGRAM):   label TARGETLABEL = "Target Label";
MPRINT(EM_DIAGRAM):   label FROM = "Target";
MPRINT(EM_DIAGRAM):   label INTO = "Outcome";
MPRINT(EM_DIAGRAM):   label PCT_ROW = "Target Percentage";
MPRINT(EM_DIAGRAM):   label PCT_COL = "Outcome Percentage";
MPRINT(EM_DIAGRAM):   label COUNT = "Frequency Count";
MPRINT(EM_DIAGRAM):   label PERCENT = "Total Percentage";
MPRINT(EM_DIAGRAM):   label CORRECTTEXT = "Correct Text";
MPRINT(EM_DIAGRAM):   label CORRECT = "Correct";
MPRINT(EM_DIAGRAM):   set WORK.Tree8_1W7J683(rename=(F_diagnosis=FROM I_diagnosis=INTO));
MPRINT(EM_DIAGRAM):   retain _TYPE_ 'PREDICTION' DATAROLE "TRAIN" TARGET "diagnosis";
MPRINT(EM_DIAGRAM):   if FROM eq INTO then do;
MPRINT(EM_DIAGRAM):   CORRECT = 0;
MPRINT(EM_DIAGRAM):   CORRECTTEXT="Correct";
MPRINT(EM_DIAGRAM):   end;
MPRINT(EM_DIAGRAM):   else do;
MPRINT(EM_DIAGRAM):   CORRECT = 1;
MPRINT(EM_DIAGRAM):   CORRECTTEXT="Incorrect";
MPRINT(EM_DIAGRAM):   end;
MPRINT(EM_DIAGRAM):   run;
MPRINT(EM_DIAGRAM):    data EMWS1.Tree8_EMCLASSIFICATION;
MPRINT(EM_DIAGRAM):   set WORK.Tree8_1W7J683;
MPRINT(EM_DIAGRAM):   run;
MPRINT(EM_DIAGRAM):    data WORK.MISCREPORT;
MPRINT(EM_DIAGRAM):   set WORK.Tree8_1W7J683;
MPRINT(EM_DIAGRAM):   run;
MPRINT(EM_DIAGRAM):    data WORK.MISCREPORT(drop=INTO FROM _TYPE_);
MPRINT(EM_DIAGRAM):   set WORK.MISCREPORT;
MPRINT(EM_DIAGRAM):   length MISC $12;
MPRINT(EM_DIAGRAM):   if FROM='M' and INTO='M' then MISC='TRUEEVENT';
MPRINT(EM_DIAGRAM):   else if FROM='M' and INTO ne 'M' then MISC='FALSENEVENT';
MPRINT(EM_DIAGRAM):   else if FROM ne 'M' and INTO='M' then MISC='FALSEEVENT';
MPRINT(EM_DIAGRAM):   else if FROM ne'M' and INTO ne 'M' then MISC='TRUENEVENT';
MPRINT(EM_DIAGRAM):   run;
MPRINT(EM_DIAGRAM):   proc sort data=WORK.MISCREPORT nothreads;
MPRINT(EM_DIAGRAM):   by DATAROLE TARGET;
MPRINT(EM_DIAGRAM):   run;
MPRINT(EM_DIAGRAM):   proc summary data=WORK.MISCREPORT NWAY;
MPRINT(EM_DIAGRAM):   output out=WORK.MISCCOUNT(drop=_FREQ_ _TYPE_) SUM=COUNT;
MPRINT(EM_DIAGRAM):   CLASS MISC;
MPRINT(EM_DIAGRAM):   VAR COUNT;
MPRINT(EM_DIAGRAM):   by DATAROLE TARGET;
MPRINT(EM_DIAGRAM):   run;
MPRINT(EM_DIAGRAM):   proc transpose data=WORK.MISCCOUNT out=WORK.MISCREPORT(drop=_NAME_ _LABEL_);
MPRINT(EM_DIAGRAM):   by DATAROLE TARGET;
MPRINT(EM_DIAGRAM):   ID MISC;
MPRINT(EM_DIAGRAM):   run;
MPRINT(EM_DIAGRAM):    data EMWS1.Tree8_EMEVENTREPORT;
MPRINT(EM_DIAGRAM):   length TARGETLABEL $200;
MPRINT(EM_DIAGRAM):   label TARGETLABEL = "Target Label";
MPRINT(EM_DIAGRAM):   set WORK.MISCREPORT;
MPRINT(EM_DIAGRAM):   run;
MPRINT(EM_DIAGRAM):    data ASSESS_REPORTMETA;
MPRINT(EM_DIAGRAM):   set EMWS1.Tree8_VariableSet;
MPRINT(EM_DIAGRAM):   where REPORT='Y';
MPRINT(EM_DIAGRAM):   run;
MPRINT(EM_DIAGRAM):   filename temp catalog 'sashelp.emassmt.em_assess.source';
MPRINT(EM_DIAGRAM):   filename temp;
MPRINT(EM_DIAGRAM):    data _null_;
MPRINT(EM_DIAGRAM):   set EMWS1.Tree8_diagnosis_DM;
MPRINT(EM_DIAGRAM):   where _TYPE_="TARGET";
MPRINT(EM_DIAGRAM):   call symput('ASSMT_EVENT', strip(event));
MPRINT(EM_DIAGRAM):   run;
MPRINT(EM_DIAGRAM):   
MPRINT(EM_ASSESS):   data _ea_tmpdata;
MPRINT(EM_ASSESS):   set EM_temp_assessdata;
MPRINT(EM_ASSESS):   _tmpfreqvar_=1;
MPRINT(EM_ASSESS):   run;
MPRINT(EM_CHECKEMSETINIT):   DATA _NULL_;
MPRINT(EM_CHECKEMSETINIT):   EM_SETINIT = 'N';
MPRINT(EM_CHECKEMSETINIT):   IF SYSPROD('PRODNUM50') THEN EM_SETINIT = 'Y';
MPRINT(EM_CHECKEMSETINIT):   ELSE IF SYSPROD('PRODNUM448') THEN EM_SETINIT = 'Y';
MPRINT(EM_CHECKEMSETINIT):   ELSE IF SYSPROD('PRODNUM102') THEN EM_SETINIT = 'Y';
MPRINT(EM_CHECKEMSETINIT):   ELSE IF SYSPROD('PRODNUM103') THEN EM_SETINIT = 'Y';
MPRINT(EM_CHECKEMSETINIT):   CALL SYMPUT('EM_SETINIT', EM_SETINIT);
MPRINT(EM_CHECKEMSETINIT):   RUN;
MPRINT(EM_ASSESS):  ;
MPRINT(EM_ASSESS):   *;
MPRINT(EM_ASSESS):   * ............ Reading in reporting data set;
MPRINT(EM_ASSESS):   *;
MPRINT(EM_ASSESS):   DATA _NULL_;
MPRINT(EM_ASSESS):   SET ASSESS_REPORTMETA END = EOF;
MPRINT(EM_ASSESS):   IF TYPE = "C" OR UPCASE (LEVEL) IN ("NOMINAL", "BINARY" , "ORDINAL") THEN DO;
MPRINT(EM_ASSESS):   IF UPCASE (NAME) NE UPCASE ("F_diagnosis") THEN DO;
MPRINT(EM_ASSESS):   NUMCTOREPORT + 1;
MPRINT(EM_ASSESS):   CALL SYMPUTX ("REPORTC" || LEFT (PUT (NUMCTOREPORT, 5.)), NAME);
MPRINT(EM_ASSESS):   END;
MPRINT(EM_ASSESS):   ELSE CALL SYMPUTX ("RPRT_TRGT", "C");
MPRINT(EM_ASSESS):   END;
MPRINT(EM_ASSESS):   ELSE IF TYPE = "N" THEN DO;
MPRINT(EM_ASSESS):   IF UPCASE(NAME) NE UPCASE ("F_diagnosis") THEN DO;
MPRINT(EM_ASSESS):   NUMNTOREPORT + 1;
MPRINT(EM_ASSESS):   CALL SYMPUTX ("REPORTN" || LEFT (PUT (NUMNTOREPORT, 5.)), NAME);
MPRINT(EM_ASSESS):   END;
MPRINT(EM_ASSESS):   ELSE CALL SYMPUTX ("RPRT_TRGT", "N");
MPRINT(EM_ASSESS):   END;
MPRINT(EM_ASSESS):   IF EOF THEN DO;
MPRINT(EM_ASSESS):   CALL SYMPUTX ("NUMNTOREPORT", NUMNTOREPORT);
MPRINT(EM_ASSESS):   CALL SYMPUTX ("NUMCTOREPORT", NUMCTOREPORT);
MPRINT(EM_ASSESS):   CALL SYMPUTX ("NUMTOREPORT", SUM (NUMNTOREPORT, NUMCTOREPORT));
MPRINT(EM_ASSESS):   END;
MPRINT(EM_ASSESS):   RUN;
MPRINT(EM_ASSESS):   PROC DMDB DATA = _ea_tmpdata VAROUT = VAROUT DMDBCAT = _D CLASSOUT = _ASSMT_CLASSOUT;
MPRINT(EM_ASSESS):   CLASS F_diagnosis ;

MPRINT(EM_ASSESS):   VAR P_diagnosisM _tmpfreqvar_ ;
MPRINT(EM_ASSESS):   FREQ _tmpfreqvar_;
MPRINT(EM_ASSESS):   RUN ;
MPRINT(EM_ASSESS):   QUIT;
MPRINT(EM_ASSESS):   PROC SORT DATA = _ASSMT_CLASSOUT;
MPRINT(EM_ASSESS):   BY NAME;
MPRINT(EM_ASSESS):   RUN;
MPRINT(EM_ASSESS):   DATA _auxeventname (keep = __event__) ;
MPRINT(EM_ASSESS):   * ;
MPRINT(EM_ASSESS):   * ...FLAG0_1 = ..... TARGET IS 0, 1 & EVENT = 1;

MPRINT(EM_ASSESS):   ;
MPRINT(EM_ASSESS):   length __event__ $ 32;
MPRINT(EM_ASSESS):   RETAIN FLAG0_1 1 NUM1 . NUM0 . __event__ "_missing_" ;

MPRINT(EM_ASSESS):   SET _ASSMT_CLASSOUT END = EOF;
MPRINT(EM_ASSESS):   BY NAME;
MPRINT(EM_ASSESS):   *;
MPRINT(EM_ASSESS):   *;
MPRINT(EM_ASSESS):   * ....... LEVEL = BINARY OR NOMINAL OR ORDINAL;
MPRINT(EM_ASSESS):   *;
MPRINT(EM_ASSESS):   *;

MPRINT(EM_ASSESS):   IF UPCASE(NAME) = UPCASE ("F_diagnosis") THEN DO;
MPRINT(EM_ASSESS):   CUMFREQ + FREQUENCY;
MPRINT(EM_ASSESS):   IF LEVEL NE "." THEN DO;
MPRINT(EM_ASSESS):   N1 + 1;
MPRINT(EM_ASSESS):   IF (NRAW NE 0 AND NRAW NE 1) OR TYPE NE "N" OR "" > " " THEN FLAG0_1 = 0;
MPRINT(EM_ASSESS):   * ;
MPRINT(EM_ASSESS):   * ......................... IF EVENT NE BLANK;
MPRINT(EM_ASSESS):   * ....................LEVEL IS CHAR VAR ;
MPRINT(EM_ASSESS):   * ;
MPRINT(EM_ASSESS):   IF UPCASE("M") = UPCASE(LEVEL) THEN DO;
MPRINT(EM_ASSESS):   NUM1 = FREQUENCY;
MPRINT(EM_ASSESS):   IF TYPE = "C" THEN do;
MPRINT(EM_ASSESS):   CALL SYMPUTX ("EVENTVALUERAW", CRAW );
MPRINT(EM_ASSESS):   __event__ = craw;
MPRINT(EM_ASSESS):   end;
MPRINT(EM_ASSESS):   ELSE do;
MPRINT(EM_ASSESS):   CALL SYMPUTX ("EVENTVALUERAW", NRAW );
MPRINT(EM_ASSESS):   __event__ = nraw;
MPRINT(EM_ASSESS):   end;
MPRINT(EM_ASSESS):   END;
MPRINT(EM_ASSESS):   IF LAST.NAME THEN DO;

MPRINT(EM_ASSESS):   * ;
MPRINT(EM_ASSESS):   * .............. IN NOMINAL CASE, NEED TO GROUP ALL '0' ;
MPRINT(EM_ASSESS):   *;

MPRINT(EM_ASSESS):   NUM0 = SUM (CUMFREQ, - NUM1);
MPRINT(EM_ASSESS):   IF NUM0 < 0 THEN NUM0 = 0;
MPRINT(EM_ASSESS):   IF NUM1 = . THEN NUM1 = 0;
MPRINT(EM_ASSESS):   CALL SYMPUTX ("NUM0", NUM0 );
MPRINT(EM_ASSESS):   CALL SYMPUTX ("NUM1", NUM1);
MPRINT(EM_ASSESS):   CALL SYMPUTX ("PNUM1", NUM1 / CUMFREQ);
MPRINT(EM_ASSESS):   CALL SYMPUTX ("PNUM0", (CUMFREQ - NUM1) / CUMFREQ);
MPRINT(EM_ASSESS):   IF TYPE = "C" THEN DO;
MPRINT(EM_ASSESS):   FLAG0_1 = 0;
MPRINT(EM_ASSESS):   CALL SYMPUTX ("TARGETTYPE", "C" );
MPRINT(EM_ASSESS):   END;
MPRINT(EM_ASSESS):   ELSE IF TYPE = "N" THEN DO;
MPRINT(EM_ASSESS):   IF "" = " " THEN DO;
MPRINT(EM_ASSESS):   IF "M" NE "1" THEN FLAG0_1 = 0;
MPRINT(EM_ASSESS):   END;
MPRINT(EM_ASSESS):   CALL SYMPUTX ("TARGETTYPE", "N" );
MPRINT(EM_ASSESS):   END;
MPRINT(EM_ASSESS):   * ................... IF TYPE = N;
MPRINT(EM_ASSESS):   CALL SYMPUTX ("FLAG0_1", FLAG0_1 );
MPRINT(EM_ASSESS):   END;
MPRINT(EM_ASSESS):   * ..................IF LAST.NAME ;
MPRINT(EM_ASSESS):   END;
MPRINT(EM_ASSESS):   * ...............IF LEVEL NE '.' ;
MPRINT(EM_ASSESS):   END;
MPRINT(EM_ASSESS):   * .............. IF NAME = TARGET;
MPRINT(EM_ASSESS):   ELSE IF "" > " " AND UPCASE(NAME) = UPCASE("") THEN DO;
MPRINT(EM_ASSESS):   NUMDECISIONS + 1;
MPRINT(EM_ASSESS):   LEVEL = TRANSLATE (LEVEL, "_", "'", "_", '"');
MPRINT(EM_ASSESS):   CALL SYMPUTX ("D_LABEL" || LEFT (PUT (NUMDECISIONS, 3.)), LEVEL );
MPRINT(EM_ASSESS):   END;
MPRINT(EM_ASSESS):   * ..................... ELSE IF UPCASE;
MPRINT(EM_ASSESS):   IF EOF THEN DO;
MPRINT(EM_ASSESS):   output _auxeventname;
MPRINT(EM_ASSESS):   CALL SYMPUTX ("NUMOBS", CUMFREQ);
MPRINT(EM_ASSESS):   CALL SYMPUTX ("NUMDECISIONS", NUMDECISIONS);
MPRINT(EM_ASSESS):   END;
MPRINT(EM_ASSESS):   RUN;
MPRINT(EM_ASSESS):   DATA _NULL_;
MPRINT(EM_ASSESS):   SET VAROUT END = EOF;
MPRINT(EM_ASSESS):   IF UPCASE (NAME) = UPCASE ("P_diagnosisM") THEN DO;
MPRINT(EM_ASSESS):   IF N = 0 THEN DO;
MPRINT(EM_ASSESS):   PUT //// "          Warning: All posterior probabilities are missing values ";
MPRINT(EM_ASSESS):   PUT ///;
MPRINT(EM_ASSESS):   CALL SYMPUTX ("ALLMISS", 1);
MPRINT(EM_ASSESS):   STOP;
MPRINT(EM_ASSESS):   END;
MPRINT(EM_ASSESS):   ELSE CALL SYMPUTX ("ALLMISS", 0);
MPRINT(EM_ASSESS):   CALL SYMPUTX ("MINPROB", MIN);
MPRINT(EM_ASSESS):   CALL SYMPUTX ("MAXPROB", MAX);
MPRINT(EM_ASSESS):   CALL SYMPUTX ("DIFF", MAX - MIN);
MPRINT(EM_ASSESS):   CALL SYMPUTX ("NMISSPROB", NMISS);
MPRINT(EM_ASSESS):   END;
MPRINT(EM_ASSESS):   ELSE IF UPCASE (NAME) = UPCASE ("_tmpfreqvar_") THEN DO;
MPRINT(EM_ASSESS):   AUXMIN = MIN - INT (MIN);
MPRINT(EM_ASSESS):   AUXMAX = MAX - INT (MAX);
MPRINT(EM_ASSESS):   IF AUXMIN > 0 OR AUXMAX > 0 THEN CALL SYMPUTX ("USEWEIGHT", "Y");
MPRINT(EM_ASSESS):   ELSE CALL SYMPUTX ("USEWEIGHT", "N");
MPRINT(EM_ASSESS):   END;
MPRINT(EM_ASSESS):   RUN;
MPRINT(EM_ASSESS):   DATA _ANY0;
MPRINT(EM_ASSESS):   SET _ea_tmpdata (KEEP = F_diagnosis P_diagnosisM _tmpfreqvar_ );
MPRINT(EM_ASSESS):   *;
MPRINT(EM_ASSESS):   * ................... No Formats;
MPRINT(EM_ASSESS):   *;
MPRINT(EM_ASSESS):   IF LEFT ( F_diagnosis ) = "M" THEN NTARGET = 1;
MPRINT(EM_ASSESS):   ELSE NTARGET = 0;
MPRINT(EM_ASSESS):   RUN;
MPRINT(EM_ASSESS):   *;
MPRINT(EM_ASSESS):   * .............. Before proc summary of binary case;
MPRINT(EM_ASSESS):   *;
MPRINT(EM_ASSESS):   PROC SUMMARY DATA = _ANY0 (KEEP = P_diagnosisM NTARGET _tmpfreqvar_ WHERE = (NTARGET > . )) NWAY MISSING;
MPRINT(EM_ASSESS):   ;
MPRINT(EM_ASSESS):   CLASS P_diagnosisM ;
MPRINT(EM_ASSESS):   VAR NTARGET ;
MPRINT(EM_ASSESS):   FREQ _tmpfreqvar_ ;
MPRINT(EM_ASSESS):   OUTPUT OUT = ANYSUM (DROP = _TYPE_) MEAN = _MEANTARGET _MEANFREQVAR ;
MPRINT(EM_ASSESS):   RUN;
MPRINT(EM_ASSESS):   QUIT;
MPRINT(EM_ASSESS):   ;
MPRINT(EM_ASSESS):   *;
MPRINT(EM_ASSESS):   * .................... Main Data Set Processing, Binary case;
MPRINT(EM_ASSESS):   *;

MPRINT(EM_ASSESS):   DATA WORK._TEMPRANK (KEEP = BASECAPC BASECAP __EVENT__ BASEEVENTS BASEGAIN BASELIFT BASERESP BASERESPC BESTCAP BESTCAPC BESTGAIN BESTLIFT BESTLIFTC BESTNUMEVENTS BESTRESP BESTRESPC BIN CBASELIFT C_LIFT C_P_CAPT_RESP C_P_RESP GAIN LIFT 
MAXPROB MINPROB MNPROB NUMNONRESP NUMOBS NUMRESP PERCENTILE P_CAPT_RESP P_RESP ) WORK._TEMPSCOREDIST (KEEP = BIN LOWERPROB UPPERPROB EVENTVALUE SCR_NUMEVENTS MODELSCORE SCR_NUMNONEVENTS RANGE NUMOBSINGROUP PERCOBSINGROUP C_PERCOBSINGROUP SCR_P_EVENTS 
SCR_CP_EVENTS SCR_P_NONEVENTS SCR_CP_NONEVENTS SCR_MNPROB SCR_MINPROB SCR_MAXPROB ) ;

MPRINT(EM_ASSESS):   SET ANYSUM END = EOF;

MPRINT(EM_ASSESS):   IF _N_ = 1 THEN SET _AUXEVENTNAME;

MPRINT(EM_ASSESS):   RETAIN MINPROB1 - MINPROB20 1 MAXPROB1 - MAXPROB20 0 MNPROB1 - MNPROB20 0 NUMOBS1 - NUMOBS20 0 NUMRESP1 - NUMRESP20 0 TRUEPOS1 - TRUEPOS1000 0 TRUENEG1 - TRUENEG1000 0 FALSEPOS1 - FALSEPOS1000 0 FALSENEG1 - FALSENEG1000 0 EVENTS1 - 
EVENTS1000 NONEVENTS1 - NONEVENTS1000 0 FIRSTIN1 - FIRSTIN1000 . LASTIN1 - LASTIN1000 . RESPRATE 0.3712121212 _NEVENTS 147 _NNONEVENTS 249 TARGET "NTARGET" ;
MPRINT(EM_ASSESS):   ARRAY MINPROBS (20) MINPROB1 - MINPROB20;
MPRINT(EM_ASSESS):   ARRAY MAXPROBS (20) MAXPROB1 - MAXPROB20;
MPRINT(EM_ASSESS):   ARRAY MNPROBS (20) MNPROB1 - MNPROB20;
MPRINT(EM_ASSESS):   ARRAY NUMOBSS (20) NUMOBS1 - NUMOBS20;
MPRINT(EM_ASSESS):   ARRAY NUMRESPS (20) NUMRESP1 - NUMRESP20;
MPRINT(EM_ASSESS):   ARRAY TRUEPOSX (1000) TRUEPOS1 - TRUEPOS1000;
MPRINT(EM_ASSESS):   ARRAY FALSEPOSX (1000) FALSEPOS1 - FALSEPOS1000;
MPRINT(EM_ASSESS):   ARRAY FALSENEGX (1000) FALSENEG1 - FALSENEG1000;
MPRINT(EM_ASSESS):   ARRAY TRUENEGX (1000) TRUENEG1 - TRUENEG1000;
MPRINT(EM_ASSESS):   ARRAY _EVENTS (1000) EVENTS1 - EVENTS1000;
MPRINT(EM_ASSESS):   ARRAY NONEVENTS (1000) NONEVENTS1 - NONEVENTS1000;
MPRINT(EM_ASSESS):   ARRAY FIRSTIN (1000) FIRSTIN1 - FIRSTIN1000;
MPRINT(EM_ASSESS):   ARRAY LASTIN (1000) LASTIN1 - LASTIN1000;
MPRINT(EM_ASSESS):   RETAIN SCR_MNPROB1 - SCR_MNPROB1000 0 SCR_MINPROB1 - SCR_MINPROB1000 1 SCR_MAXPROB1 - SCR_MAXPROB1000 0;
MPRINT(EM_ASSESS):   ARRAY SCR_MNPROBS (1000) SCR_MNPROB1 - SCR_MNPROB1000;
MPRINT(EM_ASSESS):   ARRAY SCR_MINPROBS (1000) SCR_MINPROB1 - SCR_MINPROB1000;
MPRINT(EM_ASSESS):   ARRAY SCR_MAXPROBS (1000) SCR_MAXPROB1 - SCR_MAXPROB1000;
MPRINT(EM_ASSESS):   DROP SCR_MINPROB1 - SCR_MINPROB1000 SCR_MAXPROB1 - SCR_MAXPROB1000 SCR_MNPROB1 - SCR_MNPROB1000 ;
MPRINT(EM_ASSESS):   *;
MPRINT(EM_ASSESS):   * ...... Area For 8 Financials ;
MPRINT(EM_ASSESS):   *;
MPRINT(EM_ASSESS):   IF _MEANTARGET = . THEN _MEANTARGET = RESPRATE;
MPRINT(EM_ASSESS):   DROP N1 _K SUMWEIGHTS ;
MPRINT(EM_ASSESS):   SUMWEIGHTS = 1;

MPRINT(EM_ASSESS):   DO _K = 1 TO CEIL (_FREQ_);
MPRINT(EM_ASSESS):   IF _K = CEIL (_FREQ_) THEN DO;
MPRINT(EM_ASSESS):   IF _FREQ_ < CEIL (_FREQ_) THEN _WEIGHT = _FREQ_ - FLOOR (_FREQ_);
MPRINT(EM_ASSESS):   ELSE _WEIGHT = 1;
MPRINT(EM_ASSESS):   END;
MPRINT(EM_ASSESS):   ELSE _WEIGHT = 1;
MPRINT(EM_ASSESS):   N1 + _WEIGHT;
MPRINT(EM_ASSESS):   NTARGET = _MEANTARGET ;
MPRINT(EM_ASSESS):   DECILE = MIN (20, CEIL (N1 * 20 / 396));
MPRINT(EM_ASSESS):   MINPROBS ( DECILE) = MIN (MINPROBS ( DECILE), P_diagnosisM );
MPRINT(EM_ASSESS):   MAXPROBS ( DECILE) = MAX (MAXPROBS ( DECILE), P_diagnosisM );
MPRINT(EM_ASSESS):   MNPROBS ( DECILE) = SUM (MNPROBS ( DECILE), P_diagnosisM * _WEIGHT);
MPRINT(EM_ASSESS):   NUMOBSS ( DECILE) = NUMOBSS ( DECILE) + _WEIGHT;
MPRINT(EM_ASSESS):   NUMRESPS ( DECILE) = NUMRESPS ( DECILE) + _MEANTARGET * _WEIGHT;
MPRINT(EM_ASSESS):   END;
MPRINT(EM_ASSESS):   *;
MPRINT(EM_ASSESS):   * ........ outside of do loop, Area for final ROC;
MPRINT(EM_ASSESS):   *;
MPRINT(EM_ASSESS):   *;
MPRINT(EM_ASSESS):   RANKDELTA = (ROUND ( _FREQ_ ) + 1) / 2;
MPRINT(EM_ASSESS):   RANK = UNTIEDRANK + RANKDELTA;
MPRINT(EM_ASSESS):   DROP RANK ;
MPRINT(EM_ASSESS):   SUMRANK1 + RANK * ROUND (_MEANTARGET * _FREQ_, .0000001);
MPRINT(EM_ASSESS):   UNTIEDRANK + ROUND (_FREQ_, .00000001);
MPRINT(EM_ASSESS):   *;
MPRINT(EM_ASSESS):   * ............ Area For ROC Curve;
MPRINT(EM_ASSESS):   *;
MPRINT(EM_ASSESS):   DO _K = 1 TO 1000;
MPRINT(EM_ASSESS):   IF P_diagnosisM * 1000 >= _K THEN DO;
MPRINT(EM_ASSESS):   TRUEPOSX ( _K ) + _FREQ_ * _MEANTARGET ;
MPRINT(EM_ASSESS):   FALSEPOSX ( _K ) + _FREQ_ * (1 - _MEANTARGET) ;
MPRINT(EM_ASSESS):   END;
MPRINT(EM_ASSESS):   ELSE DO;
MPRINT(EM_ASSESS):   TRUENEGX ( _K ) + _FREQ_ * ( 1 - _MEANTARGET) ;
MPRINT(EM_ASSESS):   FALSENEGX ( _K ) + _FREQ_ * _MEANTARGET ;
MPRINT(EM_ASSESS):   END;
MPRINT(EM_ASSESS):   END;
MPRINT(EM_ASSESS):   SLOT = MIN (MAX (CEIL (P_diagnosisM * 100), 1), 100) ;
MPRINT(EM_ASSESS):   DROP SLOT;
MPRINT(EM_ASSESS):   FIRSTIN ( SLOT ) = MIN ( FIRSTIN ( SLOT ), P_diagnosisM);
MPRINT(EM_ASSESS):   LASTIN ( SLOT ) = MAX ( LASTIN ( SLOT ), P_diagnosisM);
MPRINT(EM_ASSESS):   _EVENTS ( SLOT) = _EVENTS ( SLOT) + _FREQ_ * _MEANTARGET;
MPRINT(EM_ASSESS):   NONEVENTS ( SLOT) = NONEVENTS ( SLOT) + _FREQ_ * (1 - _MEANTARGET);
MPRINT(EM_ASSESS):   *;
MPRINT(EM_ASSESS):   * ........ START OF OUTDIST IN BINARY CASE MAIN DATA STEP ;
MPRINT(EM_ASSESS):   *;
MPRINT(EM_ASSESS):   SCR_MNPROBS ( SLOT ) = SUM (SCR_MNPROBS (SLOT), P_diagnosisM * _FREQ_ );
MPRINT(EM_ASSESS):   SCR_MINPROBS ( SLOT ) = MIN (SCR_MINPROBS (SLOT), P_diagnosisM );
MPRINT(EM_ASSESS):   SCR_MAXPROBS ( SLOT ) = MAX (SCR_MAXPROBS (SLOT), P_diagnosisM );
MPRINT(EM_ASSESS):   *;
MPRINT(EM_ASSESS):   * ........ End of Outdist in Binary case main DATA STEP ;
MPRINT(EM_ASSESS):   *;
MPRINT(EM_ASSESS):   IF EOF THEN DO;
MPRINT(EM_ASSESS):   PUT //;
MPRINT(EM_ASSESS):   DO K = 1 TO 20;
MPRINT(EM_ASSESS):   END;
MPRINT(EM_ASSESS):   LENGTH EVENTVALUE $ 32;
MPRINT(EM_ASSESS):   RETAIN EVENTVALUE "M" ;
MPRINT(EM_ASSESS):   *;
MPRINT(EM_ASSESS):   * ......... Start of EOF area of BINARY processing of main data set ;
MPRINT(EM_ASSESS):   *;
MPRINT(EM_ASSESS):   *;
MPRINT(EM_ASSESS):   CALL SYMPUTX ("SUMRANK1", SUMRANK1);
MPRINT(EM_ASSESS):   LENGTH DATAROLE $ 10;
MPRINT(EM_ASSESS):   RETAIN DATAROLE "TRAIN" ;
MPRINT(EM_ASSESS):   RETAIN OVLMIN 0.0408163265 OVLMAX 1 ;
MPRINT(EM_ASSESS):   DROP OVLMIN OVLMAX ;
MPRINT(EM_ASSESS):   C_NUMOBS = 0;
MPRINT(EM_ASSESS):   C_NUM_RESP = 0;
MPRINT(EM_ASSESS):   C_NUM_NONRESP = 0;
MPRINT(EM_ASSESS):   C_P_RESP = 0;
MPRINT(EM_ASSESS):   P_CAPT_RESP = 0;
MPRINT(EM_ASSESS):   C_P_CAPT_RESP = 0;
MPRINT(EM_ASSESS):   PREVIOUSPROFIT = 0;
MPRINT(EM_ASSESS):   MAXPROFIT = 0;
MPRINT(EM_ASSESS):   _KS_BIN_ = 0;
MPRINT(EM_ASSESS):   DROP _KS_BIN_;
MPRINT(EM_ASSESS):   AVGNUMRESP = _NEVENTS / 20;
MPRINT(EM_ASSESS):   BASERESP = 100 * RESPRATE;
MPRINT(EM_ASSESS):   BASERESPC = BASERESP;
MPRINT(EM_ASSESS):   BASECAP = 100 / 20;
MPRINT(EM_ASSESS):   *;
MPRINT(EM_ASSESS):   * ........................Start OF Gainschart = Outranks Area;
MPRINT(EM_ASSESS):   *;
MPRINT(EM_ASSESS):   _KS_BIN_PROB = 0;
MPRINT(EM_ASSESS):   numeventwhole = floor(_NEVENTS/20);
MPRINT(EM_ASSESS):   remainevent= _NEVENTS - (numeventwhole)*20;
MPRINT(EM_ASSESS):   drop numeventwhole remainevent;
MPRINT(EM_ASSESS):   DO GROUP = 20 TO 1 BY -1;

MPRINT(EM_ASSESS):   BASECAPC + BASECAP;
MPRINT(EM_ASSESS):   PERCENTILE = GROUP * (100 / 20);
MPRINT(EM_ASSESS):   MINPROB = MINPROBS ( GROUP);
MPRINT(EM_ASSESS):   MAXPROB = MAXPROBS ( GROUP);
MPRINT(EM_ASSESS):   CALL SYMPUTX ("MINPROB" || LEFT ( PUT (GROUP, 3.)), MINPROB);
MPRINT(EM_ASSESS):   CALL SYMPUTX ("MAXPROB" || LEFT ( PUT (GROUP, 3.)), MAXPROB);
MPRINT(EM_ASSESS):   NUMOBS = NUMOBSS ( GROUP);
MPRINT(EM_ASSESS):   IF NUMOBS > 0 THEN MNPROB = MNPROBS ( GROUP) / NUMOBS;
MPRINT(EM_ASSESS):   ELSE MNPROB = .;
MPRINT(EM_ASSESS):   C_NUMOBS = SUM (NUMOBS, C_NUMOBS);
MPRINT(EM_ASSESS):   NUMRESP = NUMRESPS ( GROUP);
MPRINT(EM_ASSESS):   NUMNONRESP = NUMOBS - NUMRESP;
MPRINT(EM_ASSESS):   C_AVGNUM_RESP + AVGNUMRESP;
MPRINT(EM_ASSESS):   BASEEVENTS = numeventwhole;
MPRINT(EM_ASSESS):   if GROUP > 20-remainevent then BASEEVENTS=BASEEVENTS + 1;
MPRINT(EM_ASSESS):   IF C_NUMOBS <= _NEVENTS THEN DO;
MPRINT(EM_ASSESS):   BESTNUMEVENTS = NUMOBS;
MPRINT(EM_ASSESS):   BESTCAPC = C_NUMOBS * 100 / _NEVENTS;
MPRINT(EM_ASSESS):   END;
MPRINT(EM_ASSESS):   ELSE DO;
MPRINT(EM_ASSESS):   FLAG + 1;
MPRINT(EM_ASSESS):   DROP FLAG;
MPRINT(EM_ASSESS):   BESTNUMEVENTS = _NEVENTS - C_NUMOBS + NUMOBS;
MPRINT(EM_ASSESS):   IF FLAG > 1 THEN BESTNUMEVENTS = 0;
MPRINT(EM_ASSESS):   BESTCAPC = 100;
MPRINT(EM_ASSESS):   END;
MPRINT(EM_ASSESS):   BESTCAP = BESTNUMEVENTS * 100 / _NEVENTS;
MPRINT(EM_ASSESS):   IF C_NUMOBS <= _NEVENTS THEN DO;
MPRINT(EM_ASSESS):   BESTLIFT = ((_NEVENTS+_NNONEVENTS) / 20) /AVGNUMRESP;
MPRINT(EM_ASSESS):   END;
MPRINT(EM_ASSESS):   ELSE DO;
MPRINT(EM_ASSESS):   BESTLIFT = BESTNUMEVENTS / AVGNUMRESP;
MPRINT(EM_ASSESS):   END;
MPRINT(EM_ASSESS):   C_BESTNUMEVENTS + BESTNUMEVENTS;
MPRINT(EM_ASSESS):   DROP C_BESTNUMEVENTS;
MPRINT(EM_ASSESS):   IF C_NUMOBS > 0 THEN BESTLIFTC = C_BESTNUMEVENTS / (_NEVENTS / 396 * C_NUMOBS);
MPRINT(EM_ASSESS):   ELSE BESTLIFTC = .;
MPRINT(EM_ASSESS):   IF NUMOBS > 0 THEN DO;
MPRINT(EM_ASSESS):   BESTRESP = BESTNUMEVENTS * 100 / NUMOBS;
MPRINT(EM_ASSESS):   P_RESP = NUMRESP * 100 / NUMOBS;
MPRINT(EM_ASSESS):   P_NONRESP = NUMNONRESP * 100 / NUMOBS;
MPRINT(EM_ASSESS):   END;
MPRINT(EM_ASSESS):   ELSE DO;
MPRINT(EM_ASSESS):   BESTRESP = .;
MPRINT(EM_ASSESS):   P_RESP = .;
MPRINT(EM_ASSESS):   P_NONRESP = .;
MPRINT(EM_ASSESS):   END;
MPRINT(EM_ASSESS):   IF C_NUMOBS > 0 THEN DO;
MPRINT(EM_ASSESS):   BESTRESPC = C_BESTNUMEVENTS * 100 / C_NUMOBS;
MPRINT(EM_ASSESS):   BESTGAIN = MAX (0, ((C_BESTNUMEVENTS / C_NUMOBS ) / ( AVGNUMRESP / (396/20)) - 1) * 100);
MPRINT(EM_ASSESS):   END;
MPRINT(EM_ASSESS):   ELSE DO;
MPRINT(EM_ASSESS):   BESTRESPC = .;
MPRINT(EM_ASSESS):   BESTGAIN = .;
MPRINT(EM_ASSESS):   END;
MPRINT(EM_ASSESS):   IF NUMNONRESP > 0 THEN ODDS = NUMRESP / NUMNONRESP;
MPRINT(EM_ASSESS):   ELSE ODDS = .;
MPRINT(EM_ASSESS):   C_NUM_RESP = SUM (C_NUM_RESP , NUMRESP );
MPRINT(EM_ASSESS):   C_NUM_NONRESP = SUM (C_NUM_NONRESP, NUMNONRESP );
MPRINT(EM_ASSESS):   IF C_NUM_NONRESP > 0 THEN C_ODDS = C_NUM_RESP / C_NUM_NONRESP;
MPRINT(EM_ASSESS):   ELSE C_ODDS = .;
MPRINT(EM_ASSESS):   IF C_NUMOBS > 0 THEN DO;
MPRINT(EM_ASSESS):   C_P_RESP = C_NUM_RESP * 100 / C_NUMOBS;
MPRINT(EM_ASSESS):   GAIN = ABS(100 * (((C_NUM_RESP / C_NUMOBS ) / (_NEVENTS / 396)) - 1));
MPRINT(EM_ASSESS):   BASEGAIN = 100 * (( (C_AVGNUM_RESP /((20-GROUP+1)* 396/20) ) / ( AVGNUMRESP / (396/20))) - 1);
MPRINT(EM_ASSESS):   END;
MPRINT(EM_ASSESS):   ELSE DO;
MPRINT(EM_ASSESS):   GAIN = .;
MPRINT(EM_ASSESS):   BASEGAIN = .;
MPRINT(EM_ASSESS):   C_P_RESP = .;
MPRINT(EM_ASSESS):   END;
MPRINT(EM_ASSESS):   IF BASEGAIN <= 0 THEN BASEGAIN = 0;
MPRINT(EM_ASSESS):   P_CAPT_RESP = NUMRESP * 100 / _NEVENTS;
MPRINT(EM_ASSESS):   P_CAPT_NONRESP = NUMNONRESP * 100 / ( 396 - _NEVENTS);
MPRINT(EM_ASSESS):   C_P_CAPT_RESP = C_NUM_RESP * 100 / _NEVENTS;
MPRINT(EM_ASSESS):   C_P_CAPT_NONRESP = C_NUM_NONRESP * 100 / ( 396 - _NEVENTS);
MPRINT(EM_ASSESS):   *;
MPRINT(EM_ASSESS):   * Area For Binned KS in Outranks area;
MPRINT(EM_ASSESS):   *;
MPRINT(EM_ASSESS):   _DIFFERENCE = C_P_CAPT_RESP - C_P_CAPT_NONRESP ;
MPRINT(EM_ASSESS):   IF _KS_BIN_ < _DIFFERENCE THEN DO;
MPRINT(EM_ASSESS):   _KS_BIN_ = _DIFFERENCE;
MPRINT(EM_ASSESS):   _KS_BIN_PROB = MINPROB + (MAXPROB - MINPROB) / 2 ;
MPRINT(EM_ASSESS):   END;
MPRINT(EM_ASSESS):   LIFT = P_RESP * .01 / RESPRATE ;
MPRINT(EM_ASSESS):   C_LIFT = C_P_RESP * .01 / RESPRATE;
MPRINT(EM_ASSESS):   IF NUMOBS > 0 THEN DO;
MPRINT(EM_ASSESS):   BASELIFT = AVGNUMRESP / ( RESPRATE * 396/20 );
MPRINT(EM_ASSESS):   END;
MPRINT(EM_ASSESS):   ELSE BASELIFT = .;
MPRINT(EM_ASSESS):   IF C_NUMOBS > 0 THEN CBASELIFT = C_AVGNUM_RESP / (RESPRATE * ((20-GROUP+1)* 396/20));
MPRINT(EM_ASSESS):   ELSE CBASELIFT = .;
MPRINT(EM_ASSESS):   *;
MPRINT(EM_ASSESS):   * ........ WITHIN DO LOOP FOR OUTRANKS;
MPRINT(EM_ASSESS):   *;
MPRINT(EM_ASSESS):   BIN = 20 + 1 - GROUP;
MPRINT(EM_ASSESS):   PERCENTILE = BIN * (100 / 20);
MPRINT(EM_ASSESS):   B_C_P_RESP = PERCENTILE;
MPRINT(EM_ASSESS):   OUTPUT WORK._TEMPRANK ;
MPRINT(EM_ASSESS):   END;
MPRINT(EM_ASSESS):   *;
MPRINT(EM_ASSESS):   * ........................ END OF GAINSCHART = OUTRANKS AREA;
MPRINT(EM_ASSESS):   *;
MPRINT(EM_ASSESS):   CALL SYMPUTX ("MAXPROFITGROUP" , MAXPROFITGROUP);
MPRINT(EM_ASSESS):   CALL SYMPUTX ("MAXPROFIT" , MAXPROFIT );
MPRINT(EM_ASSESS):   KS_ABSDIFF = 0 ;
MPRINT(EM_ASSESS):   MINPRECTPR = 9999;
MPRINT(EM_ASSESS):   Y0 = 1 - RESPRATE;
MPRINT(EM_ASSESS):   Y1 = RESPRATE;
MPRINT(EM_ASSESS):   MAXMUTUAL = 0;
MPRINT(EM_ASSESS):   DROP MAXMUTUAL KSPROB Y0 Y1 KS_ABSDIFF MINPRECTPR;
MPRINT(EM_ASSESS):   *;
MPRINT(EM_ASSESS):   *;
MPRINT(EM_ASSESS):   * .....................About to start Processing Outroc ;
MPRINT(EM_ASSESS):   *;
MPRINT(EM_ASSESS):   *;
MPRINT(EM_ASSESS):   *;
MPRINT(EM_ASSESS):   *;
MPRINT(EM_ASSESS):   * ........................... Finished Processing Outroc ;
MPRINT(EM_ASSESS):   *;
MPRINT(EM_ASSESS):   *;
MPRINT(EM_ASSESS):   *;
MPRINT(EM_ASSESS):   * .............. Outdist ;
MPRINT(EM_ASSESS):   *;
MPRINT(EM_ASSESS):   BIN = 20 ;
MPRINT(EM_ASSESS):   LOWERPROB = (BIN - 1) / 20;
MPRINT(EM_ASSESS):   UPPERPROB = LOWERPROB + (1 / 20);
MPRINT(EM_ASSESS):   MODELSCORE = LOWERPROB + (1 / 20) / 2;
MPRINT(EM_ASSESS):   RANGE = COMPRESS (PUT (LOWERPROB, 4.2) || "-" || PUT (UPPERPROB, 4.2));
MPRINT(EM_ASSESS):   SCR_NUMEVENTS = SUM ( OF EVENTS96 - EVENTS100 );
MPRINT(EM_ASSESS):   SCR_P_EVENTS = SCR_NUMEVENTS * 100 / _NEVENTS;
MPRINT(EM_ASSESS):   SCR_CP_EVENTS = SUM (SCR_P_EVENTS, SCR_CP_EVENTS);
MPRINT(EM_ASSESS):   SCR_NUMNONEVENTS = SUM ( OF NONEVENTS96 - NONEVENTS100);
MPRINT(EM_ASSESS):   NUMOBSINGROUP = SUM (SCR_NUMEVENTS, SCR_NUMNONEVENTS);
MPRINT(EM_ASSESS):   IF NUMOBSINGROUP > 0 THEN SCR_MNPROB = SUM (OF SCR_MNPROB96 - SCR_MNPROB100) / NUMOBSINGROUP;
MPRINT(EM_ASSESS):   ELSE SCR_MNPROB = .;
MPRINT(EM_ASSESS):   SCR_MINPROB = MIN (OF SCR_MINPROB96 - SCR_MINPROB100) ;
MPRINT(EM_ASSESS):   SCR_MAXPROB = MAX (OF SCR_MAXPROB96 - SCR_MAXPROB100) ;
MPRINT(EM_ASSESS):   IF SCR_MINPROB = 1 THEN SCR_MINPROB = .;
MPRINT(EM_ASSESS):   IF SCR_MAXPROB = 0 THEN SCR_MAXPROB = .;
MPRINT(EM_ASSESS):   SCR_P_NONEVENTS = SCR_NUMNONEVENTS * 100 / _NNONEVENTS;
MPRINT(EM_ASSESS):   SCR_CP_NONEVENTS = SUM (SCR_P_NONEVENTS, SCR_CP_NONEVENTS);
MPRINT(EM_ASSESS):   PERCOBSINGROUP = NUMOBSINGROUP * 100 / 396;
MPRINT(EM_ASSESS):   C_PERCOBSINGROUP = SUM (C_PERCOBSINGROUP, PERCOBSINGROUP);
MPRINT(EM_ASSESS):   CALL SYMPUTX ("SCR_MINPROB" || LEFT (PUT (BIN, 3.)), LOWERPROB);
MPRINT(EM_ASSESS):   CALL SYMPUTX ("SCR_MAXPROB" || LEFT (PUT (BIN, 3.)), UPPERPROB);
MPRINT(EM_ASSESS):   BIN = 20 + 1 - 20;
MPRINT(EM_ASSESS):   OUTPUT WORK._TEMPSCOREDIST;
MPRINT(EM_ASSESS):   BIN = 19 ;
MPRINT(EM_ASSESS):   LOWERPROB = (BIN - 1) / 20;
MPRINT(EM_ASSESS):   UPPERPROB = LOWERPROB + (1 / 20);
MPRINT(EM_ASSESS):   MODELSCORE = LOWERPROB + (1 / 20) / 2;
MPRINT(EM_ASSESS):   RANGE = COMPRESS (PUT (LOWERPROB, 4.2) || "-" || PUT (UPPERPROB, 4.2));
MPRINT(EM_ASSESS):   SCR_NUMEVENTS = SUM ( OF EVENTS91 - EVENTS95 );
MPRINT(EM_ASSESS):   SCR_P_EVENTS = SCR_NUMEVENTS * 100 / _NEVENTS;
MPRINT(EM_ASSESS):   SCR_CP_EVENTS = SUM (SCR_P_EVENTS, SCR_CP_EVENTS);
MPRINT(EM_ASSESS):   SCR_NUMNONEVENTS = SUM ( OF NONEVENTS91 - NONEVENTS95);
MPRINT(EM_ASSESS):   NUMOBSINGROUP = SUM (SCR_NUMEVENTS, SCR_NUMNONEVENTS);
MPRINT(EM_ASSESS):   IF NUMOBSINGROUP > 0 THEN SCR_MNPROB = SUM (OF SCR_MNPROB91 - SCR_MNPROB95) / NUMOBSINGROUP;
MPRINT(EM_ASSESS):   ELSE SCR_MNPROB = .;
MPRINT(EM_ASSESS):   SCR_MINPROB = MIN (OF SCR_MINPROB91 - SCR_MINPROB95) ;
MPRINT(EM_ASSESS):   SCR_MAXPROB = MAX (OF SCR_MAXPROB91 - SCR_MAXPROB95) ;
MPRINT(EM_ASSESS):   IF SCR_MINPROB = 1 THEN SCR_MINPROB = .;
MPRINT(EM_ASSESS):   IF SCR_MAXPROB = 0 THEN SCR_MAXPROB = .;
MPRINT(EM_ASSESS):   SCR_P_NONEVENTS = SCR_NUMNONEVENTS * 100 / _NNONEVENTS;
MPRINT(EM_ASSESS):   SCR_CP_NONEVENTS = SUM (SCR_P_NONEVENTS, SCR_CP_NONEVENTS);
MPRINT(EM_ASSESS):   PERCOBSINGROUP = NUMOBSINGROUP * 100 / 396;
MPRINT(EM_ASSESS):   C_PERCOBSINGROUP = SUM (C_PERCOBSINGROUP, PERCOBSINGROUP);
MPRINT(EM_ASSESS):   CALL SYMPUTX ("SCR_MINPROB" || LEFT (PUT (BIN, 3.)), LOWERPROB);
MPRINT(EM_ASSESS):   CALL SYMPUTX ("SCR_MAXPROB" || LEFT (PUT (BIN, 3.)), UPPERPROB);
MPRINT(EM_ASSESS):   BIN = 20 + 1 - 19;
MPRINT(EM_ASSESS):   OUTPUT WORK._TEMPSCOREDIST;
MPRINT(EM_ASSESS):   BIN = 18 ;
MPRINT(EM_ASSESS):   LOWERPROB = (BIN - 1) / 20;
MPRINT(EM_ASSESS):   UPPERPROB = LOWERPROB + (1 / 20);
MPRINT(EM_ASSESS):   MODELSCORE = LOWERPROB + (1 / 20) / 2;
MPRINT(EM_ASSESS):   RANGE = COMPRESS (PUT (LOWERPROB, 4.2) || "-" || PUT (UPPERPROB, 4.2));
MPRINT(EM_ASSESS):   SCR_NUMEVENTS = SUM ( OF EVENTS86 - EVENTS90 );
MPRINT(EM_ASSESS):   SCR_P_EVENTS = SCR_NUMEVENTS * 100 / _NEVENTS;
MPRINT(EM_ASSESS):   SCR_CP_EVENTS = SUM (SCR_P_EVENTS, SCR_CP_EVENTS);
MPRINT(EM_ASSESS):   SCR_NUMNONEVENTS = SUM ( OF NONEVENTS86 - NONEVENTS90);
MPRINT(EM_ASSESS):   NUMOBSINGROUP = SUM (SCR_NUMEVENTS, SCR_NUMNONEVENTS);
MPRINT(EM_ASSESS):   IF NUMOBSINGROUP > 0 THEN SCR_MNPROB = SUM (OF SCR_MNPROB86 - SCR_MNPROB90) / NUMOBSINGROUP;
MPRINT(EM_ASSESS):   ELSE SCR_MNPROB = .;
MPRINT(EM_ASSESS):   SCR_MINPROB = MIN (OF SCR_MINPROB86 - SCR_MINPROB90) ;
MPRINT(EM_ASSESS):   SCR_MAXPROB = MAX (OF SCR_MAXPROB86 - SCR_MAXPROB90) ;
MPRINT(EM_ASSESS):   IF SCR_MINPROB = 1 THEN SCR_MINPROB = .;
MPRINT(EM_ASSESS):   IF SCR_MAXPROB = 0 THEN SCR_MAXPROB = .;
MPRINT(EM_ASSESS):   SCR_P_NONEVENTS = SCR_NUMNONEVENTS * 100 / _NNONEVENTS;
MPRINT(EM_ASSESS):   SCR_CP_NONEVENTS = SUM (SCR_P_NONEVENTS, SCR_CP_NONEVENTS);
MPRINT(EM_ASSESS):   PERCOBSINGROUP = NUMOBSINGROUP * 100 / 396;
MPRINT(EM_ASSESS):   C_PERCOBSINGROUP = SUM (C_PERCOBSINGROUP, PERCOBSINGROUP);
MPRINT(EM_ASSESS):   CALL SYMPUTX ("SCR_MINPROB" || LEFT (PUT (BIN, 3.)), LOWERPROB);
MPRINT(EM_ASSESS):   CALL SYMPUTX ("SCR_MAXPROB" || LEFT (PUT (BIN, 3.)), UPPERPROB);
MPRINT(EM_ASSESS):   BIN = 20 + 1 - 18;
MPRINT(EM_ASSESS):   OUTPUT WORK._TEMPSCOREDIST;
MPRINT(EM_ASSESS):   BIN = 17 ;
MPRINT(EM_ASSESS):   LOWERPROB = (BIN - 1) / 20;
MPRINT(EM_ASSESS):   UPPERPROB = LOWERPROB + (1 / 20);
MPRINT(EM_ASSESS):   MODELSCORE = LOWERPROB + (1 / 20) / 2;
MPRINT(EM_ASSESS):   RANGE = COMPRESS (PUT (LOWERPROB, 4.2) || "-" || PUT (UPPERPROB, 4.2));
MPRINT(EM_ASSESS):   SCR_NUMEVENTS = SUM ( OF EVENTS81 - EVENTS85 );
MPRINT(EM_ASSESS):   SCR_P_EVENTS = SCR_NUMEVENTS * 100 / _NEVENTS;
MPRINT(EM_ASSESS):   SCR_CP_EVENTS = SUM (SCR_P_EVENTS, SCR_CP_EVENTS);
MPRINT(EM_ASSESS):   SCR_NUMNONEVENTS = SUM ( OF NONEVENTS81 - NONEVENTS85);
MPRINT(EM_ASSESS):   NUMOBSINGROUP = SUM (SCR_NUMEVENTS, SCR_NUMNONEVENTS);
MPRINT(EM_ASSESS):   IF NUMOBSINGROUP > 0 THEN SCR_MNPROB = SUM (OF SCR_MNPROB81 - SCR_MNPROB85) / NUMOBSINGROUP;
MPRINT(EM_ASSESS):   ELSE SCR_MNPROB = .;
MPRINT(EM_ASSESS):   SCR_MINPROB = MIN (OF SCR_MINPROB81 - SCR_MINPROB85) ;
MPRINT(EM_ASSESS):   SCR_MAXPROB = MAX (OF SCR_MAXPROB81 - SCR_MAXPROB85) ;
MPRINT(EM_ASSESS):   IF SCR_MINPROB = 1 THEN SCR_MINPROB = .;
MPRINT(EM_ASSESS):   IF SCR_MAXPROB = 0 THEN SCR_MAXPROB = .;
MPRINT(EM_ASSESS):   SCR_P_NONEVENTS = SCR_NUMNONEVENTS * 100 / _NNONEVENTS;
MPRINT(EM_ASSESS):   SCR_CP_NONEVENTS = SUM (SCR_P_NONEVENTS, SCR_CP_NONEVENTS);
MPRINT(EM_ASSESS):   PERCOBSINGROUP = NUMOBSINGROUP * 100 / 396;
MPRINT(EM_ASSESS):   C_PERCOBSINGROUP = SUM (C_PERCOBSINGROUP, PERCOBSINGROUP);
MPRINT(EM_ASSESS):   CALL SYMPUTX ("SCR_MINPROB" || LEFT (PUT (BIN, 3.)), LOWERPROB);
MPRINT(EM_ASSESS):   CALL SYMPUTX ("SCR_MAXPROB" || LEFT (PUT (BIN, 3.)), UPPERPROB);
MPRINT(EM_ASSESS):   BIN = 20 + 1 - 17;
MPRINT(EM_ASSESS):   OUTPUT WORK._TEMPSCOREDIST;
MPRINT(EM_ASSESS):   BIN = 16 ;
MPRINT(EM_ASSESS):   LOWERPROB = (BIN - 1) / 20;
MPRINT(EM_ASSESS):   UPPERPROB = LOWERPROB + (1 / 20);
MPRINT(EM_ASSESS):   MODELSCORE = LOWERPROB + (1 / 20) / 2;
MPRINT(EM_ASSESS):   RANGE = COMPRESS (PUT (LOWERPROB, 4.2) || "-" || PUT (UPPERPROB, 4.2));
MPRINT(EM_ASSESS):   SCR_NUMEVENTS = SUM ( OF EVENTS76 - EVENTS80 );
MPRINT(EM_ASSESS):   SCR_P_EVENTS = SCR_NUMEVENTS * 100 / _NEVENTS;
MPRINT(EM_ASSESS):   SCR_CP_EVENTS = SUM (SCR_P_EVENTS, SCR_CP_EVENTS);
MPRINT(EM_ASSESS):   SCR_NUMNONEVENTS = SUM ( OF NONEVENTS76 - NONEVENTS80);
MPRINT(EM_ASSESS):   NUMOBSINGROUP = SUM (SCR_NUMEVENTS, SCR_NUMNONEVENTS);
MPRINT(EM_ASSESS):   IF NUMOBSINGROUP > 0 THEN SCR_MNPROB = SUM (OF SCR_MNPROB76 - SCR_MNPROB80) / NUMOBSINGROUP;
MPRINT(EM_ASSESS):   ELSE SCR_MNPROB = .;
MPRINT(EM_ASSESS):   SCR_MINPROB = MIN (OF SCR_MINPROB76 - SCR_MINPROB80) ;
MPRINT(EM_ASSESS):   SCR_MAXPROB = MAX (OF SCR_MAXPROB76 - SCR_MAXPROB80) ;
MPRINT(EM_ASSESS):   IF SCR_MINPROB = 1 THEN SCR_MINPROB = .;
MPRINT(EM_ASSESS):   IF SCR_MAXPROB = 0 THEN SCR_MAXPROB = .;
MPRINT(EM_ASSESS):   SCR_P_NONEVENTS = SCR_NUMNONEVENTS * 100 / _NNONEVENTS;
MPRINT(EM_ASSESS):   SCR_CP_NONEVENTS = SUM (SCR_P_NONEVENTS, SCR_CP_NONEVENTS);
MPRINT(EM_ASSESS):   PERCOBSINGROUP = NUMOBSINGROUP * 100 / 396;
MPRINT(EM_ASSESS):   C_PERCOBSINGROUP = SUM (C_PERCOBSINGROUP, PERCOBSINGROUP);
MPRINT(EM_ASSESS):   CALL SYMPUTX ("SCR_MINPROB" || LEFT (PUT (BIN, 3.)), LOWERPROB);
MPRINT(EM_ASSESS):   CALL SYMPUTX ("SCR_MAXPROB" || LEFT (PUT (BIN, 3.)), UPPERPROB);
MPRINT(EM_ASSESS):   BIN = 20 + 1 - 16;
MPRINT(EM_ASSESS):   OUTPUT WORK._TEMPSCOREDIST;
MPRINT(EM_ASSESS):   BIN = 15 ;
MPRINT(EM_ASSESS):   LOWERPROB = (BIN - 1) / 20;
MPRINT(EM_ASSESS):   UPPERPROB = LOWERPROB + (1 / 20);
MPRINT(EM_ASSESS):   MODELSCORE = LOWERPROB + (1 / 20) / 2;
MPRINT(EM_ASSESS):   RANGE = COMPRESS (PUT (LOWERPROB, 4.2) || "-" || PUT (UPPERPROB, 4.2));
MPRINT(EM_ASSESS):   SCR_NUMEVENTS = SUM ( OF EVENTS71 - EVENTS75 );
MPRINT(EM_ASSESS):   SCR_P_EVENTS = SCR_NUMEVENTS * 100 / _NEVENTS;
MPRINT(EM_ASSESS):   SCR_CP_EVENTS = SUM (SCR_P_EVENTS, SCR_CP_EVENTS);
MPRINT(EM_ASSESS):   SCR_NUMNONEVENTS = SUM ( OF NONEVENTS71 - NONEVENTS75);
MPRINT(EM_ASSESS):   NUMOBSINGROUP = SUM (SCR_NUMEVENTS, SCR_NUMNONEVENTS);
MPRINT(EM_ASSESS):   IF NUMOBSINGROUP > 0 THEN SCR_MNPROB = SUM (OF SCR_MNPROB71 - SCR_MNPROB75) / NUMOBSINGROUP;
MPRINT(EM_ASSESS):   ELSE SCR_MNPROB = .;
MPRINT(EM_ASSESS):   SCR_MINPROB = MIN (OF SCR_MINPROB71 - SCR_MINPROB75) ;
MPRINT(EM_ASSESS):   SCR_MAXPROB = MAX (OF SCR_MAXPROB71 - SCR_MAXPROB75) ;
MPRINT(EM_ASSESS):   IF SCR_MINPROB = 1 THEN SCR_MINPROB = .;
MPRINT(EM_ASSESS):   IF SCR_MAXPROB = 0 THEN SCR_MAXPROB = .;
MPRINT(EM_ASSESS):   SCR_P_NONEVENTS = SCR_NUMNONEVENTS * 100 / _NNONEVENTS;
MPRINT(EM_ASSESS):   SCR_CP_NONEVENTS = SUM (SCR_P_NONEVENTS, SCR_CP_NONEVENTS);
MPRINT(EM_ASSESS):   PERCOBSINGROUP = NUMOBSINGROUP * 100 / 396;
MPRINT(EM_ASSESS):   C_PERCOBSINGROUP = SUM (C_PERCOBSINGROUP, PERCOBSINGROUP);
MPRINT(EM_ASSESS):   CALL SYMPUTX ("SCR_MINPROB" || LEFT (PUT (BIN, 3.)), LOWERPROB);
MPRINT(EM_ASSESS):   CALL SYMPUTX ("SCR_MAXPROB" || LEFT (PUT (BIN, 3.)), UPPERPROB);
MPRINT(EM_ASSESS):   BIN = 20 + 1 - 15;
MPRINT(EM_ASSESS):   OUTPUT WORK._TEMPSCOREDIST;
MPRINT(EM_ASSESS):   BIN = 14 ;
MPRINT(EM_ASSESS):   LOWERPROB = (BIN - 1) / 20;
MPRINT(EM_ASSESS):   UPPERPROB = LOWERPROB + (1 / 20);
MPRINT(EM_ASSESS):   MODELSCORE = LOWERPROB + (1 / 20) / 2;
MPRINT(EM_ASSESS):   RANGE = COMPRESS (PUT (LOWERPROB, 4.2) || "-" || PUT (UPPERPROB, 4.2));
MPRINT(EM_ASSESS):   SCR_NUMEVENTS = SUM ( OF EVENTS66 - EVENTS70 );
MPRINT(EM_ASSESS):   SCR_P_EVENTS = SCR_NUMEVENTS * 100 / _NEVENTS;
MPRINT(EM_ASSESS):   SCR_CP_EVENTS = SUM (SCR_P_EVENTS, SCR_CP_EVENTS);
MPRINT(EM_ASSESS):   SCR_NUMNONEVENTS = SUM ( OF NONEVENTS66 - NONEVENTS70);
MPRINT(EM_ASSESS):   NUMOBSINGROUP = SUM (SCR_NUMEVENTS, SCR_NUMNONEVENTS);
MPRINT(EM_ASSESS):   IF NUMOBSINGROUP > 0 THEN SCR_MNPROB = SUM (OF SCR_MNPROB66 - SCR_MNPROB70) / NUMOBSINGROUP;
MPRINT(EM_ASSESS):   ELSE SCR_MNPROB = .;
MPRINT(EM_ASSESS):   SCR_MINPROB = MIN (OF SCR_MINPROB66 - SCR_MINPROB70) ;
MPRINT(EM_ASSESS):   SCR_MAXPROB = MAX (OF SCR_MAXPROB66 - SCR_MAXPROB70) ;
MPRINT(EM_ASSESS):   IF SCR_MINPROB = 1 THEN SCR_MINPROB = .;
MPRINT(EM_ASSESS):   IF SCR_MAXPROB = 0 THEN SCR_MAXPROB = .;
MPRINT(EM_ASSESS):   SCR_P_NONEVENTS = SCR_NUMNONEVENTS * 100 / _NNONEVENTS;
MPRINT(EM_ASSESS):   SCR_CP_NONEVENTS = SUM (SCR_P_NONEVENTS, SCR_CP_NONEVENTS);
MPRINT(EM_ASSESS):   PERCOBSINGROUP = NUMOBSINGROUP * 100 / 396;
MPRINT(EM_ASSESS):   C_PERCOBSINGROUP = SUM (C_PERCOBSINGROUP, PERCOBSINGROUP);
MPRINT(EM_ASSESS):   CALL SYMPUTX ("SCR_MINPROB" || LEFT (PUT (BIN, 3.)), LOWERPROB);
MPRINT(EM_ASSESS):   CALL SYMPUTX ("SCR_MAXPROB" || LEFT (PUT (BIN, 3.)), UPPERPROB);
MPRINT(EM_ASSESS):   BIN = 20 + 1 - 14;
MPRINT(EM_ASSESS):   OUTPUT WORK._TEMPSCOREDIST;
MPRINT(EM_ASSESS):   BIN = 13 ;
MPRINT(EM_ASSESS):   LOWERPROB = (BIN - 1) / 20;
MPRINT(EM_ASSESS):   UPPERPROB = LOWERPROB + (1 / 20);
MPRINT(EM_ASSESS):   MODELSCORE = LOWERPROB + (1 / 20) / 2;
MPRINT(EM_ASSESS):   RANGE = COMPRESS (PUT (LOWERPROB, 4.2) || "-" || PUT (UPPERPROB, 4.2));
MPRINT(EM_ASSESS):   SCR_NUMEVENTS = SUM ( OF EVENTS61 - EVENTS65 );
MPRINT(EM_ASSESS):   SCR_P_EVENTS = SCR_NUMEVENTS * 100 / _NEVENTS;
MPRINT(EM_ASSESS):   SCR_CP_EVENTS = SUM (SCR_P_EVENTS, SCR_CP_EVENTS);
MPRINT(EM_ASSESS):   SCR_NUMNONEVENTS = SUM ( OF NONEVENTS61 - NONEVENTS65);
MPRINT(EM_ASSESS):   NUMOBSINGROUP = SUM (SCR_NUMEVENTS, SCR_NUMNONEVENTS);
MPRINT(EM_ASSESS):   IF NUMOBSINGROUP > 0 THEN SCR_MNPROB = SUM (OF SCR_MNPROB61 - SCR_MNPROB65) / NUMOBSINGROUP;
MPRINT(EM_ASSESS):   ELSE SCR_MNPROB = .;
MPRINT(EM_ASSESS):   SCR_MINPROB = MIN (OF SCR_MINPROB61 - SCR_MINPROB65) ;
MPRINT(EM_ASSESS):   SCR_MAXPROB = MAX (OF SCR_MAXPROB61 - SCR_MAXPROB65) ;
MPRINT(EM_ASSESS):   IF SCR_MINPROB = 1 THEN SCR_MINPROB = .;
MPRINT(EM_ASSESS):   IF SCR_MAXPROB = 0 THEN SCR_MAXPROB = .;
MPRINT(EM_ASSESS):   SCR_P_NONEVENTS = SCR_NUMNONEVENTS * 100 / _NNONEVENTS;
MPRINT(EM_ASSESS):   SCR_CP_NONEVENTS = SUM (SCR_P_NONEVENTS, SCR_CP_NONEVENTS);
MPRINT(EM_ASSESS):   PERCOBSINGROUP = NUMOBSINGROUP * 100 / 396;
MPRINT(EM_ASSESS):   C_PERCOBSINGROUP = SUM (C_PERCOBSINGROUP, PERCOBSINGROUP);
MPRINT(EM_ASSESS):   CALL SYMPUTX ("SCR_MINPROB" || LEFT (PUT (BIN, 3.)), LOWERPROB);
MPRINT(EM_ASSESS):   CALL SYMPUTX ("SCR_MAXPROB" || LEFT (PUT (BIN, 3.)), UPPERPROB);
MPRINT(EM_ASSESS):   BIN = 20 + 1 - 13;
MPRINT(EM_ASSESS):   OUTPUT WORK._TEMPSCOREDIST;
MPRINT(EM_ASSESS):   BIN = 12 ;
MPRINT(EM_ASSESS):   LOWERPROB = (BIN - 1) / 20;
MPRINT(EM_ASSESS):   UPPERPROB = LOWERPROB + (1 / 20);
MPRINT(EM_ASSESS):   MODELSCORE = LOWERPROB + (1 / 20) / 2;
MPRINT(EM_ASSESS):   RANGE = COMPRESS (PUT (LOWERPROB, 4.2) || "-" || PUT (UPPERPROB, 4.2));
MPRINT(EM_ASSESS):   SCR_NUMEVENTS = SUM ( OF EVENTS56 - EVENTS60 );
MPRINT(EM_ASSESS):   SCR_P_EVENTS = SCR_NUMEVENTS * 100 / _NEVENTS;
MPRINT(EM_ASSESS):   SCR_CP_EVENTS = SUM (SCR_P_EVENTS, SCR_CP_EVENTS);
MPRINT(EM_ASSESS):   SCR_NUMNONEVENTS = SUM ( OF NONEVENTS56 - NONEVENTS60);
MPRINT(EM_ASSESS):   NUMOBSINGROUP = SUM (SCR_NUMEVENTS, SCR_NUMNONEVENTS);
MPRINT(EM_ASSESS):   IF NUMOBSINGROUP > 0 THEN SCR_MNPROB = SUM (OF SCR_MNPROB56 - SCR_MNPROB60) / NUMOBSINGROUP;
MPRINT(EM_ASSESS):   ELSE SCR_MNPROB = .;
MPRINT(EM_ASSESS):   SCR_MINPROB = MIN (OF SCR_MINPROB56 - SCR_MINPROB60) ;
MPRINT(EM_ASSESS):   SCR_MAXPROB = MAX (OF SCR_MAXPROB56 - SCR_MAXPROB60) ;
MPRINT(EM_ASSESS):   IF SCR_MINPROB = 1 THEN SCR_MINPROB = .;
MPRINT(EM_ASSESS):   IF SCR_MAXPROB = 0 THEN SCR_MAXPROB = .;
MPRINT(EM_ASSESS):   SCR_P_NONEVENTS = SCR_NUMNONEVENTS * 100 / _NNONEVENTS;
MPRINT(EM_ASSESS):   SCR_CP_NONEVENTS = SUM (SCR_P_NONEVENTS, SCR_CP_NONEVENTS);
MPRINT(EM_ASSESS):   PERCOBSINGROUP = NUMOBSINGROUP * 100 / 396;
MPRINT(EM_ASSESS):   C_PERCOBSINGROUP = SUM (C_PERCOBSINGROUP, PERCOBSINGROUP);
MPRINT(EM_ASSESS):   CALL SYMPUTX ("SCR_MINPROB" || LEFT (PUT (BIN, 3.)), LOWERPROB);
MPRINT(EM_ASSESS):   CALL SYMPUTX ("SCR_MAXPROB" || LEFT (PUT (BIN, 3.)), UPPERPROB);
MPRINT(EM_ASSESS):   BIN = 20 + 1 - 12;
MPRINT(EM_ASSESS):   OUTPUT WORK._TEMPSCOREDIST;
MPRINT(EM_ASSESS):   BIN = 11 ;
MPRINT(EM_ASSESS):   LOWERPROB = (BIN - 1) / 20;
MPRINT(EM_ASSESS):   UPPERPROB = LOWERPROB + (1 / 20);
MPRINT(EM_ASSESS):   MODELSCORE = LOWERPROB + (1 / 20) / 2;
MPRINT(EM_ASSESS):   RANGE = COMPRESS (PUT (LOWERPROB, 4.2) || "-" || PUT (UPPERPROB, 4.2));
MPRINT(EM_ASSESS):   SCR_NUMEVENTS = SUM ( OF EVENTS51 - EVENTS55 );
MPRINT(EM_ASSESS):   SCR_P_EVENTS = SCR_NUMEVENTS * 100 / _NEVENTS;
MPRINT(EM_ASSESS):   SCR_CP_EVENTS = SUM (SCR_P_EVENTS, SCR_CP_EVENTS);
MPRINT(EM_ASSESS):   SCR_NUMNONEVENTS = SUM ( OF NONEVENTS51 - NONEVENTS55);
MPRINT(EM_ASSESS):   NUMOBSINGROUP = SUM (SCR_NUMEVENTS, SCR_NUMNONEVENTS);
MPRINT(EM_ASSESS):   IF NUMOBSINGROUP > 0 THEN SCR_MNPROB = SUM (OF SCR_MNPROB51 - SCR_MNPROB55) / NUMOBSINGROUP;
MPRINT(EM_ASSESS):   ELSE SCR_MNPROB = .;
MPRINT(EM_ASSESS):   SCR_MINPROB = MIN (OF SCR_MINPROB51 - SCR_MINPROB55) ;
MPRINT(EM_ASSESS):   SCR_MAXPROB = MAX (OF SCR_MAXPROB51 - SCR_MAXPROB55) ;
MPRINT(EM_ASSESS):   IF SCR_MINPROB = 1 THEN SCR_MINPROB = .;
MPRINT(EM_ASSESS):   IF SCR_MAXPROB = 0 THEN SCR_MAXPROB = .;
MPRINT(EM_ASSESS):   SCR_P_NONEVENTS = SCR_NUMNONEVENTS * 100 / _NNONEVENTS;
MPRINT(EM_ASSESS):   SCR_CP_NONEVENTS = SUM (SCR_P_NONEVENTS, SCR_CP_NONEVENTS);
MPRINT(EM_ASSESS):   PERCOBSINGROUP = NUMOBSINGROUP * 100 / 396;
MPRINT(EM_ASSESS):   C_PERCOBSINGROUP = SUM (C_PERCOBSINGROUP, PERCOBSINGROUP);
MPRINT(EM_ASSESS):   CALL SYMPUTX ("SCR_MINPROB" || LEFT (PUT (BIN, 3.)), LOWERPROB);
MPRINT(EM_ASSESS):   CALL SYMPUTX ("SCR_MAXPROB" || LEFT (PUT (BIN, 3.)), UPPERPROB);
MPRINT(EM_ASSESS):   BIN = 20 + 1 - 11;
MPRINT(EM_ASSESS):   OUTPUT WORK._TEMPSCOREDIST;
MPRINT(EM_ASSESS):   BIN = 10 ;
MPRINT(EM_ASSESS):   LOWERPROB = (BIN - 1) / 20;
MPRINT(EM_ASSESS):   UPPERPROB = LOWERPROB + (1 / 20);
MPRINT(EM_ASSESS):   MODELSCORE = LOWERPROB + (1 / 20) / 2;
MPRINT(EM_ASSESS):   RANGE = COMPRESS (PUT (LOWERPROB, 4.2) || "-" || PUT (UPPERPROB, 4.2));
MPRINT(EM_ASSESS):   SCR_NUMEVENTS = SUM ( OF EVENTS46 - EVENTS50 );
MPRINT(EM_ASSESS):   SCR_P_EVENTS = SCR_NUMEVENTS * 100 / _NEVENTS;
MPRINT(EM_ASSESS):   SCR_CP_EVENTS = SUM (SCR_P_EVENTS, SCR_CP_EVENTS);
MPRINT(EM_ASSESS):   SCR_NUMNONEVENTS = SUM ( OF NONEVENTS46 - NONEVENTS50);
MPRINT(EM_ASSESS):   NUMOBSINGROUP = SUM (SCR_NUMEVENTS, SCR_NUMNONEVENTS);
MPRINT(EM_ASSESS):   IF NUMOBSINGROUP > 0 THEN SCR_MNPROB = SUM (OF SCR_MNPROB46 - SCR_MNPROB50) / NUMOBSINGROUP;
MPRINT(EM_ASSESS):   ELSE SCR_MNPROB = .;
MPRINT(EM_ASSESS):   SCR_MINPROB = MIN (OF SCR_MINPROB46 - SCR_MINPROB50) ;
MPRINT(EM_ASSESS):   SCR_MAXPROB = MAX (OF SCR_MAXPROB46 - SCR_MAXPROB50) ;
MPRINT(EM_ASSESS):   IF SCR_MINPROB = 1 THEN SCR_MINPROB = .;
MPRINT(EM_ASSESS):   IF SCR_MAXPROB = 0 THEN SCR_MAXPROB = .;
MPRINT(EM_ASSESS):   SCR_P_NONEVENTS = SCR_NUMNONEVENTS * 100 / _NNONEVENTS;
MPRINT(EM_ASSESS):   SCR_CP_NONEVENTS = SUM (SCR_P_NONEVENTS, SCR_CP_NONEVENTS);
MPRINT(EM_ASSESS):   PERCOBSINGROUP = NUMOBSINGROUP * 100 / 396;
MPRINT(EM_ASSESS):   C_PERCOBSINGROUP = SUM (C_PERCOBSINGROUP, PERCOBSINGROUP);
MPRINT(EM_ASSESS):   CALL SYMPUTX ("SCR_MINPROB" || LEFT (PUT (BIN, 3.)), LOWERPROB);
MPRINT(EM_ASSESS):   CALL SYMPUTX ("SCR_MAXPROB" || LEFT (PUT (BIN, 3.)), UPPERPROB);
MPRINT(EM_ASSESS):   BIN = 20 + 1 - 10;
MPRINT(EM_ASSESS):   OUTPUT WORK._TEMPSCOREDIST;
MPRINT(EM_ASSESS):   BIN = 9 ;
MPRINT(EM_ASSESS):   LOWERPROB = (BIN - 1) / 20;
MPRINT(EM_ASSESS):   UPPERPROB = LOWERPROB + (1 / 20);
MPRINT(EM_ASSESS):   MODELSCORE = LOWERPROB + (1 / 20) / 2;
MPRINT(EM_ASSESS):   RANGE = COMPRESS (PUT (LOWERPROB, 4.2) || "-" || PUT (UPPERPROB, 4.2));
MPRINT(EM_ASSESS):   SCR_NUMEVENTS = SUM ( OF EVENTS41 - EVENTS45 );
MPRINT(EM_ASSESS):   SCR_P_EVENTS = SCR_NUMEVENTS * 100 / _NEVENTS;
MPRINT(EM_ASSESS):   SCR_CP_EVENTS = SUM (SCR_P_EVENTS, SCR_CP_EVENTS);
MPRINT(EM_ASSESS):   SCR_NUMNONEVENTS = SUM ( OF NONEVENTS41 - NONEVENTS45);
MPRINT(EM_ASSESS):   NUMOBSINGROUP = SUM (SCR_NUMEVENTS, SCR_NUMNONEVENTS);
MPRINT(EM_ASSESS):   IF NUMOBSINGROUP > 0 THEN SCR_MNPROB = SUM (OF SCR_MNPROB41 - SCR_MNPROB45) / NUMOBSINGROUP;
MPRINT(EM_ASSESS):   ELSE SCR_MNPROB = .;
MPRINT(EM_ASSESS):   SCR_MINPROB = MIN (OF SCR_MINPROB41 - SCR_MINPROB45) ;
MPRINT(EM_ASSESS):   SCR_MAXPROB = MAX (OF SCR_MAXPROB41 - SCR_MAXPROB45) ;
MPRINT(EM_ASSESS):   IF SCR_MINPROB = 1 THEN SCR_MINPROB = .;
MPRINT(EM_ASSESS):   IF SCR_MAXPROB = 0 THEN SCR_MAXPROB = .;
MPRINT(EM_ASSESS):   SCR_P_NONEVENTS = SCR_NUMNONEVENTS * 100 / _NNONEVENTS;
MPRINT(EM_ASSESS):   SCR_CP_NONEVENTS = SUM (SCR_P_NONEVENTS, SCR_CP_NONEVENTS);
MPRINT(EM_ASSESS):   PERCOBSINGROUP = NUMOBSINGROUP * 100 / 396;
MPRINT(EM_ASSESS):   C_PERCOBSINGROUP = SUM (C_PERCOBSINGROUP, PERCOBSINGROUP);
MPRINT(EM_ASSESS):   CALL SYMPUTX ("SCR_MINPROB" || LEFT (PUT (BIN, 3.)), LOWERPROB);
MPRINT(EM_ASSESS):   CALL SYMPUTX ("SCR_MAXPROB" || LEFT (PUT (BIN, 3.)), UPPERPROB);
MPRINT(EM_ASSESS):   BIN = 20 + 1 - 9;
MPRINT(EM_ASSESS):   OUTPUT WORK._TEMPSCOREDIST;
MPRINT(EM_ASSESS):   BIN = 8 ;
MPRINT(EM_ASSESS):   LOWERPROB = (BIN - 1) / 20;
MPRINT(EM_ASSESS):   UPPERPROB = LOWERPROB + (1 / 20);
MPRINT(EM_ASSESS):   MODELSCORE = LOWERPROB + (1 / 20) / 2;
MPRINT(EM_ASSESS):   RANGE = COMPRESS (PUT (LOWERPROB, 4.2) || "-" || PUT (UPPERPROB, 4.2));
MPRINT(EM_ASSESS):   SCR_NUMEVENTS = SUM ( OF EVENTS36 - EVENTS40 );
MPRINT(EM_ASSESS):   SCR_P_EVENTS = SCR_NUMEVENTS * 100 / _NEVENTS;
MPRINT(EM_ASSESS):   SCR_CP_EVENTS = SUM (SCR_P_EVENTS, SCR_CP_EVENTS);
MPRINT(EM_ASSESS):   SCR_NUMNONEVENTS = SUM ( OF NONEVENTS36 - NONEVENTS40);
MPRINT(EM_ASSESS):   NUMOBSINGROUP = SUM (SCR_NUMEVENTS, SCR_NUMNONEVENTS);
MPRINT(EM_ASSESS):   IF NUMOBSINGROUP > 0 THEN SCR_MNPROB = SUM (OF SCR_MNPROB36 - SCR_MNPROB40) / NUMOBSINGROUP;
MPRINT(EM_ASSESS):   ELSE SCR_MNPROB = .;
MPRINT(EM_ASSESS):   SCR_MINPROB = MIN (OF SCR_MINPROB36 - SCR_MINPROB40) ;
MPRINT(EM_ASSESS):   SCR_MAXPROB = MAX (OF SCR_MAXPROB36 - SCR_MAXPROB40) ;
MPRINT(EM_ASSESS):   IF SCR_MINPROB = 1 THEN SCR_MINPROB = .;
MPRINT(EM_ASSESS):   IF SCR_MAXPROB = 0 THEN SCR_MAXPROB = .;
MPRINT(EM_ASSESS):   SCR_P_NONEVENTS = SCR_NUMNONEVENTS * 100 / _NNONEVENTS;
MPRINT(EM_ASSESS):   SCR_CP_NONEVENTS = SUM (SCR_P_NONEVENTS, SCR_CP_NONEVENTS);
MPRINT(EM_ASSESS):   PERCOBSINGROUP = NUMOBSINGROUP * 100 / 396;
MPRINT(EM_ASSESS):   C_PERCOBSINGROUP = SUM (C_PERCOBSINGROUP, PERCOBSINGROUP);
MPRINT(EM_ASSESS):   CALL SYMPUTX ("SCR_MINPROB" || LEFT (PUT (BIN, 3.)), LOWERPROB);
MPRINT(EM_ASSESS):   CALL SYMPUTX ("SCR_MAXPROB" || LEFT (PUT (BIN, 3.)), UPPERPROB);
MPRINT(EM_ASSESS):   BIN = 20 + 1 - 8;
MPRINT(EM_ASSESS):   OUTPUT WORK._TEMPSCOREDIST;
MPRINT(EM_ASSESS):   BIN = 7 ;
MPRINT(EM_ASSESS):   LOWERPROB = (BIN - 1) / 20;
MPRINT(EM_ASSESS):   UPPERPROB = LOWERPROB + (1 / 20);
MPRINT(EM_ASSESS):   MODELSCORE = LOWERPROB + (1 / 20) / 2;
MPRINT(EM_ASSESS):   RANGE = COMPRESS (PUT (LOWERPROB, 4.2) || "-" || PUT (UPPERPROB, 4.2));
MPRINT(EM_ASSESS):   SCR_NUMEVENTS = SUM ( OF EVENTS31 - EVENTS35 );
MPRINT(EM_ASSESS):   SCR_P_EVENTS = SCR_NUMEVENTS * 100 / _NEVENTS;
MPRINT(EM_ASSESS):   SCR_CP_EVENTS = SUM (SCR_P_EVENTS, SCR_CP_EVENTS);
MPRINT(EM_ASSESS):   SCR_NUMNONEVENTS = SUM ( OF NONEVENTS31 - NONEVENTS35);
MPRINT(EM_ASSESS):   NUMOBSINGROUP = SUM (SCR_NUMEVENTS, SCR_NUMNONEVENTS);
MPRINT(EM_ASSESS):   IF NUMOBSINGROUP > 0 THEN SCR_MNPROB = SUM (OF SCR_MNPROB31 - SCR_MNPROB35) / NUMOBSINGROUP;
MPRINT(EM_ASSESS):   ELSE SCR_MNPROB = .;
MPRINT(EM_ASSESS):   SCR_MINPROB = MIN (OF SCR_MINPROB31 - SCR_MINPROB35) ;
MPRINT(EM_ASSESS):   SCR_MAXPROB = MAX (OF SCR_MAXPROB31 - SCR_MAXPROB35) ;
MPRINT(EM_ASSESS):   IF SCR_MINPROB = 1 THEN SCR_MINPROB = .;
MPRINT(EM_ASSESS):   IF SCR_MAXPROB = 0 THEN SCR_MAXPROB = .;
MPRINT(EM_ASSESS):   SCR_P_NONEVENTS = SCR_NUMNONEVENTS * 100 / _NNONEVENTS;
MPRINT(EM_ASSESS):   SCR_CP_NONEVENTS = SUM (SCR_P_NONEVENTS, SCR_CP_NONEVENTS);
MPRINT(EM_ASSESS):   PERCOBSINGROUP = NUMOBSINGROUP * 100 / 396;
MPRINT(EM_ASSESS):   C_PERCOBSINGROUP = SUM (C_PERCOBSINGROUP, PERCOBSINGROUP);
MPRINT(EM_ASSESS):   CALL SYMPUTX ("SCR_MINPROB" || LEFT (PUT (BIN, 3.)), LOWERPROB);
MPRINT(EM_ASSESS):   CALL SYMPUTX ("SCR_MAXPROB" || LEFT (PUT (BIN, 3.)), UPPERPROB);
MPRINT(EM_ASSESS):   BIN = 20 + 1 - 7;
MPRINT(EM_ASSESS):   OUTPUT WORK._TEMPSCOREDIST;
MPRINT(EM_ASSESS):   BIN = 6 ;
MPRINT(EM_ASSESS):   LOWERPROB = (BIN - 1) / 20;
MPRINT(EM_ASSESS):   UPPERPROB = LOWERPROB + (1 / 20);
MPRINT(EM_ASSESS):   MODELSCORE = LOWERPROB + (1 / 20) / 2;
MPRINT(EM_ASSESS):   RANGE = COMPRESS (PUT (LOWERPROB, 4.2) || "-" || PUT (UPPERPROB, 4.2));
MPRINT(EM_ASSESS):   SCR_NUMEVENTS = SUM ( OF EVENTS26 - EVENTS30 );
MPRINT(EM_ASSESS):   SCR_P_EVENTS = SCR_NUMEVENTS * 100 / _NEVENTS;
MPRINT(EM_ASSESS):   SCR_CP_EVENTS = SUM (SCR_P_EVENTS, SCR_CP_EVENTS);
MPRINT(EM_ASSESS):   SCR_NUMNONEVENTS = SUM ( OF NONEVENTS26 - NONEVENTS30);
MPRINT(EM_ASSESS):   NUMOBSINGROUP = SUM (SCR_NUMEVENTS, SCR_NUMNONEVENTS);
MPRINT(EM_ASSESS):   IF NUMOBSINGROUP > 0 THEN SCR_MNPROB = SUM (OF SCR_MNPROB26 - SCR_MNPROB30) / NUMOBSINGROUP;
MPRINT(EM_ASSESS):   ELSE SCR_MNPROB = .;
MPRINT(EM_ASSESS):   SCR_MINPROB = MIN (OF SCR_MINPROB26 - SCR_MINPROB30) ;
MPRINT(EM_ASSESS):   SCR_MAXPROB = MAX (OF SCR_MAXPROB26 - SCR_MAXPROB30) ;
MPRINT(EM_ASSESS):   IF SCR_MINPROB = 1 THEN SCR_MINPROB = .;
MPRINT(EM_ASSESS):   IF SCR_MAXPROB = 0 THEN SCR_MAXPROB = .;
MPRINT(EM_ASSESS):   SCR_P_NONEVENTS = SCR_NUMNONEVENTS * 100 / _NNONEVENTS;
MPRINT(EM_ASSESS):   SCR_CP_NONEVENTS = SUM (SCR_P_NONEVENTS, SCR_CP_NONEVENTS);
MPRINT(EM_ASSESS):   PERCOBSINGROUP = NUMOBSINGROUP * 100 / 396;
MPRINT(EM_ASSESS):   C_PERCOBSINGROUP = SUM (C_PERCOBSINGROUP, PERCOBSINGROUP);
MPRINT(EM_ASSESS):   CALL SYMPUTX ("SCR_MINPROB" || LEFT (PUT (BIN, 3.)), LOWERPROB);
MPRINT(EM_ASSESS):   CALL SYMPUTX ("SCR_MAXPROB" || LEFT (PUT (BIN, 3.)), UPPERPROB);
MPRINT(EM_ASSESS):   BIN = 20 + 1 - 6;
MPRINT(EM_ASSESS):   OUTPUT WORK._TEMPSCOREDIST;
MPRINT(EM_ASSESS):   BIN = 5 ;
MPRINT(EM_ASSESS):   LOWERPROB = (BIN - 1) / 20;
MPRINT(EM_ASSESS):   UPPERPROB = LOWERPROB + (1 / 20);
MPRINT(EM_ASSESS):   MODELSCORE = LOWERPROB + (1 / 20) / 2;
MPRINT(EM_ASSESS):   RANGE = COMPRESS (PUT (LOWERPROB, 4.2) || "-" || PUT (UPPERPROB, 4.2));
MPRINT(EM_ASSESS):   SCR_NUMEVENTS = SUM ( OF EVENTS21 - EVENTS25 );
MPRINT(EM_ASSESS):   SCR_P_EVENTS = SCR_NUMEVENTS * 100 / _NEVENTS;
MPRINT(EM_ASSESS):   SCR_CP_EVENTS = SUM (SCR_P_EVENTS, SCR_CP_EVENTS);
MPRINT(EM_ASSESS):   SCR_NUMNONEVENTS = SUM ( OF NONEVENTS21 - NONEVENTS25);
MPRINT(EM_ASSESS):   NUMOBSINGROUP = SUM (SCR_NUMEVENTS, SCR_NUMNONEVENTS);
MPRINT(EM_ASSESS):   IF NUMOBSINGROUP > 0 THEN SCR_MNPROB = SUM (OF SCR_MNPROB21 - SCR_MNPROB25) / NUMOBSINGROUP;
MPRINT(EM_ASSESS):   ELSE SCR_MNPROB = .;
MPRINT(EM_ASSESS):   SCR_MINPROB = MIN (OF SCR_MINPROB21 - SCR_MINPROB25) ;
MPRINT(EM_ASSESS):   SCR_MAXPROB = MAX (OF SCR_MAXPROB21 - SCR_MAXPROB25) ;
MPRINT(EM_ASSESS):   IF SCR_MINPROB = 1 THEN SCR_MINPROB = .;
MPRINT(EM_ASSESS):   IF SCR_MAXPROB = 0 THEN SCR_MAXPROB = .;
MPRINT(EM_ASSESS):   SCR_P_NONEVENTS = SCR_NUMNONEVENTS * 100 / _NNONEVENTS;
MPRINT(EM_ASSESS):   SCR_CP_NONEVENTS = SUM (SCR_P_NONEVENTS, SCR_CP_NONEVENTS);
MPRINT(EM_ASSESS):   PERCOBSINGROUP = NUMOBSINGROUP * 100 / 396;
MPRINT(EM_ASSESS):   C_PERCOBSINGROUP = SUM (C_PERCOBSINGROUP, PERCOBSINGROUP);
MPRINT(EM_ASSESS):   CALL SYMPUTX ("SCR_MINPROB" || LEFT (PUT (BIN, 3.)), LOWERPROB);
MPRINT(EM_ASSESS):   CALL SYMPUTX ("SCR_MAXPROB" || LEFT (PUT (BIN, 3.)), UPPERPROB);
MPRINT(EM_ASSESS):   BIN = 20 + 1 - 5;
MPRINT(EM_ASSESS):   OUTPUT WORK._TEMPSCOREDIST;
MPRINT(EM_ASSESS):   BIN = 4 ;
MPRINT(EM_ASSESS):   LOWERPROB = (BIN - 1) / 20;
MPRINT(EM_ASSESS):   UPPERPROB = LOWERPROB + (1 / 20);
MPRINT(EM_ASSESS):   MODELSCORE = LOWERPROB + (1 / 20) / 2;
MPRINT(EM_ASSESS):   RANGE = COMPRESS (PUT (LOWERPROB, 4.2) || "-" || PUT (UPPERPROB, 4.2));
MPRINT(EM_ASSESS):   SCR_NUMEVENTS = SUM ( OF EVENTS16 - EVENTS20 );
MPRINT(EM_ASSESS):   SCR_P_EVENTS = SCR_NUMEVENTS * 100 / _NEVENTS;
MPRINT(EM_ASSESS):   SCR_CP_EVENTS = SUM (SCR_P_EVENTS, SCR_CP_EVENTS);
MPRINT(EM_ASSESS):   SCR_NUMNONEVENTS = SUM ( OF NONEVENTS16 - NONEVENTS20);
MPRINT(EM_ASSESS):   NUMOBSINGROUP = SUM (SCR_NUMEVENTS, SCR_NUMNONEVENTS);
MPRINT(EM_ASSESS):   IF NUMOBSINGROUP > 0 THEN SCR_MNPROB = SUM (OF SCR_MNPROB16 - SCR_MNPROB20) / NUMOBSINGROUP;
MPRINT(EM_ASSESS):   ELSE SCR_MNPROB = .;
MPRINT(EM_ASSESS):   SCR_MINPROB = MIN (OF SCR_MINPROB16 - SCR_MINPROB20) ;
MPRINT(EM_ASSESS):   SCR_MAXPROB = MAX (OF SCR_MAXPROB16 - SCR_MAXPROB20) ;
MPRINT(EM_ASSESS):   IF SCR_MINPROB = 1 THEN SCR_MINPROB = .;
MPRINT(EM_ASSESS):   IF SCR_MAXPROB = 0 THEN SCR_MAXPROB = .;
MPRINT(EM_ASSESS):   SCR_P_NONEVENTS = SCR_NUMNONEVENTS * 100 / _NNONEVENTS;
MPRINT(EM_ASSESS):   SCR_CP_NONEVENTS = SUM (SCR_P_NONEVENTS, SCR_CP_NONEVENTS);
MPRINT(EM_ASSESS):   PERCOBSINGROUP = NUMOBSINGROUP * 100 / 396;
MPRINT(EM_ASSESS):   C_PERCOBSINGROUP = SUM (C_PERCOBSINGROUP, PERCOBSINGROUP);
MPRINT(EM_ASSESS):   CALL SYMPUTX ("SCR_MINPROB" || LEFT (PUT (BIN, 3.)), LOWERPROB);
MPRINT(EM_ASSESS):   CALL SYMPUTX ("SCR_MAXPROB" || LEFT (PUT (BIN, 3.)), UPPERPROB);
MPRINT(EM_ASSESS):   BIN = 20 + 1 - 4;
MPRINT(EM_ASSESS):   OUTPUT WORK._TEMPSCOREDIST;
MPRINT(EM_ASSESS):   BIN = 3 ;
MPRINT(EM_ASSESS):   LOWERPROB = (BIN - 1) / 20;
MPRINT(EM_ASSESS):   UPPERPROB = LOWERPROB + (1 / 20);
MPRINT(EM_ASSESS):   MODELSCORE = LOWERPROB + (1 / 20) / 2;
MPRINT(EM_ASSESS):   RANGE = COMPRESS (PUT (LOWERPROB, 4.2) || "-" || PUT (UPPERPROB, 4.2));
MPRINT(EM_ASSESS):   SCR_NUMEVENTS = SUM ( OF EVENTS11 - EVENTS15 );
MPRINT(EM_ASSESS):   SCR_P_EVENTS = SCR_NUMEVENTS * 100 / _NEVENTS;
MPRINT(EM_ASSESS):   SCR_CP_EVENTS = SUM (SCR_P_EVENTS, SCR_CP_EVENTS);
MPRINT(EM_ASSESS):   SCR_NUMNONEVENTS = SUM ( OF NONEVENTS11 - NONEVENTS15);
MPRINT(EM_ASSESS):   NUMOBSINGROUP = SUM (SCR_NUMEVENTS, SCR_NUMNONEVENTS);
MPRINT(EM_ASSESS):   IF NUMOBSINGROUP > 0 THEN SCR_MNPROB = SUM (OF SCR_MNPROB11 - SCR_MNPROB15) / NUMOBSINGROUP;
MPRINT(EM_ASSESS):   ELSE SCR_MNPROB = .;
MPRINT(EM_ASSESS):   SCR_MINPROB = MIN (OF SCR_MINPROB11 - SCR_MINPROB15) ;
MPRINT(EM_ASSESS):   SCR_MAXPROB = MAX (OF SCR_MAXPROB11 - SCR_MAXPROB15) ;
MPRINT(EM_ASSESS):   IF SCR_MINPROB = 1 THEN SCR_MINPROB = .;
MPRINT(EM_ASSESS):   IF SCR_MAXPROB = 0 THEN SCR_MAXPROB = .;
MPRINT(EM_ASSESS):   SCR_P_NONEVENTS = SCR_NUMNONEVENTS * 100 / _NNONEVENTS;
MPRINT(EM_ASSESS):   SCR_CP_NONEVENTS = SUM (SCR_P_NONEVENTS, SCR_CP_NONEVENTS);
MPRINT(EM_ASSESS):   PERCOBSINGROUP = NUMOBSINGROUP * 100 / 396;
MPRINT(EM_ASSESS):   C_PERCOBSINGROUP = SUM (C_PERCOBSINGROUP, PERCOBSINGROUP);
MPRINT(EM_ASSESS):   CALL SYMPUTX ("SCR_MINPROB" || LEFT (PUT (BIN, 3.)), LOWERPROB);
MPRINT(EM_ASSESS):   CALL SYMPUTX ("SCR_MAXPROB" || LEFT (PUT (BIN, 3.)), UPPERPROB);
MPRINT(EM_ASSESS):   BIN = 20 + 1 - 3;
MPRINT(EM_ASSESS):   OUTPUT WORK._TEMPSCOREDIST;
MPRINT(EM_ASSESS):   BIN = 2 ;
MPRINT(EM_ASSESS):   LOWERPROB = (BIN - 1) / 20;
MPRINT(EM_ASSESS):   UPPERPROB = LOWERPROB + (1 / 20);
MPRINT(EM_ASSESS):   MODELSCORE = LOWERPROB + (1 / 20) / 2;
MPRINT(EM_ASSESS):   RANGE = COMPRESS (PUT (LOWERPROB, 4.2) || "-" || PUT (UPPERPROB, 4.2));
MPRINT(EM_ASSESS):   SCR_NUMEVENTS = SUM ( OF EVENTS6 - EVENTS10 );
MPRINT(EM_ASSESS):   SCR_P_EVENTS = SCR_NUMEVENTS * 100 / _NEVENTS;
MPRINT(EM_ASSESS):   SCR_CP_EVENTS = SUM (SCR_P_EVENTS, SCR_CP_EVENTS);
MPRINT(EM_ASSESS):   SCR_NUMNONEVENTS = SUM ( OF NONEVENTS6 - NONEVENTS10);
MPRINT(EM_ASSESS):   NUMOBSINGROUP = SUM (SCR_NUMEVENTS, SCR_NUMNONEVENTS);
MPRINT(EM_ASSESS):   IF NUMOBSINGROUP > 0 THEN SCR_MNPROB = SUM (OF SCR_MNPROB6 - SCR_MNPROB10) / NUMOBSINGROUP;
MPRINT(EM_ASSESS):   ELSE SCR_MNPROB = .;
MPRINT(EM_ASSESS):   SCR_MINPROB = MIN (OF SCR_MINPROB6 - SCR_MINPROB10) ;
MPRINT(EM_ASSESS):   SCR_MAXPROB = MAX (OF SCR_MAXPROB6 - SCR_MAXPROB10) ;
MPRINT(EM_ASSESS):   IF SCR_MINPROB = 1 THEN SCR_MINPROB = .;
MPRINT(EM_ASSESS):   IF SCR_MAXPROB = 0 THEN SCR_MAXPROB = .;
MPRINT(EM_ASSESS):   SCR_P_NONEVENTS = SCR_NUMNONEVENTS * 100 / _NNONEVENTS;
MPRINT(EM_ASSESS):   SCR_CP_NONEVENTS = SUM (SCR_P_NONEVENTS, SCR_CP_NONEVENTS);
MPRINT(EM_ASSESS):   PERCOBSINGROUP = NUMOBSINGROUP * 100 / 396;
MPRINT(EM_ASSESS):   C_PERCOBSINGROUP = SUM (C_PERCOBSINGROUP, PERCOBSINGROUP);
MPRINT(EM_ASSESS):   CALL SYMPUTX ("SCR_MINPROB" || LEFT (PUT (BIN, 3.)), LOWERPROB);
MPRINT(EM_ASSESS):   CALL SYMPUTX ("SCR_MAXPROB" || LEFT (PUT (BIN, 3.)), UPPERPROB);
MPRINT(EM_ASSESS):   BIN = 20 + 1 - 2;
MPRINT(EM_ASSESS):   OUTPUT WORK._TEMPSCOREDIST;
MPRINT(EM_ASSESS):   BIN = 1 ;
MPRINT(EM_ASSESS):   LOWERPROB = (BIN - 1) / 20;
MPRINT(EM_ASSESS):   UPPERPROB = LOWERPROB + (1 / 20);
MPRINT(EM_ASSESS):   MODELSCORE = LOWERPROB + (1 / 20) / 2;
MPRINT(EM_ASSESS):   RANGE = COMPRESS (PUT (LOWERPROB, 4.2) || "-" || PUT (UPPERPROB, 4.2));
MPRINT(EM_ASSESS):   SCR_NUMEVENTS = SUM ( OF EVENTS1 - EVENTS5 );
MPRINT(EM_ASSESS):   SCR_P_EVENTS = SCR_NUMEVENTS * 100 / _NEVENTS;
MPRINT(EM_ASSESS):   SCR_CP_EVENTS = SUM (SCR_P_EVENTS, SCR_CP_EVENTS);
MPRINT(EM_ASSESS):   SCR_NUMNONEVENTS = SUM ( OF NONEVENTS1 - NONEVENTS5);
MPRINT(EM_ASSESS):   NUMOBSINGROUP = SUM (SCR_NUMEVENTS, SCR_NUMNONEVENTS);
MPRINT(EM_ASSESS):   IF NUMOBSINGROUP > 0 THEN SCR_MNPROB = SUM (OF SCR_MNPROB1 - SCR_MNPROB5) / NUMOBSINGROUP;
MPRINT(EM_ASSESS):   ELSE SCR_MNPROB = .;
MPRINT(EM_ASSESS):   SCR_MINPROB = MIN (OF SCR_MINPROB1 - SCR_MINPROB5) ;
MPRINT(EM_ASSESS):   SCR_MAXPROB = MAX (OF SCR_MAXPROB1 - SCR_MAXPROB5) ;
MPRINT(EM_ASSESS):   IF SCR_MINPROB = 1 THEN SCR_MINPROB = .;
MPRINT(EM_ASSESS):   IF SCR_MAXPROB = 0 THEN SCR_MAXPROB = .;
MPRINT(EM_ASSESS):   SCR_P_NONEVENTS = SCR_NUMNONEVENTS * 100 / _NNONEVENTS;
MPRINT(EM_ASSESS):   SCR_CP_NONEVENTS = SUM (SCR_P_NONEVENTS, SCR_CP_NONEVENTS);
MPRINT(EM_ASSESS):   PERCOBSINGROUP = NUMOBSINGROUP * 100 / 396;
MPRINT(EM_ASSESS):   C_PERCOBSINGROUP = SUM (C_PERCOBSINGROUP, PERCOBSINGROUP);
MPRINT(EM_ASSESS):   CALL SYMPUTX ("SCR_MINPROB" || LEFT (PUT (BIN, 3.)), LOWERPROB);
MPRINT(EM_ASSESS):   CALL SYMPUTX ("SCR_MAXPROB" || LEFT (PUT (BIN, 3.)), UPPERPROB);
MPRINT(EM_ASSESS):   BIN = 20 + 1 - 1;
MPRINT(EM_ASSESS):   OUTPUT WORK._TEMPSCOREDIST;
MPRINT(EM_ASSESS):   CALL SYMPUTX ("KSPROB" , PUT (KSPROB, 5.3 ) );
MPRINT(EM_ASSESS):   CALL SYMPUTX ("_KS_BIN_PROB" , _KS_BIN_PROB );
MPRINT(EM_ASSESS):   CALL SYMPUTX ("_KS_BIN_" , _KS_BIN_ / 100 );
MPRINT(EM_ASSESS):   CALL SYMPUTX ("KSDIFF" , KS_ABSDIFF );
MPRINT(EM_ASSESS):   CALL SYMPUTX ("PRECTPR" , PRECTPR );
MPRINT(EM_ASSESS):   CALL SYMPUTX ("MAXMUTUALPROB" , MAXMUTUALPROB);
MPRINT(EM_ASSESS):   END;
MPRINT(EM_ASSESS):   LABEL __EVENT__ = "Event" DECILE = "Depth" BIN = "Bin" NUMOBS = "Number of Observations" ;
MPRINT(EM_ASSESS):   RUN;
MPRINT(EM_ASSESS):   *;
MPRINT(EM_ASSESS):   * RUN for large data set;
MPRINT(EM_ASSESS):   *;
MPRINT(EM_ASSESS):   PROC DATASETS NOLIST;
MPRINT(EM_ASSESS):   DELETE _AUXEVENTNAME;
MPRINT(EM_ASSESS):   QUIT;

MPRINT(EM_ASSESS):   *;
MPRINT(EM_ASSESS):   * Report Vars Area.;
MPRINT(EM_ASSESS):   *;
MPRINT(EM_ASSESS):   *;
MPRINT(EM_ASSESS):   * ...........Start OF Outdist Modification;
MPRINT(EM_ASSESS):   *;

MPRINT(EM_ASSESS):   PROC DATASETS NOLIST LIB = WORK;
MPRINT(EM_ASSESS):   MODIFY _TEMPSCOREDIST;
MPRINT(EM_ASSESS):   RENAME MODELSCORE = SCORE UPPERPROB = UPPOSTERIOR SCR_CP_EVENTS = CUMULATIVEPERCENTAGEOFEVENTS SCR_CP_NONEVENTS = CUMULATIVEPERCENTAGEOFNONEVENTS EVENTVALUE = EVENT LOWERPROB = LOWPOSTERIOR NUMOBSINGROUP = N PERCOBSINGROUP = 
PERCENTAGE SCR_MINPROB = _MINP_ SCR_MAXPROB = _MAXP_ SCR_MNPROB = _MEANP_ RANGE = P_LABEL C_PERCOBSINGROUP = CUMULATIVEPERCENTAGE SCR_NUMEVENTS = NUMBEROFEVENTS SCR_NUMNONEVENTS = NUMBEROFNONEVENTS SCR_P_EVENTS = PERCENTAGEOFEVENTS SCR_P_NONEVENTS = 
PERCENTAGEOFNONEVENTS ;
MPRINT(EM_ASSESS):   *;
MPRINT(EM_ASSESS):   * .................... OUTDIST MODIFICATION LABEL AREA;
MPRINT(EM_ASSESS):   *;
MPRINT(EM_ASSESS):   LABEL BIN = "Bin" N = "Number of Observations" P_LABEL = "Posterior Probability Range" EVENT = "Event" LOWPOSTERIOR = "Lower Bound Posterior Probability" PERCENTAGEOFEVENTS = "Percentage of Events" CUMULATIVEPERCENTAGEOFNONEVENTS = 
"Cumulative Percentage of Nonevents" CUMULATIVEPERCENTAGE = "Cumulative Percentage" PERCENTAGEOFEVENTS = "Percentage of Events" PERCENTAGEOFNONEVENTS = "Percentage of Nonevents" CUMULATIVEPERCENTAGEOFEVENTS = "Cumulative Percentage of Events" UPPOSTERIOR 
= "Upper Bound Posterior Probability" NUMBEROFEVENTS = "Number of Events" PERCENTAGE = "Percentage" NUMBEROFNONEVENTS = "Number of Nonevents" _MEANP_ = "Mean Posterior Probability" _MINP_ = "Min Posterior Probability" _MAXP_ = "Max Posterior Probability" 
SCORE = "Model Score" ;
MPRINT(EM_ASSESS):   RUN;
MPRINT(EM_ASSESS):   QUIT;
MPRINT(EM_ASSESS):   DATA WORK._TEMPSCOREDIST;
MPRINT(EM_ASSESS):   SET WORK._TEMPSCOREDIST (WHERE = (_MEANP_ > .));
MPRINT(EM_ASSESS):   RUN;
MPRINT(EM_ASSESS):   *;
MPRINT(EM_ASSESS):   * ........... END OF OUTDIST MODIFICATION;
MPRINT(EM_ASSESS):   *;
MPRINT(EM_ASSESS):   *;
MPRINT(EM_ASSESS):   * ...........Start of OUTRANKS Modification;
MPRINT(EM_ASSESS):   *;

MPRINT(EM_ASSESS):   PROC DATASETS NOLIST LIB = WORK;
MPRINT(EM_ASSESS):   MODIFY _TEMPRANK;
MPRINT(EM_ASSESS):   RENAME __EVENT__ = EVENT P_RESP = RESP C_P_CAPT_RESP = CAPC P_CAPT_RESP = CAP NUMNONRESP = NUMNEVENT NUMRESP = NUMEVENT BASEEVENTS = BASENUMBEROFEVENTS BESTNUMEVENTS = BESTNUMBEROFEVENTS MAXPROB = _MAXP_ MINPROB = _MINP_ CBASELIFT = 
BASELIFTC C_LIFT = LIFTC MNPROB = _MEANP_ PERCENTILE = DECILE NUMOBS = N NUMEVENT = NUMBEROFEVENTS C_P_RESP = RESPC ;
MPRINT(EM_ASSESS):   *;
MPRINT(EM_ASSESS):   * ................. OUTRANKS;
MPRINT(EM_ASSESS):   *;
MPRINT(EM_ASSESS):   LABEL _MAXP_ = "Max Posterior Probability" _MINP_ = "Min Posterior Probability" _MEANP_ = "Mean Posterior Probability" BASECAP = "Baseline % Captured Response" BASECAPC = "Baseline Cumulative % Captured Response" BASENUMBEROFEVENTS = 
"Baseline Number of Events" BASEGAIN = "Baseline Gain" BASELIFT = "Baseline Lift" BASELIFTC = "Baseline Cumulative Lift" BASERESP = "Baseline % Response" BASERESPC = "Baseline Cumulative % Response" BASELIFTC = "Baseline Cumulative Lift" BESTCAP = "Best % 
Captured Response" BESTCAPC = "Best Cumulative % Captured Response" BESTGAIN = "Best Gain" BESTRESP = "Best % Response" BESTRESPC = "Best Cumulative % Response" BESTLIFT = "Best Lift" BESTLIFTC = "Best Cumulative Lift" BESTNUMBEROFEVENTS = "Best Number of 
Events" CAP = "% Captured Response" CAPC = "Cumulative % Captured Response" DECILE = "Depth" GAIN = "Gain" LIFT = "Lift" LIFTC = "Cumulative Lift" NUMNEVENT = "Number of Nonevents" N = "Number of Observations" EVENT = "Event" RESPC = "Cumulative % 
Response" NUMBEROFEVENTS = "Number of Events" RESP = "% Response" ;
MPRINT(EM_ASSESS):   RUN;
MPRINT(EM_ASSESS):   QUIT;
MPRINT(EM_ASSESS):   DATA WORK._TEMPRANK;
MPRINT(EM_ASSESS):   SET WORK._TEMPRANK (WHERE = (_MEANP_ > .));
MPRINT(EM_ASSESS):   RUN;
MPRINT(EM_ASSESS):   proc datasets lib=work nolist;
MPRINT(EM_ASSESS):   delete _ea_tmpdata;
MPRINT(EM_ASSESS):   run;
MPRINT(EM_ASSESS):   quit;
MPRINT(EM_ASSESS):  ;
MPRINT(EM_ASSESS):   OPTION ERRORS = 20;
MPRINT(EM_DIAGRAM):  ;
MPRINT(EM_DIAGRAM):    data WORK._TEMPRANK;
MPRINT(EM_DIAGRAM):   length target $32 TARGETLABEL $200 dataRole $20;
MPRINT(EM_DIAGRAM):   label TARGETLABEL = "Target Label";
MPRINT(EM_DIAGRAM):   set WORK._TEMPRANK;
MPRINT(EM_DIAGRAM):   retain target "diagnosis";
MPRINT(EM_DIAGRAM):   retain dataRole "TRAIN";
MPRINT(EM_DIAGRAM):   run;
MPRINT(EM_DIAGRAM):   data EMWS1.Tree8_EMRANK;
MPRINT(EM_DIAGRAM):   set WORK._TEMPRANK;
MPRINT(EM_DIAGRAM):   run;
MPRINT(EM_DIAGRAM):    data WORK._TEMPSCOREDIST;
MPRINT(EM_DIAGRAM):   length target $32 TARGETLABEL $200 dataRole $20;
MPRINT(EM_DIAGRAM):   label TARGETLABEL = "Target Label";
MPRINT(EM_DIAGRAM):   set WORK._TEMPSCOREDIST;
MPRINT(EM_DIAGRAM):   retain target "diagnosis";
MPRINT(EM_DIAGRAM):   retain dataRole "TRAIN";
MPRINT(EM_DIAGRAM):   run;
MPRINT(EM_DIAGRAM):   data EMWS1.Tree8_EMSCOREDIST;
MPRINT(EM_DIAGRAM):   set WORK._TEMPSCOREDIST;
MPRINT(EM_DIAGRAM):   run;
37750      data EM_temp_assessMeta;
MPRINT(EM_DIAGRAM):    data EM_temp_assessMeta;
37751      set EMWS1.Tree8_CMeta_TRAIN;
MPRINT(EM_DIAGRAM):   set EMWS1.Tree8_CMeta_TRAIN;
37752      where role in('DECISION', 'PREDICT', 'RESIDUAL', 'CLASSIFICATION', 'ASSESS', 'COST');
MPRINT(EM_DIAGRAM):   where role in('DECISION', 'PREDICT', 'RESIDUAL', 'CLASSIFICATION', 'ASSESS', 'COST');
37753      run;
MPRINT(EM_DIAGRAM):   run;

NOTE: There were 12 observations read from the data set EMWS1.TREE8_CMETA_TRAIN.
      WHERE role in ('ASSESS', 'CLASSIFICATION', 'COST', 'DECISION', 'PREDICT', 'RESIDUAL');
NOTE: The data set WORK.EM_TEMP_ASSESSMETA has 12 observations and 21 variables.
NOTE: DATA statement used (Total process time):
      real time           0.01 seconds
      cpu time            0.00 seconds
      

37754      data EM_temp_assessdata;
MPRINT(EM_DIAGRAM):    data EM_temp_assessdata;
37755      set EMWS1.Tree8_VALIDATE(keep=
37756      F_diagnosis
37757      I_diagnosis
37758      P_diagnosisB
37759      P_diagnosisM
37760      Q_diagnosisB
37761      Q_diagnosisM
37762      R_diagnosisB
37763      R_diagnosisM
37764      U_diagnosis
37765      V_diagnosisB
37766      V_diagnosisM
37767      _WARN_
37768      diagnosis
37769      );
MPRINT(EM_DIAGRAM):   set EMWS1.Tree8_VALIDATE(keep= F_diagnosis I_diagnosis P_diagnosisB P_diagnosisM Q_diagnosisB Q_diagnosisM R_diagnosisB R_diagnosisM U_diagnosis V_diagnosisB V_diagnosisM _WARN_ diagnosis );
37770      run;
MPRINT(EM_DIAGRAM):   run;

NOTE: Variable _WARN_ is uninitialized.
NOTE: View EMWS1.TREE8_VALIDATE.VIEW used (Total process time):
      real time           0.03 seconds
      cpu time            0.01 seconds
      
NOTE: There were 173 observations read from the data set EMWS1.PART2_VALIDATE.
NOTE: There were 173 observations read from the data set EMWS1.TREE8_VALIDATE.
NOTE: The data set WORK.EM_TEMP_ASSESSDATA has 173 observations and 13 variables.
NOTE: DATA statement used (Total process time):
      real time           0.04 seconds
      cpu time            0.03 seconds
      

MPRINT(EM_DIAGRAM):    proc freq data=EM_temp_assessdata noprint;
MPRINT(EM_DIAGRAM):   table I_diagnosis*F_diagnosis / out = WORK.Tree8_0SDPXGP nocol norow outpct;
MPRINT(EM_DIAGRAM):   run;
MPRINT(EM_DIAGRAM):    data WORK.Tree8_0SDPXGP;
MPRINT(EM_DIAGRAM):   length _TYPE_ $10 DATAROLE TARGET $32 TARGETLABEL $200 FROM INTO $32 CORRECTTEXT $40 ;
MPRINT(EM_DIAGRAM):   label _TYPE_ = "Outcome Type";
MPRINT(EM_DIAGRAM):   label DATAROLE = "Data Role";
MPRINT(EM_DIAGRAM):   label TARGET = "Target Variable";
MPRINT(EM_DIAGRAM):   label TARGETLABEL = "Target Label";
MPRINT(EM_DIAGRAM):   label FROM = "Target";
MPRINT(EM_DIAGRAM):   label INTO = "Outcome";
MPRINT(EM_DIAGRAM):   label PCT_ROW = "Target Percentage";
MPRINT(EM_DIAGRAM):   label PCT_COL = "Outcome Percentage";
MPRINT(EM_DIAGRAM):   label COUNT = "Frequency Count";
MPRINT(EM_DIAGRAM):   label PERCENT = "Total Percentage";
MPRINT(EM_DIAGRAM):   label CORRECTTEXT = "Correct Text";
MPRINT(EM_DIAGRAM):   label CORRECT = "Correct";
MPRINT(EM_DIAGRAM):   set WORK.Tree8_0SDPXGP(rename=(F_diagnosis=FROM I_diagnosis=INTO));
MPRINT(EM_DIAGRAM):   retain _TYPE_ 'PREDICTION' DATAROLE "VALIDATE" TARGET "diagnosis";
MPRINT(EM_DIAGRAM):   if FROM eq INTO then do;
MPRINT(EM_DIAGRAM):   CORRECT = 0;
MPRINT(EM_DIAGRAM):   CORRECTTEXT="Correct";
MPRINT(EM_DIAGRAM):   end;
MPRINT(EM_DIAGRAM):   else do;
MPRINT(EM_DIAGRAM):   CORRECT = 1;
MPRINT(EM_DIAGRAM):   CORRECTTEXT="Incorrect";
MPRINT(EM_DIAGRAM):   end;
MPRINT(EM_DIAGRAM):   run;
MPRINT(EM_DIAGRAM):    data EMWS1.Tree8_EMCLASSIFICATION;
MPRINT(EM_DIAGRAM):   set EMWS1.Tree8_EMCLASSIFICATION WORK.Tree8_0SDPXGP;
MPRINT(EM_DIAGRAM):   run;
MPRINT(EM_DIAGRAM):    data WORK.MISCREPORT;
MPRINT(EM_DIAGRAM):   set WORK.Tree8_0SDPXGP;
MPRINT(EM_DIAGRAM):   run;
MPRINT(EM_DIAGRAM):    data WORK.MISCREPORT(drop=INTO FROM _TYPE_);
MPRINT(EM_DIAGRAM):   set WORK.MISCREPORT;
MPRINT(EM_DIAGRAM):   length MISC $12;
MPRINT(EM_DIAGRAM):   if FROM='M' and INTO='M' then MISC='TRUEEVENT';
MPRINT(EM_DIAGRAM):   else if FROM='M' and INTO ne 'M' then MISC='FALSENEVENT';
MPRINT(EM_DIAGRAM):   else if FROM ne 'M' and INTO='M' then MISC='FALSEEVENT';
MPRINT(EM_DIAGRAM):   else if FROM ne'M' and INTO ne 'M' then MISC='TRUENEVENT';
MPRINT(EM_DIAGRAM):   run;
MPRINT(EM_DIAGRAM):   proc sort data=WORK.MISCREPORT nothreads;
MPRINT(EM_DIAGRAM):   by DATAROLE TARGET;
MPRINT(EM_DIAGRAM):   run;
MPRINT(EM_DIAGRAM):   proc summary data=WORK.MISCREPORT NWAY;
MPRINT(EM_DIAGRAM):   output out=WORK.MISCCOUNT(drop=_FREQ_ _TYPE_) SUM=COUNT;
MPRINT(EM_DIAGRAM):   CLASS MISC;
MPRINT(EM_DIAGRAM):   VAR COUNT;
MPRINT(EM_DIAGRAM):   by DATAROLE TARGET;
MPRINT(EM_DIAGRAM):   run;
MPRINT(EM_DIAGRAM):   proc transpose data=WORK.MISCCOUNT out=WORK.MISCREPORT(drop=_NAME_ _LABEL_);
MPRINT(EM_DIAGRAM):   by DATAROLE TARGET;
MPRINT(EM_DIAGRAM):   ID MISC;
MPRINT(EM_DIAGRAM):   run;
MPRINT(EM_DIAGRAM):    data EMWS1.Tree8_EMEVENTREPORT;
MPRINT(EM_DIAGRAM):   length TARGETLABEL $200;
MPRINT(EM_DIAGRAM):   label TARGETLABEL = "Target Label";
MPRINT(EM_DIAGRAM):   set EMWS1.Tree8_EMEVENTREPORT WORK.MISCREPORT;
MPRINT(EM_DIAGRAM):   run;
MPRINT(EM_DIAGRAM):    data ASSESS_REPORTMETA;
MPRINT(EM_DIAGRAM):   set EMWS1.Tree8_VariableSet;
MPRINT(EM_DIAGRAM):   where REPORT='Y';
MPRINT(EM_DIAGRAM):   run;
MPRINT(EM_DIAGRAM):   filename temp catalog 'sashelp.emassmt.em_assess.source';
MPRINT(EM_DIAGRAM):   filename temp;
MPRINT(EM_DIAGRAM):    data _null_;
MPRINT(EM_DIAGRAM):   set EMWS1.Tree8_diagnosis_DM;
MPRINT(EM_DIAGRAM):   where _TYPE_="TARGET";
MPRINT(EM_DIAGRAM):   call symput('ASSMT_EVENT', strip(event));
MPRINT(EM_DIAGRAM):   run;
MPRINT(EM_DIAGRAM):   
MPRINT(EM_ASSESS):   data _ea_tmpdata;
MPRINT(EM_ASSESS):   set EM_temp_assessdata;
MPRINT(EM_ASSESS):   _tmpfreqvar_=1;
MPRINT(EM_ASSESS):   run;
MPRINT(EM_CHECKEMSETINIT):   DATA _NULL_;
MPRINT(EM_CHECKEMSETINIT):   EM_SETINIT = 'N';
MPRINT(EM_CHECKEMSETINIT):   IF SYSPROD('PRODNUM50') THEN EM_SETINIT = 'Y';
MPRINT(EM_CHECKEMSETINIT):   ELSE IF SYSPROD('PRODNUM448') THEN EM_SETINIT = 'Y';
MPRINT(EM_CHECKEMSETINIT):   ELSE IF SYSPROD('PRODNUM102') THEN EM_SETINIT = 'Y';
MPRINT(EM_CHECKEMSETINIT):   ELSE IF SYSPROD('PRODNUM103') THEN EM_SETINIT = 'Y';
MPRINT(EM_CHECKEMSETINIT):   CALL SYMPUT('EM_SETINIT', EM_SETINIT);
MPRINT(EM_CHECKEMSETINIT):   RUN;
MPRINT(EM_ASSESS):  ;
MPRINT(EM_ASSESS):   *;
MPRINT(EM_ASSESS):   * ............ Reading in reporting data set;
MPRINT(EM_ASSESS):   *;
MPRINT(EM_ASSESS):   DATA _NULL_;
MPRINT(EM_ASSESS):   SET ASSESS_REPORTMETA END = EOF;
MPRINT(EM_ASSESS):   IF TYPE = "C" OR UPCASE (LEVEL) IN ("NOMINAL", "BINARY" , "ORDINAL") THEN DO;
MPRINT(EM_ASSESS):   IF UPCASE (NAME) NE UPCASE ("F_diagnosis") THEN DO;
MPRINT(EM_ASSESS):   NUMCTOREPORT + 1;
MPRINT(EM_ASSESS):   CALL SYMPUTX ("REPORTC" || LEFT (PUT (NUMCTOREPORT, 5.)), NAME);
MPRINT(EM_ASSESS):   END;
MPRINT(EM_ASSESS):   ELSE CALL SYMPUTX ("RPRT_TRGT", "C");
MPRINT(EM_ASSESS):   END;
MPRINT(EM_ASSESS):   ELSE IF TYPE = "N" THEN DO;
MPRINT(EM_ASSESS):   IF UPCASE(NAME) NE UPCASE ("F_diagnosis") THEN DO;
MPRINT(EM_ASSESS):   NUMNTOREPORT + 1;
MPRINT(EM_ASSESS):   CALL SYMPUTX ("REPORTN" || LEFT (PUT (NUMNTOREPORT, 5.)), NAME);
MPRINT(EM_ASSESS):   END;
MPRINT(EM_ASSESS):   ELSE CALL SYMPUTX ("RPRT_TRGT", "N");
MPRINT(EM_ASSESS):   END;
MPRINT(EM_ASSESS):   IF EOF THEN DO;
MPRINT(EM_ASSESS):   CALL SYMPUTX ("NUMNTOREPORT", NUMNTOREPORT);
MPRINT(EM_ASSESS):   CALL SYMPUTX ("NUMCTOREPORT", NUMCTOREPORT);
MPRINT(EM_ASSESS):   CALL SYMPUTX ("NUMTOREPORT", SUM (NUMNTOREPORT, NUMCTOREPORT));
MPRINT(EM_ASSESS):   END;
MPRINT(EM_ASSESS):   RUN;
MPRINT(EM_ASSESS):   PROC DMDB DATA = _ea_tmpdata VAROUT = VAROUT DMDBCAT = _D CLASSOUT = _ASSMT_CLASSOUT;
MPRINT(EM_ASSESS):   CLASS F_diagnosis ;

MPRINT(EM_ASSESS):   VAR P_diagnosisM _tmpfreqvar_ ;
MPRINT(EM_ASSESS):   FREQ _tmpfreqvar_;
MPRINT(EM_ASSESS):   RUN ;
MPRINT(EM_ASSESS):   QUIT;
MPRINT(EM_ASSESS):   PROC SORT DATA = _ASSMT_CLASSOUT;
MPRINT(EM_ASSESS):   BY NAME;
MPRINT(EM_ASSESS):   RUN;
MPRINT(EM_ASSESS):   DATA _auxeventname (keep = __event__) ;
MPRINT(EM_ASSESS):   * ;
MPRINT(EM_ASSESS):   * ...FLAG0_1 = ..... TARGET IS 0, 1 & EVENT = 1;

MPRINT(EM_ASSESS):   ;
MPRINT(EM_ASSESS):   length __event__ $ 32;
MPRINT(EM_ASSESS):   RETAIN FLAG0_1 1 NUM1 . NUM0 . __event__ "_missing_" ;

MPRINT(EM_ASSESS):   SET _ASSMT_CLASSOUT END = EOF;
MPRINT(EM_ASSESS):   BY NAME;
MPRINT(EM_ASSESS):   *;
MPRINT(EM_ASSESS):   *;
MPRINT(EM_ASSESS):   * ....... LEVEL = BINARY OR NOMINAL OR ORDINAL;
MPRINT(EM_ASSESS):   *;
MPRINT(EM_ASSESS):   *;

MPRINT(EM_ASSESS):   IF UPCASE(NAME) = UPCASE ("F_diagnosis") THEN DO;
MPRINT(EM_ASSESS):   CUMFREQ + FREQUENCY;
MPRINT(EM_ASSESS):   IF LEVEL NE "." THEN DO;
MPRINT(EM_ASSESS):   N1 + 1;
MPRINT(EM_ASSESS):   IF (NRAW NE 0 AND NRAW NE 1) OR TYPE NE "N" OR "" > " " THEN FLAG0_1 = 0;
MPRINT(EM_ASSESS):   * ;
MPRINT(EM_ASSESS):   * ......................... IF EVENT NE BLANK;
MPRINT(EM_ASSESS):   * ....................LEVEL IS CHAR VAR ;
MPRINT(EM_ASSESS):   * ;
MPRINT(EM_ASSESS):   IF UPCASE("M") = UPCASE(LEVEL) THEN DO;
MPRINT(EM_ASSESS):   NUM1 = FREQUENCY;
MPRINT(EM_ASSESS):   IF TYPE = "C" THEN do;
MPRINT(EM_ASSESS):   CALL SYMPUTX ("EVENTVALUERAW", CRAW );
MPRINT(EM_ASSESS):   __event__ = craw;
MPRINT(EM_ASSESS):   end;
MPRINT(EM_ASSESS):   ELSE do;
MPRINT(EM_ASSESS):   CALL SYMPUTX ("EVENTVALUERAW", NRAW );
MPRINT(EM_ASSESS):   __event__ = nraw;
MPRINT(EM_ASSESS):   end;
MPRINT(EM_ASSESS):   END;
MPRINT(EM_ASSESS):   IF LAST.NAME THEN DO;

MPRINT(EM_ASSESS):   * ;
MPRINT(EM_ASSESS):   * .............. IN NOMINAL CASE, NEED TO GROUP ALL '0' ;
MPRINT(EM_ASSESS):   *;

MPRINT(EM_ASSESS):   NUM0 = SUM (CUMFREQ, - NUM1);
MPRINT(EM_ASSESS):   IF NUM0 < 0 THEN NUM0 = 0;
MPRINT(EM_ASSESS):   IF NUM1 = . THEN NUM1 = 0;
MPRINT(EM_ASSESS):   CALL SYMPUTX ("NUM0", NUM0 );
MPRINT(EM_ASSESS):   CALL SYMPUTX ("NUM1", NUM1);
MPRINT(EM_ASSESS):   CALL SYMPUTX ("PNUM1", NUM1 / CUMFREQ);
MPRINT(EM_ASSESS):   CALL SYMPUTX ("PNUM0", (CUMFREQ - NUM1) / CUMFREQ);
MPRINT(EM_ASSESS):   IF TYPE = "C" THEN DO;
MPRINT(EM_ASSESS):   FLAG0_1 = 0;
MPRINT(EM_ASSESS):   CALL SYMPUTX ("TARGETTYPE", "C" );
MPRINT(EM_ASSESS):   END;
MPRINT(EM_ASSESS):   ELSE IF TYPE = "N" THEN DO;
MPRINT(EM_ASSESS):   IF "" = " " THEN DO;
MPRINT(EM_ASSESS):   IF "M" NE "1" THEN FLAG0_1 = 0;
MPRINT(EM_ASSESS):   END;
MPRINT(EM_ASSESS):   CALL SYMPUTX ("TARGETTYPE", "N" );
MPRINT(EM_ASSESS):   END;
MPRINT(EM_ASSESS):   * ................... IF TYPE = N;
MPRINT(EM_ASSESS):   CALL SYMPUTX ("FLAG0_1", FLAG0_1 );
MPRINT(EM_ASSESS):   END;
MPRINT(EM_ASSESS):   * ..................IF LAST.NAME ;
MPRINT(EM_ASSESS):   END;
MPRINT(EM_ASSESS):   * ...............IF LEVEL NE '.' ;
MPRINT(EM_ASSESS):   END;
MPRINT(EM_ASSESS):   * .............. IF NAME = TARGET;
MPRINT(EM_ASSESS):   ELSE IF "" > " " AND UPCASE(NAME) = UPCASE("") THEN DO;
MPRINT(EM_ASSESS):   NUMDECISIONS + 1;
MPRINT(EM_ASSESS):   LEVEL = TRANSLATE (LEVEL, "_", "'", "_", '"');
MPRINT(EM_ASSESS):   CALL SYMPUTX ("D_LABEL" || LEFT (PUT (NUMDECISIONS, 3.)), LEVEL );
MPRINT(EM_ASSESS):   END;
MPRINT(EM_ASSESS):   * ..................... ELSE IF UPCASE;
MPRINT(EM_ASSESS):   IF EOF THEN DO;
MPRINT(EM_ASSESS):   output _auxeventname;
MPRINT(EM_ASSESS):   CALL SYMPUTX ("NUMOBS", CUMFREQ);
MPRINT(EM_ASSESS):   CALL SYMPUTX ("NUMDECISIONS", NUMDECISIONS);
MPRINT(EM_ASSESS):   END;
MPRINT(EM_ASSESS):   RUN;
MPRINT(EM_ASSESS):   DATA _NULL_;
MPRINT(EM_ASSESS):   SET VAROUT END = EOF;
MPRINT(EM_ASSESS):   IF UPCASE (NAME) = UPCASE ("P_diagnosisM") THEN DO;
MPRINT(EM_ASSESS):   IF N = 0 THEN DO;
MPRINT(EM_ASSESS):   PUT //// "          Warning: All posterior probabilities are missing values ";
MPRINT(EM_ASSESS):   PUT ///;
MPRINT(EM_ASSESS):   CALL SYMPUTX ("ALLMISS", 1);
MPRINT(EM_ASSESS):   STOP;
MPRINT(EM_ASSESS):   END;
MPRINT(EM_ASSESS):   ELSE CALL SYMPUTX ("ALLMISS", 0);
MPRINT(EM_ASSESS):   CALL SYMPUTX ("MINPROB", MIN);
MPRINT(EM_ASSESS):   CALL SYMPUTX ("MAXPROB", MAX);
MPRINT(EM_ASSESS):   CALL SYMPUTX ("DIFF", MAX - MIN);
MPRINT(EM_ASSESS):   CALL SYMPUTX ("NMISSPROB", NMISS);
MPRINT(EM_ASSESS):   END;
MPRINT(EM_ASSESS):   ELSE IF UPCASE (NAME) = UPCASE ("_tmpfreqvar_") THEN DO;
MPRINT(EM_ASSESS):   AUXMIN = MIN - INT (MIN);
MPRINT(EM_ASSESS):   AUXMAX = MAX - INT (MAX);
MPRINT(EM_ASSESS):   IF AUXMIN > 0 OR AUXMAX > 0 THEN CALL SYMPUTX ("USEWEIGHT", "Y");
MPRINT(EM_ASSESS):   ELSE CALL SYMPUTX ("USEWEIGHT", "N");
MPRINT(EM_ASSESS):   END;
MPRINT(EM_ASSESS):   RUN;
MPRINT(EM_ASSESS):   DATA _ANY0;
MPRINT(EM_ASSESS):   SET _ea_tmpdata (KEEP = F_diagnosis P_diagnosisM _tmpfreqvar_ );
MPRINT(EM_ASSESS):   *;
MPRINT(EM_ASSESS):   * ................... No Formats;
MPRINT(EM_ASSESS):   *;
MPRINT(EM_ASSESS):   IF LEFT ( F_diagnosis ) = "M" THEN NTARGET = 1;
MPRINT(EM_ASSESS):   ELSE NTARGET = 0;
MPRINT(EM_ASSESS):   RUN;
MPRINT(EM_ASSESS):   *;
MPRINT(EM_ASSESS):   * .............. Before proc summary of binary case;
MPRINT(EM_ASSESS):   *;
MPRINT(EM_ASSESS):   PROC SUMMARY DATA = _ANY0 (KEEP = P_diagnosisM NTARGET _tmpfreqvar_ WHERE = (NTARGET > . )) NWAY MISSING;
MPRINT(EM_ASSESS):   ;
MPRINT(EM_ASSESS):   CLASS P_diagnosisM ;
MPRINT(EM_ASSESS):   VAR NTARGET ;
MPRINT(EM_ASSESS):   FREQ _tmpfreqvar_ ;
MPRINT(EM_ASSESS):   OUTPUT OUT = ANYSUM (DROP = _TYPE_) MEAN = _MEANTARGET _MEANFREQVAR ;
MPRINT(EM_ASSESS):   RUN;
MPRINT(EM_ASSESS):   QUIT;
MPRINT(EM_ASSESS):   ;
MPRINT(EM_ASSESS):   *;
MPRINT(EM_ASSESS):   * .................... Main Data Set Processing, Binary case;
MPRINT(EM_ASSESS):   *;

MPRINT(EM_ASSESS):   DATA WORK._TEMPRANK (KEEP = BASECAPC BASECAP __EVENT__ BASEEVENTS BASEGAIN BASELIFT BASERESP BASERESPC BESTCAP BESTCAPC BESTGAIN BESTLIFT BESTLIFTC BESTNUMEVENTS BESTRESP BESTRESPC BIN CBASELIFT C_LIFT C_P_CAPT_RESP C_P_RESP GAIN LIFT 
MAXPROB MINPROB MNPROB NUMNONRESP NUMOBS NUMRESP PERCENTILE P_CAPT_RESP P_RESP ) WORK._TEMPSCOREDIST (KEEP = BIN LOWERPROB UPPERPROB EVENTVALUE SCR_NUMEVENTS MODELSCORE SCR_NUMNONEVENTS RANGE NUMOBSINGROUP PERCOBSINGROUP C_PERCOBSINGROUP SCR_P_EVENTS 
SCR_CP_EVENTS SCR_P_NONEVENTS SCR_CP_NONEVENTS SCR_MNPROB SCR_MINPROB SCR_MAXPROB ) ;

MPRINT(EM_ASSESS):   SET ANYSUM END = EOF;

MPRINT(EM_ASSESS):   IF _N_ = 1 THEN SET _AUXEVENTNAME;

MPRINT(EM_ASSESS):   RETAIN MINPROB1 - MINPROB20 1 MAXPROB1 - MAXPROB20 0 MNPROB1 - MNPROB20 0 NUMOBS1 - NUMOBS20 0 NUMRESP1 - NUMRESP20 0 TRUEPOS1 - TRUEPOS1000 0 TRUENEG1 - TRUENEG1000 0 FALSEPOS1 - FALSEPOS1000 0 FALSENEG1 - FALSENEG1000 0 EVENTS1 - 
EVENTS1000 NONEVENTS1 - NONEVENTS1000 0 FIRSTIN1 - FIRSTIN1000 . LASTIN1 - LASTIN1000 . RESPRATE 0.3757225434 _NEVENTS 65 _NNONEVENTS 108 TARGET "NTARGET" ;
MPRINT(EM_ASSESS):   ARRAY MINPROBS (20) MINPROB1 - MINPROB20;
MPRINT(EM_ASSESS):   ARRAY MAXPROBS (20) MAXPROB1 - MAXPROB20;
MPRINT(EM_ASSESS):   ARRAY MNPROBS (20) MNPROB1 - MNPROB20;
MPRINT(EM_ASSESS):   ARRAY NUMOBSS (20) NUMOBS1 - NUMOBS20;
MPRINT(EM_ASSESS):   ARRAY NUMRESPS (20) NUMRESP1 - NUMRESP20;
MPRINT(EM_ASSESS):   ARRAY TRUEPOSX (1000) TRUEPOS1 - TRUEPOS1000;
MPRINT(EM_ASSESS):   ARRAY FALSEPOSX (1000) FALSEPOS1 - FALSEPOS1000;
MPRINT(EM_ASSESS):   ARRAY FALSENEGX (1000) FALSENEG1 - FALSENEG1000;
MPRINT(EM_ASSESS):   ARRAY TRUENEGX (1000) TRUENEG1 - TRUENEG1000;
MPRINT(EM_ASSESS):   ARRAY _EVENTS (1000) EVENTS1 - EVENTS1000;
MPRINT(EM_ASSESS):   ARRAY NONEVENTS (1000) NONEVENTS1 - NONEVENTS1000;
MPRINT(EM_ASSESS):   ARRAY FIRSTIN (1000) FIRSTIN1 - FIRSTIN1000;
MPRINT(EM_ASSESS):   ARRAY LASTIN (1000) LASTIN1 - LASTIN1000;
MPRINT(EM_ASSESS):   RETAIN SCR_MNPROB1 - SCR_MNPROB1000 0 SCR_MINPROB1 - SCR_MINPROB1000 1 SCR_MAXPROB1 - SCR_MAXPROB1000 0;
MPRINT(EM_ASSESS):   ARRAY SCR_MNPROBS (1000) SCR_MNPROB1 - SCR_MNPROB1000;
MPRINT(EM_ASSESS):   ARRAY SCR_MINPROBS (1000) SCR_MINPROB1 - SCR_MINPROB1000;
MPRINT(EM_ASSESS):   ARRAY SCR_MAXPROBS (1000) SCR_MAXPROB1 - SCR_MAXPROB1000;
MPRINT(EM_ASSESS):   DROP SCR_MINPROB1 - SCR_MINPROB1000 SCR_MAXPROB1 - SCR_MAXPROB1000 SCR_MNPROB1 - SCR_MNPROB1000 ;
MPRINT(EM_ASSESS):   *;
MPRINT(EM_ASSESS):   * ...... Area For 8 Financials ;
MPRINT(EM_ASSESS):   *;
MPRINT(EM_ASSESS):   IF _MEANTARGET = . THEN _MEANTARGET = RESPRATE;
MPRINT(EM_ASSESS):   DROP N1 _K SUMWEIGHTS ;
MPRINT(EM_ASSESS):   SUMWEIGHTS = 1;

MPRINT(EM_ASSESS):   DO _K = 1 TO CEIL (_FREQ_);
MPRINT(EM_ASSESS):   IF _K = CEIL (_FREQ_) THEN DO;
MPRINT(EM_ASSESS):   IF _FREQ_ < CEIL (_FREQ_) THEN _WEIGHT = _FREQ_ - FLOOR (_FREQ_);
MPRINT(EM_ASSESS):   ELSE _WEIGHT = 1;
MPRINT(EM_ASSESS):   END;
MPRINT(EM_ASSESS):   ELSE _WEIGHT = 1;
MPRINT(EM_ASSESS):   N1 + _WEIGHT;
MPRINT(EM_ASSESS):   NTARGET = _MEANTARGET ;
MPRINT(EM_ASSESS):   DECILE = MIN (20, CEIL (N1 * 20 / 173));
MPRINT(EM_ASSESS):   MINPROBS ( DECILE) = MIN (MINPROBS ( DECILE), P_diagnosisM );
MPRINT(EM_ASSESS):   MAXPROBS ( DECILE) = MAX (MAXPROBS ( DECILE), P_diagnosisM );
MPRINT(EM_ASSESS):   MNPROBS ( DECILE) = SUM (MNPROBS ( DECILE), P_diagnosisM * _WEIGHT);
MPRINT(EM_ASSESS):   NUMOBSS ( DECILE) = NUMOBSS ( DECILE) + _WEIGHT;
MPRINT(EM_ASSESS):   NUMRESPS ( DECILE) = NUMRESPS ( DECILE) + _MEANTARGET * _WEIGHT;
MPRINT(EM_ASSESS):   END;
MPRINT(EM_ASSESS):   *;
MPRINT(EM_ASSESS):   * ........ outside of do loop, Area for final ROC;
MPRINT(EM_ASSESS):   *;
MPRINT(EM_ASSESS):   *;
MPRINT(EM_ASSESS):   RANKDELTA = (ROUND ( _FREQ_ ) + 1) / 2;
MPRINT(EM_ASSESS):   RANK = UNTIEDRANK + RANKDELTA;
MPRINT(EM_ASSESS):   DROP RANK ;
MPRINT(EM_ASSESS):   SUMRANK1 + RANK * ROUND (_MEANTARGET * _FREQ_, .0000001);
MPRINT(EM_ASSESS):   UNTIEDRANK + ROUND (_FREQ_, .00000001);
MPRINT(EM_ASSESS):   *;
MPRINT(EM_ASSESS):   * ............ Area For ROC Curve;
MPRINT(EM_ASSESS):   *;
MPRINT(EM_ASSESS):   DO _K = 1 TO 1000;
MPRINT(EM_ASSESS):   IF P_diagnosisM * 1000 >= _K THEN DO;
MPRINT(EM_ASSESS):   TRUEPOSX ( _K ) + _FREQ_ * _MEANTARGET ;
MPRINT(EM_ASSESS):   FALSEPOSX ( _K ) + _FREQ_ * (1 - _MEANTARGET) ;
MPRINT(EM_ASSESS):   END;
MPRINT(EM_ASSESS):   ELSE DO;
MPRINT(EM_ASSESS):   TRUENEGX ( _K ) + _FREQ_ * ( 1 - _MEANTARGET) ;
MPRINT(EM_ASSESS):   FALSENEGX ( _K ) + _FREQ_ * _MEANTARGET ;
MPRINT(EM_ASSESS):   END;
MPRINT(EM_ASSESS):   END;
MPRINT(EM_ASSESS):   SLOT = MIN (MAX (CEIL (P_diagnosisM * 100), 1), 100) ;
MPRINT(EM_ASSESS):   DROP SLOT;
MPRINT(EM_ASSESS):   FIRSTIN ( SLOT ) = MIN ( FIRSTIN ( SLOT ), P_diagnosisM);
MPRINT(EM_ASSESS):   LASTIN ( SLOT ) = MAX ( LASTIN ( SLOT ), P_diagnosisM);
MPRINT(EM_ASSESS):   _EVENTS ( SLOT) = _EVENTS ( SLOT) + _FREQ_ * _MEANTARGET;
MPRINT(EM_ASSESS):   NONEVENTS ( SLOT) = NONEVENTS ( SLOT) + _FREQ_ * (1 - _MEANTARGET);
MPRINT(EM_ASSESS):   *;
MPRINT(EM_ASSESS):   * ........ START OF OUTDIST IN BINARY CASE MAIN DATA STEP ;
MPRINT(EM_ASSESS):   *;
MPRINT(EM_ASSESS):   SCR_MNPROBS ( SLOT ) = SUM (SCR_MNPROBS (SLOT), P_diagnosisM * _FREQ_ );
MPRINT(EM_ASSESS):   SCR_MINPROBS ( SLOT ) = MIN (SCR_MINPROBS (SLOT), P_diagnosisM );
MPRINT(EM_ASSESS):   SCR_MAXPROBS ( SLOT ) = MAX (SCR_MAXPROBS (SLOT), P_diagnosisM );
MPRINT(EM_ASSESS):   *;
MPRINT(EM_ASSESS):   * ........ End of Outdist in Binary case main DATA STEP ;
MPRINT(EM_ASSESS):   *;
MPRINT(EM_ASSESS):   IF EOF THEN DO;
MPRINT(EM_ASSESS):   PUT //;
MPRINT(EM_ASSESS):   DO K = 1 TO 20;
MPRINT(EM_ASSESS):   END;
MPRINT(EM_ASSESS):   LENGTH EVENTVALUE $ 32;
MPRINT(EM_ASSESS):   RETAIN EVENTVALUE "M" ;
MPRINT(EM_ASSESS):   *;
MPRINT(EM_ASSESS):   * ......... Start of EOF area of BINARY processing of main data set ;
MPRINT(EM_ASSESS):   *;
MPRINT(EM_ASSESS):   *;
MPRINT(EM_ASSESS):   CALL SYMPUTX ("SUMRANK1", SUMRANK1);
MPRINT(EM_ASSESS):   LENGTH DATAROLE $ 10;
MPRINT(EM_ASSESS):   RETAIN DATAROLE "VALIDATE" ;
MPRINT(EM_ASSESS):   RETAIN OVLMIN 0.0408163265 OVLMAX 1 ;
MPRINT(EM_ASSESS):   DROP OVLMIN OVLMAX ;
MPRINT(EM_ASSESS):   C_NUMOBS = 0;
MPRINT(EM_ASSESS):   C_NUM_RESP = 0;
MPRINT(EM_ASSESS):   C_NUM_NONRESP = 0;
MPRINT(EM_ASSESS):   C_P_RESP = 0;
MPRINT(EM_ASSESS):   P_CAPT_RESP = 0;
MPRINT(EM_ASSESS):   C_P_CAPT_RESP = 0;
MPRINT(EM_ASSESS):   PREVIOUSPROFIT = 0;
MPRINT(EM_ASSESS):   MAXPROFIT = 0;
MPRINT(EM_ASSESS):   _KS_BIN_ = 0;
MPRINT(EM_ASSESS):   DROP _KS_BIN_;
MPRINT(EM_ASSESS):   AVGNUMRESP = _NEVENTS / 20;
MPRINT(EM_ASSESS):   BASERESP = 100 * RESPRATE;
MPRINT(EM_ASSESS):   BASERESPC = BASERESP;
MPRINT(EM_ASSESS):   BASECAP = 100 / 20;
MPRINT(EM_ASSESS):   *;
MPRINT(EM_ASSESS):   * ........................Start OF Gainschart = Outranks Area;
MPRINT(EM_ASSESS):   *;
MPRINT(EM_ASSESS):   _KS_BIN_PROB = 0;
MPRINT(EM_ASSESS):   numeventwhole = floor(_NEVENTS/20);
MPRINT(EM_ASSESS):   remainevent= _NEVENTS - (numeventwhole)*20;
MPRINT(EM_ASSESS):   drop numeventwhole remainevent;
MPRINT(EM_ASSESS):   DO GROUP = 20 TO 1 BY -1;

MPRINT(EM_ASSESS):   BASECAPC + BASECAP;
MPRINT(EM_ASSESS):   PERCENTILE = GROUP * (100 / 20);
MPRINT(EM_ASSESS):   MINPROB = MINPROBS ( GROUP);
MPRINT(EM_ASSESS):   MAXPROB = MAXPROBS ( GROUP);
MPRINT(EM_ASSESS):   CALL SYMPUTX ("MINPROB" || LEFT ( PUT (GROUP, 3.)), MINPROB);
MPRINT(EM_ASSESS):   CALL SYMPUTX ("MAXPROB" || LEFT ( PUT (GROUP, 3.)), MAXPROB);
MPRINT(EM_ASSESS):   NUMOBS = NUMOBSS ( GROUP);
MPRINT(EM_ASSESS):   IF NUMOBS > 0 THEN MNPROB = MNPROBS ( GROUP) / NUMOBS;
MPRINT(EM_ASSESS):   ELSE MNPROB = .;
MPRINT(EM_ASSESS):   C_NUMOBS = SUM (NUMOBS, C_NUMOBS);
MPRINT(EM_ASSESS):   NUMRESP = NUMRESPS ( GROUP);
MPRINT(EM_ASSESS):   NUMNONRESP = NUMOBS - NUMRESP;
MPRINT(EM_ASSESS):   C_AVGNUM_RESP + AVGNUMRESP;
MPRINT(EM_ASSESS):   BASEEVENTS = numeventwhole;
MPRINT(EM_ASSESS):   if GROUP > 20-remainevent then BASEEVENTS=BASEEVENTS + 1;
MPRINT(EM_ASSESS):   IF C_NUMOBS <= _NEVENTS THEN DO;
MPRINT(EM_ASSESS):   BESTNUMEVENTS = NUMOBS;
MPRINT(EM_ASSESS):   BESTCAPC = C_NUMOBS * 100 / _NEVENTS;
MPRINT(EM_ASSESS):   END;
MPRINT(EM_ASSESS):   ELSE DO;
MPRINT(EM_ASSESS):   FLAG + 1;
MPRINT(EM_ASSESS):   DROP FLAG;
MPRINT(EM_ASSESS):   BESTNUMEVENTS = _NEVENTS - C_NUMOBS + NUMOBS;
MPRINT(EM_ASSESS):   IF FLAG > 1 THEN BESTNUMEVENTS = 0;
MPRINT(EM_ASSESS):   BESTCAPC = 100;
MPRINT(EM_ASSESS):   END;
MPRINT(EM_ASSESS):   BESTCAP = BESTNUMEVENTS * 100 / _NEVENTS;
MPRINT(EM_ASSESS):   IF C_NUMOBS <= _NEVENTS THEN DO;
MPRINT(EM_ASSESS):   BESTLIFT = ((_NEVENTS+_NNONEVENTS) / 20) /AVGNUMRESP;
MPRINT(EM_ASSESS):   END;
MPRINT(EM_ASSESS):   ELSE DO;
MPRINT(EM_ASSESS):   BESTLIFT = BESTNUMEVENTS / AVGNUMRESP;
MPRINT(EM_ASSESS):   END;
MPRINT(EM_ASSESS):   C_BESTNUMEVENTS + BESTNUMEVENTS;
MPRINT(EM_ASSESS):   DROP C_BESTNUMEVENTS;
MPRINT(EM_ASSESS):   IF C_NUMOBS > 0 THEN BESTLIFTC = C_BESTNUMEVENTS / (_NEVENTS / 173 * C_NUMOBS);
MPRINT(EM_ASSESS):   ELSE BESTLIFTC = .;
MPRINT(EM_ASSESS):   IF NUMOBS > 0 THEN DO;
MPRINT(EM_ASSESS):   BESTRESP = BESTNUMEVENTS * 100 / NUMOBS;
MPRINT(EM_ASSESS):   P_RESP = NUMRESP * 100 / NUMOBS;
MPRINT(EM_ASSESS):   P_NONRESP = NUMNONRESP * 100 / NUMOBS;
MPRINT(EM_ASSESS):   END;
MPRINT(EM_ASSESS):   ELSE DO;
MPRINT(EM_ASSESS):   BESTRESP = .;
MPRINT(EM_ASSESS):   P_RESP = .;
MPRINT(EM_ASSESS):   P_NONRESP = .;
MPRINT(EM_ASSESS):   END;
MPRINT(EM_ASSESS):   IF C_NUMOBS > 0 THEN DO;
MPRINT(EM_ASSESS):   BESTRESPC = C_BESTNUMEVENTS * 100 / C_NUMOBS;
MPRINT(EM_ASSESS):   BESTGAIN = MAX (0, ((C_BESTNUMEVENTS / C_NUMOBS ) / ( AVGNUMRESP / (173/20)) - 1) * 100);
MPRINT(EM_ASSESS):   END;
MPRINT(EM_ASSESS):   ELSE DO;
MPRINT(EM_ASSESS):   BESTRESPC = .;
MPRINT(EM_ASSESS):   BESTGAIN = .;
MPRINT(EM_ASSESS):   END;
MPRINT(EM_ASSESS):   IF NUMNONRESP > 0 THEN ODDS = NUMRESP / NUMNONRESP;
MPRINT(EM_ASSESS):   ELSE ODDS = .;
MPRINT(EM_ASSESS):   C_NUM_RESP = SUM (C_NUM_RESP , NUMRESP );
MPRINT(EM_ASSESS):   C_NUM_NONRESP = SUM (C_NUM_NONRESP, NUMNONRESP );
MPRINT(EM_ASSESS):   IF C_NUM_NONRESP > 0 THEN C_ODDS = C_NUM_RESP / C_NUM_NONRESP;
MPRINT(EM_ASSESS):   ELSE C_ODDS = .;
MPRINT(EM_ASSESS):   IF C_NUMOBS > 0 THEN DO;
MPRINT(EM_ASSESS):   C_P_RESP = C_NUM_RESP * 100 / C_NUMOBS;
MPRINT(EM_ASSESS):   GAIN = ABS(100 * (((C_NUM_RESP / C_NUMOBS ) / (_NEVENTS / 173)) - 1));
MPRINT(EM_ASSESS):   BASEGAIN = 100 * (( (C_AVGNUM_RESP /((20-GROUP+1)* 173/20) ) / ( AVGNUMRESP / (173/20))) - 1);
MPRINT(EM_ASSESS):   END;
MPRINT(EM_ASSESS):   ELSE DO;
MPRINT(EM_ASSESS):   GAIN = .;
MPRINT(EM_ASSESS):   BASEGAIN = .;
MPRINT(EM_ASSESS):   C_P_RESP = .;
MPRINT(EM_ASSESS):   END;
MPRINT(EM_ASSESS):   IF BASEGAIN <= 0 THEN BASEGAIN = 0;
MPRINT(EM_ASSESS):   P_CAPT_RESP = NUMRESP * 100 / _NEVENTS;
MPRINT(EM_ASSESS):   P_CAPT_NONRESP = NUMNONRESP * 100 / ( 173 - _NEVENTS);
MPRINT(EM_ASSESS):   C_P_CAPT_RESP = C_NUM_RESP * 100 / _NEVENTS;
MPRINT(EM_ASSESS):   C_P_CAPT_NONRESP = C_NUM_NONRESP * 100 / ( 173 - _NEVENTS);
MPRINT(EM_ASSESS):   *;
MPRINT(EM_ASSESS):   * Area For Binned KS in Outranks area;
MPRINT(EM_ASSESS):   *;
MPRINT(EM_ASSESS):   _DIFFERENCE = C_P_CAPT_RESP - C_P_CAPT_NONRESP ;
MPRINT(EM_ASSESS):   IF _KS_BIN_ < _DIFFERENCE THEN DO;
MPRINT(EM_ASSESS):   _KS_BIN_ = _DIFFERENCE;
MPRINT(EM_ASSESS):   _KS_BIN_PROB = MINPROB + (MAXPROB - MINPROB) / 2 ;
MPRINT(EM_ASSESS):   END;
MPRINT(EM_ASSESS):   LIFT = P_RESP * .01 / RESPRATE ;
MPRINT(EM_ASSESS):   C_LIFT = C_P_RESP * .01 / RESPRATE;
MPRINT(EM_ASSESS):   IF NUMOBS > 0 THEN DO;
MPRINT(EM_ASSESS):   BASELIFT = AVGNUMRESP / ( RESPRATE * 173/20 );
MPRINT(EM_ASSESS):   END;
MPRINT(EM_ASSESS):   ELSE BASELIFT = .;
MPRINT(EM_ASSESS):   IF C_NUMOBS > 0 THEN CBASELIFT = C_AVGNUM_RESP / (RESPRATE * ((20-GROUP+1)* 173/20));
MPRINT(EM_ASSESS):   ELSE CBASELIFT = .;
MPRINT(EM_ASSESS):   *;
MPRINT(EM_ASSESS):   * ........ WITHIN DO LOOP FOR OUTRANKS;
MPRINT(EM_ASSESS):   *;
MPRINT(EM_ASSESS):   BIN = 20 + 1 - GROUP;
MPRINT(EM_ASSESS):   PERCENTILE = BIN * (100 / 20);
MPRINT(EM_ASSESS):   B_C_P_RESP = PERCENTILE;
MPRINT(EM_ASSESS):   OUTPUT WORK._TEMPRANK ;
MPRINT(EM_ASSESS):   END;
MPRINT(EM_ASSESS):   *;
MPRINT(EM_ASSESS):   * ........................ END OF GAINSCHART = OUTRANKS AREA;
MPRINT(EM_ASSESS):   *;
MPRINT(EM_ASSESS):   CALL SYMPUTX ("MAXPROFITGROUP" , MAXPROFITGROUP);
MPRINT(EM_ASSESS):   CALL SYMPUTX ("MAXPROFIT" , MAXPROFIT );
MPRINT(EM_ASSESS):   KS_ABSDIFF = 0 ;
MPRINT(EM_ASSESS):   MINPRECTPR = 9999;
MPRINT(EM_ASSESS):   Y0 = 1 - RESPRATE;
MPRINT(EM_ASSESS):   Y1 = RESPRATE;
MPRINT(EM_ASSESS):   MAXMUTUAL = 0;
MPRINT(EM_ASSESS):   DROP MAXMUTUAL KSPROB Y0 Y1 KS_ABSDIFF MINPRECTPR;
MPRINT(EM_ASSESS):   *;
MPRINT(EM_ASSESS):   *;
MPRINT(EM_ASSESS):   * .....................About to start Processing Outroc ;
MPRINT(EM_ASSESS):   *;
MPRINT(EM_ASSESS):   *;
MPRINT(EM_ASSESS):   *;
MPRINT(EM_ASSESS):   *;
MPRINT(EM_ASSESS):   * ........................... Finished Processing Outroc ;
MPRINT(EM_ASSESS):   *;
MPRINT(EM_ASSESS):   *;
MPRINT(EM_ASSESS):   *;
MPRINT(EM_ASSESS):   * .............. Outdist ;
MPRINT(EM_ASSESS):   *;
MPRINT(EM_ASSESS):   BIN = 20 ;
MPRINT(EM_ASSESS):   LOWERPROB = (BIN - 1) / 20;
MPRINT(EM_ASSESS):   UPPERPROB = LOWERPROB + (1 / 20);
MPRINT(EM_ASSESS):   MODELSCORE = LOWERPROB + (1 / 20) / 2;
MPRINT(EM_ASSESS):   RANGE = COMPRESS (PUT (LOWERPROB, 4.2) || "-" || PUT (UPPERPROB, 4.2));
MPRINT(EM_ASSESS):   SCR_NUMEVENTS = SUM ( OF EVENTS96 - EVENTS100 );
MPRINT(EM_ASSESS):   SCR_P_EVENTS = SCR_NUMEVENTS * 100 / _NEVENTS;
MPRINT(EM_ASSESS):   SCR_CP_EVENTS = SUM (SCR_P_EVENTS, SCR_CP_EVENTS);
MPRINT(EM_ASSESS):   SCR_NUMNONEVENTS = SUM ( OF NONEVENTS96 - NONEVENTS100);
MPRINT(EM_ASSESS):   NUMOBSINGROUP = SUM (SCR_NUMEVENTS, SCR_NUMNONEVENTS);
MPRINT(EM_ASSESS):   IF NUMOBSINGROUP > 0 THEN SCR_MNPROB = SUM (OF SCR_MNPROB96 - SCR_MNPROB100) / NUMOBSINGROUP;
MPRINT(EM_ASSESS):   ELSE SCR_MNPROB = .;
MPRINT(EM_ASSESS):   SCR_MINPROB = MIN (OF SCR_MINPROB96 - SCR_MINPROB100) ;
MPRINT(EM_ASSESS):   SCR_MAXPROB = MAX (OF SCR_MAXPROB96 - SCR_MAXPROB100) ;
MPRINT(EM_ASSESS):   IF SCR_MINPROB = 1 THEN SCR_MINPROB = .;
MPRINT(EM_ASSESS):   IF SCR_MAXPROB = 0 THEN SCR_MAXPROB = .;
MPRINT(EM_ASSESS):   SCR_P_NONEVENTS = SCR_NUMNONEVENTS * 100 / _NNONEVENTS;
MPRINT(EM_ASSESS):   SCR_CP_NONEVENTS = SUM (SCR_P_NONEVENTS, SCR_CP_NONEVENTS);
MPRINT(EM_ASSESS):   PERCOBSINGROUP = NUMOBSINGROUP * 100 / 173;
MPRINT(EM_ASSESS):   C_PERCOBSINGROUP = SUM (C_PERCOBSINGROUP, PERCOBSINGROUP);
MPRINT(EM_ASSESS):   CALL SYMPUTX ("SCR_MINPROB" || LEFT (PUT (BIN, 3.)), LOWERPROB);
MPRINT(EM_ASSESS):   CALL SYMPUTX ("SCR_MAXPROB" || LEFT (PUT (BIN, 3.)), UPPERPROB);
MPRINT(EM_ASSESS):   BIN = 20 + 1 - 20;
MPRINT(EM_ASSESS):   OUTPUT WORK._TEMPSCOREDIST;
MPRINT(EM_ASSESS):   BIN = 19 ;
MPRINT(EM_ASSESS):   LOWERPROB = (BIN - 1) / 20;
MPRINT(EM_ASSESS):   UPPERPROB = LOWERPROB + (1 / 20);
MPRINT(EM_ASSESS):   MODELSCORE = LOWERPROB + (1 / 20) / 2;
MPRINT(EM_ASSESS):   RANGE = COMPRESS (PUT (LOWERPROB, 4.2) || "-" || PUT (UPPERPROB, 4.2));
MPRINT(EM_ASSESS):   SCR_NUMEVENTS = SUM ( OF EVENTS91 - EVENTS95 );
MPRINT(EM_ASSESS):   SCR_P_EVENTS = SCR_NUMEVENTS * 100 / _NEVENTS;
MPRINT(EM_ASSESS):   SCR_CP_EVENTS = SUM (SCR_P_EVENTS, SCR_CP_EVENTS);
MPRINT(EM_ASSESS):   SCR_NUMNONEVENTS = SUM ( OF NONEVENTS91 - NONEVENTS95);
MPRINT(EM_ASSESS):   NUMOBSINGROUP = SUM (SCR_NUMEVENTS, SCR_NUMNONEVENTS);
MPRINT(EM_ASSESS):   IF NUMOBSINGROUP > 0 THEN SCR_MNPROB = SUM (OF SCR_MNPROB91 - SCR_MNPROB95) / NUMOBSINGROUP;
MPRINT(EM_ASSESS):   ELSE SCR_MNPROB = .;
MPRINT(EM_ASSESS):   SCR_MINPROB = MIN (OF SCR_MINPROB91 - SCR_MINPROB95) ;
MPRINT(EM_ASSESS):   SCR_MAXPROB = MAX (OF SCR_MAXPROB91 - SCR_MAXPROB95) ;
MPRINT(EM_ASSESS):   IF SCR_MINPROB = 1 THEN SCR_MINPROB = .;
MPRINT(EM_ASSESS):   IF SCR_MAXPROB = 0 THEN SCR_MAXPROB = .;
MPRINT(EM_ASSESS):   SCR_P_NONEVENTS = SCR_NUMNONEVENTS * 100 / _NNONEVENTS;
MPRINT(EM_ASSESS):   SCR_CP_NONEVENTS = SUM (SCR_P_NONEVENTS, SCR_CP_NONEVENTS);
MPRINT(EM_ASSESS):   PERCOBSINGROUP = NUMOBSINGROUP * 100 / 173;
MPRINT(EM_ASSESS):   C_PERCOBSINGROUP = SUM (C_PERCOBSINGROUP, PERCOBSINGROUP);
MPRINT(EM_ASSESS):   CALL SYMPUTX ("SCR_MINPROB" || LEFT (PUT (BIN, 3.)), LOWERPROB);
MPRINT(EM_ASSESS):   CALL SYMPUTX ("SCR_MAXPROB" || LEFT (PUT (BIN, 3.)), UPPERPROB);
MPRINT(EM_ASSESS):   BIN = 20 + 1 - 19;
MPRINT(EM_ASSESS):   OUTPUT WORK._TEMPSCOREDIST;
MPRINT(EM_ASSESS):   BIN = 18 ;
MPRINT(EM_ASSESS):   LOWERPROB = (BIN - 1) / 20;
MPRINT(EM_ASSESS):   UPPERPROB = LOWERPROB + (1 / 20);
MPRINT(EM_ASSESS):   MODELSCORE = LOWERPROB + (1 / 20) / 2;
MPRINT(EM_ASSESS):   RANGE = COMPRESS (PUT (LOWERPROB, 4.2) || "-" || PUT (UPPERPROB, 4.2));
MPRINT(EM_ASSESS):   SCR_NUMEVENTS = SUM ( OF EVENTS86 - EVENTS90 );
MPRINT(EM_ASSESS):   SCR_P_EVENTS = SCR_NUMEVENTS * 100 / _NEVENTS;
MPRINT(EM_ASSESS):   SCR_CP_EVENTS = SUM (SCR_P_EVENTS, SCR_CP_EVENTS);
MPRINT(EM_ASSESS):   SCR_NUMNONEVENTS = SUM ( OF NONEVENTS86 - NONEVENTS90);
MPRINT(EM_ASSESS):   NUMOBSINGROUP = SUM (SCR_NUMEVENTS, SCR_NUMNONEVENTS);
MPRINT(EM_ASSESS):   IF NUMOBSINGROUP > 0 THEN SCR_MNPROB = SUM (OF SCR_MNPROB86 - SCR_MNPROB90) / NUMOBSINGROUP;
MPRINT(EM_ASSESS):   ELSE SCR_MNPROB = .;
MPRINT(EM_ASSESS):   SCR_MINPROB = MIN (OF SCR_MINPROB86 - SCR_MINPROB90) ;
MPRINT(EM_ASSESS):   SCR_MAXPROB = MAX (OF SCR_MAXPROB86 - SCR_MAXPROB90) ;
MPRINT(EM_ASSESS):   IF SCR_MINPROB = 1 THEN SCR_MINPROB = .;
MPRINT(EM_ASSESS):   IF SCR_MAXPROB = 0 THEN SCR_MAXPROB = .;
MPRINT(EM_ASSESS):   SCR_P_NONEVENTS = SCR_NUMNONEVENTS * 100 / _NNONEVENTS;
MPRINT(EM_ASSESS):   SCR_CP_NONEVENTS = SUM (SCR_P_NONEVENTS, SCR_CP_NONEVENTS);
MPRINT(EM_ASSESS):   PERCOBSINGROUP = NUMOBSINGROUP * 100 / 173;
MPRINT(EM_ASSESS):   C_PERCOBSINGROUP = SUM (C_PERCOBSINGROUP, PERCOBSINGROUP);
MPRINT(EM_ASSESS):   CALL SYMPUTX ("SCR_MINPROB" || LEFT (PUT (BIN, 3.)), LOWERPROB);
MPRINT(EM_ASSESS):   CALL SYMPUTX ("SCR_MAXPROB" || LEFT (PUT (BIN, 3.)), UPPERPROB);
MPRINT(EM_ASSESS):   BIN = 20 + 1 - 18;
MPRINT(EM_ASSESS):   OUTPUT WORK._TEMPSCOREDIST;
MPRINT(EM_ASSESS):   BIN = 17 ;
MPRINT(EM_ASSESS):   LOWERPROB = (BIN - 1) / 20;
MPRINT(EM_ASSESS):   UPPERPROB = LOWERPROB + (1 / 20);
MPRINT(EM_ASSESS):   MODELSCORE = LOWERPROB + (1 / 20) / 2;
MPRINT(EM_ASSESS):   RANGE = COMPRESS (PUT (LOWERPROB, 4.2) || "-" || PUT (UPPERPROB, 4.2));
MPRINT(EM_ASSESS):   SCR_NUMEVENTS = SUM ( OF EVENTS81 - EVENTS85 );
MPRINT(EM_ASSESS):   SCR_P_EVENTS = SCR_NUMEVENTS * 100 / _NEVENTS;
MPRINT(EM_ASSESS):   SCR_CP_EVENTS = SUM (SCR_P_EVENTS, SCR_CP_EVENTS);
MPRINT(EM_ASSESS):   SCR_NUMNONEVENTS = SUM ( OF NONEVENTS81 - NONEVENTS85);
MPRINT(EM_ASSESS):   NUMOBSINGROUP = SUM (SCR_NUMEVENTS, SCR_NUMNONEVENTS);
MPRINT(EM_ASSESS):   IF NUMOBSINGROUP > 0 THEN SCR_MNPROB = SUM (OF SCR_MNPROB81 - SCR_MNPROB85) / NUMOBSINGROUP;
MPRINT(EM_ASSESS):   ELSE SCR_MNPROB = .;
MPRINT(EM_ASSESS):   SCR_MINPROB = MIN (OF SCR_MINPROB81 - SCR_MINPROB85) ;
MPRINT(EM_ASSESS):   SCR_MAXPROB = MAX (OF SCR_MAXPROB81 - SCR_MAXPROB85) ;
MPRINT(EM_ASSESS):   IF SCR_MINPROB = 1 THEN SCR_MINPROB = .;
MPRINT(EM_ASSESS):   IF SCR_MAXPROB = 0 THEN SCR_MAXPROB = .;
MPRINT(EM_ASSESS):   SCR_P_NONEVENTS = SCR_NUMNONEVENTS * 100 / _NNONEVENTS;
MPRINT(EM_ASSESS):   SCR_CP_NONEVENTS = SUM (SCR_P_NONEVENTS, SCR_CP_NONEVENTS);
MPRINT(EM_ASSESS):   PERCOBSINGROUP = NUMOBSINGROUP * 100 / 173;
MPRINT(EM_ASSESS):   C_PERCOBSINGROUP = SUM (C_PERCOBSINGROUP, PERCOBSINGROUP);
MPRINT(EM_ASSESS):   CALL SYMPUTX ("SCR_MINPROB" || LEFT (PUT (BIN, 3.)), LOWERPROB);
MPRINT(EM_ASSESS):   CALL SYMPUTX ("SCR_MAXPROB" || LEFT (PUT (BIN, 3.)), UPPERPROB);
MPRINT(EM_ASSESS):   BIN = 20 + 1 - 17;
MPRINT(EM_ASSESS):   OUTPUT WORK._TEMPSCOREDIST;
MPRINT(EM_ASSESS):   BIN = 16 ;
MPRINT(EM_ASSESS):   LOWERPROB = (BIN - 1) / 20;
MPRINT(EM_ASSESS):   UPPERPROB = LOWERPROB + (1 / 20);
MPRINT(EM_ASSESS):   MODELSCORE = LOWERPROB + (1 / 20) / 2;
MPRINT(EM_ASSESS):   RANGE = COMPRESS (PUT (LOWERPROB, 4.2) || "-" || PUT (UPPERPROB, 4.2));
MPRINT(EM_ASSESS):   SCR_NUMEVENTS = SUM ( OF EVENTS76 - EVENTS80 );
MPRINT(EM_ASSESS):   SCR_P_EVENTS = SCR_NUMEVENTS * 100 / _NEVENTS;
MPRINT(EM_ASSESS):   SCR_CP_EVENTS = SUM (SCR_P_EVENTS, SCR_CP_EVENTS);
MPRINT(EM_ASSESS):   SCR_NUMNONEVENTS = SUM ( OF NONEVENTS76 - NONEVENTS80);
MPRINT(EM_ASSESS):   NUMOBSINGROUP = SUM (SCR_NUMEVENTS, SCR_NUMNONEVENTS);
MPRINT(EM_ASSESS):   IF NUMOBSINGROUP > 0 THEN SCR_MNPROB = SUM (OF SCR_MNPROB76 - SCR_MNPROB80) / NUMOBSINGROUP;
MPRINT(EM_ASSESS):   ELSE SCR_MNPROB = .;
MPRINT(EM_ASSESS):   SCR_MINPROB = MIN (OF SCR_MINPROB76 - SCR_MINPROB80) ;
MPRINT(EM_ASSESS):   SCR_MAXPROB = MAX (OF SCR_MAXPROB76 - SCR_MAXPROB80) ;
MPRINT(EM_ASSESS):   IF SCR_MINPROB = 1 THEN SCR_MINPROB = .;
MPRINT(EM_ASSESS):   IF SCR_MAXPROB = 0 THEN SCR_MAXPROB = .;
MPRINT(EM_ASSESS):   SCR_P_NONEVENTS = SCR_NUMNONEVENTS * 100 / _NNONEVENTS;
MPRINT(EM_ASSESS):   SCR_CP_NONEVENTS = SUM (SCR_P_NONEVENTS, SCR_CP_NONEVENTS);
MPRINT(EM_ASSESS):   PERCOBSINGROUP = NUMOBSINGROUP * 100 / 173;
MPRINT(EM_ASSESS):   C_PERCOBSINGROUP = SUM (C_PERCOBSINGROUP, PERCOBSINGROUP);
MPRINT(EM_ASSESS):   CALL SYMPUTX ("SCR_MINPROB" || LEFT (PUT (BIN, 3.)), LOWERPROB);
MPRINT(EM_ASSESS):   CALL SYMPUTX ("SCR_MAXPROB" || LEFT (PUT (BIN, 3.)), UPPERPROB);
MPRINT(EM_ASSESS):   BIN = 20 + 1 - 16;
MPRINT(EM_ASSESS):   OUTPUT WORK._TEMPSCOREDIST;
MPRINT(EM_ASSESS):   BIN = 15 ;
MPRINT(EM_ASSESS):   LOWERPROB = (BIN - 1) / 20;
MPRINT(EM_ASSESS):   UPPERPROB = LOWERPROB + (1 / 20);
MPRINT(EM_ASSESS):   MODELSCORE = LOWERPROB + (1 / 20) / 2;
MPRINT(EM_ASSESS):   RANGE = COMPRESS (PUT (LOWERPROB, 4.2) || "-" || PUT (UPPERPROB, 4.2));
MPRINT(EM_ASSESS):   SCR_NUMEVENTS = SUM ( OF EVENTS71 - EVENTS75 );
MPRINT(EM_ASSESS):   SCR_P_EVENTS = SCR_NUMEVENTS * 100 / _NEVENTS;
MPRINT(EM_ASSESS):   SCR_CP_EVENTS = SUM (SCR_P_EVENTS, SCR_CP_EVENTS);
MPRINT(EM_ASSESS):   SCR_NUMNONEVENTS = SUM ( OF NONEVENTS71 - NONEVENTS75);
MPRINT(EM_ASSESS):   NUMOBSINGROUP = SUM (SCR_NUMEVENTS, SCR_NUMNONEVENTS);
MPRINT(EM_ASSESS):   IF NUMOBSINGROUP > 0 THEN SCR_MNPROB = SUM (OF SCR_MNPROB71 - SCR_MNPROB75) / NUMOBSINGROUP;
MPRINT(EM_ASSESS):   ELSE SCR_MNPROB = .;
MPRINT(EM_ASSESS):   SCR_MINPROB = MIN (OF SCR_MINPROB71 - SCR_MINPROB75) ;
MPRINT(EM_ASSESS):   SCR_MAXPROB = MAX (OF SCR_MAXPROB71 - SCR_MAXPROB75) ;
MPRINT(EM_ASSESS):   IF SCR_MINPROB = 1 THEN SCR_MINPROB = .;
MPRINT(EM_ASSESS):   IF SCR_MAXPROB = 0 THEN SCR_MAXPROB = .;
MPRINT(EM_ASSESS):   SCR_P_NONEVENTS = SCR_NUMNONEVENTS * 100 / _NNONEVENTS;
MPRINT(EM_ASSESS):   SCR_CP_NONEVENTS = SUM (SCR_P_NONEVENTS, SCR_CP_NONEVENTS);
MPRINT(EM_ASSESS):   PERCOBSINGROUP = NUMOBSINGROUP * 100 / 173;
MPRINT(EM_ASSESS):   C_PERCOBSINGROUP = SUM (C_PERCOBSINGROUP, PERCOBSINGROUP);
MPRINT(EM_ASSESS):   CALL SYMPUTX ("SCR_MINPROB" || LEFT (PUT (BIN, 3.)), LOWERPROB);
MPRINT(EM_ASSESS):   CALL SYMPUTX ("SCR_MAXPROB" || LEFT (PUT (BIN, 3.)), UPPERPROB);
MPRINT(EM_ASSESS):   BIN = 20 + 1 - 15;
MPRINT(EM_ASSESS):   OUTPUT WORK._TEMPSCOREDIST;
MPRINT(EM_ASSESS):   BIN = 14 ;
MPRINT(EM_ASSESS):   LOWERPROB = (BIN - 1) / 20;
MPRINT(EM_ASSESS):   UPPERPROB = LOWERPROB + (1 / 20);
MPRINT(EM_ASSESS):   MODELSCORE = LOWERPROB + (1 / 20) / 2;
MPRINT(EM_ASSESS):   RANGE = COMPRESS (PUT (LOWERPROB, 4.2) || "-" || PUT (UPPERPROB, 4.2));
MPRINT(EM_ASSESS):   SCR_NUMEVENTS = SUM ( OF EVENTS66 - EVENTS70 );
MPRINT(EM_ASSESS):   SCR_P_EVENTS = SCR_NUMEVENTS * 100 / _NEVENTS;
MPRINT(EM_ASSESS):   SCR_CP_EVENTS = SUM (SCR_P_EVENTS, SCR_CP_EVENTS);
MPRINT(EM_ASSESS):   SCR_NUMNONEVENTS = SUM ( OF NONEVENTS66 - NONEVENTS70);
MPRINT(EM_ASSESS):   NUMOBSINGROUP = SUM (SCR_NUMEVENTS, SCR_NUMNONEVENTS);
MPRINT(EM_ASSESS):   IF NUMOBSINGROUP > 0 THEN SCR_MNPROB = SUM (OF SCR_MNPROB66 - SCR_MNPROB70) / NUMOBSINGROUP;
MPRINT(EM_ASSESS):   ELSE SCR_MNPROB = .;
MPRINT(EM_ASSESS):   SCR_MINPROB = MIN (OF SCR_MINPROB66 - SCR_MINPROB70) ;
MPRINT(EM_ASSESS):   SCR_MAXPROB = MAX (OF SCR_MAXPROB66 - SCR_MAXPROB70) ;
MPRINT(EM_ASSESS):   IF SCR_MINPROB = 1 THEN SCR_MINPROB = .;
MPRINT(EM_ASSESS):   IF SCR_MAXPROB = 0 THEN SCR_MAXPROB = .;
MPRINT(EM_ASSESS):   SCR_P_NONEVENTS = SCR_NUMNONEVENTS * 100 / _NNONEVENTS;
MPRINT(EM_ASSESS):   SCR_CP_NONEVENTS = SUM (SCR_P_NONEVENTS, SCR_CP_NONEVENTS);
MPRINT(EM_ASSESS):   PERCOBSINGROUP = NUMOBSINGROUP * 100 / 173;
MPRINT(EM_ASSESS):   C_PERCOBSINGROUP = SUM (C_PERCOBSINGROUP, PERCOBSINGROUP);
MPRINT(EM_ASSESS):   CALL SYMPUTX ("SCR_MINPROB" || LEFT (PUT (BIN, 3.)), LOWERPROB);
MPRINT(EM_ASSESS):   CALL SYMPUTX ("SCR_MAXPROB" || LEFT (PUT (BIN, 3.)), UPPERPROB);
MPRINT(EM_ASSESS):   BIN = 20 + 1 - 14;
MPRINT(EM_ASSESS):   OUTPUT WORK._TEMPSCOREDIST;
MPRINT(EM_ASSESS):   BIN = 13 ;
MPRINT(EM_ASSESS):   LOWERPROB = (BIN - 1) / 20;
MPRINT(EM_ASSESS):   UPPERPROB = LOWERPROB + (1 / 20);
MPRINT(EM_ASSESS):   MODELSCORE = LOWERPROB + (1 / 20) / 2;
MPRINT(EM_ASSESS):   RANGE = COMPRESS (PUT (LOWERPROB, 4.2) || "-" || PUT (UPPERPROB, 4.2));
MPRINT(EM_ASSESS):   SCR_NUMEVENTS = SUM ( OF EVENTS61 - EVENTS65 );
MPRINT(EM_ASSESS):   SCR_P_EVENTS = SCR_NUMEVENTS * 100 / _NEVENTS;
MPRINT(EM_ASSESS):   SCR_CP_EVENTS = SUM (SCR_P_EVENTS, SCR_CP_EVENTS);
MPRINT(EM_ASSESS):   SCR_NUMNONEVENTS = SUM ( OF NONEVENTS61 - NONEVENTS65);
MPRINT(EM_ASSESS):   NUMOBSINGROUP = SUM (SCR_NUMEVENTS, SCR_NUMNONEVENTS);
MPRINT(EM_ASSESS):   IF NUMOBSINGROUP > 0 THEN SCR_MNPROB = SUM (OF SCR_MNPROB61 - SCR_MNPROB65) / NUMOBSINGROUP;
MPRINT(EM_ASSESS):   ELSE SCR_MNPROB = .;
MPRINT(EM_ASSESS):   SCR_MINPROB = MIN (OF SCR_MINPROB61 - SCR_MINPROB65) ;
MPRINT(EM_ASSESS):   SCR_MAXPROB = MAX (OF SCR_MAXPROB61 - SCR_MAXPROB65) ;
MPRINT(EM_ASSESS):   IF SCR_MINPROB = 1 THEN SCR_MINPROB = .;
MPRINT(EM_ASSESS):   IF SCR_MAXPROB = 0 THEN SCR_MAXPROB = .;
MPRINT(EM_ASSESS):   SCR_P_NONEVENTS = SCR_NUMNONEVENTS * 100 / _NNONEVENTS;
MPRINT(EM_ASSESS):   SCR_CP_NONEVENTS = SUM (SCR_P_NONEVENTS, SCR_CP_NONEVENTS);
MPRINT(EM_ASSESS):   PERCOBSINGROUP = NUMOBSINGROUP * 100 / 173;
MPRINT(EM_ASSESS):   C_PERCOBSINGROUP = SUM (C_PERCOBSINGROUP, PERCOBSINGROUP);
MPRINT(EM_ASSESS):   CALL SYMPUTX ("SCR_MINPROB" || LEFT (PUT (BIN, 3.)), LOWERPROB);
MPRINT(EM_ASSESS):   CALL SYMPUTX ("SCR_MAXPROB" || LEFT (PUT (BIN, 3.)), UPPERPROB);
MPRINT(EM_ASSESS):   BIN = 20 + 1 - 13;
MPRINT(EM_ASSESS):   OUTPUT WORK._TEMPSCOREDIST;
MPRINT(EM_ASSESS):   BIN = 12 ;
MPRINT(EM_ASSESS):   LOWERPROB = (BIN - 1) / 20;
MPRINT(EM_ASSESS):   UPPERPROB = LOWERPROB + (1 / 20);
MPRINT(EM_ASSESS):   MODELSCORE = LOWERPROB + (1 / 20) / 2;
MPRINT(EM_ASSESS):   RANGE = COMPRESS (PUT (LOWERPROB, 4.2) || "-" || PUT (UPPERPROB, 4.2));
MPRINT(EM_ASSESS):   SCR_NUMEVENTS = SUM ( OF EVENTS56 - EVENTS60 );
MPRINT(EM_ASSESS):   SCR_P_EVENTS = SCR_NUMEVENTS * 100 / _NEVENTS;
MPRINT(EM_ASSESS):   SCR_CP_EVENTS = SUM (SCR_P_EVENTS, SCR_CP_EVENTS);
MPRINT(EM_ASSESS):   SCR_NUMNONEVENTS = SUM ( OF NONEVENTS56 - NONEVENTS60);
MPRINT(EM_ASSESS):   NUMOBSINGROUP = SUM (SCR_NUMEVENTS, SCR_NUMNONEVENTS);
MPRINT(EM_ASSESS):   IF NUMOBSINGROUP > 0 THEN SCR_MNPROB = SUM (OF SCR_MNPROB56 - SCR_MNPROB60) / NUMOBSINGROUP;
MPRINT(EM_ASSESS):   ELSE SCR_MNPROB = .;
MPRINT(EM_ASSESS):   SCR_MINPROB = MIN (OF SCR_MINPROB56 - SCR_MINPROB60) ;
MPRINT(EM_ASSESS):   SCR_MAXPROB = MAX (OF SCR_MAXPROB56 - SCR_MAXPROB60) ;
MPRINT(EM_ASSESS):   IF SCR_MINPROB = 1 THEN SCR_MINPROB = .;
MPRINT(EM_ASSESS):   IF SCR_MAXPROB = 0 THEN SCR_MAXPROB = .;
MPRINT(EM_ASSESS):   SCR_P_NONEVENTS = SCR_NUMNONEVENTS * 100 / _NNONEVENTS;
MPRINT(EM_ASSESS):   SCR_CP_NONEVENTS = SUM (SCR_P_NONEVENTS, SCR_CP_NONEVENTS);
MPRINT(EM_ASSESS):   PERCOBSINGROUP = NUMOBSINGROUP * 100 / 173;
MPRINT(EM_ASSESS):   C_PERCOBSINGROUP = SUM (C_PERCOBSINGROUP, PERCOBSINGROUP);
MPRINT(EM_ASSESS):   CALL SYMPUTX ("SCR_MINPROB" || LEFT (PUT (BIN, 3.)), LOWERPROB);
MPRINT(EM_ASSESS):   CALL SYMPUTX ("SCR_MAXPROB" || LEFT (PUT (BIN, 3.)), UPPERPROB);
MPRINT(EM_ASSESS):   BIN = 20 + 1 - 12;
MPRINT(EM_ASSESS):   OUTPUT WORK._TEMPSCOREDIST;
MPRINT(EM_ASSESS):   BIN = 11 ;
MPRINT(EM_ASSESS):   LOWERPROB = (BIN - 1) / 20;
MPRINT(EM_ASSESS):   UPPERPROB = LOWERPROB + (1 / 20);
MPRINT(EM_ASSESS):   MODELSCORE = LOWERPROB + (1 / 20) / 2;
MPRINT(EM_ASSESS):   RANGE = COMPRESS (PUT (LOWERPROB, 4.2) || "-" || PUT (UPPERPROB, 4.2));
MPRINT(EM_ASSESS):   SCR_NUMEVENTS = SUM ( OF EVENTS51 - EVENTS55 );
MPRINT(EM_ASSESS):   SCR_P_EVENTS = SCR_NUMEVENTS * 100 / _NEVENTS;
MPRINT(EM_ASSESS):   SCR_CP_EVENTS = SUM (SCR_P_EVENTS, SCR_CP_EVENTS);
MPRINT(EM_ASSESS):   SCR_NUMNONEVENTS = SUM ( OF NONEVENTS51 - NONEVENTS55);
MPRINT(EM_ASSESS):   NUMOBSINGROUP = SUM (SCR_NUMEVENTS, SCR_NUMNONEVENTS);
MPRINT(EM_ASSESS):   IF NUMOBSINGROUP > 0 THEN SCR_MNPROB = SUM (OF SCR_MNPROB51 - SCR_MNPROB55) / NUMOBSINGROUP;
MPRINT(EM_ASSESS):   ELSE SCR_MNPROB = .;
MPRINT(EM_ASSESS):   SCR_MINPROB = MIN (OF SCR_MINPROB51 - SCR_MINPROB55) ;
MPRINT(EM_ASSESS):   SCR_MAXPROB = MAX (OF SCR_MAXPROB51 - SCR_MAXPROB55) ;
MPRINT(EM_ASSESS):   IF SCR_MINPROB = 1 THEN SCR_MINPROB = .;
MPRINT(EM_ASSESS):   IF SCR_MAXPROB = 0 THEN SCR_MAXPROB = .;
MPRINT(EM_ASSESS):   SCR_P_NONEVENTS = SCR_NUMNONEVENTS * 100 / _NNONEVENTS;
MPRINT(EM_ASSESS):   SCR_CP_NONEVENTS = SUM (SCR_P_NONEVENTS, SCR_CP_NONEVENTS);
MPRINT(EM_ASSESS):   PERCOBSINGROUP = NUMOBSINGROUP * 100 / 173;
MPRINT(EM_ASSESS):   C_PERCOBSINGROUP = SUM (C_PERCOBSINGROUP, PERCOBSINGROUP);
MPRINT(EM_ASSESS):   CALL SYMPUTX ("SCR_MINPROB" || LEFT (PUT (BIN, 3.)), LOWERPROB);
MPRINT(EM_ASSESS):   CALL SYMPUTX ("SCR_MAXPROB" || LEFT (PUT (BIN, 3.)), UPPERPROB);
MPRINT(EM_ASSESS):   BIN = 20 + 1 - 11;
MPRINT(EM_ASSESS):   OUTPUT WORK._TEMPSCOREDIST;
MPRINT(EM_ASSESS):   BIN = 10 ;
MPRINT(EM_ASSESS):   LOWERPROB = (BIN - 1) / 20;
MPRINT(EM_ASSESS):   UPPERPROB = LOWERPROB + (1 / 20);
MPRINT(EM_ASSESS):   MODELSCORE = LOWERPROB + (1 / 20) / 2;
MPRINT(EM_ASSESS):   RANGE = COMPRESS (PUT (LOWERPROB, 4.2) || "-" || PUT (UPPERPROB, 4.2));
MPRINT(EM_ASSESS):   SCR_NUMEVENTS = SUM ( OF EVENTS46 - EVENTS50 );
MPRINT(EM_ASSESS):   SCR_P_EVENTS = SCR_NUMEVENTS * 100 / _NEVENTS;
MPRINT(EM_ASSESS):   SCR_CP_EVENTS = SUM (SCR_P_EVENTS, SCR_CP_EVENTS);
MPRINT(EM_ASSESS):   SCR_NUMNONEVENTS = SUM ( OF NONEVENTS46 - NONEVENTS50);
MPRINT(EM_ASSESS):   NUMOBSINGROUP = SUM (SCR_NUMEVENTS, SCR_NUMNONEVENTS);
MPRINT(EM_ASSESS):   IF NUMOBSINGROUP > 0 THEN SCR_MNPROB = SUM (OF SCR_MNPROB46 - SCR_MNPROB50) / NUMOBSINGROUP;
MPRINT(EM_ASSESS):   ELSE SCR_MNPROB = .;
MPRINT(EM_ASSESS):   SCR_MINPROB = MIN (OF SCR_MINPROB46 - SCR_MINPROB50) ;
MPRINT(EM_ASSESS):   SCR_MAXPROB = MAX (OF SCR_MAXPROB46 - SCR_MAXPROB50) ;
MPRINT(EM_ASSESS):   IF SCR_MINPROB = 1 THEN SCR_MINPROB = .;
MPRINT(EM_ASSESS):   IF SCR_MAXPROB = 0 THEN SCR_MAXPROB = .;
MPRINT(EM_ASSESS):   SCR_P_NONEVENTS = SCR_NUMNONEVENTS * 100 / _NNONEVENTS;
MPRINT(EM_ASSESS):   SCR_CP_NONEVENTS = SUM (SCR_P_NONEVENTS, SCR_CP_NONEVENTS);
MPRINT(EM_ASSESS):   PERCOBSINGROUP = NUMOBSINGROUP * 100 / 173;
MPRINT(EM_ASSESS):   C_PERCOBSINGROUP = SUM (C_PERCOBSINGROUP, PERCOBSINGROUP);
MPRINT(EM_ASSESS):   CALL SYMPUTX ("SCR_MINPROB" || LEFT (PUT (BIN, 3.)), LOWERPROB);
MPRINT(EM_ASSESS):   CALL SYMPUTX ("SCR_MAXPROB" || LEFT (PUT (BIN, 3.)), UPPERPROB);
MPRINT(EM_ASSESS):   BIN = 20 + 1 - 10;
MPRINT(EM_ASSESS):   OUTPUT WORK._TEMPSCOREDIST;
MPRINT(EM_ASSESS):   BIN = 9 ;
MPRINT(EM_ASSESS):   LOWERPROB = (BIN - 1) / 20;
MPRINT(EM_ASSESS):   UPPERPROB = LOWERPROB + (1 / 20);
MPRINT(EM_ASSESS):   MODELSCORE = LOWERPROB + (1 / 20) / 2;
MPRINT(EM_ASSESS):   RANGE = COMPRESS (PUT (LOWERPROB, 4.2) || "-" || PUT (UPPERPROB, 4.2));
MPRINT(EM_ASSESS):   SCR_NUMEVENTS = SUM ( OF EVENTS41 - EVENTS45 );
MPRINT(EM_ASSESS):   SCR_P_EVENTS = SCR_NUMEVENTS * 100 / _NEVENTS;
MPRINT(EM_ASSESS):   SCR_CP_EVENTS = SUM (SCR_P_EVENTS, SCR_CP_EVENTS);
MPRINT(EM_ASSESS):   SCR_NUMNONEVENTS = SUM ( OF NONEVENTS41 - NONEVENTS45);
MPRINT(EM_ASSESS):   NUMOBSINGROUP = SUM (SCR_NUMEVENTS, SCR_NUMNONEVENTS);
MPRINT(EM_ASSESS):   IF NUMOBSINGROUP > 0 THEN SCR_MNPROB = SUM (OF SCR_MNPROB41 - SCR_MNPROB45) / NUMOBSINGROUP;
MPRINT(EM_ASSESS):   ELSE SCR_MNPROB = .;
MPRINT(EM_ASSESS):   SCR_MINPROB = MIN (OF SCR_MINPROB41 - SCR_MINPROB45) ;
MPRINT(EM_ASSESS):   SCR_MAXPROB = MAX (OF SCR_MAXPROB41 - SCR_MAXPROB45) ;
MPRINT(EM_ASSESS):   IF SCR_MINPROB = 1 THEN SCR_MINPROB = .;
MPRINT(EM_ASSESS):   IF SCR_MAXPROB = 0 THEN SCR_MAXPROB = .;
MPRINT(EM_ASSESS):   SCR_P_NONEVENTS = SCR_NUMNONEVENTS * 100 / _NNONEVENTS;
MPRINT(EM_ASSESS):   SCR_CP_NONEVENTS = SUM (SCR_P_NONEVENTS, SCR_CP_NONEVENTS);
MPRINT(EM_ASSESS):   PERCOBSINGROUP = NUMOBSINGROUP * 100 / 173;
MPRINT(EM_ASSESS):   C_PERCOBSINGROUP = SUM (C_PERCOBSINGROUP, PERCOBSINGROUP);
MPRINT(EM_ASSESS):   CALL SYMPUTX ("SCR_MINPROB" || LEFT (PUT (BIN, 3.)), LOWERPROB);
MPRINT(EM_ASSESS):   CALL SYMPUTX ("SCR_MAXPROB" || LEFT (PUT (BIN, 3.)), UPPERPROB);
MPRINT(EM_ASSESS):   BIN = 20 + 1 - 9;
MPRINT(EM_ASSESS):   OUTPUT WORK._TEMPSCOREDIST;
MPRINT(EM_ASSESS):   BIN = 8 ;
MPRINT(EM_ASSESS):   LOWERPROB = (BIN - 1) / 20;
MPRINT(EM_ASSESS):   UPPERPROB = LOWERPROB + (1 / 20);
MPRINT(EM_ASSESS):   MODELSCORE = LOWERPROB + (1 / 20) / 2;
MPRINT(EM_ASSESS):   RANGE = COMPRESS (PUT (LOWERPROB, 4.2) || "-" || PUT (UPPERPROB, 4.2));
MPRINT(EM_ASSESS):   SCR_NUMEVENTS = SUM ( OF EVENTS36 - EVENTS40 );
MPRINT(EM_ASSESS):   SCR_P_EVENTS = SCR_NUMEVENTS * 100 / _NEVENTS;
MPRINT(EM_ASSESS):   SCR_CP_EVENTS = SUM (SCR_P_EVENTS, SCR_CP_EVENTS);
MPRINT(EM_ASSESS):   SCR_NUMNONEVENTS = SUM ( OF NONEVENTS36 - NONEVENTS40);
MPRINT(EM_ASSESS):   NUMOBSINGROUP = SUM (SCR_NUMEVENTS, SCR_NUMNONEVENTS);
MPRINT(EM_ASSESS):   IF NUMOBSINGROUP > 0 THEN SCR_MNPROB = SUM (OF SCR_MNPROB36 - SCR_MNPROB40) / NUMOBSINGROUP;
MPRINT(EM_ASSESS):   ELSE SCR_MNPROB = .;
MPRINT(EM_ASSESS):   SCR_MINPROB = MIN (OF SCR_MINPROB36 - SCR_MINPROB40) ;
MPRINT(EM_ASSESS):   SCR_MAXPROB = MAX (OF SCR_MAXPROB36 - SCR_MAXPROB40) ;
MPRINT(EM_ASSESS):   IF SCR_MINPROB = 1 THEN SCR_MINPROB = .;
MPRINT(EM_ASSESS):   IF SCR_MAXPROB = 0 THEN SCR_MAXPROB = .;
MPRINT(EM_ASSESS):   SCR_P_NONEVENTS = SCR_NUMNONEVENTS * 100 / _NNONEVENTS;
MPRINT(EM_ASSESS):   SCR_CP_NONEVENTS = SUM (SCR_P_NONEVENTS, SCR_CP_NONEVENTS);
MPRINT(EM_ASSESS):   PERCOBSINGROUP = NUMOBSINGROUP * 100 / 173;
MPRINT(EM_ASSESS):   C_PERCOBSINGROUP = SUM (C_PERCOBSINGROUP, PERCOBSINGROUP);
MPRINT(EM_ASSESS):   CALL SYMPUTX ("SCR_MINPROB" || LEFT (PUT (BIN, 3.)), LOWERPROB);
MPRINT(EM_ASSESS):   CALL SYMPUTX ("SCR_MAXPROB" || LEFT (PUT (BIN, 3.)), UPPERPROB);
MPRINT(EM_ASSESS):   BIN = 20 + 1 - 8;
MPRINT(EM_ASSESS):   OUTPUT WORK._TEMPSCOREDIST;
MPRINT(EM_ASSESS):   BIN = 7 ;
MPRINT(EM_ASSESS):   LOWERPROB = (BIN - 1) / 20;
MPRINT(EM_ASSESS):   UPPERPROB = LOWERPROB + (1 / 20);
MPRINT(EM_ASSESS):   MODELSCORE = LOWERPROB + (1 / 20) / 2;
MPRINT(EM_ASSESS):   RANGE = COMPRESS (PUT (LOWERPROB, 4.2) || "-" || PUT (UPPERPROB, 4.2));
MPRINT(EM_ASSESS):   SCR_NUMEVENTS = SUM ( OF EVENTS31 - EVENTS35 );
MPRINT(EM_ASSESS):   SCR_P_EVENTS = SCR_NUMEVENTS * 100 / _NEVENTS;
MPRINT(EM_ASSESS):   SCR_CP_EVENTS = SUM (SCR_P_EVENTS, SCR_CP_EVENTS);
MPRINT(EM_ASSESS):   SCR_NUMNONEVENTS = SUM ( OF NONEVENTS31 - NONEVENTS35);
MPRINT(EM_ASSESS):   NUMOBSINGROUP = SUM (SCR_NUMEVENTS, SCR_NUMNONEVENTS);
MPRINT(EM_ASSESS):   IF NUMOBSINGROUP > 0 THEN SCR_MNPROB = SUM (OF SCR_MNPROB31 - SCR_MNPROB35) / NUMOBSINGROUP;
MPRINT(EM_ASSESS):   ELSE SCR_MNPROB = .;
MPRINT(EM_ASSESS):   SCR_MINPROB = MIN (OF SCR_MINPROB31 - SCR_MINPROB35) ;
MPRINT(EM_ASSESS):   SCR_MAXPROB = MAX (OF SCR_MAXPROB31 - SCR_MAXPROB35) ;
MPRINT(EM_ASSESS):   IF SCR_MINPROB = 1 THEN SCR_MINPROB = .;
MPRINT(EM_ASSESS):   IF SCR_MAXPROB = 0 THEN SCR_MAXPROB = .;
MPRINT(EM_ASSESS):   SCR_P_NONEVENTS = SCR_NUMNONEVENTS * 100 / _NNONEVENTS;
MPRINT(EM_ASSESS):   SCR_CP_NONEVENTS = SUM (SCR_P_NONEVENTS, SCR_CP_NONEVENTS);
MPRINT(EM_ASSESS):   PERCOBSINGROUP = NUMOBSINGROUP * 100 / 173;
MPRINT(EM_ASSESS):   C_PERCOBSINGROUP = SUM (C_PERCOBSINGROUP, PERCOBSINGROUP);
MPRINT(EM_ASSESS):   CALL SYMPUTX ("SCR_MINPROB" || LEFT (PUT (BIN, 3.)), LOWERPROB);
MPRINT(EM_ASSESS):   CALL SYMPUTX ("SCR_MAXPROB" || LEFT (PUT (BIN, 3.)), UPPERPROB);
MPRINT(EM_ASSESS):   BIN = 20 + 1 - 7;
MPRINT(EM_ASSESS):   OUTPUT WORK._TEMPSCOREDIST;
MPRINT(EM_ASSESS):   BIN = 6 ;
MPRINT(EM_ASSESS):   LOWERPROB = (BIN - 1) / 20;
MPRINT(EM_ASSESS):   UPPERPROB = LOWERPROB + (1 / 20);
MPRINT(EM_ASSESS):   MODELSCORE = LOWERPROB + (1 / 20) / 2;
MPRINT(EM_ASSESS):   RANGE = COMPRESS (PUT (LOWERPROB, 4.2) || "-" || PUT (UPPERPROB, 4.2));
MPRINT(EM_ASSESS):   SCR_NUMEVENTS = SUM ( OF EVENTS26 - EVENTS30 );
MPRINT(EM_ASSESS):   SCR_P_EVENTS = SCR_NUMEVENTS * 100 / _NEVENTS;
MPRINT(EM_ASSESS):   SCR_CP_EVENTS = SUM (SCR_P_EVENTS, SCR_CP_EVENTS);
MPRINT(EM_ASSESS):   SCR_NUMNONEVENTS = SUM ( OF NONEVENTS26 - NONEVENTS30);
MPRINT(EM_ASSESS):   NUMOBSINGROUP = SUM (SCR_NUMEVENTS, SCR_NUMNONEVENTS);
MPRINT(EM_ASSESS):   IF NUMOBSINGROUP > 0 THEN SCR_MNPROB = SUM (OF SCR_MNPROB26 - SCR_MNPROB30) / NUMOBSINGROUP;
MPRINT(EM_ASSESS):   ELSE SCR_MNPROB = .;
MPRINT(EM_ASSESS):   SCR_MINPROB = MIN (OF SCR_MINPROB26 - SCR_MINPROB30) ;
MPRINT(EM_ASSESS):   SCR_MAXPROB = MAX (OF SCR_MAXPROB26 - SCR_MAXPROB30) ;
MPRINT(EM_ASSESS):   IF SCR_MINPROB = 1 THEN SCR_MINPROB = .;
MPRINT(EM_ASSESS):   IF SCR_MAXPROB = 0 THEN SCR_MAXPROB = .;
MPRINT(EM_ASSESS):   SCR_P_NONEVENTS = SCR_NUMNONEVENTS * 100 / _NNONEVENTS;
MPRINT(EM_ASSESS):   SCR_CP_NONEVENTS = SUM (SCR_P_NONEVENTS, SCR_CP_NONEVENTS);
MPRINT(EM_ASSESS):   PERCOBSINGROUP = NUMOBSINGROUP * 100 / 173;
MPRINT(EM_ASSESS):   C_PERCOBSINGROUP = SUM (C_PERCOBSINGROUP, PERCOBSINGROUP);
MPRINT(EM_ASSESS):   CALL SYMPUTX ("SCR_MINPROB" || LEFT (PUT (BIN, 3.)), LOWERPROB);
MPRINT(EM_ASSESS):   CALL SYMPUTX ("SCR_MAXPROB" || LEFT (PUT (BIN, 3.)), UPPERPROB);
MPRINT(EM_ASSESS):   BIN = 20 + 1 - 6;
MPRINT(EM_ASSESS):   OUTPUT WORK._TEMPSCOREDIST;
MPRINT(EM_ASSESS):   BIN = 5 ;
MPRINT(EM_ASSESS):   LOWERPROB = (BIN - 1) / 20;
MPRINT(EM_ASSESS):   UPPERPROB = LOWERPROB + (1 / 20);
MPRINT(EM_ASSESS):   MODELSCORE = LOWERPROB + (1 / 20) / 2;
MPRINT(EM_ASSESS):   RANGE = COMPRESS (PUT (LOWERPROB, 4.2) || "-" || PUT (UPPERPROB, 4.2));
MPRINT(EM_ASSESS):   SCR_NUMEVENTS = SUM ( OF EVENTS21 - EVENTS25 );
MPRINT(EM_ASSESS):   SCR_P_EVENTS = SCR_NUMEVENTS * 100 / _NEVENTS;
MPRINT(EM_ASSESS):   SCR_CP_EVENTS = SUM (SCR_P_EVENTS, SCR_CP_EVENTS);
MPRINT(EM_ASSESS):   SCR_NUMNONEVENTS = SUM ( OF NONEVENTS21 - NONEVENTS25);
MPRINT(EM_ASSESS):   NUMOBSINGROUP = SUM (SCR_NUMEVENTS, SCR_NUMNONEVENTS);
MPRINT(EM_ASSESS):   IF NUMOBSINGROUP > 0 THEN SCR_MNPROB = SUM (OF SCR_MNPROB21 - SCR_MNPROB25) / NUMOBSINGROUP;
MPRINT(EM_ASSESS):   ELSE SCR_MNPROB = .;
MPRINT(EM_ASSESS):   SCR_MINPROB = MIN (OF SCR_MINPROB21 - SCR_MINPROB25) ;
MPRINT(EM_ASSESS):   SCR_MAXPROB = MAX (OF SCR_MAXPROB21 - SCR_MAXPROB25) ;
MPRINT(EM_ASSESS):   IF SCR_MINPROB = 1 THEN SCR_MINPROB = .;
MPRINT(EM_ASSESS):   IF SCR_MAXPROB = 0 THEN SCR_MAXPROB = .;
MPRINT(EM_ASSESS):   SCR_P_NONEVENTS = SCR_NUMNONEVENTS * 100 / _NNONEVENTS;
MPRINT(EM_ASSESS):   SCR_CP_NONEVENTS = SUM (SCR_P_NONEVENTS, SCR_CP_NONEVENTS);
MPRINT(EM_ASSESS):   PERCOBSINGROUP = NUMOBSINGROUP * 100 / 173;
MPRINT(EM_ASSESS):   C_PERCOBSINGROUP = SUM (C_PERCOBSINGROUP, PERCOBSINGROUP);
MPRINT(EM_ASSESS):   CALL SYMPUTX ("SCR_MINPROB" || LEFT (PUT (BIN, 3.)), LOWERPROB);
MPRINT(EM_ASSESS):   CALL SYMPUTX ("SCR_MAXPROB" || LEFT (PUT (BIN, 3.)), UPPERPROB);
MPRINT(EM_ASSESS):   BIN = 20 + 1 - 5;
MPRINT(EM_ASSESS):   OUTPUT WORK._TEMPSCOREDIST;
MPRINT(EM_ASSESS):   BIN = 4 ;
MPRINT(EM_ASSESS):   LOWERPROB = (BIN - 1) / 20;
MPRINT(EM_ASSESS):   UPPERPROB = LOWERPROB + (1 / 20);
MPRINT(EM_ASSESS):   MODELSCORE = LOWERPROB + (1 / 20) / 2;
MPRINT(EM_ASSESS):   RANGE = COMPRESS (PUT (LOWERPROB, 4.2) || "-" || PUT (UPPERPROB, 4.2));
MPRINT(EM_ASSESS):   SCR_NUMEVENTS = SUM ( OF EVENTS16 - EVENTS20 );
MPRINT(EM_ASSESS):   SCR_P_EVENTS = SCR_NUMEVENTS * 100 / _NEVENTS;
MPRINT(EM_ASSESS):   SCR_CP_EVENTS = SUM (SCR_P_EVENTS, SCR_CP_EVENTS);
MPRINT(EM_ASSESS):   SCR_NUMNONEVENTS = SUM ( OF NONEVENTS16 - NONEVENTS20);
MPRINT(EM_ASSESS):   NUMOBSINGROUP = SUM (SCR_NUMEVENTS, SCR_NUMNONEVENTS);
MPRINT(EM_ASSESS):   IF NUMOBSINGROUP > 0 THEN SCR_MNPROB = SUM (OF SCR_MNPROB16 - SCR_MNPROB20) / NUMOBSINGROUP;
MPRINT(EM_ASSESS):   ELSE SCR_MNPROB = .;
MPRINT(EM_ASSESS):   SCR_MINPROB = MIN (OF SCR_MINPROB16 - SCR_MINPROB20) ;
MPRINT(EM_ASSESS):   SCR_MAXPROB = MAX (OF SCR_MAXPROB16 - SCR_MAXPROB20) ;
MPRINT(EM_ASSESS):   IF SCR_MINPROB = 1 THEN SCR_MINPROB = .;
MPRINT(EM_ASSESS):   IF SCR_MAXPROB = 0 THEN SCR_MAXPROB = .;
MPRINT(EM_ASSESS):   SCR_P_NONEVENTS = SCR_NUMNONEVENTS * 100 / _NNONEVENTS;
MPRINT(EM_ASSESS):   SCR_CP_NONEVENTS = SUM (SCR_P_NONEVENTS, SCR_CP_NONEVENTS);
MPRINT(EM_ASSESS):   PERCOBSINGROUP = NUMOBSINGROUP * 100 / 173;
MPRINT(EM_ASSESS):   C_PERCOBSINGROUP = SUM (C_PERCOBSINGROUP, PERCOBSINGROUP);
MPRINT(EM_ASSESS):   CALL SYMPUTX ("SCR_MINPROB" || LEFT (PUT (BIN, 3.)), LOWERPROB);
MPRINT(EM_ASSESS):   CALL SYMPUTX ("SCR_MAXPROB" || LEFT (PUT (BIN, 3.)), UPPERPROB);
MPRINT(EM_ASSESS):   BIN = 20 + 1 - 4;
MPRINT(EM_ASSESS):   OUTPUT WORK._TEMPSCOREDIST;
MPRINT(EM_ASSESS):   BIN = 3 ;
MPRINT(EM_ASSESS):   LOWERPROB = (BIN - 1) / 20;
MPRINT(EM_ASSESS):   UPPERPROB = LOWERPROB + (1 / 20);
MPRINT(EM_ASSESS):   MODELSCORE = LOWERPROB + (1 / 20) / 2;
MPRINT(EM_ASSESS):   RANGE = COMPRESS (PUT (LOWERPROB, 4.2) || "-" || PUT (UPPERPROB, 4.2));
MPRINT(EM_ASSESS):   SCR_NUMEVENTS = SUM ( OF EVENTS11 - EVENTS15 );
MPRINT(EM_ASSESS):   SCR_P_EVENTS = SCR_NUMEVENTS * 100 / _NEVENTS;
MPRINT(EM_ASSESS):   SCR_CP_EVENTS = SUM (SCR_P_EVENTS, SCR_CP_EVENTS);
MPRINT(EM_ASSESS):   SCR_NUMNONEVENTS = SUM ( OF NONEVENTS11 - NONEVENTS15);
MPRINT(EM_ASSESS):   NUMOBSINGROUP = SUM (SCR_NUMEVENTS, SCR_NUMNONEVENTS);
MPRINT(EM_ASSESS):   IF NUMOBSINGROUP > 0 THEN SCR_MNPROB = SUM (OF SCR_MNPROB11 - SCR_MNPROB15) / NUMOBSINGROUP;
MPRINT(EM_ASSESS):   ELSE SCR_MNPROB = .;
MPRINT(EM_ASSESS):   SCR_MINPROB = MIN (OF SCR_MINPROB11 - SCR_MINPROB15) ;
MPRINT(EM_ASSESS):   SCR_MAXPROB = MAX (OF SCR_MAXPROB11 - SCR_MAXPROB15) ;
MPRINT(EM_ASSESS):   IF SCR_MINPROB = 1 THEN SCR_MINPROB = .;
MPRINT(EM_ASSESS):   IF SCR_MAXPROB = 0 THEN SCR_MAXPROB = .;
MPRINT(EM_ASSESS):   SCR_P_NONEVENTS = SCR_NUMNONEVENTS * 100 / _NNONEVENTS;
MPRINT(EM_ASSESS):   SCR_CP_NONEVENTS = SUM (SCR_P_NONEVENTS, SCR_CP_NONEVENTS);
MPRINT(EM_ASSESS):   PERCOBSINGROUP = NUMOBSINGROUP * 100 / 173;
MPRINT(EM_ASSESS):   C_PERCOBSINGROUP = SUM (C_PERCOBSINGROUP, PERCOBSINGROUP);
MPRINT(EM_ASSESS):   CALL SYMPUTX ("SCR_MINPROB" || LEFT (PUT (BIN, 3.)), LOWERPROB);
MPRINT(EM_ASSESS):   CALL SYMPUTX ("SCR_MAXPROB" || LEFT (PUT (BIN, 3.)), UPPERPROB);
MPRINT(EM_ASSESS):   BIN = 20 + 1 - 3;
MPRINT(EM_ASSESS):   OUTPUT WORK._TEMPSCOREDIST;
MPRINT(EM_ASSESS):   BIN = 2 ;
MPRINT(EM_ASSESS):   LOWERPROB = (BIN - 1) / 20;
MPRINT(EM_ASSESS):   UPPERPROB = LOWERPROB + (1 / 20);
MPRINT(EM_ASSESS):   MODELSCORE = LOWERPROB + (1 / 20) / 2;
MPRINT(EM_ASSESS):   RANGE = COMPRESS (PUT (LOWERPROB, 4.2) || "-" || PUT (UPPERPROB, 4.2));
MPRINT(EM_ASSESS):   SCR_NUMEVENTS = SUM ( OF EVENTS6 - EVENTS10 );
MPRINT(EM_ASSESS):   SCR_P_EVENTS = SCR_NUMEVENTS * 100 / _NEVENTS;
MPRINT(EM_ASSESS):   SCR_CP_EVENTS = SUM (SCR_P_EVENTS, SCR_CP_EVENTS);
MPRINT(EM_ASSESS):   SCR_NUMNONEVENTS = SUM ( OF NONEVENTS6 - NONEVENTS10);
MPRINT(EM_ASSESS):   NUMOBSINGROUP = SUM (SCR_NUMEVENTS, SCR_NUMNONEVENTS);
MPRINT(EM_ASSESS):   IF NUMOBSINGROUP > 0 THEN SCR_MNPROB = SUM (OF SCR_MNPROB6 - SCR_MNPROB10) / NUMOBSINGROUP;
MPRINT(EM_ASSESS):   ELSE SCR_MNPROB = .;
MPRINT(EM_ASSESS):   SCR_MINPROB = MIN (OF SCR_MINPROB6 - SCR_MINPROB10) ;
MPRINT(EM_ASSESS):   SCR_MAXPROB = MAX (OF SCR_MAXPROB6 - SCR_MAXPROB10) ;
MPRINT(EM_ASSESS):   IF SCR_MINPROB = 1 THEN SCR_MINPROB = .;
MPRINT(EM_ASSESS):   IF SCR_MAXPROB = 0 THEN SCR_MAXPROB = .;
MPRINT(EM_ASSESS):   SCR_P_NONEVENTS = SCR_NUMNONEVENTS * 100 / _NNONEVENTS;
MPRINT(EM_ASSESS):   SCR_CP_NONEVENTS = SUM (SCR_P_NONEVENTS, SCR_CP_NONEVENTS);
MPRINT(EM_ASSESS):   PERCOBSINGROUP = NUMOBSINGROUP * 100 / 173;
MPRINT(EM_ASSESS):   C_PERCOBSINGROUP = SUM (C_PERCOBSINGROUP, PERCOBSINGROUP);
MPRINT(EM_ASSESS):   CALL SYMPUTX ("SCR_MINPROB" || LEFT (PUT (BIN, 3.)), LOWERPROB);
MPRINT(EM_ASSESS):   CALL SYMPUTX ("SCR_MAXPROB" || LEFT (PUT (BIN, 3.)), UPPERPROB);
MPRINT(EM_ASSESS):   BIN = 20 + 1 - 2;
MPRINT(EM_ASSESS):   OUTPUT WORK._TEMPSCOREDIST;
MPRINT(EM_ASSESS):   BIN = 1 ;
MPRINT(EM_ASSESS):   LOWERPROB = (BIN - 1) / 20;
MPRINT(EM_ASSESS):   UPPERPROB = LOWERPROB + (1 / 20);
MPRINT(EM_ASSESS):   MODELSCORE = LOWERPROB + (1 / 20) / 2;
MPRINT(EM_ASSESS):   RANGE = COMPRESS (PUT (LOWERPROB, 4.2) || "-" || PUT (UPPERPROB, 4.2));
MPRINT(EM_ASSESS):   SCR_NUMEVENTS = SUM ( OF EVENTS1 - EVENTS5 );
MPRINT(EM_ASSESS):   SCR_P_EVENTS = SCR_NUMEVENTS * 100 / _NEVENTS;
MPRINT(EM_ASSESS):   SCR_CP_EVENTS = SUM (SCR_P_EVENTS, SCR_CP_EVENTS);
MPRINT(EM_ASSESS):   SCR_NUMNONEVENTS = SUM ( OF NONEVENTS1 - NONEVENTS5);
MPRINT(EM_ASSESS):   NUMOBSINGROUP = SUM (SCR_NUMEVENTS, SCR_NUMNONEVENTS);
MPRINT(EM_ASSESS):   IF NUMOBSINGROUP > 0 THEN SCR_MNPROB = SUM (OF SCR_MNPROB1 - SCR_MNPROB5) / NUMOBSINGROUP;
MPRINT(EM_ASSESS):   ELSE SCR_MNPROB = .;
MPRINT(EM_ASSESS):   SCR_MINPROB = MIN (OF SCR_MINPROB1 - SCR_MINPROB5) ;
MPRINT(EM_ASSESS):   SCR_MAXPROB = MAX (OF SCR_MAXPROB1 - SCR_MAXPROB5) ;
MPRINT(EM_ASSESS):   IF SCR_MINPROB = 1 THEN SCR_MINPROB = .;
MPRINT(EM_ASSESS):   IF SCR_MAXPROB = 0 THEN SCR_MAXPROB = .;
MPRINT(EM_ASSESS):   SCR_P_NONEVENTS = SCR_NUMNONEVENTS * 100 / _NNONEVENTS;
MPRINT(EM_ASSESS):   SCR_CP_NONEVENTS = SUM (SCR_P_NONEVENTS, SCR_CP_NONEVENTS);
MPRINT(EM_ASSESS):   PERCOBSINGROUP = NUMOBSINGROUP * 100 / 173;
MPRINT(EM_ASSESS):   C_PERCOBSINGROUP = SUM (C_PERCOBSINGROUP, PERCOBSINGROUP);
MPRINT(EM_ASSESS):   CALL SYMPUTX ("SCR_MINPROB" || LEFT (PUT (BIN, 3.)), LOWERPROB);
MPRINT(EM_ASSESS):   CALL SYMPUTX ("SCR_MAXPROB" || LEFT (PUT (BIN, 3.)), UPPERPROB);
MPRINT(EM_ASSESS):   BIN = 20 + 1 - 1;
MPRINT(EM_ASSESS):   OUTPUT WORK._TEMPSCOREDIST;
MPRINT(EM_ASSESS):   CALL SYMPUTX ("KSPROB" , PUT (KSPROB, 5.3 ) );
MPRINT(EM_ASSESS):   CALL SYMPUTX ("_KS_BIN_PROB" , _KS_BIN_PROB );
MPRINT(EM_ASSESS):   CALL SYMPUTX ("_KS_BIN_" , _KS_BIN_ / 100 );
MPRINT(EM_ASSESS):   CALL SYMPUTX ("KSDIFF" , KS_ABSDIFF );
MPRINT(EM_ASSESS):   CALL SYMPUTX ("PRECTPR" , PRECTPR );
MPRINT(EM_ASSESS):   CALL SYMPUTX ("MAXMUTUALPROB" , MAXMUTUALPROB);
MPRINT(EM_ASSESS):   END;
MPRINT(EM_ASSESS):   LABEL __EVENT__ = "Event" DECILE = "Depth" BIN = "Bin" NUMOBS = "Number of Observations" ;
MPRINT(EM_ASSESS):   RUN;
MPRINT(EM_ASSESS):   *;
MPRINT(EM_ASSESS):   * RUN for large data set;
MPRINT(EM_ASSESS):   *;
MPRINT(EM_ASSESS):   PROC DATASETS NOLIST;
MPRINT(EM_ASSESS):   DELETE _AUXEVENTNAME;
MPRINT(EM_ASSESS):   QUIT;

MPRINT(EM_ASSESS):   *;
MPRINT(EM_ASSESS):   * Report Vars Area.;
MPRINT(EM_ASSESS):   *;
MPRINT(EM_ASSESS):   *;
MPRINT(EM_ASSESS):   * ...........Start OF Outdist Modification;
MPRINT(EM_ASSESS):   *;

MPRINT(EM_ASSESS):   PROC DATASETS NOLIST LIB = WORK;
MPRINT(EM_ASSESS):   MODIFY _TEMPSCOREDIST;
MPRINT(EM_ASSESS):   RENAME MODELSCORE = SCORE UPPERPROB = UPPOSTERIOR SCR_CP_EVENTS = CUMULATIVEPERCENTAGEOFEVENTS SCR_CP_NONEVENTS = CUMULATIVEPERCENTAGEOFNONEVENTS EVENTVALUE = EVENT LOWERPROB = LOWPOSTERIOR NUMOBSINGROUP = N PERCOBSINGROUP = 
PERCENTAGE SCR_MINPROB = _MINP_ SCR_MAXPROB = _MAXP_ SCR_MNPROB = _MEANP_ RANGE = P_LABEL C_PERCOBSINGROUP = CUMULATIVEPERCENTAGE SCR_NUMEVENTS = NUMBEROFEVENTS SCR_NUMNONEVENTS = NUMBEROFNONEVENTS SCR_P_EVENTS = PERCENTAGEOFEVENTS SCR_P_NONEVENTS = 
PERCENTAGEOFNONEVENTS ;
MPRINT(EM_ASSESS):   *;
MPRINT(EM_ASSESS):   * .................... OUTDIST MODIFICATION LABEL AREA;
MPRINT(EM_ASSESS):   *;
MPRINT(EM_ASSESS):   LABEL BIN = "Bin" N = "Number of Observations" P_LABEL = "Posterior Probability Range" EVENT = "Event" LOWPOSTERIOR = "Lower Bound Posterior Probability" PERCENTAGEOFEVENTS = "Percentage of Events" CUMULATIVEPERCENTAGEOFNONEVENTS = 
"Cumulative Percentage of Nonevents" CUMULATIVEPERCENTAGE = "Cumulative Percentage" PERCENTAGEOFEVENTS = "Percentage of Events" PERCENTAGEOFNONEVENTS = "Percentage of Nonevents" CUMULATIVEPERCENTAGEOFEVENTS = "Cumulative Percentage of Events" UPPOSTERIOR 
= "Upper Bound Posterior Probability" NUMBEROFEVENTS = "Number of Events" PERCENTAGE = "Percentage" NUMBEROFNONEVENTS = "Number of Nonevents" _MEANP_ = "Mean Posterior Probability" _MINP_ = "Min Posterior Probability" _MAXP_ = "Max Posterior Probability" 
SCORE = "Model Score" ;
MPRINT(EM_ASSESS):   RUN;
MPRINT(EM_ASSESS):   QUIT;
MPRINT(EM_ASSESS):   DATA WORK._TEMPSCOREDIST;
MPRINT(EM_ASSESS):   SET WORK._TEMPSCOREDIST (WHERE = (_MEANP_ > .));
MPRINT(EM_ASSESS):   RUN;
MPRINT(EM_ASSESS):   *;
MPRINT(EM_ASSESS):   * ........... END OF OUTDIST MODIFICATION;
MPRINT(EM_ASSESS):   *;
MPRINT(EM_ASSESS):   *;
MPRINT(EM_ASSESS):   * ...........Start of OUTRANKS Modification;
MPRINT(EM_ASSESS):   *;

MPRINT(EM_ASSESS):   PROC DATASETS NOLIST LIB = WORK;
MPRINT(EM_ASSESS):   MODIFY _TEMPRANK;
MPRINT(EM_ASSESS):   RENAME __EVENT__ = EVENT P_RESP = RESP C_P_CAPT_RESP = CAPC P_CAPT_RESP = CAP NUMNONRESP = NUMNEVENT NUMRESP = NUMEVENT BASEEVENTS = BASENUMBEROFEVENTS BESTNUMEVENTS = BESTNUMBEROFEVENTS MAXPROB = _MAXP_ MINPROB = _MINP_ CBASELIFT = 
BASELIFTC C_LIFT = LIFTC MNPROB = _MEANP_ PERCENTILE = DECILE NUMOBS = N NUMEVENT = NUMBEROFEVENTS C_P_RESP = RESPC ;
MPRINT(EM_ASSESS):   *;
MPRINT(EM_ASSESS):   * ................. OUTRANKS;
MPRINT(EM_ASSESS):   *;
MPRINT(EM_ASSESS):   LABEL _MAXP_ = "Max Posterior Probability" _MINP_ = "Min Posterior Probability" _MEANP_ = "Mean Posterior Probability" BASECAP = "Baseline % Captured Response" BASECAPC = "Baseline Cumulative % Captured Response" BASENUMBEROFEVENTS = 
"Baseline Number of Events" BASEGAIN = "Baseline Gain" BASELIFT = "Baseline Lift" BASELIFTC = "Baseline Cumulative Lift" BASERESP = "Baseline % Response" BASERESPC = "Baseline Cumulative % Response" BASELIFTC = "Baseline Cumulative Lift" BESTCAP = "Best % 
Captured Response" BESTCAPC = "Best Cumulative % Captured Response" BESTGAIN = "Best Gain" BESTRESP = "Best % Response" BESTRESPC = "Best Cumulative % Response" BESTLIFT = "Best Lift" BESTLIFTC = "Best Cumulative Lift" BESTNUMBEROFEVENTS = "Best Number of 
Events" CAP = "% Captured Response" CAPC = "Cumulative % Captured Response" DECILE = "Depth" GAIN = "Gain" LIFT = "Lift" LIFTC = "Cumulative Lift" NUMNEVENT = "Number of Nonevents" N = "Number of Observations" EVENT = "Event" RESPC = "Cumulative % 
Response" NUMBEROFEVENTS = "Number of Events" RESP = "% Response" ;
MPRINT(EM_ASSESS):   RUN;
MPRINT(EM_ASSESS):   QUIT;
MPRINT(EM_ASSESS):   DATA WORK._TEMPRANK;
MPRINT(EM_ASSESS):   SET WORK._TEMPRANK (WHERE = (_MEANP_ > .));
MPRINT(EM_ASSESS):   RUN;
MPRINT(EM_ASSESS):   proc datasets lib=work nolist;
MPRINT(EM_ASSESS):   delete _ea_tmpdata;
MPRINT(EM_ASSESS):   run;
MPRINT(EM_ASSESS):   quit;
MPRINT(EM_ASSESS):  ;
MPRINT(EM_ASSESS):   OPTION ERRORS = 20;
MPRINT(EM_DIAGRAM):  ;
MPRINT(EM_DIAGRAM):    data WORK._TEMPRANK;
MPRINT(EM_DIAGRAM):   length target $32 TARGETLABEL $200 dataRole $20;
MPRINT(EM_DIAGRAM):   label TARGETLABEL = "Target Label";
MPRINT(EM_DIAGRAM):   set WORK._TEMPRANK;
MPRINT(EM_DIAGRAM):   retain target "diagnosis";
MPRINT(EM_DIAGRAM):   retain dataRole "VALIDATE";
MPRINT(EM_DIAGRAM):   run;
MPRINT(EM_DIAGRAM):   data EMWS1.Tree8_EMRANK;
MPRINT(EM_DIAGRAM):   length target $32;
MPRINT(EM_DIAGRAM):   length TARGETLABEL $200;
MPRINT(EM_DIAGRAM):   length dataRole $20;
MPRINT(EM_DIAGRAM):   length EVENT $32;
MPRINT(EM_DIAGRAM):   set EMWS1.Tree8_EMRANK WORK._TEMPRANK;
MPRINT(EM_DIAGRAM):   run;
MPRINT(EM_DIAGRAM):    data WORK._TEMPSCOREDIST;
MPRINT(EM_DIAGRAM):   length target $32 TARGETLABEL $200 dataRole $20;
MPRINT(EM_DIAGRAM):   label TARGETLABEL = "Target Label";
MPRINT(EM_DIAGRAM):   set WORK._TEMPSCOREDIST;
MPRINT(EM_DIAGRAM):   retain target "diagnosis";
MPRINT(EM_DIAGRAM):   retain dataRole "VALIDATE";
MPRINT(EM_DIAGRAM):   run;
MPRINT(EM_DIAGRAM):   data EMWS1.Tree8_EMSCOREDIST;
MPRINT(EM_DIAGRAM):   length target $32;
MPRINT(EM_DIAGRAM):   length TARGETLABEL $200;
MPRINT(EM_DIAGRAM):   length dataRole $20;
MPRINT(EM_DIAGRAM):   length EVENT $32;
MPRINT(EM_DIAGRAM):   length P_LABEL $9;
MPRINT(EM_DIAGRAM):   set EMWS1.Tree8_EMSCOREDIST WORK._TEMPSCOREDIST;
MPRINT(EM_DIAGRAM):   run;
42057      %let _cn = %sysfunc(getoption(CENTER));
42058      options nocenter;
MPRINT(EM_DIAGRAM):    options nocenter;
42059      proc print data=EMWS1.Tree8_EMREPORTFIT noobs label;
MPRINT(EM_DIAGRAM):   proc print data=EMWS1.Tree8_EMREPORTFIT noobs label;
42060      var STAT LABEL TRAIN
42061      VALIDATE
42062      ;
MPRINT(EM_DIAGRAM):   var STAT LABEL TRAIN VALIDATE ;
42063      by TARGET TARGETLABEL;
MPRINT(EM_DIAGRAM):   by TARGET TARGETLABEL;
42064      title9 ' ';
MPRINT(EM_DIAGRAM):   title9 ' ';
42065      title10 "%sysfunc(sasmsg(sashelp.dmine, rpt_fitstat_title  , NOQUOTE))";
MPRINT(EM_DIAGRAM):   title10 "Fit Statistics";
MPRINT(EM_DIAGRAM):   run;
42066      run;

NOTE: There were 8 observations read from the data set EMWS1.TREE8_EMREPORTFIT.
NOTE: The PROCEDURE PRINT printed page 9.
NOTE: PROCEDURE PRINT used (Total process time):
      real time           0.01 seconds
      cpu time            0.01 seconds
      

42067      title10;
MPRINT(EM_DIAGRAM):   title10;
42068      options &_cn;
MPRINT(EM_DIAGRAM):   options NOCENTER;
42069      proc sort data=EMWS1.Tree8_EMCLASSIFICATION nothreads;
MPRINT(EM_DIAGRAM):    proc sort data=EMWS1.Tree8_EMCLASSIFICATION nothreads;
42070      by DATAROLE TARGET TARGETLABEL;
MPRINT(EM_DIAGRAM):   by DATAROLE TARGET TARGETLABEL;
42071      run;
MPRINT(EM_DIAGRAM):   run;

NOTE: There were 7 observations read from the data set EMWS1.TREE8_EMCLASSIFICATION.
NOTE: The data set EMWS1.TREE8_EMCLASSIFICATION has 7 observations and 12 variables.
NOTE: PROCEDURE SORT used (Total process time):
      real time           0.02 seconds
      cpu time            0.01 seconds
      

42072      %let _cn = %sysfunc(getoption(CENTER));
42073      options nocenter;
MPRINT(EM_DIAGRAM):   options nocenter;
42074      proc print data=EMWS1.Tree8_EMCLASSIFICATION noobs label;
MPRINT(EM_DIAGRAM):   proc print data=EMWS1.Tree8_EMCLASSIFICATION noobs label;
42075      var from into pct_row pct_col count percent
42076      ;
MPRINT(EM_DIAGRAM):   var from into pct_row pct_col count percent ;
42077      by DATAROLE TARGET TARGETLABEL;
MPRINT(EM_DIAGRAM):   by DATAROLE TARGET TARGETLABEL;
42078      label FROM = "%sysfunc(sasmsg(sashelp.dmine, rpt_target_vlabel ,     NOQUOTE))";
MPRINT(EM_DIAGRAM):   label FROM = "Target";
42079      label INTO = "%sysfunc(sasmsg(sashelp.dmine, rpt_outcome_vlabel ,    NOQUOTE))";
MPRINT(EM_DIAGRAM):   label INTO = "Outcome";
42080      label PCT_ROW = "%sysfunc(sasmsg(sashelp.dmine, rpt_targetpct_vlabel ,  NOQUOTE))";
MPRINT(EM_DIAGRAM):   label PCT_ROW = "Target Percentage";
42081      label PCT_COL = "%sysfunc(sasmsg(sashelp.dmine, rpt_outcomepct_vlabel , NOQUOTE))";
MPRINT(EM_DIAGRAM):   label PCT_COL = "Outcome Percentage";
42082      label COUNT = "%sysfunc(sasmsg(sashelp.dmine, rpt_count_vlabel ,      NOQUOTE))";
MPRINT(EM_DIAGRAM):   label COUNT = "Frequency Count";
42083      label PERCENT = "%sysfunc(sasmsg(sashelp.dmine, rpt_totalpct_vlabel ,   NOQUOTE))";
MPRINT(EM_DIAGRAM):   label PERCENT = "Total Percentage";
42084      where _TYPE_='PREDICTION';
MPRINT(EM_DIAGRAM):   where _TYPE_='PREDICTION';
42085      title9 ' ';
MPRINT(EM_DIAGRAM):   title9 ' ';
42086      title10 "%sysfunc(sasmsg(sashelp.dmine, rpt_classification_title    , NOQUOTE))";
MPRINT(EM_DIAGRAM):   title10 "Classification Table";
MPRINT(EM_DIAGRAM):   run;
42087      run;

NOTE: There were 7 observations read from the data set EMWS1.TREE8_EMCLASSIFICATION.
      WHERE _TYPE_='PREDICTION';
NOTE: The PROCEDURE PRINT printed page 10.
NOTE: PROCEDURE PRINT used (Total process time):
      real time           0.04 seconds
      cpu time            0.03 seconds
      

42088      title9;
MPRINT(EM_DIAGRAM):   title9;
42089      title10;
MPRINT(EM_DIAGRAM):   title10;
42090      options &_cn;
MPRINT(EM_DIAGRAM):   options NOCENTER;
42091      %let _cn = %sysfunc(getoption(CENTER));
42092      options nocenter;
MPRINT(EM_DIAGRAM):    options nocenter;
42093      data EMWS1.Tree8_EMEVENTREPORT;
MPRINT(EM_DIAGRAM):   data EMWS1.Tree8_EMEVENTREPORT;
42094      length DATAROLE TARGET $32 TARGETLABEL $200 FALSENEVENT TRUENEVENT FALSEEVENT TRUEEVENT 8;
MPRINT(EM_DIAGRAM):   length DATAROLE TARGET $32 TARGETLABEL $200 FALSENEVENT TRUENEVENT FALSEEVENT TRUEEVENT 8;
42095      label DATAROLE = "%sysfunc(sasmsg(sashelp.dmine, rpt_datarole_vlabel ,    NOQUOTE))" TARGET = "%sysfunc(sasmsg(sashelp.dmine, rpt_target_vlabel ,      NOQUOTE))" TARGETLABEL = "%sysfunc(sasmsg(sashelp.dmine, meta_targetlabel_vlabel, NOQUOTE))"
42095    ! FALSEEVENT
42096      = "%sysfunc(sasmsg(sashelp.dmine, rpt_falseevent_vlabel ,  NOQUOTE))" FALSENEVENT = "%sysfunc(sasmsg(sashelp.dmine, rpt_falsenevent_vlabel , NOQUOTE))" TRUEEVENT = "%sysfunc(sasmsg(sashelp.dmine, rpt_trueevent_vlabel ,   NOQUOTE))" TRUENEVENT =
42097         "%sysfunc(sasmsg(sashelp.dmine, rpt_truenevent_vlabel ,  NOQUOTE))";
MPRINT(EM_DIAGRAM):   label DATAROLE = "Data Role" TARGET = "Target" TARGETLABEL = "Target Label" FALSEEVENT = "False Positive" FALSENEVENT = "False Negative" TRUEEVENT = "True Positive" TRUENEVENT = "True Negative";
42098      FALSEEVENT=0;
MPRINT(EM_DIAGRAM):   FALSEEVENT=0;
42099      FALSENEVENT=0;
MPRINT(EM_DIAGRAM):   FALSENEVENT=0;
42100      TRUEEVENT=0;
MPRINT(EM_DIAGRAM):   TRUEEVENT=0;
42101      TRUENEVENT=0;
MPRINT(EM_DIAGRAM):   TRUENEVENT=0;
42102      set EMWS1.Tree8_EMEVENTREPORT;
MPRINT(EM_DIAGRAM):   set EMWS1.Tree8_EMEVENTREPORT;
42103      run;
MPRINT(EM_DIAGRAM):   run;

NOTE: There were 2 observations read from the data set EMWS1.TREE8_EMEVENTREPORT.
NOTE: The data set EMWS1.TREE8_EMEVENTREPORT has 2 observations and 7 variables.
NOTE: DATA statement used (Total process time):
      real time           0.03 seconds
      cpu time            0.03 seconds
      

42104      proc print data=EMWS1.Tree8_EMEVENTREPORT noobs label;
MPRINT(EM_DIAGRAM):   proc print data=EMWS1.Tree8_EMEVENTREPORT noobs label;
42105      title9 ' ';
MPRINT(EM_DIAGRAM):   title9 ' ';
42106      title10 "%sysfunc(sasmsg(sashelp.dmine, rpt_eventtable_title    , NOQUOTE))";
MPRINT(EM_DIAGRAM):   title10 "Event Classification Table";
MPRINT(EM_DIAGRAM):   by notsorted DATAROLE notsorted TARGET notsorted TARGETLABEL;
MPRINT(EM_DIAGRAM):   run;
42107      by notsorted DATAROLE notsorted TARGET notsorted TARGETLABEL;
42108      run;

NOTE: There were 2 observations read from the data set EMWS1.TREE8_EMEVENTREPORT.
NOTE: The PROCEDURE PRINT printed page 11.
NOTE: PROCEDURE PRINT used (Total process time):
      real time           0.02 seconds
      cpu time            0.01 seconds
      

42109      title10;
MPRINT(EM_DIAGRAM):   title10;
42110      options &_cn;
MPRINT(EM_DIAGRAM):   options NOCENTER;
42111      proc datasets library=EMWS1 nolist;
MPRINT(EM_DIAGRAM):    proc datasets library=EMWS1 nolist;
42112      modify Tree8_EMRANK;
MPRINT(EM_DIAGRAM):   modify Tree8_EMRANK;
MPRINT(EM_DIAGRAM):   label target = "Target Variable";
42113      label target = "%sysfunc(sasmsg(sashelp.dmine, rpt_targetvar_vlabel ,   NOQUOTE))";
MPRINT(EM_DIAGRAM):   label datarole = "Data Role";
42114      label datarole = "%sysfunc(sasmsg(sashelp.dmine, rpt_datarole_vlabel ,    NOQUOTE))";
MPRINT(EM_DIAGRAM):   run;
42115      run;

NOTE: MODIFY was successful for EMWS1.TREE8_EMRANK.DATA.
42116      quit;
MPRINT(EM_DIAGRAM):   quit;

NOTE: PROCEDURE DATASETS used (Total process time):
      real time           0.05 seconds
      cpu time            0.06 seconds
      

42117      %let _cn = %sysfunc(getoption(CENTER));
42118      options nocenter;
MPRINT(EM_DIAGRAM):    options nocenter;
42119      proc print data=EMWS1.Tree8_EMRANK label noobs;
MPRINT(EM_DIAGRAM):   proc print data=EMWS1.Tree8_EMRANK label noobs;
42120      var
42121      decile gain lift liftc resp respc N _meanP_;
MPRINT(EM_DIAGRAM):   var decile gain lift liftc resp respc N _meanP_;
42122      by
42123      notsorted DATAROLE
42124      notsorted TARGET
42125      notsorted TARGETLABEL
42126      ;
MPRINT(EM_DIAGRAM):   by notsorted DATAROLE notsorted TARGET notsorted TARGETLABEL ;
42127      title9 ' ';
MPRINT(EM_DIAGRAM):   title9 ' ';
42128      title10 "%sysfunc(sasmsg(sashelp.dmine, rpt_scoreranking_title , NOQUOTE))";
MPRINT(EM_DIAGRAM):   title10 "Assessment Score Rankings";
MPRINT(EM_DIAGRAM):   run;
42129      run;

NOTE: There were 40 observations read from the data set EMWS1.TREE8_EMRANK.
NOTE: The PROCEDURE PRINT printed page 12.
NOTE: PROCEDURE PRINT used (Total process time):
      real time           0.02 seconds
      cpu time            0.01 seconds
      

42130      title10;
MPRINT(EM_DIAGRAM):   title10;
42131      options &_cn;
MPRINT(EM_DIAGRAM):   options NOCENTER;
42132      proc datasets library=EMWS1 nolist;
MPRINT(EM_DIAGRAM):    proc datasets library=EMWS1 nolist;
42133      modify Tree8_EMSCOREDIST;
MPRINT(EM_DIAGRAM):   modify Tree8_EMSCOREDIST;
MPRINT(EM_DIAGRAM):   label target = "Target Variable";
42134      label target = "%sysfunc(sasmsg(sashelp.dmine, rpt_targetvar_vlabel ,      NOQUOTE))";
MPRINT(EM_DIAGRAM):   label datarole = "Data Role";
42135      label datarole = "%sysfunc(sasmsg(sashelp.dmine, rpt_datarole_vlabel ,    NOQUOTE))";
MPRINT(EM_DIAGRAM):   run;
42136      run;

NOTE: MODIFY was successful for EMWS1.TREE8_EMSCOREDIST.DATA.
42137      quit;
MPRINT(EM_DIAGRAM):   quit;

NOTE: PROCEDURE DATASETS used (Total process time):
      real time           0.04 seconds
      cpu time            0.03 seconds
      

MPRINT(EM_DIAGRAM):    options nocenter;
MPRINT(EM_DIAGRAM):   proc print data=EMWS1.Tree8_EMSCOREDIST label noobs;
MPRINT(EM_DIAGRAM):   var p_label numberOfEvents numberOfNonEvents _meanp_ percentage;
MPRINT(EM_DIAGRAM):   by notsorted DATAROLE notsorted TARGET notsorted TARGETLABEL ;
MPRINT(EM_DIAGRAM):   where TARGET in( "diagnosis" );
MPRINT(EM_DIAGRAM):   title9 ' ';
MPRINT(EM_DIAGRAM):   title10 "Assessment Score Distribution";
MPRINT(EM_DIAGRAM):   run;
MPRINT(EM_DIAGRAM):   title10;
MPRINT(EM_DIAGRAM):   options NOCENTER;
MPRINT(EM_DIAGRAM):   proc printto;
MPRINT(EM_DIAGRAM):   run;
