MPRINT(EM_DIAGRAM):    data _null_;
MPRINT(EM_DIAGRAM):   call symput('NLDATE', strip(put(date(), NLDATE.)));
MPRINT(EM_DIAGRAM):   call symput('NLTIME', strip(put(datetime(), NLTIME.)));
MPRINT(EM_DIAGRAM):   run;
MPRINT(EM_DIAGRAM):   data _null_;
MPRINT(EM_DIAGRAM):   nldate= sasmsg("sashelp.dmine", "log_date_note", 'N', "October 03, 2026" );
MPRINT(EM_DIAGRAM):   nltime= sasmsg("sashelp.dmine", "log_time_note", 'N', "18:01:06" );
MPRINT(EM_DIAGRAM):   put "*------------------------------------------------------------*";
MPRINT(EM_DIAGRAM):   put "* Report Log";
MPRINT(EM_DIAGRAM):   put nldate;
MPRINT(EM_DIAGRAM):   put nltime;
MPRINT(EM_DIAGRAM):   put "*------------------------------------------------------------*";
MPRINT(EM_DIAGRAM):   run;
*------------------------------------------------------------*
* Report Log
Date:                October 03, 2026
Time:                18:01:06
*------------------------------------------------------------*
MPRINT(EM_DIAGRAM):    filename O1GX3YZG "C:\Users\student\OneDrive - Bryant University\Documents\GitHub\Projects_in_R\Assignments\Assignment 3\Workspaces\EMWS1\Tree\EMREPORT.out" encoding="UTF-8" NOBOM;
MPRINT(EM_DIAGRAM):   proc printto print=O1GX3YZG new;
MPRINT(EM_DIAGRAM):   run;
98074      data EMWS1.Tree_EMOUTFIT;
MPRINT(EM_DIAGRAM):    data EMWS1.Tree_EMOUTFIT;
98075      set EMWS1.Tree_EMOUTFIT;
MPRINT(EM_DIAGRAM):   set EMWS1.Tree_EMOUTFIT;
98076      length TargetLabel $200;
MPRINT(EM_DIAGRAM):   length TargetLabel $200;
98077      label targetLabel = "%sysfunc(sasmsg(sashelp.dmine, meta_targetlabel_vlabel, NOQUOTE))";
MPRINT(EM_DIAGRAM):   label targetLabel = "Target Label";
98078      run;
MPRINT(EM_DIAGRAM):   run;

NOTE: Variable TargetLabel is uninitialized.
NOTE: There were 1 observations read from the data set EMWS1.TREE_EMOUTFIT.
NOTE: The data set EMWS1.TREE_EMOUTFIT has 1 observations and 17 variables.
NOTE: DATA statement used (Total process time):
      real time           0.00 seconds
      cpu time            0.01 seconds
      

98079      proc sort data=EMWS1.Tree_EMREPORTFIT nothreads;
MPRINT(EM_DIAGRAM):    proc sort data=EMWS1.Tree_EMREPORTFIT nothreads;
98080      by TARGET;
MPRINT(EM_DIAGRAM):   by TARGET;
98081      run;
MPRINT(EM_DIAGRAM):   run;

NOTE: There were 8 observations read from the data set EMWS1.TREE_EMREPORTFIT.
NOTE: The data set EMWS1.TREE_EMREPORTFIT has 8 observations and 7 variables.
NOTE: PROCEDURE SORT used (Total process time):
      real time           0.05 seconds
      cpu time            0.00 seconds
      

98082      %let _EMwarndup = 0;
98083      %let _EMtargetdup =;
98084      %let _EMASEtargetdup =;
98085      data _null_;
MPRINT(EM_DIAGRAM):    data _null_;
98086      set EMWS1.Tree_EMOUTFIT;
MPRINT(EM_DIAGRAM):   set EMWS1.Tree_EMOUTFIT;
98087      if .<_ASE_<0.000001 then do;
MPRINT(EM_DIAGRAM):   if .<_ASE_<0.000001 then do;
98088      call symput('_EMwarndup', '1');
MPRINT(EM_DIAGRAM):   call symput('_EMwarndup', '1');
98089      call symput('_EMtargetdup', target);
MPRINT(EM_DIAGRAM):   call symput('_EMtargetdup', target);
98090      call symput('_EMASEtargetdup', put(_ASE_, best.));
MPRINT(EM_DIAGRAM):   call symput('_EMASEtargetdup', put(_ASE_, best.));
98091      end;
MPRINT(EM_DIAGRAM):   end;
98092      run;
MPRINT(EM_DIAGRAM):   run;

NOTE: There were 1 observations read from the data set EMWS1.TREE_EMOUTFIT.
NOTE: DATA statement used (Total process time):
      real time           0.01 seconds
      cpu time            0.00 seconds
      

98093      %let EMEXCEPTIONSTRING=;
98094      *------------------------------------------------------------*;
MPRINT(EM_DIAGRAM):    *------------------------------------------------------------*;
98095      * REPORT: Tree;
MPRINT(EM_DIAGRAM):   * REPORT: Tree;
98096      *------------------------------------------------------------*;
MPRINT(EM_DIAGRAM):   *------------------------------------------------------------*;
98097      %let EM_ACTION = REPORT;
98098      %let syscc = 0;
98099      %macro main;
98100      
98101        %if %upcase(&EM_ACTION) = CREATE %then %do;
98102          filename temp catalog 'sashelp.emmodl.tree_create.source';
98103          %include temp;
98104          filename temp;
98105      
98106          %em_tree_create;
98107        %end;
98108      
98109         %else
98110         %if %upcase(&EM_ACTION) = TRAIN %then %do;
98111      
98112             filename temp catalog 'sashelp.emmodl.tree_train.source';
98113             %include temp;
98114             filename temp;
98115             %em_tree_train;
98116         %end;
98117      
98118        %else
98119        %if %upcase(&EM_ACTION) = SCORE %then %do;
98120          filename temp catalog 'sashelp.emmodl.tree_score.source';
98121          %include temp;
98122          filename temp;
98123      
98124          %em_tree_score;
98125      
98126        %end;
98127      
98128        %else
98129        %if %upcase(&EM_ACTION) = REPORT %then %do;
98130      
98131             filename temp catalog 'sashelp.emmodl.tree_report.source';
98132             %include temp;
98133             filename temp;
98134      
98135             %em_tree_report;
98136         %end;
98137      
98138        %else
98139        %if %upcase(&EM_ACTION) = OPENINT %then %do;
98140      
98141             filename temp catalog 'sashelp.emmodl.tree_actions.source';
98142             %include temp;
98143             filename temp;
98144             %EM_TREE_OPENTREEVIEWER;
98145      
98146         %end;
98147      
98148        %else
98149        %if %upcase(&EM_ACTION) = CLOSEINT %then %do;
98150      
98151             filename temp catalog 'sashelp.emmodl.tree_actions.source';
98152             %include temp;
98153             filename temp;
98154             %EM_TREE_CLOSETREEVIEWER;
98155      
98156         %end;
98157      
98158      
98159         %doendm:
98160      %mend main;
98161      
98162      %main;
MPRINT(EM_DIAGRAM):    
MPRINT(MAIN):   filename temp catalog 'sashelp.emmodl.tree_report.source';
NOTE: %INCLUDE (level 1) file TEMP is file SASHELP.EMMODL.TREE_REPORT.SOURCE.
98164     +%macro em_tree_makePlotDs( multipleTar= );
98166     +  %EM_GETNAME(key=OUTSTATS, type=DATA);
98167     +  %EM_GETNAME(key=OUTNODES, type=DATA);
98168     +  %EM_GETNAME(key=TREE_PLOT, type=DATA);
98169     +  %EM_GETNAME(key=OUTRULES, type=DATA);
98171     +  /* determine if validation statistics will be displayed */
98172     +  %let validflag=N;
98173     +  %if "&EM_PROPERTY_SHOWVALID" eq "Y" %then %do;
98174     +    /* determine if validation data exists */
98175     +    %if &validexist AND ("&EM_PROPERTY_CV" ne "Y") %then %do;
98176     +      %let validflag=Y;
98177     +    %end;
98178     +  %end;
98180     +   /* retrieve name of decmeta even in presence of multiple targets */
98181     +   %let decmeta = ;
98182     +   %if &EM_DEC_DECMETA eq %then %do;
98183     +     data _Target;
98184     +       set &em_data_variableset;
98185     +       where ROLE='TARGET' and USE in('D', 'Y');
98186     +       keep NAME;
98187     +     run;
98188     +     proc sort data=_Target;
98189     +       by NAME;
98190     +     run;
98191     +     proc sort data=EM_TARGETDECINFO;
98192     +       by TARGET;
98193     +     run;
98194     +     data _Target;
98195     +       merge _Target(in=_a) EM_TARGETDECINFO(rename=(TARGET=NAME) );
98196     +       by NAME;
98197     +       if _a then do;
98198     +         call symput('decmeta', trim(DECMETA));
98199     +       end;
98200     +     run;
98201     +     proc delete data=_Target;run;
98202     +   %end;
98203     +   %else %let decmeta = &EM_DEC_DECMETA;
98206     +  /* retrieve targetEvent from decmeta */
98207     +  %let targetEvent=;
98208     +  %if "%EM_TARGET_LEVEL" ne "INTERVAL" %then %do;
98209     +    %if %sysfunc(exist(&DECMETA)) %then %do;
98210     +      data _null_;
98211     +       set &DECMETA(where=(_TYPE_="TARGET"));
98212     +       call symput('targetEvent', strip(tranwrd(EVENT,'"','""')));
98213     +      run;
98214     +    %end;
98215     +  %end;
98217     +  /* retrieve predicted var for targetEvent from decmeta */
98218     +  %let predTarget=;
98219     +  %let predLvl=;
98220     +  %if "%EM_TARGET_LEVEL" ne "INTERVAL" %then %do;
98221     +    %if %sysfunc(exist(&DECMETA)) %then %do;
98222     +      data _null_;
98223     +       set &DECMETA(where=(_TYPE_="PREDICTED" AND LEVEL="&targetEvent"));
98224     +       call symput('predTarget', strip(VARIABLE));
98225     +       call symput('predLvl', strip(LEVEL));
98226     +      run;
98227     +    %end;
98228     +  %end;
98229     +  %else %do;
98230     +    %if %sysfunc(exist(&DECMETA)) %then %do;
98231     +      data _null_;
98232     +       set &DECMETA(where=(_TYPE_="PREDICTED"));
98233     +       call symput('predTarget', strip(VARIABLE));
98234     +      run;
98235     +    %end;
98236     +  %end;
98238     +  /* create BelowText value */
98239     +  data belowtext;
98240     +    set &EM_USER_OUTRULES(where=(ROLE="PRIMARY" AND STAT="VARIABLE") rename=(character_value=belowtext));
98241     +    keep node belowtext;
98242     +  run;
98244     +  /* replace belowtext with variable label if it exists */
98245     +  data belowtext2;
98246     +    set &EM_USER_OUTRULES(where=(ROLE="PRIMARY" AND STAT="LABEL") rename=(character_value=belowtextlbl));
98247     +    keep node belowtextlbl;
98248     +  run;
98250     +  proc sort data=belowtext; by node; run;
98251     +  proc sort data=belowtext2; by node; run;
98253     +  data belowtext;
98254     +    merge belowtext belowtext2(in=_a);
98255     +    by node;
98256     +    if _a then belowtext=belowtextlbl;
98257     +    keep node belowtext;
98258     +  run;
98260     +  /* create AboveText value */
98261     +  data abovetext;
98262     +    set &EM_USER_OUTRULES(where=(ROLE="PRIMARY" AND STAT in ("INTERVAL", "ORDINAL", "NOMINAL")) );
98263     +  run;
98264     +  proc sort data=abovetext; by node numeric_value; run;
98266     +  %let sp_precision = %sysevalf(1 / 10**&EM_PROPERTY_SPLITPRECISION);
98267     +  data abovetext;
98268     +    set abovetext(rename=(node=parent));
98269     +    by parent numeric_value;
98270     +    retain abovetext tempstring flag branch origval origchar ;
98271     +    length abovetext $256;
98272     +    length tempstring origchar $64;
98274     +    if STAT in ("INTERVAL", "ORDINAL") then do;
98275     +      if first.parent then do;
98276     +        if missing(character_value) then do;
98277     +          numeric_value = round(numeric_value, &sp_precision);
98278     +          abovetext = "< "||strip(NUMERIC_VALUE);
98279     +          branch = 1;
98280     +          origval = numeric_value;
98281     +          output;
98282     +        end;
98283     +        else do;
98284     +          abovetext = "< "||strip(CHARACTER_VALUE);
98285     +          branch = 1;
98286     +          origchar = character_value;
98287     +          output;
98288     +        end;
98290     +        if first.parent AND last.parent then do;
98291     +          if missing(character_value) then do;
98292     +            numeric_value = round(numeric_value, &sp_precision);
98293     +            branch = branch + 1;
98294     +            abovetext = ">= "||strip(NUMERIC_VALUE);
98295     +            output;
98296     +          end;
98297     +          else do;
98298     +            branch = branch + 1;
98299     +            abovetext = ">= "||strip(CHARACTER_VALUE);
98300     +            output;
98301     +          end;
98302     +        end;
98303     +      end;
98304     +      else if last.parent then do;
98305     +        if ( missing(character_value) AND (origval ne numeric_value)) or ( ^missing(character_value) AND (origchar ne character_value)) then do;
98306     +          if missing(character_value) then do;
98307     +            numeric_value = round(numeric_value, &sp_precision);
98308     +            abovetext= "[ "||strip(origval)||", "|| strip(numeric_value)||" )";
98309     +          end;
98310     +          else do;
98311     +            abovetext= ">= "||strip(origchar)||" AND < "|| strip(character_value);
98312     +          end;
98313     +          branch = branch + 1;
98314     +          output;
98316     +          if missing(character_value) then do;
98317     +            numeric_value = round(numeric_value, &sp_precision);
98318     +            abovetext = ">= "||strip(NUMERIC_VALUE);
98319     +          end;
98320     +          else do;
98321     +            abovetext = ">= "||strip(CHARACTER_VALUE);
98322     +          end;
98323     +          branch = branch + 1;
98324     +          output;
98325     +        end;
98326     +        else do;
98327     +          if missing(character_value) then do;
98328     +            numeric_value = round(numeric_value, &sp_precision);
98329     +            abovetext = ">= "||strip(NUMERIC_VALUE);
98330     +          end;
98331     +          else do;
98332     +            abovetext = ">= "||strip(CHARACTER_VALUE);
98333     +          end;
98334     +          branch = branch + 1;
98335     +          output;
98336     +        end;
98337     +      end;
98338     +      else do;
98339     +        if ( missing(character_value) AND (origval ne numeric_value)) or ( ^missing(character_value) AND (origchar ne character_value)) then do;
98340     +          if missing(character_value) then do;
98341     +            numeric_value = round(numeric_value,&sp_precision);
98342     +            abovetext= "[ "||strip(origval)||", "|| strip(numeric_value)||" )";
98343     +            origval = numeric_value;
98344     +          end;
98345     +          else do;
98346     +            abovetext= ">= "||strip(origchar)||" AND < "|| strip(character_value);
98347     +            origchar = character_value;
98348     +          end;
98349     +          branch = branch + 1;
98350     +          output;
98352     +        end;
98353     +        else do;
98354     +          if missing(character_value) then do;
98355     +            numeric_value = round(numeric_value, &sp_precision);
98356     +            abovetext = ">= "||strip(NUMERIC_VALUE);
98357     +            origval = numeric_value;
98358     +          end;
98359     +          else do;
98360     +            abovetext = ">= "||strip(CHARACTER_VALUE);
98361     +            origval = character_value;
98362     +          end;
98363     +          branch = branch + 1;
98364     +          output;
98365     +        end;
98366     +      end;
98367     +    end;
98368     +    else do;
98369     +       if first.numeric_value then do;
98370     +         flag = 0;
98371     +         abovetext = strip(CHARACTER_VALUE);
98372     +         branch = numeric_value;
98373     +         if first.numeric_value AND last.numeric_value then do;
98374     +           output;
98375     +         end;
98376     +       end;
98377     +       else if last.numeric_value then do;
98378     +         if flag=0 then do;
98379     +           tempstring = strip(abovetext)||", "||strip(CHARACTER_VALUE);
98380     +           length = length(strip(tempstring));
98381     +           if length < 32 then do;
98382     +             abovetext = strip(tempstring);
98383     +           end;
98384     +           else do;
98385     +             abovetext = strip(abovetext)||", ...";
98386     +             flag = 1;
98387     +           end;
98388     +         end;
98389     +         branch = numeric_value;
98390     +         output;
98391     +       end;
98392     +       else do;
98393     +         if flag=0 then do;
98394     +           tempstring = strip(abovetext)||", "||strip(CHARACTER_VALUE);
98395     +           length = length(strip(tempstring));
98396     +           if length < 32 then do;
98397     +             abovetext = strip(tempstring);
98398     +           end;
98399     +           else do;
98400     +             abovetext = strip(abovetext)||", ...";
98401     +             flag=1;
98402     +           end;
98403     +         end;
98404     +         branch = numeric_value;
98405     +       end;
98406     +    end;
98407     +    keep parent branch abovetext;
98408     +  run;
98410     +  /* Missing value to abovetext */
98411     +  data tempmissing;
98412     +    set &EM_USER_OUTRULES;
98413     +    if ((ROLE="PRIMARY") AND (STAT in ("MISSING")));
98414     +    rename node=parent numeric_value=branch character_value=misschar;
98415     +  run;
98418     +  proc sort data=abovetext; by parent branch; run;
98419     +  proc sort data=tempmissing; by parent branch; run;
98420     +  proc sort data=&EM_USER_OUTNODES out=tempoutnodes; by parent branch; run;
98422     +  data tempoutnodes;
98423     +    merge abovetext tempoutNodes(drop=abovetext) tempmissing(in=_a);
98424     +    by parent branch;
98425     +    length traintotal validtotal 8;
98426     +    retain traintotal validtotal;
98428     +    if _a then do;
98429     +      if ^MISSING(abovetext) then do;
98430     +        abovetext= strip(abovetext)||" %sysfunc(sasmsg(sashelp.dmine, tree_ormiss_vlabel, noquote))";
98431     +      end;
98432     +      else do;
98433     +        abovetext = " %sysfunc(sasmsg(sashelp.dmine, tree_missonly_vlabel, noquote))";
98434     +      end;
98435     +    end;
98436     +    if MISSING(abovetext) then abovetext="%sysfunc(sasmsg(sashelp.dmine, tree_nonmiss_vlabel, noquote))";
98438     +    if node=1 then do;
98439     +      traintotal = N;
98440     +      validtotal=VN;
98441     +    end;
98443     +    drop role rank stat misschar belowtext;
98444     +  run;
98445     +  proc sort data=tempoutnodes; by node; run;
98446     +  proc sort data=belowtext; by node; run;
98448     +  data tempoutnodes;
98449     +    merge tempoutnodes belowtext;
98450     +    by node;
98452     +  run;
98454     +  /* determine if adjusted counts exists; if so, use these vs true counts */
98455     +  %let adjusted = N;
98456     +  %let npriors = 0;
98457     +  data _null_ ;
98458     +    set &EM_USER_outstats(where=(STATNAME="NPRIORS")) end=eof ;
98459     +    if eof then do ;
98460     +      call symput("npriors" , strip(put(_N_,best.))) ;
98461     +    end;
98462     +  run;
98463     +  %if &npriors gt 0 %then %let adjusted=Y;
98466     +  /* create a table with targetUsed and targetLevel columns for each node */
98467     +  data temptarmeta;
98468     +    set &EM_DATA_VARIABLESET(where=(ROLE='TARGET' AND LEVEL^='ORDINAL'
98469     +    %if &multipleTar eq N %then %do;
98470     +      AND USE in ('D', 'Y')
98471     +    %end;
98472     +    ));
98473     +    length TARGET $32;
98474     +    Target=name;
98475     +    keep target level;
98476     +  run;
98478     +  %if &multipleTar eq Y %then %do;
98479     +    data temptargetused;
98480     +      set &EM_USER_OUTSTATS(where=(STATNAME="TARGET"));
98481     +      keep node target;
98482     +    run;
98483     +    proc sort data=temptargetused; by target; run;
98484     +    proc sort data=temptarmeta; by target; run;
98485     +    data temptargetused;
98486     +      merge temptargetused(in=_a) temptarmeta(in=_b rename=(level=tarlevel));
98487     +      by target;
98488     +      if _a and _b;
98489     +    run;
98490     +  %end;
98491     +  %else %do;
98492     +    data temptargetused;
98493     +      set &EM_USER_OUTSTATS;
98494     +      length target $32 tarlevel $10;
98495     +      target="%EM_TARGET";
98496     +      tarlevel="%EM_TARGET_LEVEL";
98497     +      keep node target tarlevel;
98498     +    run;
98499     +    proc sort data=temptargetused nodupkey; by node; run;
98500     +  %end;
98502     +  /* merge this information back into outstats, keeping only stats for the target used in the tree */
98503     +  proc sort data=&EM_USER_OUTSTATS out=tempoutstats; by node; run;
98504     +  proc sort data=temptargetused; by node; run;
98507     +  /* create tables for all interval targets as well as all class targets */
98508     +  data tempinterval tempclass;
98509     +    merge tempoutstats temptargetused( rename=(target=targetused));
98510     +    by node;
98511     +    %if "&multipleTar" eq "Y" %then %do;
98512     +      if ((missing(Target)) OR (target=targetused ));
98513     +    %end;
98515     +    if tarlevel="INTERVAL" then output tempinterval;
98516     +    else output tempclass;
98517     +  run;
98519     +  /* initialize intTarget and classTarget flags */
98520     +  %let em_intNobs =0;
98521     +  %let em_classNobs = 0;
98522     +  %let em_intTarget= N;
98523     +  %let em_classTarget= N;
98525     +  proc sql;
98526     +    reset noprint;
98527     +    select count(*) into :em_intNobs from tempinterval;
98528     +  quit;
98529     +  proc sql;
98530     +    reset noprint;
98531     +    select count(*) into :em_classNobs from tempclass;
98532     +  quit;
98534     +  %if &em_intNobs gt 0 %then %let em_intTarget=Y;
98535     +  %if &em_classNobs gt 0 %then %let em_classTarget=Y;
98537     +  /* retrieve all information for interval targets */
98538     +  %if &em_intTarget eq Y %then %do;
98540     +    /* determine if leaf variable exists */
98541     +    %let dsid=%sysfunc(open(tempinterval,i));
98542     +    %let leafexists=%sysfunc(varnum(&dsid,LEAF));
98543     +    %let rc=%sysfunc(close(&dsid));
98545     +    proc transpose data=tempinterval
98546     +      %if &leafexists %then %do;
98547     +        (drop=leaf)
98548     +      %end;
98549     +      %if &validexist %then %do;
98550     +       out=tempinterval(keep=NODE N VALID: N PREDICTION VALID: PREDICTION RASE VALID: RASE rename=(VALID__N=VN VALID__PREDICTION=VPREDICTION VALID__RASE=VRASE)) ;
98551     +      %end;
98552     +      %else %do;
98553     +         out=tempinterval(keep=NODE N PREDICTION RASE ) ;
98554     +      %end;
98555     +      by node;
98556     +      id statname;
98557     +    run;
98558     +    data tempinterval;
98559     +      set tempinterval;
98560     +      if missing(N) then delete;
98561     +    run;
98562     +  %end;
98564     +  /* retrieve all information for class targets */
98565     +  %if &em_classTarget eq Y %then %do;
98566     +    proc sort data=tempclass; by node category; run;
98567     +    %if &validflag eq N %then %do;
98568     +      data tempn(keep=NODE STATVALUE) temppredict(Keep=NODE CATEGORY) tempprob(keep=NODE STATVALUE CATEGORY TARGET )
98569     +           tempprofit(KEEP=NODE STATVALUE CATEGORY  ) temploss(KEEP=NODE STATVALUE CATEGORY  );
98570     +    %end;
98571     +    %else %do;
98572     +     data tempn(keep=NODE STATVALUE STATNAME) temppredict(Keep=NODE CATEGORY) tempprob(keep=NODE STATVALUE CATEGORY TARGET ) tempvprob(keep=NODE STATVALUE CATEGORY TARGET )
98573     +          tempprofit(KEEP=NODE STATVALUE STATNAME CATEGORY ) temploss(KEEP=NODE STATVALUE STATNAME CATEGORY );
98574     +    %end;
98575     +      set tempclass;
98577     +      %if &validflag eq N %then %do;
98578     +        %if "&adjusted" eq "N" %then %do;
98579     +          if statname="N" then output tempn;
98580     +        %end;
98581     +        %else %do;
98582     +          if statname="NPRIORS" then output tempn;
98583     +        %end;
98584     +        else if statname="PREDICTION" then output temppredict;
98585     +        else if statname="PROBABILITY" then output tempprob;
98586     +        else if statname="ALTERNATIVE PROFIT" then output tempprofit;
98587     +        else if statname="ALTERNATIVE LOSS" then output temploss;
98588     +      %end;
98589     +      %else %do;
98590     +        %if "&adjusted" eq "N" %then %do;
98591     +          if ((statname="N") OR (statname="VALID: N")) then output tempn;
98592     +        %end;
98593     +        %else %do;
98594     +          if ((statname="NPRIORS") or (statname="VALID: NPRIORS") ) then output tempn;
98595     +        %end;
98596     +        else if statname="PREDICTION" then output temppredict;
98597     +        else if statname="PROBABILITY" then output tempprob;
98598     +        else if statname="VALID: PROBABILITY" then output tempvprob;
98599     +        else if ((statname="ALTERNATIVE PROFIT") or (statname="VALID: ALTERNATIVE PROFIT")) then output tempprofit;
98600     +        else if ((statname="ALTERNATIVE LOSS") OR (statname="VALID: ALTERNATIVE LOSS")) then output temploss;
98601     +      %end;
98602     +    run;
98605     +    /* determine if profit/loss exists in tempprofit */
98606     +    %let em_profitflag=0;
98607     +    %let em_lossflag=0;
98608     +    proc sql;
98609     +      reset noprint;
98610     +      select count(*) into :em_profitflag from tempprofit;
98611     +    quit;
98612     +    proc sql;
98613     +      reset noprint;
98614     +      select count(*) into :em_lossflag from temploss;
98615     +    quit;
98617     +    %if &validFlag eq Y %then %do;
98618     +      proc transpose data=tempn
98619     +        %if "&adjusted" eq "N" %then %do;
98620     +           out=tempn(keep=node N VALID__N rename=(VALID__N=VN));
98621     +        %end;
98622     +        %else %do;
98623     +           out=tempn(keep=node NPRIORS VALID__NPRIORS rename=( VALID__NPRIORS=VNPRIORS));
98624     +        %end;
98625     +        by node;
98626     +        id statname;
98627     +      run;
98628     +      %if &em_profitflag ne 0 %then %do;
98629     +        proc transpose data=tempprofit out=tempprofit;
98630     +          by node category;
98631     +          id statname ;
98632     +        run;
98633     +      %end;
98634     +      %if &em_lossflag ne 0 %then %do;
98635     +        proc transpose data=temploss out=temploss;
98636     +          by node category;
98637     +          id statname ;
98638     +        run;
98639     +      %end;
98640     +      data tempprob;
98641     +        merge tempprob tempvprob(rename=(statvalue=vstatvalue));
98642     +        by node
98643     +        %if &multipleTar eq Y %then %do;
98644     +          target
98645     +        %end;
98646     +        category;
98647     +      run;
98648     +    %end;
98650     +    /* store percentcorrect value */
98651     +    data temppredict;
98652     +      merge tempprob temppredict(in=_a);
98653     +      by node category;
98654     +      if _a then do;
98655     +        percentCorrect = statvalue;
98656     +        %if &validFlag eq Y %then %do;
98657     +          vpercentCorrect= vstatvalue;
98658     +        %end;
98659     +      end;
98660     +      label percentCorrect="%sysfunc(sasmsg(sashelp.dmine, rpt_percentcorrect_vlabel, noquote))"
98661     +      %if &validFlag eq Y %then %do;
98662     +         vpercentCorrect="%sysfunc(sasmsg(sashelp.dmine, rpt_vpercentcorrect_vlabel, noquote))"
98663     +      %end;
98664     +      ;
98665     +      if missing(percentCorrect) then delete;
98666     +      drop target;
98667     +    run;
98669     +    /* build profittext */
98670     +    %if ((&em_profitflag ne 0) OR (&em_lossflag ne 0)) %then %do;
98671     +      data tempprofittext(keep= node profittext profitloss);
98672     +        length profittext $800 profitloss 8.;
98673     +        retain profittext profitloss;
98675     +        merge tempprob
98676     +        %if &em_profitflag ne 0 %then %do;
98677     +          tempprofit
98678     +        %end;
98679     +        %else %if &em_lossflag ne 0 %then %do;
98680     +          temploss
98681     +        %end;
98682     +        ;
98683     +        by node category;
98685     +        /* EVENT ONLY IS NOT AVAILABLE FOR MULTIPLE TARGETS AS ONLY PRIMARY TARGET IS IN EM_TARGETDECINFO TO RETRIEVE EVENT LEVEL */
98686     +        %let profittype = &EM_PROPERTY_PROFITLOSS;
98687     +        %if ((&multipleTar eq Y) AND ("&EM_PROPERTY_PROFITLOSS" eq "EVENT"))  %then %do;
98688     +          %let profittype = ALL;
98689     +        %end;
98691     +        /* create the profitloss variable for nodecolor if selected */
98692     +        label profitloss="%sysfunc(sasmsg(sashelp.dmine, rpt_profitloss_vlabel, noquote))";
98694     +        %if "&profittype" eq "ALL" %then %do;
98695     +          if strip(CATEGORY)="&targetEvent" then do;
98696     +            profitloss=statvalue;
98697     +          end;
98698     +          if first.node then do;
98699     +            %if &validFlag eq N %then %do;
98700     +             %if &em_profitflag ne 0 %then %do;
98701     +                 profittext="%sysfunc(sasmsg(sashelp.dmine, rpt_profit_vlabel, noquote )): "||strip(CATEGORY)||": "||"09"x||put(STATVALUE, 14.&EM_PROPERTY_SPLITPRECISION);
98702     +             %end;
98703     +             %if &em_lossflag ne 0 %then %do;
98704     +                 profittext="%sysfunc(sasmsg(sashelp.dmine, rpt_loss_vlabel, noquote )): "||strip(CATEGORY)||": "||"09"x||put(STATVALUE, 14.&EM_PROPERTY_SPLITPRECISION);
98705     +             %end;
98706     +            %end;
98707     +            %else %do;
98708     +             %if &em_profitflag ne 0 %then %do;
98709     +                profittext="%sysfunc(sasmsg(sashelp.dmine, rpt_profit_vlabel, noquote )): "||strip(CATEGORY)||": "||"09"x||put(ALTERNATIVE_PROFIT, 14.&EM_PROPERTY_SPLITPRECISION)||"09"x||put(VALID__ALTERNATIVE_PROFIT,
98709    !+14.&EM_PROPERTY_SPLITPRECISION);
98710     +             %end;
98711     +             %if &em_lossflag ne 0 %then %do;
98712     +                profittext="%sysfunc(sasmsg(sashelp.dmine, rpt_loss_vlabel, noquote )): "||strip(CATEGORY)||": "||"09"x||put(ALTERNATIVE_LOSS, 14.&EM_PROPERTY_SPLITPRECISION)||"09"x||put(VALID__ALTERNATIVE_LOSS, 14.&EM_PROPERTY_SPLITPRECISION);
98713     +             %end;
98714     +            %end;
98715     +          end;
98716     +          else if last.node then do;
98717     +            %if &validFlag eq N %then %do;
98718     +             %if &em_profitflag ne 0 %then %do;
98719     +                 profittext=strip(profittext)||"0A"x||"%sysfunc(sasmsg(sashelp.dmine, rpt_profit_vlabel, noquote )): "||strip(CATEGORY)||": "||"09"x||put(STATVALUE, 14.&EM_PROPERTY_SPLITPRECISION);
98720     +             %end;
98721     +             %if &em_lossflag ne 0 %then %do;
98722     +                 profittext=strip(profittext)||"0A"x||"%sysfunc(sasmsg(sashelp.dmine, rpt_loss_vlabel, noquote )): "||strip(CATEGORY)||": "||"09"x||put(STATVALUE, 14.&EM_PROPERTY_SPLITPRECISION);
98723     +             %end;
98724     +             /*if CATEGORY="&targetEvent" then do;
98725     +               profitloss=statvalue;
98726     +             end;*/
98727     +            %end;
98728     +            %else %do;
98729     +             %if &em_profitflag ne 0 %then %do;
98730     +                profittext=strip(profittext)||"0A"x||"%sysfunc(sasmsg(sashelp.dmine, rpt_profit_vlabel, noquote )): "||strip(CATEGORY)||": "||"09"x||put(ALTERNATIVE_PROFIT, 14.&EM_PROPERTY_SPLITPRECISION)||"09"x||put(VALID__ALTERNATIVE_PROFIT,
98730    !+14.&EM_PROPERTY_SPLITPRECISION);
98731     +                if CATEGORY="&targetEvent" then do;
98732     +                 profitloss=ALTERNATIVE_PROFIT;
98733     +                end;
98734     +             %end;
98735     +             %if &em_lossflag ne 0 %then %do;
98736     +                profittext=strip(profittext)||"0A"x||"%sysfunc(sasmsg(sashelp.dmine, rpt_loss_vlabel, noquote )): "||strip(CATEGORY)||": "||"09"x||put(ALTERNATIVE_LOSS, 14.&EM_PROPERTY_SPLITPRECISION)||"09"x||put(VALID__ALTERNATIVE_LOSS,
98736    !+14.&EM_PROPERTY_SPLITPRECISION);
98737     +                if CATEGORY="&targetEvent" then do;
98738     +                  profitloss=ALTERNATIVE_LOSS;
98739     +                end;
98740     +             %end;
98741     +            %end;
98742     +            output;
98743     +          end;
98744     +          else do;
98745     +            %if &validFlag eq N %then %do;
98746     +             %if &em_profitflag ne 0 %then %do;
98747     +                 profittext=strip(profittext)||"0A"x||"%sysfunc(sasmsg(sashelp.dmine, rpt_profit_vlabel, noquote )): "||strip(CATEGORY)||": "||"09"x||put(STATVALUE, 14.&EM_PROPERTY_SPLITPRECISION);
98748     +             %end;
98749     +             %if &em_lossflag ne 0 %then %do;
98750     +                 profittext=strip(profittext)||"0A"x||"%sysfunc(sasmsg(sashelp.dmine, rpt_loss_vlabel, noquote )): "||strip(CATEGORY)||": "||"09"x||put(STATVALUE, 14.&EM_PROPERTY_SPLITPRECISION);
98751     +             %end;
98752     +            %end;
98753     +            %else %do;
98754     +             %if &em_profitflag ne 0 %then %do;
98755     +                profittext=strip(profittext)||"0A"x||"%sysfunc(sasmsg(sashelp.dmine, rpt_profit_vlabel, noquote )): "||strip(CATEGORY)||": "||"09"x||put(ALTERNATIVE_PROFIT, 14.&EM_PROPERTY_SPLITPRECISION)||"09"x||put(VALID__ALTERNATIVE_PROFIT,
98755    !+14.&EM_PROPERTY_SPLITPRECISION);
98756     +             %end;
98757     +             %if &em_lossflag ne 0 %then %do;
98758     +                profittext=strip(profittext)||"0A"x||"%sysfunc(sasmsg(sashelp.dmine, rpt_loss_vlabel, noquote )): "||strip(CATEGORY)||": "||"09"x||put(ALTERNATIVE_LOSS, 14.&EM_PROPERTY_SPLITPRECISION)||"09"x||put(VALID__ALTERNATIVE_LOSS,
98758    !+14.&EM_PROPERTY_SPLITPRECISION);
98759     +             %end;
98760     +            %end;
98761     +          end;
98762     +        %end;
98763     +        %else %if (("&profittype" eq "EVENT") AND ("&targetEvent" ne "" )) %then %do;
98764     +          if strip(CATEGORY) = "&targetevent" then do;
98765     +            %if &validFlag eq N %then %do;
98766     +             %if &em_profitflag ne 0 %then %do;
98767     +                 profittext="%sysfunc(sasmsg(sashelp.dmine, rpt_profit_vlabel, noquote )): "||strip(CATEGORY)||": "||"09"x||put(STATVALUE, 14.&EM_PROPERTY_SPLITPRECISION);
98768     +             %end;
98769     +             %if &em_lossflag ne 0 %then %do;
98770     +                 profittext="%sysfunc(sasmsg(sashelp.dmine, rpt_loss_vlabel, noquote )): "||strip(CATEGORY)||": "||"09"x||put(STATVALUE, 14.&EM_PROPERTY_SPLITPRECISION);
98771     +             %end;
98772     +             profitloss=statvalue;
98773     +            %end;
98774     +            %else %do;
98775     +             %if &em_profitflag ne 0 %then %do;
98776     +                profittext="%sysfunc(sasmsg(sashelp.dmine, rpt_profit_vlabel, noquote )): "||strip(CATEGORY)||": "||"09"x||put(ALTERNATIVE_PROFIT, 14.&EM_PROPERTY_SPLITPRECISION)||"09"x||put(VALID__ALTERNATIVE_PROFIT,
98776    !+14.&EM_PROPERTY_SPLITPRECISION);
98777     +                profitloss=ALTERNATIVE_PROFIT;
98778     +             %end;
98779     +             %if &em_lossflag ne 0 %then %do;
98780     +                profittext="%sysfunc(sasmsg(sashelp.dmine, rpt_loss_vlabel, noquote )): "||strip(CATEGORY)||": "||"09"x||put(ALTERNATIVE_LOSS, 14.&EM_PROPERTY_SPLITPRECISION)||"09"x||put(VALID__ALTERNATIVE_LOSS, 14.&EM_PROPERTY_SPLITPRECISION);
98781     +                profitloss=ALTERNATIVE_LOSS;
98782     +             %end;
98783     +            %end;
98784     +            output;
98785     +          end;
98786     +        %end;
98787     +        %else %if (("&profittype" eq "NONE") AND ("&targetEvent" ne "" )) %then %do;
98788     +          if strip(CATEGORY) = "&targetevent" then do;
98789     +            %if &validFlag eq N %then %do;
98790     +             profitloss=statvalue;
98791     +            %end;
98792     +            %else %do;
98793     +             %if &em_profitflag ne 0 %then %do;
98794     +                profitloss=ALTERNATIVE_PROFIT;
98795     +             %end;
98796     +             %if &em_lossflag ne 0 %then %do;
98797     +                profitloss=ALTERNATIVE_LOSS;
98798     +             %end;
98799     +            %end;
98800     +            output;
98801     +          end;
98802     +        %end;
98803     +      run;
98804     +    %end;
98806     +    data tempprob(keep= node probtext);
98807     +      length probtext $800;
98808     +      retain probtext;
98809     +      set tempprob ;
98810     +      by node;
98812     +      /* EVENT ONLY IS NOT AVAILABLE FOR MULTIPLE TARGETS AS ONLY PRIMARY TARGET IS IN EM_TARGETDECINFO TO RETRIEVE EVENT LEVEL */
98813     +      %let probtype = &EM_PROPERTY_TARGET;
98814     +      %if ((&multipleTar eq Y) AND ("&EM_PROPERTY_TARGET" eq "EVENT"))  %then %do;
98815     +        %let probtype = ALL;
98816     +      %end;
98818     +      %if "&probtype" eq "ALL" %then %do;
98819     +        if first.node then do;
98820     +          %if &validFlag eq N %then %do;
98821     +            probtext=strip(CATEGORY)||": "||"09"x||put(statvalue, percent10.2);
98822     +          %end;
98823     +          %else %do;
98824     +            probtext=strip(CATEGORY)||": "||"09"x||put(statvalue, percent10.2)||"09"x||put(vstatvalue, percent10.2);
98825     +          %end;
98826     +        end;
98827     +        else if last.node then do;
98828     +          %if &validFlag eq N %then %do;
98829     +            probtext=strip(probtext)||"0A"x||strip(CATEGORY)||": "||"09"x||put(statvalue, percent10.2);
98830     +          %end;
98831     +          %else %do;
98832     +            probtext=strip(probtext)||"0A"x||strip(CATEGORY)||": "||"09"x||put(statvalue, percent10.2)||"09"x||put(vstatvalue, percent10.2);
98833     +          %end;
98834     +          output;
98835     +        end;
98836     +        else do;
98837     +          %if &validFlag eq N %then %do;
98838     +            probtext=strip(probtext)||"0A"x||strip(CATEGORY)||": "||"09"x||put(statvalue, percent10.2);
98839     +          %end;
98840     +          %else %do;
98841     +            probtext=strip(probtext)||"0A"x||strip(CATEGORY)||": "||"09"x||put(statvalue, percent10.2)||"09"x||put(vstatvalue, percent10.2);
98842     +          %end;
98843     +        end;
98844     +      %end;
98845     +      %else %if (("&probtype" eq "EVENT") AND ("&targetEvent" ne "" )) %then %do;
98846     +        if strip(CATEGORY) = "&targetevent" then do;
98847     +          %if &validFlag eq N %then %do;
98848     +            probtext=strip(CATEGORY)||": "||"09"x||put(statvalue, percent10.2);
98849     +          %end;
98850     +          %else %do;
98851     +            probtext=strip(CATEGORY)||": "||"09"x||put(statvalue, percent10.2)||"09"x||put(vstatvalue, percent10.2);
98852     +          %end;
98853     +          output;
98854     +        end;
98855     +      %end;
98856     +      %else %if "&probtype" eq "NONE" %then %do;
98857     +        if last.node then do;
98858     +          output;
98859     +        end;
98860     +      %end;
98861     +    run;
98862     +  %end;
98864     +  proc sort data=tempoutnodes out=tempoutnodes; by node; run;
98866     +  %let oldexists=0;
98867     +  %if %sysfunc(exist(&EM_USER_TREE_PLOT)) %then %do;
98868     +     data old_tree_plot;
98869     +        set &EM_USER_TREE_PLOT(keep=node nodecolor);
98870     +        rename nodecolor=oldnodecolor;
98871     +     run;
98873     +     proc sort data=old_tree_plot;
98874     +        by node;
98875     +     run;
98877     +     %let oldexists=1;
98878     +  %end;
98880     +  data &EM_USER_TREE_PLOT;
98881     +    length textall $800;
98882     +    merge tempoutnodes temptargetused
98884     +    %if &em_intTarget eq Y %then %do;
98885     +      tempinterval
98886     +    %end;
98888     +    %if &em_classTarget eq Y %then %do;
98890     +      %if &validFlag eq N %then %do;
98891     +        tempn(rename=(statvalue=N))
98892     +      %end;
98893     +      %else %do;
98894     +        tempn
98895     +      %end;
98897     +      temppredict tempprob
98899     +      %if ((&em_profitflag ne 0) OR (&em_lossflag ne 0)) %then %do;
98900     +        tempprofittext
98901     +      %end;
98902     +    %end;
98903     +    ;
98904     +    by node;
98906     +    /* build nodetext based on user selection */
98907     +    textall="";
98909     +    %if &em_intTarget eq Y %then %do;
98910     +    if tarlevel="INTERVAL" then do;
98911     +      /* Nodeid */
98912     +      %if "&EM_PROPERTY_SHOWNODEID" eq "Y" %then %do;
98913     +        textall=strip(textall)||"0A"x||"%sysfunc(sasmsg(sashelp.dmine, rpt_nodeId_vlabel, noquote )): "||"09"x||strip(Node);
98914     +      %end;
98916     +      /* Target identifier if multiple targets are used */
98917     +      %if "&multipleTar" eq "Y" %then %do;
98918     +        textall=strip(textall)||"0A"x||"%sysfunc(sasmsg(sashelp.dmine, rpt_target_title, noquote, )) "||"09"x||strip(target);
98919     +      %end;
98921     +      %if &validFlag eq Y %then %do;
98922     +         /* Column labels displayed in validflag eq Y only */
98923     +         %if (("&EM_PROPERTY_AVG" eq "Y") OR ("&EM_PROPERTY_RASE" eq "Y") OR ("&EM_PROPERTY_COUNT" eq "Y")) %then %do;
98924     +           textall=strip(textall)||"0A"x||"%sysfunc(sasmsg(sashelp.dmine, rpt_rptstatistic_vlabel, noquote)) "||"09"x||"%sysfunc(sasmsg(sashelp.dmine, rpt_train_vlabel , noquote ))" ||"09"x|| "%sysfunc(sasmsg(sashelp.dmine, rpt_validate_vlabel ,
98924    !+ noquote ))";
98925     +         %end;
98927     +         /* Average values */
98928     +         %if "&EM_PROPERTY_AVG" eq "Y" %then %do;
98929     +           textall=strip(textall)||"0A"x||"%sysfunc(sasmsg(sashelp.dmine, rpt_average_vlabel, noquote)): "||"09"x||put(PREDICTION, 14.&EM_PROPERTY_SPLITPRECISION)||"09"x||put(VPREDICTION, 14.&EM_PROPERTY_SPLITPRECISION);
98930     +         %end;
98932     +         /* RASE */
98933     +         %if "&EM_PROPERTY_RASE" eq "Y" %then %do;
98934     +           textall=strip(textall)||"0A"x||"%sysfunc(sasmsg(sashelp.dmine, rpt_rase_vlabel, noquote)): "||"09"x||put(RASE, 14.&EM_PROPERTY_SPLITPRECISION)||"09"x||put(VRASE, 14.&EM_PROPERTY_SPLITPRECISION);
98935     +         %end;
98937     +         /* Count */
98938     +         %if "&EM_PROPERTY_COUNT" eq "Y" %then %do;
98939     +           textall=strip(textall)||"0A"x||" %sysfunc(sasmsg(sashelp.dmine, rpt_rptcount_vlabel, noquote )): "||"09"x||strip(N)||"09"x||strip(VN);
98940     +         %end;
98941     +      %end;
98942     +      %else %do;
98943     +         /* Average values */
98944     +         %if "&EM_PROPERTY_AVG" eq "Y" %then %do;
98945     +           textall=strip(textall)||"0A"x||"%sysfunc(sasmsg(sashelp.dmine, rpt_average_vlabel, noquote)): "||"09"x||put(PREDICTION, 14.&EM_PROPERTY_SPLITPRECISION);
98946     +         %end;
98948     +         /* RASE */
98949     +         %if "&EM_PROPERTY_RASE" eq "Y" %then %do;
98950     +           textall=strip(textall)||"0A"x||"%sysfunc(sasmsg(sashelp.dmine, rpt_rase_vlabel, noquote)): "||"09"x||put(RASE, 14.&EM_PROPERTY_SPLITPRECISION);
98951     +         %end;
98953     +         /* Count */
98954     +         %if "&EM_PROPERTY_COUNT" eq "Y" %then %do;
98955     +           textall=strip(textall)||"0A"x||" %sysfunc(sasmsg(sashelp.dmine, rpt_rptcount_vlabel, noquote )): "||"09"x||strip(N);
98956     +         %end;
98957     +      %end;
98959     +      /* nodecolor */
98960     +      %if "&EM_PROPERTY_INTCOLORBY" eq "AVG" %then %do;
98961     +        nodecolor=PREDICTION;
98962     +      %end;
98963     +      %else %if "&EM_PROPERTY_INTCOLORBY" eq "RASE" %then %do;
98964     +        nodecolor=RASE;
98965     +      %end;
98966     +      %else %if "&EM_PROPERTY_INTCOLORBY" eq "SINGLE" %then %do;
98967     +        nodecolor=1;
98968     +      %end;
98970     +    end;
98971     +    %end;
98972     +    %if &em_classTarget eq Y %then %do;
98973     +    if tarlevel^="INTERVAL" then  do;
98975     +      /* Nodeid */
98976     +      %if "&EM_PROPERTY_SHOWNODEID" eq "Y" %then %do;
98977     +        textall=strip(textall)||"0A"x||"%sysfunc(sasmsg(sashelp.dmine, rpt_nodeId_vlabel, noquote )): "||"09"x||strip(Node);
98978     +      %end;
98979     +      /* Target identifier if multiple targets are used */
98980     +      %if "&multipleTar" eq "Y" %then %do;
98981     +        textall=strip(textall)||"0A"x||"%sysfunc(sasmsg(sashelp.dmine, rpt_target_title, noquote, )) "||"09"x||strip(target);
98982     +      %end;
98984     +      /* Predicted values */
98985     +      %if "&EM_PROPERTY_PRED" eq "Y" %then %do;
98986     +        textall=strip(textall)||"0A"x||"%sysfunc(sasmsg(sashelp.dmine, rpt_pls_score_predvalue, noquote, )): "||"09"x||strip(CATEGORY);
98987     +      %end;
98989     +      /* Column labels displayed in validflag eq Y only */
98990     +      %if "&ValidFlag" eq "Y" %then %do;
98991     +        %if (("&EM_PROPERTY_TARGET" ne "NONE") OR ("&EM_PROPERTY_PROFITLOSS" ne "NONE") OR ("&EM_PROPERTY_PERCENTCORRECT" eq "Y") OR ("&EM_PROPERTY_COUNT" eq "Y")) %then %do;
98992     +           textall=strip(textall)||"0A"x||"%sysfunc(sasmsg(sashelp.dmine, rpt_rptstatistic_vlabel, noquote)) "||"09"x||"%sysfunc(sasmsg(sashelp.dmine, rpt_train_vlabel , noquote ))" ||"09"x|| "%sysfunc(sasmsg(sashelp.dmine, rpt_validate_vlabel ,
98992    !+ noquote ))";
98993     +        %end;
98994     +      %end;
98996     +      /* Target Values */
98997     +      %if "&EM_PROPERTY_TARGET" ne "NONE" %then %do;
98998     +        textall=strip(textall)||"0A"x||strip(probtext);
98999     +      %end;
99001     +      /* include profit or loss for all target levels */
99002     +      %if ( "&EM_PROPERTY_PROFITLOSS" ne "NONE" AND ((&em_profitflag ne 0) OR (&em_lossflag ne 0))) %then %do;
99003     +        textall=strip(textall)||"0A"x||strip(profittext);
99004     +      %end;
99006     +      %if &validFlag eq N %then %do;
99007     +        /* Percent Correct */
99008     +        %if "&EM_PROPERTY_PERCENTCORRECT" eq "Y" %then %do;
99009     +          textall=strip(textall)||"0A"x||"Percent Correct: "||"09"x||strip(put(percentcorrect, percent10.2));
99010     +        %end;
99012     +         /* Count */
99013     +         %if "&EM_PROPERTY_COUNT" eq "Y" %then %do;
99014     +          %if "&adjusted" eq "N" %then %do;
99015     +            textall=strip(textall)||"0A"x||" %sysfunc(sasmsg(sashelp.dmine, rpt_rptcount_vlabel, noquote )): "||"09"x||strip(put(N, best12.));
99016     +          %end;
99017     +          %else %do;
99018     +            textall=strip(textall)||"0A"x||" %sysfunc(sasmsg(sashelp.dmine, rpt_rptcount_vlabel, noquote )): "||"09"x||strip(put(NPRIORS, 15.&EM_PROPERTY_SPLITPRECISION));
99019     +          %end;
99020     +         %end;
99021     +      %end;
99022     +      %else %do;
99023     +        /* Percent Correct */
99024     +        %if "&EM_PROPERTY_PERCENTCORRECT" eq "Y" %then %do;
99025     +          textall=strip(textall)||"0A"x||"Percent Correct: "||"09"x||strip(put(percentcorrect, percent10.2))||"09"x||strip(put(vpercentcorrect, percent10.2));
99026     +        %end;
99028     +         /* Count */
99029     +         %if "&EM_PROPERTY_COUNT" eq "Y" %then %do;
99030     +          %if "&adjusted" eq "N" %then %do;
99031     +           textall=strip(textall)||"0A"x||" %sysfunc(sasmsg(sashelp.dmine, rpt_rptcount_vlabel, noquote )): "||"09"x||strip(put(N, best12.))||"09"x||strip(put(VN, best12.));
99032     +          %end;
99033     +          %else %do;
99034     +           textall=strip(textall)||"0A"x||" %sysfunc(sasmsg(sashelp.dmine, rpt_rptcount_vlabel, noquote )): "||"09"x||strip(put(NPRIORS,15.&EM_PROPERTY_SPLITPRECISION))||"09"x||strip(put(VNPRIORS,15.&EM_PROPERTY_SPLITPRECISION));
99035     +          %end;
99036     +         %end;
99037     +      %end;
99039     +      /* nodecolor */
99040     +      %if "&EM_PROPERTY_CLASSCOLORBY" eq "PERCENTEVENT" %then %do;
99041     +       %if &multipleTar ne Y %then %do;
99042     +        nodecolor=&predTarget;
99043     +       %end;
99044     +       %else %do;
99045     +         nodecolor=percentcorrect;
99046     +       %end;
99047     +      %end;
99048     +      %else %if "&EM_PROPERTY_CLASSCOLORBY" eq "PERCENTCORRECT" %then %do;
99049     +        nodecolor=percentcorrect;
99050     +      %end;
99051     +      %else %if "&EM_PROPERTY_CLASSCOLORBY" eq "SINGLE" %then %do;
99052     +        nodecolor=1;
99053     +      %end;
99054     +      %else %if "&EM_PROPERTY_CLASSCOLORBY" eq "PROFITLOSS" %then %do;
99055     +        %if ((&em_profitflag eq 0) AND (&em_lossflag eq 0)) %then %do;
99056     +          nodecolor=percentcorrect;
99057     +        %end;
99058     +        %else %do;
99059     +          nodecolor=profitloss;
99060     +        %end;
99061     +      %end;
99063     +    end;
99064     +    %end;
99065     +    %if &em_intTarget eq Y %then %do;
99066     +     drop  PREDICTION  TARGET TARLEVEL
99067     +     %if &ValidFlag eq Y %then %do;
99068     +         VPREDICTION
99069     +     %end;
99070     +     ;
99071     +    %end;
99072     +    %if &em_classTarget eq Y %then %do;
99073     +     drop CATEGORY PROBTEXT  TARGET TARLEVEL STATVALUE
99074     +     %if &ValidFlag eq Y %then %do;
99075     +         VSTATVALUE
99076     +     %end;
99077     +     ;
99078     +    %end;
99080     +  run;
99082     +  /* add leaf index information to plotds - based on primary target only*/
99083     +  %if "%EM_TARGET_LEVEL" ne "INTERVAL" %then %do;
99084     +    data tempprob(keep=node statname statvalue rename=(statvalue=&predTarget));
99085     +      set &EM_USER_OUTSTATS;
99086     +      if ((statname="PROBABILITY"
99087     +      %if &validexist %then %do;
99088     +       or statname="VALID: PROBABILITY"
99089     +      %end;
99090     +      ) AND (CATEGORY="&TARGETEVENT")
99091     +      %if "&multipleTar" eq "Y" %then %do;
99092     +        AND (Target="%EM_TARGET")
99093     +      %end;
99094     +      );
99095     +    run;
99097     +    %if &validexist %then %do;
99098     +      proc sort data=tempprob; by node; run;
99099     +      %let vpredTarget = V%substr(&predTarget, 2);
99100     +      proc transpose data=tempprob out=tempprob(keep=NODE PROBABILITY VALID__PROBABILITY rename=(PROBABILITY=&predTarget VALID__PROBABILITY=&vpredTarget));
99101     +         by node;
99102     +         id statname;
99103     +      run;
99104     +    %end;
99105     +  %end;
99106     +  %else %do;
99107     +    data tempprob(keep=node statname statvalue rename=(statvalue=&predTarget));
99108     +      set &EM_USER_OUTSTATS;
99109     +      if ((statname="PREDICTION"
99110     +      %if &validexist %then %do;
99111     +       or statname="VALID: PREDICTION"
99112     +      %end;
99113     +      )
99114     +      %if "&multipleTar" eq "Y" %then %do;
99115     +        AND (Target="%EM_TARGET")
99116     +      %end;
99117     +      );
99118     +    run;
99119     +    %if &validexist %then %do;
99120     +      proc sort data=tempprob; by node; run;
99121     +      %let vpredTarget = V%substr(&predTarget, 2);
99122     +      proc transpose data=tempprob out=tempprob(keep=NODE PREDICTION VALID__PREDICTION rename=(PREDICTION=&predTarget VALID__PREDICTION=&vpredTarget));
99123     +         by node;
99124     +         id statname;
99125     +      run;
99126     +    %end;
99127     +  %end;
99129     +  proc sort data=tempprob; by node; run;
99130     +  data tempoutnodes;
99131     +    merge tempoutnodes tempprob;
99132     +    by node;
99133     +  run;
99135     +  proc sort data=tempoutnodes out=tempnodes; by descending &predTarget; run;
99136     +  data tempnodes;
99137     +    retain traintotal validtotal;
99138     +    set tempnodes(where=(leaf ne . ));
99139     +    tprob=round(&predTarget, .01);
99140     +    %if "%EM_TARGET_LEVEL" ne "INTERVAL" %then %do;
99141     +      percevent_train=round(tprob*100, .01);
99142     +    %end;
99143     +    %else %do;
99144     +      percevent_train=tprob;
99145     +    %end;
99147     +    perc_train=round((n/traintotal)*100, 0.01);
99148     +    /* leafwidth already has a *10 multiplier */
99149     +    if missing(perc_train) then perc_train = round(linkwidth*10, 0.01);
99151     +    %if &validexist %then %do;
99152     +      %let vpredTarget = V%substr(&predTarget,2);
99153     +      vprob=round(&vpredTarget, .01);
99154     +      %if "%EM_TARGET_LEVEL" ne "INTERVAL" %then %do;
99155     +        percevent_valid=round(vprob*100, .01);
99156     +      %end;
99157     +      %else %do;
99158     +        percevent_valid=vprob;
99159     +      %end;
99160     +      perc_valid=round((vn/validtotal)*100, .01);
99161     +    %end;
99163     +    index=_N_;
99164     +    keep node index tprob perc_train percevent_train
99165     +    %if &validexist %then %do;
99166     +        vprob percevent_valid perc_valid
99167     +    %end;
99168     +    ;
99169     +  run;
99170     +  proc sort data=tempnodes; by node; run;
99171     +  data &EM_USER_TREE_PLOT;
99172     +    merge &EM_USER_TREE_PLOT tempnodes %if &oldexists %then old_tree_plot;;
99173     +    by node;
99174     +    if missing(node) then delete;
99175     +    %if &oldexists %then %do;
99176     +      if missing(nodecolor) then nodecolor=oldnodecolor;
99177     +      drop oldnodecolor;
99178     +    %end;
99179     +    abovetext = compbl(abovetext);
99181     +    /* add variable labels */
99182     +    label textall      = "%sysfunc(sasmsg(sashelp.dmine, rpt_textall_vlabel, noquote))"
99183     +          parent       = "%sysfunc(sasmsg(sashelp.dmine, rpt_parentId_vlabel, noquote))"
99184     +          node         = "%sysfunc(sasmsg(sashelp.dmine, rpt_nodeid_vlabel, noquote))"
99185     +          abovetext    = "%sysfunc(sasmsg(sashelp.dmine, rpt_abovetext_vlabel, noquote))"
99186     +          traintotal   = "%sysfunc(sasmsg(sashelp.dmine, rpt_traintotal_vlabel, noquote))"
99187     +          nodecolor    = "%sysfunc(sasmsg(sashelp.dmine, rpt_nodecolor_vlabel, noquote))"
99189     +          %if "%EM_TARGET_LEVEL" ne "INTERVAL" %then %do;
99190     +            tprob        = "%sysfunc(sasmsg(sashelp.dmine, rpt_prob_vlabel, noquote, %nrbquote(&targetEvent)))"
99191     +            percevent_train = "%sysfunc(sasmsg(sashelp.dmine, rpt_percevent_train_vlabel, noquote))"
99192     +            perc_train      = "%sysfunc(sasmsg(sashelp.dmine, rpt_perc_train_vlabel, noquote))"
99193     +          %end;
99194     +          %else %do;
99195     +            tprob           = "%sysfunc(sasmsg(sashelp.dmine, rpt_average_vlabel, noquote))"
99196     +            percevent_train = "%sysfunc(sasmsg(sashelp.dmine, rpt_perc_int_train_vlabel, noquote))"
99197     +            perc_train = "%sysfunc(sasmsg(sashelp.dmine, rpt_perc_train_vlabel, noquote))"
99198     +          %end;
99199     +          index           = "%sysfunc(sasmsg(sashelp.dmine, meta_index_vlabel, noquote))"
99201     +          validtotal      = "%sysfunc(sasmsg(sashelp.dmine, rpt_validtotal_vlabel, noquote))"
99202     +          VN              = "%sysfunc(sasmsg(sashelp.dmine, rpt_validn_vlabel, noquote))"
99203     +          %if "%EM_TARGET_LEVEL" ne "INTERVAL" %then %do;
99204     +            vprob           = "%sysfunc(sasmsg(sashelp.dmine, rpt_vprob_vlabel, noquote, %nrbquote(&targetEvent)))"
99205     +            perc_valid      = "%sysfunc(sasmsg(sashelp.dmine, rpt_perc_valid_vlabel, noquote))"
99206     +            percevent_valid = "%sysfunc(sasmsg(sashelp.dmine, rpt_percevent_valid_vlabel, noquote))"
99207     +          %end;
99208     +          %else %do;
99209     +            vprob           = "%sysfunc(sasmsg(sashelp.dmine, rpt_validaverage_vlabel, noquote))"
99210     +            perc_valid = "%sysfunc(sasmsg(sashelp.dmine, rpt_perc_valid_vlabel, noquote))"
99211     +            percevent_valid = "%sysfunc(sasmsg(sashelp.dmine, rpt_perc_int_valid_vlabel, noquote))"
99212     +          %end;
99213     +    ;
99214     +  run;
99216     +  /* delete temporary tables */
99217     +  proc datasets lib=work nolist;
99218     +    delete abovetext belowtext tempoutnodes tempmissing temp tempnodes tempstats;
99219     +  run;
99221     +%mend em_tree_makePlotDs;
99225     +%macro em_tree_report;
99227     +   /* report properties */
99228     +   %em_checkmacro(name=EM_PROPERTY_Precision, value=4, global=Y);
99229     +   %em_checkmacro(name=EM_PROPERTY_SplitPrecision, value=4, global=Y);
99230     +   %em_checkmacro(name=EM_PROPERTY_ClassColorBy, value=PERCENTCORRECT, global=Y);
99231     +   %em_checkmacro(name=EM_PROPERTY_IntColorBy, value=AVG, global=Y);
99232     +   %em_checkmacro(name=EM_PROPERTY_ShowNodeId, value=Y, global=Y);
99233     +   %em_checkmacro(name=EM_PROPERTY_ShowValid, value=Y, global=Y);
99234     +   %em_checkmacro(name=EM_PROPERTY_Pred, value=N, global=Y);
99235     +   %em_checkmacro(name=EM_PROPERTY_Target, value=ALL, global=Y);
99236     +   %em_checkmacro(name=EM_PROPERTY_Count, value=Y, global=Y);
99237     +   %em_checkmacro(name=EM_PROPERTY_PercentCorrect, value=N, global=Y);
99238     +   %em_checkmacro(name=EM_PROPERTY_ProfitLoss, value=NONE, global=Y);
99239     +   %em_checkmacro(name=EM_PROPERTY_AVG, value=Y, global=Y);
99240     +   %em_checkmacro(name=EM_PROPERTY_RASE, value=N, global=Y);
99242     +   %let validexist=0;
99243     +   %if (("&EM_IMPORT_VALIDATE" ne "") AND (%sysfunc(exist(&EM_IMPORT_VALIDATE)) or %sysfunc(exist(&EM_IMPORT_VALIDATE,VIEW)))) %then %do;
99244     +     %let validexist=1;
99245     +   %end;
99247     +   /* determine if multiple targets will be processed */
99248     +   %let em_tree_multipleTargets=N;
99249     +   %let em_tree_numTarget=1;
99250     +   %if "&EM_PROPERTY_USEMULTIPLETARGET" eq "Y" %then %do;
99251     +      /* determine if there are any ordinal target variables - if so, multiple targets are not supported */
99252     +      %if &EM_NUM_ORDINAL_TARGET gt 0 %then %do;
99253     +         %let em_tree_multipleTargets=N;
99254     +      %end;
99255     +      %else %do;
99256     +        data _null_;
99257     +          set &EM_DATA_VARIABLESET(where=(ROLE='TARGET' AND LEVEL^='ORDINAL')) end=eof;
99258     +          if eof then
99259     +            call symput('em_tree_numTarget', strip(put(_N_, BEST.)));
99260     +        run;
99262     +        %if &em_tree_numTarget gt 1 %then %do;
99263     +           %let em_tree_multipleTargets=Y;
99264     +        %end;
99265     +     %end;
99266     +   %end;
99268     +  %if "&em_tree_multipleTargets" eq "N" %then %do;
99270     +   /* variable importance */
99271     +   %EM_GETNAME(key=OUTIMPORT, type=DATA);
99272     +   %if %sysfunc(exist(&EM_USER_OUTIMPORT)) eq 1 %then %do;
99274     +     /* determine if vars exists - properties could indicate they are they but freeze=Y would mean the node wasn't retrained */
99275     +     /* and the columns may not be generated                                                                                 */
99276     +     %let em_tree_cvexists=;
99277     +     %let em_tree_surrexists=.;
99278     +     data _null_;
99279     +       set &EM_USER_OUTIMPORT (obs=2) end=eof;
99280     +       if eof then do ;
99281     +        call symput("em_tree_cvexists" , strip(put(cvimportance,best.))) ;
99282     +        call symput("em_tree_surrexists", strip(put(nsurrogates, best.)));
99283     +       end;
99284     +     run;
99286     +     data &EM_USER_OUTIMPORT;
99287     +         set &EM_USER_OUTIMPORT;
99288     +         /* format columns based on Precison value specified */
99289     +         format importance 15.&EM_PROPERTY_PRECISION
99290     +              %if &validexist %then %do;
99291     +                vimportance ratio 15.&EM_PROPERTY_PRECISION
99292     +              %end;
99293     +              %if "&EM_TREE_CVEXISTS" ne "." %then %do;
99294     +                cvimportance vimportance ratio 15.&EM_PROPERTY_PRECISION
99295     +              %end;
99296     +         ;
99297     +     run;
99299     +     title10 "%sysfunc(sasmsg(sashelp.dmine, rpt_variableImportance_title  , NOQUOTE))";
99300     +     proc print data=&EM_USER_OUTIMPORT
99301     +        %if "&EM_TREE_SURREXISTS" ne "." %then %do;
99302     +          (where=((nrules>0) OR (nsurrogates>0)))
99303     +        %end;
99304     +        %else %do;
99305     +           (where=(nrules>0))
99306     +        %end;
99307     +        label noobs
99308     +        ;
99309     +     run;
99310     +     title10;
99312     +   %end;
99314     +   /* Sequence */
99315     +   %EM_GETNAME(key=OUTSEQ, type=DATA);
99316     +   %EM_GETNAME(key=OUTOBSIMP, type=DATA);
99317     +   data _null_ ;
99318     +      set &EM_USER_outseq (obs=2) end=eof ;
99319     +      if eof then do ;
99320     +        call symput("em_tree_xase" , strip(put(_XASE_,best.))) ;
99321     +        call symput("em_tree_vase" , strip(put(_VASE_, best.)));
99322     +        call symput("em_tree_seq"  , strip(put(_SEQUENCE_, best.)));
99323     +        call symput("em_tree_vseq"  , strip(put(_VSEQUENCE_, best.)));
99324     +        call symput("em_tree_aprof" , strip(put(_APROF_, best.)));
99325     +        call symput("em_tree_aloss" , strip(put(_ALOSS_, best.)));
99326     +        call symput("em_tree_prior" , strip(put(_PASE_, best.)));
99327     +      end;
99328     +    run;
99330     +   %if %sysfunc(exist(&EM_USER_OUTSEQ)) eq 1 %then %do;
99331     +      data &EM_USER_OUTSEQ;
99332     +      %if (("&EM_PROPERTY_CV" eq "Y") AND ("&em_tree_xase" ne ".")) %then %do;
99333     +        set &EM_USER_OUTSEQ(rename=(_XASE_=_VASE_ _XMAX_=_VMAX_ _XSSE_=_VSSE_ _XRASE_=_VRASE_
99334     +        %if "%EM_TARGET_LEVEL" ne "INTERVAL" %then %do;
99335     +           _XMISC_=_VMISC_
99336     +        %end;
99337     +        %if "&em_tree_aprof" ne "."  %then %do;
99338     +           _XAPROF_=_VAPROF_
99339     +           _XPROF_ = _VPROF_
99340     +        %end;
99341     +        %if "&em_tree_aloss" ne "."  %then %do;
99342     +           _XALOSS_=_VALOSS_
99343     +        %end;
99344     +        %if "&EM_TREE_PRIOR" ne "." %then %do;
99345     +           _XPASE_ = _VPASE_
99346     +           _XPMISC_ = _VPMISC_
99347     +        %end;
99349     +        ));
99350     +     %end;
99351     +     %else %do;
99352     +        set &EM_USER_OUTSEQ;
99353     +     %end;
99355     +     format _ASE_  _ASSESS_ _MAX_ _SSE_ _RASE_  15.&EM_PROPERTY_PRECISION
99356     +         %if "%EM_TARGET_LEVEL" ne "INTERVAL" %then %do;
99357     +            _MISC_   15.&EM_PROPERTY_PRECISION
99358     +         %end;
99359     +         %if "&EM_TREE_PRIOR" ne "." %then %do;
99360     +            _PASE_  15.&EM_PROPERTY_PRECISION
99361     +            _PMISC_ 15.&EM_PROPERTY_PRECISION
99362     +         %end;
99363     +         %if (("&EM_PROPERTY_CV" eq "Y") AND (("&em_tree_xase" ne ".") or ("&em_tree_vase" ne "."))) %then %do;
99364     +            _VASE_  _VASSESS_ _VMAX_ _VSSE_ _VRASE_ _COST_COMPLEXITY_ 15.&EM_PROPERTY_PRECISION
99365     +            %if "%EM_TARGET_LEVEL" ne "INTERVAL" %then %do;
99366     +               _VMISC_ 15.&EM_PROPERTY_PRECISION
99367     +            %end;
99368     +            %if "&EM_TREE_PRIOR" ne "." %then %do;
99369     +              _VPASE_  15.&EM_PROPERTY_PRECISION
99370     +              _VPMISC_ 15.&EM_PROPERTY_PRECISION
99371     +            %end;
99372     +         %end;
99373     +         %if (("&EM_PROPERTY_CV" eq "N") AND &validexist) %then %do;
99374     +            _VASE_  _VASSESS_ _VMAX_ _VSSE_ _VRASE_  15.&EM_PROPERTY_PRECISION
99375     +            %if "%EM_TARGET_LEVEL" ne "INTERVAL" %then %do;
99376     +               _VMISC_ 15.&EM_PROPERTY_PRECISION
99377     +            %end;
99378     +         %end;
99379     +         %if "&em_tree_seq" ne "." %then %do;
99380     +           _SEQUENCE_ 15.&EM_PROPERTY_PRECISION
99381     +         %end;
99382     +         %if "&em_tree_vseq" ne "." %then %do;
99383     +           _VSEQUENCE_  15.&EM_PROPERTY_PRECISION
99384     +         %end;
99385     +         %if "&em_tree_aprof" ne "." %then %do;
99386     +           _APROF_ 15.&EM_PROPERTY_PRECISION
99387     +           _PROF_ 15.&EM_PROPERTY_PRECISION
99388     +           %if (("&EM_PROPERTY_CV" eq "Y") OR &validexist) %then %do;
99389     +             _VAPROF_ 15.&EM_PROPERTY_PRECISION
99390     +             _VPROF_ 15.&EM_PROPERTY_PRECISION
99391     +           %end;
99392     +         %end;
99393     +         %else %if "&em_tree_aloss" ne "." %then %do;
99394     +           _ALOSS_  15.&EM_PROPERTY_PRECISION
99395     +           %if (("&EM_PROPERTY_CV" eq "Y") OR &validexist) %then %do;
99396     +             _VALOSS_ 15.&EM_PROPERTY_PRECISION
99397     +           %end;
99398     +         %end;
99399     +      ;
99400     +    run;
99401     +   %end;
99403     +   /* Observation Based Importance */
99404     +   %if (  ("&EM_PROPERTY_OBSIMPORTANCE" eq "Y") AND ( %sysfunc(exist(&EM_USER_OUTOBSIMP)) eq 1)) %then %do;
99406     +      /* need to check for 0 obs */
99407     +      %let dsid = %sysfunc(open(&EM_USER_OUTOBSIMP));
99408     +      %let onobs=%sysfunc(attrn(&dsid,NOBS));
99409     +      %let rc=%sysfunc(close(&dsid));
99411     +      %if &onobs %then %do;
99412     +         proc sort data=&EM_USER_OUTOBSIMP; by _INPUT1_; run;
99413     +         proc sort data=&em_data_variableset out=_tempvars; by NAME; run;
99415     +         data &EM_USER_OUTOBSIMP;
99416     +           merge _tempvars(rename=(NAME=_INPUT1_) keep=NAME LABEL) &EM_USER_OUTOBSIMP(in=_a)  ;
99417     +           if _a;
99418     +           by _INPUT1_;
99419     +           format  _ASE_ _MAX_ _SSE_ _RASE_ 15.&EM_PROPERTY_PRECISION
99420     +                   %if "%EM_TARGET_LEVEL" ne "INTERVAL" %then %do;
99421     +                     _MISC_ 15.&EM_PROPERTY_PRECISION
99422     +                   %end;
99423     +                   ;
99424     +         run;
99425     +         %EM_REPORT(key=OUTOBSIMP, viewtype=DATA, block=MODEL, description=OBSIMPFIT, autodisplay=N);
99426     +      %end;
99427     +   %end;
99429     +  %end;
99431     +  /* create dataset to support tree diagram and icicle plot */
99432     +  %EM_GETNAME(key=TREE_PLOT, type=DATA);
99433     +  %em_tree_makePlotDs(multipleTar = &em_tree_multipleTargets);
99435     +  /* display tree diagram */
99436     +  %em_report(key=TREE_PLOT, viewtype=DTree, id=NODE, parent=PARENT, nodetext=NODETEXT, tipText=TEXTALL, abovetext=ABOVETEXT, belowText=BELOWTEXT,
99437     +             nodesize=N, nodecolor=NODECOLOR, linkwidth=LINKWIDTH,  block=MODEL, description=TREE, autodisplay=Y);
99439     +  /* display icicle diagram */
99440     +  %em_report(key=TREE_PLOT, viewtype=Icicle, id=NODE, parent=PARENT, nodetext=NODETEXT, tipText=TEXTALL,
99441     +             nodesize=N, nodecolor=NODECOLOR, block=MODEL, description=ICICLE, autodisplay=Y);
99443     +  /* Leaf Statistics Plot */
99444     +  %em_report(key=TREE_PLOT, viewtype=AREABAR, x=NODE, y=PERCEVENT_TRAIN, WIDTH=PERC_TRAIN,block=MODEL, description=VARWIDTH, autodisplay=N);
99446     +  /* print leaf information to output window */
99447     +  %if %sysfunc(exist(&EM_USER_TREE_PLOT)) eq 1 %then %do;
99449     +     proc sort data=&EM_USER_TREE_PLOT out=t;
99450     +       by descending N;
99451     +     run;
99453     +     /* determine if vn is present in the data -- combinations of decisions/partition/cv cause the proc not to generate this stat */
99454     +     %local vn;
99455     +     data _null_;
99456     +       set t (obs=2) end=eof;
99457     +       if eof then do;
99458     +         call symput("vn", strip(put(vn, best.)));
99459     +       end;
99460     +     run;
99462     +     data t;
99463     +       set t;
99464     +       label N="%sysfunc(sasmsg(sashelp.dmine, rpt_trainingobs_vlabel  , NOQUOTE))"
99465     +             DEPTH="%sysfunc(sasmsg(sashelp.dmine, rpt_depth_vlabel  , NOQUOTE))"
99466     +       %if "%EM_TARGET_LEVEL" eq "INTERVAL" %then %do;
99467     +            tprob = "%sysfunc(sasmsg(sashelp.dmine, rpt_trainaverage_vlabel  , NOQUOTE))"
99468     +            RASE="%sysfunc(sasmsg(sashelp.dmine, rpt_trainrase_vlabel  , NOQUOTE))"
99469     +       %end;
99470     +       %if (("&EM_IMPORT_VALIDATE" ne "") AND (%sysfunc(exist(&EM_IMPORT_VALIDATE)) eq 1)) %then %do;
99471     +            VN="%sysfunc(sasmsg(sashelp.dmine, rpt_validobs_vlabel  , NOQUOTE))"
99472     +           %if "%EM_TARGET_LEVEL" eq "INTERVAL" %then %do;
99473     +              vprob = "%sysfunc(sasmsg(sashelp.dmine, rpt_validaverage_vlabel  , NOQUOTE))"
99474     +              VRASE="%sysfunc(sasmsg(sashelp.dmine, rpt_validrase_vlabel  , NOQUOTE))"
99475     +          %end;
99476     +       %end;
99477     +       ;
99478     +     run;
99480     +     /* determine if rase is found in t */
99481     +    %let dsid=%sysfunc(open(t,i));
99482     +    %let raseexists=%sysfunc(varnum(&dsid,RASE));
99483     +    %let rc=%sysfunc(close(&dsid));
99485     +     title10 "%sysfunc(sasmsg(sashelp.dmine, rpt_treeleafreport_title  , NOQUOTE))";
99486     +     proc print data=t noobs label;
99487     +       where tprob ne .;
99488     +       var node depth N tprob
99489     +       %if (("&EM_IMPORT_VALIDATE" ne "") AND (%sysfunc(exist(&EM_IMPORT_VALIDATE)) eq 1)) %then %do;
99490     +         %if "&vn" ne "." %then %do;
99491     +           VN
99492     +         %end;
99493     +         vprob
99494     +       %end;
99495     +       %if &raseexists %then %do;
99496     +            RASE
99497     +            %if ( ("&EM_IMPORT_VALIDATE" ne "") AND (%sysfunc(exist(&EM_IMPORT_VALIDATE)) eq 1) AND ("&EM_PROPERTY_CV" eq "N")) %then %do;
99498     +              VRASE
99499     +            %end;
99500     +       %end;
99501     +       ;
99502     +     run;
99503     +     title10;
99504     +  %end;
99506     +  /* create plots that are done during training of node */
99507     +  /* display iterative plot, including reference line */
99508     +  %if "&em_Tree_multipleTargets" eq "N" %then %do;
99509     +   /* %if &nleaves eq  %then %do; */
99510     +      %EM_GETNAME(key=OUTTOPOLOGY, type=DATA);
99511     +      data _null_;
99512     +        set &EM_USER_OUTTOPOLOGY end=eof;
99513     +        if eof then do;
99514     +          call symput('nleaves', LEAF);
99515     +        end;
99516     +      run;
99517     +   /* %end; */
99519     +    %EM_REPORT(KEY=OUTSEQ, VIEWTYPE=ITERATIONPLOT, block=MODEL,  X=_NW_, XRef=&Nleaves, autodisplay=N, Description=SUBTREE);
99520     +    /*%EM_REPORT(view=1, Y=_ASE_); */
99521     +  %end;
99523     +  /* display leaf statistics */
99524     +  %EM_REPORT(KEY=TREE_PLOT, VIEWTYPE=RESPONSEBAR, block=MODEL, view=1, X=INDEX, Y1=tprob, y2=vprob, where=%nrbquote(INDEX ne .), autodisplay=Y, Description=LEAFSTATS);
99526     +  /* stats by node if multiple targets = Y */
99527     +  %EM_GETNAME(key=OUTSTATS, type=DATA);
99528     +  %if "&em_tree_multipleTargets" eq "Y" %then %do;
99529     +    data &EM_USER_OUTSTATS;
99530     +      set &EM_USER_OUTSTATS;
99532     +     * if STATNAME="TARGET" then delete;
99533     +     * if STATNAME="PREDICTION" and STATVALUE=. then delete;
99534     +      drop leaf;
99535     +    run;
99536     +    %EM_REPORT(key=OUTSTATS, viewtype=DATA, block=MODEL, description=OUTSTATS, autodisplay=N);
99538     +  %end;
99539     +  %else %do;
99540     +    /* add outstats and outdescribe to spk but not results */
99541     +    %EM_REPORT(viewtype=, key=OUTSTATS);
99542     +  %end;
99544     +%mend em_tree_report;
NOTE: %INCLUDE (level 1) ending.
MPRINT(MAIN):   filename temp;
NOTE: Fileref TEMP has been deassigned.
MPRINT(EM_TREE_REPORT):  ;
MPRINT(EM_TREE_REPORT):  ;
MPRINT(EM_TREE_REPORT):  ;
MPRINT(EM_TREE_REPORT):  ;
MPRINT(EM_TREE_REPORT):  ;
MPRINT(EM_TREE_REPORT):  ;
MPRINT(EM_TREE_REPORT):  ;
MPRINT(EM_TREE_REPORT):  ;
MPRINT(EM_TREE_REPORT):  ;
MPRINT(EM_TREE_REPORT):  ;
MPRINT(EM_TREE_REPORT):  ;
MPRINT(EM_TREE_REPORT):  ;
MPRINT(EM_TREE_REPORT):  ;
MPRINT(EM_TREE_REPORT):  ;
MPRINT(EM_TREE_REPORT):   data _null_;
MPRINT(EM_TREE_REPORT):   set EMWS1.Tree_OUTIMPORT (obs=2) end=eof;
MPRINT(EM_TREE_REPORT):   if eof then do ;
MPRINT(EM_TREE_REPORT):   call symput("em_tree_cvexists" , strip(put(cvimportance,best.))) ;
MPRINT(EM_TREE_REPORT):   call symput("em_tree_surrexists", strip(put(nsurrogates, best.)));
MPRINT(EM_TREE_REPORT):   end;
MPRINT(EM_TREE_REPORT):   run;

NOTE: Variable cvimportance is uninitialized.
NOTE: Variable nsurrogates is uninitialized.
NOTE: There were 2 observations read from the data set EMWS1.TREE_OUTIMPORT.
NOTE: DATA statement used (Total process time):
      real time           0.00 seconds
      cpu time            0.00 seconds
      

MPRINT(EM_TREE_REPORT):   data EMWS1.Tree_OUTIMPORT;
MPRINT(EM_TREE_REPORT):   set EMWS1.Tree_OUTIMPORT;
MPRINT(EM_TREE_REPORT):   format importance 15.4 vimportance ratio 15.4 ;
MPRINT(EM_TREE_REPORT):   run;

NOTE: There were 27 observations read from the data set EMWS1.TREE_OUTIMPORT.
NOTE: The data set EMWS1.TREE_OUTIMPORT has 27 observations and 6 variables.
NOTE: DATA statement used (Total process time):
      real time           0.00 seconds
      cpu time            0.01 seconds
      

MPRINT(EM_TREE_REPORT):   title10 "Variable Importance";
MPRINT(EM_TREE_REPORT):   proc print data=EMWS1.Tree_OUTIMPORT (where=(nrules>0)) label noobs ;
MPRINT(EM_TREE_REPORT):   run;

NOTE: There were 3 observations read from the data set EMWS1.TREE_OUTIMPORT.
      WHERE nrules>0;
NOTE: The PROCEDURE PRINT printed page 40.
NOTE: PROCEDURE PRINT used (Total process time):
      real time           0.00 seconds
      cpu time            0.00 seconds
      

MPRINT(EM_TREE_REPORT):   title10;
MPRINT(EM_TREE_REPORT):  ;
MPRINT(EM_TREE_REPORT):  ;
MPRINT(EM_TREE_REPORT):   data _null_ ;
MPRINT(EM_TREE_REPORT):   set EMWS1.Tree_OUTSEQ (obs=2) end=eof ;
MPRINT(EM_TREE_REPORT):   if eof then do ;
MPRINT(EM_TREE_REPORT):   call symput("em_tree_xase" , strip(put(_XASE_,best.))) ;
MPRINT(EM_TREE_REPORT):   call symput("em_tree_vase" , strip(put(_VASE_, best.)));
MPRINT(EM_TREE_REPORT):   call symput("em_tree_seq" , strip(put(_SEQUENCE_, best.)));
MPRINT(EM_TREE_REPORT):   call symput("em_tree_vseq" , strip(put(_VSEQUENCE_, best.)));
MPRINT(EM_TREE_REPORT):   call symput("em_tree_aprof" , strip(put(_APROF_, best.)));
MPRINT(EM_TREE_REPORT):   call symput("em_tree_aloss" , strip(put(_ALOSS_, best.)));
MPRINT(EM_TREE_REPORT):   call symput("em_tree_prior" , strip(put(_PASE_, best.)));
MPRINT(EM_TREE_REPORT):   end;
MPRINT(EM_TREE_REPORT):   run;

NOTE: Variable _XASE_ is uninitialized.
NOTE: Variable _SEQUENCE_ is uninitialized.
NOTE: Variable _VSEQUENCE_ is uninitialized.
NOTE: Variable _APROF_ is uninitialized.
NOTE: Variable _ALOSS_ is uninitialized.
NOTE: Variable _PASE_ is uninitialized.
NOTE: There were 2 observations read from the data set EMWS1.TREE_OUTSEQ.
NOTE: DATA statement used (Total process time):
      real time           0.00 seconds
      cpu time            0.01 seconds
      

MPRINT(EM_TREE_REPORT):   data EMWS1.Tree_OUTSEQ;
MPRINT(EM_TREE_REPORT):   set EMWS1.Tree_OUTSEQ;
MPRINT(EM_TREE_REPORT):   format _ASE_ _ASSESS_ _MAX_ _SSE_ _RASE_ 15.4
MPRINT(EM_TREE_REPORT):   _MISC_ 15.4 _VASE_ _VASSESS_ _VMAX_ _VSSE_ _VRASE_ 15.4
MPRINT(EM_TREE_REPORT):   _VMISC_ 15.4 ;
MPRINT(EM_TREE_REPORT):   run;

NOTE: There were 10 observations read from the data set EMWS1.TREE_OUTSEQ.
NOTE: The data set EMWS1.TREE_OUTSEQ has 10 observations and 20 variables.
NOTE: DATA statement used (Total process time):
      real time           0.01 seconds
      cpu time            0.00 seconds
      

MPRINT(EM_TREE_REPORT):  ;
MPRINT(EM_TREE_MAKEPLOTDS):  ;
MPRINT(EM_TREE_MAKEPLOTDS):  ;
MPRINT(EM_TREE_MAKEPLOTDS):  ;
MPRINT(EM_TREE_MAKEPLOTDS):  ;
MPRINT(EM_TREE_MAKEPLOTDS):   data _null_;
MPRINT(EM_TREE_MAKEPLOTDS):   set EMWS1.Tree_diagnosis_DM(where=(_TYPE_="TARGET"));
MPRINT(EM_TREE_MAKEPLOTDS):   call symput('targetEvent', strip(tranwrd(EVENT,'"','""')));
MPRINT(EM_TREE_MAKEPLOTDS):   run;

NOTE: There were 1 observations read from the data set EMWS1.TREE_DIAGNOSIS_DM.
      WHERE _TYPE_='TARGET';
NOTE: DATA statement used (Total process time):
      real time           0.00 seconds
      cpu time            0.00 seconds
      

MPRINT(EM_TREE_MAKEPLOTDS):   data _null_;
MPRINT(EM_TREE_MAKEPLOTDS):   set EMWS1.Tree_diagnosis_DM(where=(_TYPE_="PREDICTED" AND LEVEL="M"));
MPRINT(EM_TREE_MAKEPLOTDS):   call symput('predTarget', strip(VARIABLE));
MPRINT(EM_TREE_MAKEPLOTDS):   call symput('predLvl', strip(LEVEL));
MPRINT(EM_TREE_MAKEPLOTDS):   run;

NOTE: There were 1 observations read from the data set EMWS1.TREE_DIAGNOSIS_DM.
      WHERE (_TYPE_='PREDICTED') and (LEVEL='M');
NOTE: DATA statement used (Total process time):
      real time           0.00 seconds
      cpu time            0.00 seconds
      

MPRINT(EM_TREE_MAKEPLOTDS):   data belowtext;
MPRINT(EM_TREE_MAKEPLOTDS):   set EMWS1.Tree_OUTRULES(where=(ROLE="PRIMARY" AND STAT="VARIABLE") rename=(character_value=belowtext));
MPRINT(EM_TREE_MAKEPLOTDS):   keep node belowtext;
MPRINT(EM_TREE_MAKEPLOTDS):   run;

NOTE: There were 4 observations read from the data set EMWS1.TREE_OUTRULES.
      WHERE (ROLE='PRIMARY') and (STAT='VARIABLE');
NOTE: The data set WORK.BELOWTEXT has 4 observations and 2 variables.
NOTE: DATA statement used (Total process time):
      real time           0.00 seconds
      cpu time            0.01 seconds
      

MPRINT(EM_TREE_MAKEPLOTDS):   data belowtext2;
MPRINT(EM_TREE_MAKEPLOTDS):   set EMWS1.Tree_OUTRULES(where=(ROLE="PRIMARY" AND STAT="LABEL") rename=(character_value=belowtextlbl));
MPRINT(EM_TREE_MAKEPLOTDS):   keep node belowtextlbl;
MPRINT(EM_TREE_MAKEPLOTDS):   run;

NOTE: There were 1 observations read from the data set EMWS1.TREE_OUTRULES.
      WHERE (ROLE='PRIMARY') and (STAT='LABEL');
NOTE: The data set WORK.BELOWTEXT2 has 1 observations and 2 variables.
NOTE: DATA statement used (Total process time):
      real time           0.01 seconds
      cpu time            0.01 seconds
      

MPRINT(EM_TREE_MAKEPLOTDS):   proc sort data=belowtext;
MPRINT(EM_TREE_MAKEPLOTDS):   by node;
MPRINT(EM_TREE_MAKEPLOTDS):   run;

NOTE: There were 4 observations read from the data set WORK.BELOWTEXT.
NOTE: The data set WORK.BELOWTEXT has 4 observations and 2 variables.
NOTE: PROCEDURE SORT used (Total process time):
      real time           0.01 seconds
      cpu time            0.00 seconds
      

MPRINT(EM_TREE_MAKEPLOTDS):   proc sort data=belowtext2;
MPRINT(EM_TREE_MAKEPLOTDS):   by node;
MPRINT(EM_TREE_MAKEPLOTDS):   run;

NOTE: There were 1 observations read from the data set WORK.BELOWTEXT2.
NOTE: The data set WORK.BELOWTEXT2 has 1 observations and 2 variables.
NOTE: PROCEDURE SORT used (Total process time):
      real time           0.01 seconds
      cpu time            0.01 seconds
      

MPRINT(EM_TREE_MAKEPLOTDS):   data belowtext;
MPRINT(EM_TREE_MAKEPLOTDS):   merge belowtext belowtext2(in=_a);
MPRINT(EM_TREE_MAKEPLOTDS):   by node;
MPRINT(EM_TREE_MAKEPLOTDS):   if _a then belowtext=belowtextlbl;
MPRINT(EM_TREE_MAKEPLOTDS):   keep node belowtext;
MPRINT(EM_TREE_MAKEPLOTDS):   run;

NOTE: There were 4 observations read from the data set WORK.BELOWTEXT.
NOTE: There were 1 observations read from the data set WORK.BELOWTEXT2.
NOTE: The data set WORK.BELOWTEXT has 4 observations and 2 variables.
NOTE: DATA statement used (Total process time):
      real time           0.02 seconds
      cpu time            0.00 seconds
      

MPRINT(EM_TREE_MAKEPLOTDS):   data abovetext;
MPRINT(EM_TREE_MAKEPLOTDS):   set EMWS1.Tree_OUTRULES(where=(ROLE="PRIMARY" AND STAT in ("INTERVAL", "ORDINAL", "NOMINAL")) );
MPRINT(EM_TREE_MAKEPLOTDS):   run;

NOTE: There were 4 observations read from the data set EMWS1.TREE_OUTRULES.
      WHERE (ROLE='PRIMARY') and STAT in ('INTERVAL', 'NOMINAL', 'ORDINAL');
NOTE: The data set WORK.ABOVETEXT has 4 observations and 6 variables.
NOTE: DATA statement used (Total process time):
      real time           0.02 seconds
      cpu time            0.01 seconds
      

MPRINT(EM_TREE_MAKEPLOTDS):   proc sort data=abovetext;
MPRINT(EM_TREE_MAKEPLOTDS):   by node numeric_value;
MPRINT(EM_TREE_MAKEPLOTDS):   run;

NOTE: There were 4 observations read from the data set WORK.ABOVETEXT.
NOTE: The data set WORK.ABOVETEXT has 4 observations and 6 variables.
NOTE: PROCEDURE SORT used (Total process time):
      real time           0.03 seconds
      cpu time            0.01 seconds
      

MPRINT(EM_TREE_MAKEPLOTDS):   data abovetext;
MPRINT(EM_TREE_MAKEPLOTDS):   set abovetext(rename=(node=parent));
MPRINT(EM_TREE_MAKEPLOTDS):   by parent numeric_value;
MPRINT(EM_TREE_MAKEPLOTDS):   retain abovetext tempstring flag branch origval origchar ;
MPRINT(EM_TREE_MAKEPLOTDS):   length abovetext $256;
MPRINT(EM_TREE_MAKEPLOTDS):   length tempstring origchar $64;
MPRINT(EM_TREE_MAKEPLOTDS):   if STAT in ("INTERVAL", "ORDINAL") then do;
MPRINT(EM_TREE_MAKEPLOTDS):   if first.parent then do;
MPRINT(EM_TREE_MAKEPLOTDS):   if missing(character_value) then do;
MPRINT(EM_TREE_MAKEPLOTDS):   numeric_value = round(numeric_value, 0.0001);
MPRINT(EM_TREE_MAKEPLOTDS):   abovetext = "< "||strip(NUMERIC_VALUE);
MPRINT(EM_TREE_MAKEPLOTDS):   branch = 1;
MPRINT(EM_TREE_MAKEPLOTDS):   origval = numeric_value;
MPRINT(EM_TREE_MAKEPLOTDS):   output;
MPRINT(EM_TREE_MAKEPLOTDS):   end;
MPRINT(EM_TREE_MAKEPLOTDS):   else do;
MPRINT(EM_TREE_MAKEPLOTDS):   abovetext = "< "||strip(CHARACTER_VALUE);
MPRINT(EM_TREE_MAKEPLOTDS):   branch = 1;
MPRINT(EM_TREE_MAKEPLOTDS):   origchar = character_value;
MPRINT(EM_TREE_MAKEPLOTDS):   output;
MPRINT(EM_TREE_MAKEPLOTDS):   end;
MPRINT(EM_TREE_MAKEPLOTDS):   if first.parent AND last.parent then do;
MPRINT(EM_TREE_MAKEPLOTDS):   if missing(character_value) then do;
MPRINT(EM_TREE_MAKEPLOTDS):   numeric_value = round(numeric_value, 0.0001);
MPRINT(EM_TREE_MAKEPLOTDS):   branch = branch + 1;
MPRINT(EM_TREE_MAKEPLOTDS):   abovetext = ">= "||strip(NUMERIC_VALUE);
MPRINT(EM_TREE_MAKEPLOTDS):   output;
MPRINT(EM_TREE_MAKEPLOTDS):   end;
MPRINT(EM_TREE_MAKEPLOTDS):   else do;
MPRINT(EM_TREE_MAKEPLOTDS):   branch = branch + 1;
MPRINT(EM_TREE_MAKEPLOTDS):   abovetext = ">= "||strip(CHARACTER_VALUE);
MPRINT(EM_TREE_MAKEPLOTDS):   output;
MPRINT(EM_TREE_MAKEPLOTDS):   end;
MPRINT(EM_TREE_MAKEPLOTDS):   end;
MPRINT(EM_TREE_MAKEPLOTDS):   end;
MPRINT(EM_TREE_MAKEPLOTDS):   else if last.parent then do;
MPRINT(EM_TREE_MAKEPLOTDS):   if ( missing(character_value) AND (origval ne numeric_value)) or ( ^missing(character_value) AND (origchar ne character_value)) then do;
MPRINT(EM_TREE_MAKEPLOTDS):   if missing(character_value) then do;
MPRINT(EM_TREE_MAKEPLOTDS):   numeric_value = round(numeric_value, 0.0001);
MPRINT(EM_TREE_MAKEPLOTDS):   abovetext= "[ "||strip(origval)||", "|| strip(numeric_value)||" )";
MPRINT(EM_TREE_MAKEPLOTDS):   end;
MPRINT(EM_TREE_MAKEPLOTDS):   else do;
MPRINT(EM_TREE_MAKEPLOTDS):   abovetext= ">= "||strip(origchar)||" AND < "|| strip(character_value);
MPRINT(EM_TREE_MAKEPLOTDS):   end;
MPRINT(EM_TREE_MAKEPLOTDS):   branch = branch + 1;
MPRINT(EM_TREE_MAKEPLOTDS):   output;
MPRINT(EM_TREE_MAKEPLOTDS):   if missing(character_value) then do;
MPRINT(EM_TREE_MAKEPLOTDS):   numeric_value = round(numeric_value, 0.0001);
MPRINT(EM_TREE_MAKEPLOTDS):   abovetext = ">= "||strip(NUMERIC_VALUE);
MPRINT(EM_TREE_MAKEPLOTDS):   end;
MPRINT(EM_TREE_MAKEPLOTDS):   else do;
MPRINT(EM_TREE_MAKEPLOTDS):   abovetext = ">= "||strip(CHARACTER_VALUE);
MPRINT(EM_TREE_MAKEPLOTDS):   end;
MPRINT(EM_TREE_MAKEPLOTDS):   branch = branch + 1;
MPRINT(EM_TREE_MAKEPLOTDS):   output;
MPRINT(EM_TREE_MAKEPLOTDS):   end;
MPRINT(EM_TREE_MAKEPLOTDS):   else do;
MPRINT(EM_TREE_MAKEPLOTDS):   if missing(character_value) then do;
MPRINT(EM_TREE_MAKEPLOTDS):   numeric_value = round(numeric_value, 0.0001);
MPRINT(EM_TREE_MAKEPLOTDS):   abovetext = ">= "||strip(NUMERIC_VALUE);
MPRINT(EM_TREE_MAKEPLOTDS):   end;
MPRINT(EM_TREE_MAKEPLOTDS):   else do;
MPRINT(EM_TREE_MAKEPLOTDS):   abovetext = ">= "||strip(CHARACTER_VALUE);
MPRINT(EM_TREE_MAKEPLOTDS):   end;
MPRINT(EM_TREE_MAKEPLOTDS):   branch = branch + 1;
MPRINT(EM_TREE_MAKEPLOTDS):   output;
MPRINT(EM_TREE_MAKEPLOTDS):   end;
MPRINT(EM_TREE_MAKEPLOTDS):   end;
MPRINT(EM_TREE_MAKEPLOTDS):   else do;
MPRINT(EM_TREE_MAKEPLOTDS):   if ( missing(character_value) AND (origval ne numeric_value)) or ( ^missing(character_value) AND (origchar ne character_value)) then do;
MPRINT(EM_TREE_MAKEPLOTDS):   if missing(character_value) then do;
MPRINT(EM_TREE_MAKEPLOTDS):   numeric_value = round(numeric_value,0.0001);
MPRINT(EM_TREE_MAKEPLOTDS):   abovetext= "[ "||strip(origval)||", "|| strip(numeric_value)||" )";
MPRINT(EM_TREE_MAKEPLOTDS):   origval = numeric_value;
MPRINT(EM_TREE_MAKEPLOTDS):   end;
MPRINT(EM_TREE_MAKEPLOTDS):   else do;
MPRINT(EM_TREE_MAKEPLOTDS):   abovetext= ">= "||strip(origchar)||" AND < "|| strip(character_value);
MPRINT(EM_TREE_MAKEPLOTDS):   origchar = character_value;
MPRINT(EM_TREE_MAKEPLOTDS):   end;
MPRINT(EM_TREE_MAKEPLOTDS):   branch = branch + 1;
MPRINT(EM_TREE_MAKEPLOTDS):   output;
MPRINT(EM_TREE_MAKEPLOTDS):   end;
MPRINT(EM_TREE_MAKEPLOTDS):   else do;
MPRINT(EM_TREE_MAKEPLOTDS):   if missing(character_value) then do;
MPRINT(EM_TREE_MAKEPLOTDS):   numeric_value = round(numeric_value, 0.0001);
MPRINT(EM_TREE_MAKEPLOTDS):   abovetext = ">= "||strip(NUMERIC_VALUE);
MPRINT(EM_TREE_MAKEPLOTDS):   origval = numeric_value;
MPRINT(EM_TREE_MAKEPLOTDS):   end;
MPRINT(EM_TREE_MAKEPLOTDS):   else do;
MPRINT(EM_TREE_MAKEPLOTDS):   abovetext = ">= "||strip(CHARACTER_VALUE);
MPRINT(EM_TREE_MAKEPLOTDS):   origval = character_value;
MPRINT(EM_TREE_MAKEPLOTDS):   end;
MPRINT(EM_TREE_MAKEPLOTDS):   branch = branch + 1;
MPRINT(EM_TREE_MAKEPLOTDS):   output;
MPRINT(EM_TREE_MAKEPLOTDS):   end;
MPRINT(EM_TREE_MAKEPLOTDS):   end;
MPRINT(EM_TREE_MAKEPLOTDS):   end;
MPRINT(EM_TREE_MAKEPLOTDS):   else do;
MPRINT(EM_TREE_MAKEPLOTDS):   if first.numeric_value then do;
MPRINT(EM_TREE_MAKEPLOTDS):   flag = 0;
MPRINT(EM_TREE_MAKEPLOTDS):   abovetext = strip(CHARACTER_VALUE);
MPRINT(EM_TREE_MAKEPLOTDS):   branch = numeric_value;
MPRINT(EM_TREE_MAKEPLOTDS):   if first.numeric_value AND last.numeric_value then do;
MPRINT(EM_TREE_MAKEPLOTDS):   output;
MPRINT(EM_TREE_MAKEPLOTDS):   end;
MPRINT(EM_TREE_MAKEPLOTDS):   end;
MPRINT(EM_TREE_MAKEPLOTDS):   else if last.numeric_value then do;
MPRINT(EM_TREE_MAKEPLOTDS):   if flag=0 then do;
MPRINT(EM_TREE_MAKEPLOTDS):   tempstring = strip(abovetext)||", "||strip(CHARACTER_VALUE);
MPRINT(EM_TREE_MAKEPLOTDS):   length = length(strip(tempstring));
MPRINT(EM_TREE_MAKEPLOTDS):   if length < 32 then do;
MPRINT(EM_TREE_MAKEPLOTDS):   abovetext = strip(tempstring);
MPRINT(EM_TREE_MAKEPLOTDS):   end;
MPRINT(EM_TREE_MAKEPLOTDS):   else do;
MPRINT(EM_TREE_MAKEPLOTDS):   abovetext = strip(abovetext)||", ...";
MPRINT(EM_TREE_MAKEPLOTDS):   flag = 1;
MPRINT(EM_TREE_MAKEPLOTDS):   end;
MPRINT(EM_TREE_MAKEPLOTDS):   end;
MPRINT(EM_TREE_MAKEPLOTDS):   branch = numeric_value;
MPRINT(EM_TREE_MAKEPLOTDS):   output;
MPRINT(EM_TREE_MAKEPLOTDS):   end;
MPRINT(EM_TREE_MAKEPLOTDS):   else do;
MPRINT(EM_TREE_MAKEPLOTDS):   if flag=0 then do;
MPRINT(EM_TREE_MAKEPLOTDS):   tempstring = strip(abovetext)||", "||strip(CHARACTER_VALUE);
MPRINT(EM_TREE_MAKEPLOTDS):   length = length(strip(tempstring));
MPRINT(EM_TREE_MAKEPLOTDS):   if length < 32 then do;
MPRINT(EM_TREE_MAKEPLOTDS):   abovetext = strip(tempstring);
MPRINT(EM_TREE_MAKEPLOTDS):   end;
MPRINT(EM_TREE_MAKEPLOTDS):   else do;
MPRINT(EM_TREE_MAKEPLOTDS):   abovetext = strip(abovetext)||", ...";
MPRINT(EM_TREE_MAKEPLOTDS):   flag=1;
MPRINT(EM_TREE_MAKEPLOTDS):   end;
MPRINT(EM_TREE_MAKEPLOTDS):   end;
MPRINT(EM_TREE_MAKEPLOTDS):   branch = numeric_value;
MPRINT(EM_TREE_MAKEPLOTDS):   end;
MPRINT(EM_TREE_MAKEPLOTDS):   end;
MPRINT(EM_TREE_MAKEPLOTDS):   keep parent branch abovetext;
MPRINT(EM_TREE_MAKEPLOTDS):   run;

NOTE: Numeric values have been converted to character values at the places given by: (Line):(Column).
      172:103   221:136   264:102   264:125   296:104   330:104   372:103   372:126   415:104   
NOTE: Character values have been converted to numeric values at the places given by: (Line):(Column).
      431:99   
NOTE: There were 4 observations read from the data set WORK.ABOVETEXT.
NOTE: The data set WORK.ABOVETEXT has 8 observations and 3 variables.
NOTE: DATA statement used (Total process time):
      real time           0.03 seconds
      cpu time            0.03 seconds
      

MPRINT(EM_TREE_MAKEPLOTDS):   data tempmissing;
MPRINT(EM_TREE_MAKEPLOTDS):   set EMWS1.Tree_OUTRULES;
MPRINT(EM_TREE_MAKEPLOTDS):   if ((ROLE="PRIMARY") AND (STAT in ("MISSING")));
MPRINT(EM_TREE_MAKEPLOTDS):   rename node=parent numeric_value=branch character_value=misschar;
MPRINT(EM_TREE_MAKEPLOTDS):   run;

NOTE: There were 161 observations read from the data set EMWS1.TREE_OUTRULES.
NOTE: The data set WORK.TEMPMISSING has 4 observations and 6 variables.
NOTE: DATA statement used (Total process time):
      real time           0.01 seconds
      cpu time            0.00 seconds
      

MPRINT(EM_TREE_MAKEPLOTDS):   proc sort data=abovetext;
MPRINT(EM_TREE_MAKEPLOTDS):   by parent branch;
MPRINT(EM_TREE_MAKEPLOTDS):   run;

NOTE: There were 8 observations read from the data set WORK.ABOVETEXT.
NOTE: The data set WORK.ABOVETEXT has 8 observations and 3 variables.
NOTE: PROCEDURE SORT used (Total process time):
      real time           0.02 seconds
      cpu time            0.01 seconds
      

MPRINT(EM_TREE_MAKEPLOTDS):   proc sort data=tempmissing;
MPRINT(EM_TREE_MAKEPLOTDS):   by parent branch;
MPRINT(EM_TREE_MAKEPLOTDS):   run;

NOTE: There were 4 observations read from the data set WORK.TEMPMISSING.
NOTE: The data set WORK.TEMPMISSING has 4 observations and 6 variables.
NOTE: PROCEDURE SORT used (Total process time):
      real time           0.00 seconds
      cpu time            0.01 seconds
      

MPRINT(EM_TREE_MAKEPLOTDS):   proc sort data=EMWS1.Tree_OUTNODES out=tempoutnodes;
MPRINT(EM_TREE_MAKEPLOTDS):   by parent branch;
MPRINT(EM_TREE_MAKEPLOTDS):   run;

NOTE: There were 9 observations read from the data set EMWS1.TREE_OUTNODES.
NOTE: The data set WORK.TEMPOUTNODES has 9 observations and 24 variables.
NOTE: PROCEDURE SORT used (Total process time):
      real time           0.01 seconds
      cpu time            0.03 seconds
      

MPRINT(EM_TREE_MAKEPLOTDS):   data tempoutnodes;
MPRINT(EM_TREE_MAKEPLOTDS):   merge abovetext tempoutNodes(drop=abovetext) tempmissing(in=_a);
MPRINT(EM_TREE_MAKEPLOTDS):   by parent branch;
MPRINT(EM_TREE_MAKEPLOTDS):   length traintotal validtotal 8;
MPRINT(EM_TREE_MAKEPLOTDS):   retain traintotal validtotal;
MPRINT(EM_TREE_MAKEPLOTDS):   if _a then do;
MPRINT(EM_TREE_MAKEPLOTDS):   if ^MISSING(abovetext) then do;
MPRINT(EM_TREE_MAKEPLOTDS):   abovetext= strip(abovetext)||" Or Missing";
MPRINT(EM_TREE_MAKEPLOTDS):   end;
MPRINT(EM_TREE_MAKEPLOTDS):   else do;
MPRINT(EM_TREE_MAKEPLOTDS):   abovetext = " Missing Values Only";
MPRINT(EM_TREE_MAKEPLOTDS):   end;
MPRINT(EM_TREE_MAKEPLOTDS):   end;
MPRINT(EM_TREE_MAKEPLOTDS):   if MISSING(abovetext) then abovetext="Non-Missing Values";
MPRINT(EM_TREE_MAKEPLOTDS):   if node=1 then do;
MPRINT(EM_TREE_MAKEPLOTDS):   traintotal = N;
MPRINT(EM_TREE_MAKEPLOTDS):   validtotal=VN;
MPRINT(EM_TREE_MAKEPLOTDS):   end;
MPRINT(EM_TREE_MAKEPLOTDS):   drop role rank stat misschar belowtext;
MPRINT(EM_TREE_MAKEPLOTDS):   run;

NOTE: There were 8 observations read from the data set WORK.ABOVETEXT.
NOTE: There were 9 observations read from the data set WORK.TEMPOUTNODES.
NOTE: There were 4 observations read from the data set WORK.TEMPMISSING.
NOTE: The data set WORK.TEMPOUTNODES has 9 observations and 25 variables.
NOTE: DATA statement used (Total process time):
      real time           0.04 seconds
      cpu time            0.01 seconds
      

MPRINT(EM_TREE_MAKEPLOTDS):   proc sort data=tempoutnodes;
MPRINT(EM_TREE_MAKEPLOTDS):   by node;
MPRINT(EM_TREE_MAKEPLOTDS):   run;

NOTE: There were 9 observations read from the data set WORK.TEMPOUTNODES.
NOTE: The data set WORK.TEMPOUTNODES has 9 observations and 25 variables.
NOTE: PROCEDURE SORT used (Total process time):
      real time           0.03 seconds
      cpu time            0.00 seconds
      

MPRINT(EM_TREE_MAKEPLOTDS):   proc sort data=belowtext;
MPRINT(EM_TREE_MAKEPLOTDS):   by node;
MPRINT(EM_TREE_MAKEPLOTDS):   run;

NOTE: There were 4 observations read from the data set WORK.BELOWTEXT.
NOTE: The data set WORK.BELOWTEXT has 4 observations and 2 variables.
NOTE: PROCEDURE SORT used (Total process time):
      real time           0.00 seconds
      cpu time            0.00 seconds
      

MPRINT(EM_TREE_MAKEPLOTDS):   data tempoutnodes;
MPRINT(EM_TREE_MAKEPLOTDS):   merge tempoutnodes belowtext;
MPRINT(EM_TREE_MAKEPLOTDS):   by node;
MPRINT(EM_TREE_MAKEPLOTDS):   run;

NOTE: There were 9 observations read from the data set WORK.TEMPOUTNODES.
NOTE: There were 4 observations read from the data set WORK.BELOWTEXT.
NOTE: The data set WORK.TEMPOUTNODES has 9 observations and 26 variables.
NOTE: DATA statement used (Total process time):
      real time           0.03 seconds
      cpu time            0.03 seconds
      

MPRINT(EM_TREE_MAKEPLOTDS):   data _null_ ;
MPRINT(EM_TREE_MAKEPLOTDS):   set EMWS1.Tree_OUTSTATS(where=(STATNAME="NPRIORS")) end=eof ;
MPRINT(EM_TREE_MAKEPLOTDS):   if eof then do ;
MPRINT(EM_TREE_MAKEPLOTDS):   call symput("npriors" , strip(put(_N_,best.))) ;
MPRINT(EM_TREE_MAKEPLOTDS):   end;
MPRINT(EM_TREE_MAKEPLOTDS):   run;

NOTE: There were 0 observations read from the data set EMWS1.TREE_OUTSTATS.
      WHERE STATNAME='NPRIORS';
NOTE: DATA statement used (Total process time):
      real time           0.00 seconds
      cpu time            0.00 seconds
      

MPRINT(EM_TREE_MAKEPLOTDS):   data temptarmeta;
MPRINT(EM_TREE_MAKEPLOTDS):   set EMWS1.Tree_VariableSet(where=(ROLE='TARGET' AND LEVEL^='ORDINAL' AND USE in ('D', 'Y') ));
MPRINT(EM_TREE_MAKEPLOTDS):   length TARGET $32;
MPRINT(EM_TREE_MAKEPLOTDS):   Target=name;
MPRINT(EM_TREE_MAKEPLOTDS):   keep target level;
MPRINT(EM_TREE_MAKEPLOTDS):   run;

NOTE: There were 1 observations read from the data set EMWS1.TREE_VARIABLESET.
      WHERE (ROLE='TARGET') and (LEVEL not = 'ORDINAL') and USE in ('D', 'Y');
NOTE: The data set WORK.TEMPTARMETA has 1 observations and 2 variables.
NOTE: DATA statement used (Total process time):
      real time           0.01 seconds
      cpu time            0.01 seconds
      

MPRINT(EM_TREE_MAKEPLOTDS):   data temptargetused;
MPRINT(EM_TREE_MAKEPLOTDS):   set EMWS1.Tree_OUTSTATS;
MPRINT(EM_TREE_MAKEPLOTDS):   length target $32 tarlevel $10;
MPRINT(EM_TREE_MAKEPLOTDS):   target=
MPRINT(EM_TREE_MAKEPLOTDS):  "diagnosis";
MPRINT(EM_TREE_MAKEPLOTDS):   tarlevel=
MPRINT(EM_TREE_MAKEPLOTDS):  "BINARY";
MPRINT(EM_TREE_MAKEPLOTDS):   keep node target tarlevel;
MPRINT(EM_TREE_MAKEPLOTDS):   run;

NOTE: There were 63 observations read from the data set EMWS1.TREE_OUTSTATS.
NOTE: The data set WORK.TEMPTARGETUSED has 63 observations and 3 variables.
NOTE: DATA statement used (Total process time):
      real time           0.01 seconds
      cpu time            0.01 seconds
      

MPRINT(EM_TREE_MAKEPLOTDS):   proc sort data=temptargetused nodupkey;
MPRINT(EM_TREE_MAKEPLOTDS):   by node;
MPRINT(EM_TREE_MAKEPLOTDS):   run;

NOTE: There were 63 observations read from the data set WORK.TEMPTARGETUSED.
NOTE: 54 observations with duplicate key values were deleted.
NOTE: The data set WORK.TEMPTARGETUSED has 9 observations and 3 variables.
NOTE: PROCEDURE SORT used (Total process time):
      real time           0.03 seconds
      cpu time            0.00 seconds
      

MPRINT(EM_TREE_MAKEPLOTDS):   proc sort data=EMWS1.Tree_OUTSTATS out=tempoutstats;
MPRINT(EM_TREE_MAKEPLOTDS):   by node;
MPRINT(EM_TREE_MAKEPLOTDS):   run;

NOTE: There were 63 observations read from the data set EMWS1.TREE_OUTSTATS.
NOTE: The data set WORK.TEMPOUTSTATS has 63 observations and 5 variables.
NOTE: PROCEDURE SORT used (Total process time):
      real time           0.01 seconds
      cpu time            0.01 seconds
      

MPRINT(EM_TREE_MAKEPLOTDS):   proc sort data=temptargetused;
MPRINT(EM_TREE_MAKEPLOTDS):   by node;
MPRINT(EM_TREE_MAKEPLOTDS):   run;

NOTE: Input data set is already sorted, no sorting done.
NOTE: PROCEDURE SORT used (Total process time):
      real time           0.00 seconds
      cpu time            0.00 seconds
      

MPRINT(EM_TREE_MAKEPLOTDS):   data tempinterval tempclass;
MPRINT(EM_TREE_MAKEPLOTDS):   merge tempoutstats temptargetused( rename=(target=targetused));
MPRINT(EM_TREE_MAKEPLOTDS):   by node;
MPRINT(EM_TREE_MAKEPLOTDS):   if tarlevel="INTERVAL" then output tempinterval;
MPRINT(EM_TREE_MAKEPLOTDS):   else output tempclass;
MPRINT(EM_TREE_MAKEPLOTDS):   run;

NOTE: There were 63 observations read from the data set WORK.TEMPOUTSTATS.
NOTE: There were 9 observations read from the data set WORK.TEMPTARGETUSED.
NOTE: The data set WORK.TEMPINTERVAL has 0 observations and 7 variables.
NOTE: The data set WORK.TEMPCLASS has 63 observations and 7 variables.
NOTE: DATA statement used (Total process time):
      real time           0.03 seconds
      cpu time            0.01 seconds
      

MPRINT(EM_TREE_MAKEPLOTDS):   proc sql;
MPRINT(EM_TREE_MAKEPLOTDS):   reset noprint;
MPRINT(EM_TREE_MAKEPLOTDS):   select count(*) into :em_intNobs from tempinterval;
MPRINT(EM_TREE_MAKEPLOTDS):   quit;
NOTE: PROCEDURE SQL used (Total process time):
      real time           0.01 seconds
      cpu time            0.03 seconds
      

MPRINT(EM_TREE_MAKEPLOTDS):   proc sql;
MPRINT(EM_TREE_MAKEPLOTDS):   reset noprint;
MPRINT(EM_TREE_MAKEPLOTDS):   select count(*) into :em_classNobs from tempclass;
MPRINT(EM_TREE_MAKEPLOTDS):   quit;
NOTE: PROCEDURE SQL used (Total process time):
      real time           0.00 seconds
      cpu time            0.00 seconds
      

MPRINT(EM_TREE_MAKEPLOTDS):   proc sort data=tempclass;
MPRINT(EM_TREE_MAKEPLOTDS):   by node category;
MPRINT(EM_TREE_MAKEPLOTDS):   run;

NOTE: There were 63 observations read from the data set WORK.TEMPCLASS.
NOTE: The data set WORK.TEMPCLASS has 63 observations and 7 variables.
NOTE: PROCEDURE SORT used (Total process time):
      real time           0.01 seconds
      cpu time            0.01 seconds
      

MPRINT(EM_TREE_MAKEPLOTDS):   data tempn(keep=NODE STATVALUE STATNAME) temppredict(Keep=NODE CATEGORY) tempprob(keep=NODE STATVALUE CATEGORY TARGET ) tempvprob(keep=NODE STATVALUE CATEGORY TARGET ) tempprofit(KEEP=NODE STATVALUE STATNAME CATEGORY ) 
temploss(KEEP=NODE STATVALUE STATNAME CATEGORY );
MPRINT(EM_TREE_MAKEPLOTDS):   set tempclass;
MPRINT(EM_TREE_MAKEPLOTDS):   if ((statname="N") OR (statname="VALID: N")) then output tempn;
MPRINT(EM_TREE_MAKEPLOTDS):   else if statname="PREDICTION" then output temppredict;
MPRINT(EM_TREE_MAKEPLOTDS):   else if statname="PROBABILITY" then output tempprob;
MPRINT(EM_TREE_MAKEPLOTDS):   else if statname="VALID: PROBABILITY" then output tempvprob;
MPRINT(EM_TREE_MAKEPLOTDS):   else if ((statname="ALTERNATIVE PROFIT") or (statname="VALID: ALTERNATIVE PROFIT")) then output tempprofit;
MPRINT(EM_TREE_MAKEPLOTDS):   else if ((statname="ALTERNATIVE LOSS") OR (statname="VALID: ALTERNATIVE LOSS")) then output temploss;
MPRINT(EM_TREE_MAKEPLOTDS):   run;

WARNING: The variable TARGET in the DROP, KEEP, or RENAME list has never been referenced.
WARNING: The variable TARGET in the DROP, KEEP, or RENAME list has never been referenced.
NOTE: There were 63 observations read from the data set WORK.TEMPCLASS.
NOTE: The data set WORK.TEMPN has 18 observations and 3 variables.
NOTE: The data set WORK.TEMPPREDICT has 9 observations and 2 variables.
NOTE: The data set WORK.TEMPPROB has 18 observations and 3 variables.
NOTE: The data set WORK.TEMPVPROB has 18 observations and 3 variables.
NOTE: The data set WORK.TEMPPROFIT has 0 observations and 4 variables.
NOTE: The data set WORK.TEMPLOSS has 0 observations and 4 variables.
NOTE: DATA statement used (Total process time):
      real time           0.06 seconds
      cpu time            0.03 seconds
      

MPRINT(EM_TREE_MAKEPLOTDS):   proc sql;
MPRINT(EM_TREE_MAKEPLOTDS):   reset noprint;
MPRINT(EM_TREE_MAKEPLOTDS):   select count(*) into :em_profitflag from tempprofit;
MPRINT(EM_TREE_MAKEPLOTDS):   quit;
NOTE: PROCEDURE SQL used (Total process time):
      real time           0.01 seconds
      cpu time            0.01 seconds
      

MPRINT(EM_TREE_MAKEPLOTDS):   proc sql;
MPRINT(EM_TREE_MAKEPLOTDS):   reset noprint;
MPRINT(EM_TREE_MAKEPLOTDS):   select count(*) into :em_lossflag from temploss;
MPRINT(EM_TREE_MAKEPLOTDS):   quit;
NOTE: PROCEDURE SQL used (Total process time):
      real time           0.01 seconds
      cpu time            0.00 seconds
      

MPRINT(EM_TREE_MAKEPLOTDS):   proc transpose data=tempn out=tempn(keep=node N VALID__N rename=(VALID__N=VN));
MPRINT(EM_TREE_MAKEPLOTDS):   by node;
MPRINT(EM_TREE_MAKEPLOTDS):   id statname;
MPRINT(EM_TREE_MAKEPLOTDS):   run;

NOTE: There were 18 observations read from the data set WORK.TEMPN.
NOTE: The data set WORK.TEMPN has 9 observations and 3 variables.
NOTE: PROCEDURE TRANSPOSE used (Total process time):
      real time           0.05 seconds
      cpu time            0.01 seconds
      

MPRINT(EM_TREE_MAKEPLOTDS):   data tempprob;
MPRINT(EM_TREE_MAKEPLOTDS):   merge tempprob tempvprob(rename=(statvalue=vstatvalue));
MPRINT(EM_TREE_MAKEPLOTDS):   by node category;
MPRINT(EM_TREE_MAKEPLOTDS):   run;

NOTE: There were 18 observations read from the data set WORK.TEMPPROB.
NOTE: There were 18 observations read from the data set WORK.TEMPVPROB.
NOTE: The data set WORK.TEMPPROB has 18 observations and 4 variables.
NOTE: DATA statement used (Total process time):
      real time           0.01 seconds
      cpu time            0.00 seconds
      

MPRINT(EM_TREE_MAKEPLOTDS):   data temppredict;
MPRINT(EM_TREE_MAKEPLOTDS):   merge tempprob temppredict(in=_a);
MPRINT(EM_TREE_MAKEPLOTDS):   by node category;
MPRINT(EM_TREE_MAKEPLOTDS):   if _a then do;
MPRINT(EM_TREE_MAKEPLOTDS):   percentCorrect = statvalue;
MPRINT(EM_TREE_MAKEPLOTDS):   vpercentCorrect= vstatvalue;
MPRINT(EM_TREE_MAKEPLOTDS):   end;
MPRINT(EM_TREE_MAKEPLOTDS):   label percentCorrect= "Percent Correct" vpercentCorrect= "Valid Percent Correct" ;
MPRINT(EM_TREE_MAKEPLOTDS):   if missing(percentCorrect) then delete;
MPRINT(EM_TREE_MAKEPLOTDS):   drop target;
MPRINT(EM_TREE_MAKEPLOTDS):   run;

WARNING: The variable target in the DROP, KEEP, or RENAME list has never been referenced.
NOTE: There were 18 observations read from the data set WORK.TEMPPROB.
NOTE: There were 9 observations read from the data set WORK.TEMPPREDICT.
NOTE: The data set WORK.TEMPPREDICT has 9 observations and 6 variables.
NOTE: DATA statement used (Total process time):
      real time           0.04 seconds
      cpu time            0.01 seconds
      

MPRINT(EM_TREE_MAKEPLOTDS):   data tempprob(keep= node probtext);
MPRINT(EM_TREE_MAKEPLOTDS):   length probtext $800;
MPRINT(EM_TREE_MAKEPLOTDS):   retain probtext;
MPRINT(EM_TREE_MAKEPLOTDS):   set tempprob ;
MPRINT(EM_TREE_MAKEPLOTDS):   by node;
MPRINT(EM_TREE_MAKEPLOTDS):   if first.node then do;
MPRINT(EM_TREE_MAKEPLOTDS):   probtext=strip(CATEGORY)||": "||"09"x||put(statvalue, percent10.2)||"09"x||put(vstatvalue, percent10.2);
MPRINT(EM_TREE_MAKEPLOTDS):   end;
MPRINT(EM_TREE_MAKEPLOTDS):   else if last.node then do;
MPRINT(EM_TREE_MAKEPLOTDS):   probtext=strip(probtext)||"0A"x||strip(CATEGORY)||": "||"09"x||put(statvalue, percent10.2)||"09"x||put(vstatvalue, percent10.2);
MPRINT(EM_TREE_MAKEPLOTDS):   output;
MPRINT(EM_TREE_MAKEPLOTDS):   end;
MPRINT(EM_TREE_MAKEPLOTDS):   else do;
MPRINT(EM_TREE_MAKEPLOTDS):   probtext=strip(probtext)||"0A"x||strip(CATEGORY)||": "||"09"x||put(statvalue, percent10.2)||"09"x||put(vstatvalue, percent10.2);
MPRINT(EM_TREE_MAKEPLOTDS):   end;
MPRINT(EM_TREE_MAKEPLOTDS):   run;

NOTE: There were 18 observations read from the data set WORK.TEMPPROB.
NOTE: The data set WORK.TEMPPROB has 9 observations and 2 variables.
NOTE: DATA statement used (Total process time):
      real time           0.01 seconds
      cpu time            0.01 seconds
      

MPRINT(EM_TREE_MAKEPLOTDS):   proc sort data=tempoutnodes out=tempoutnodes;
MPRINT(EM_TREE_MAKEPLOTDS):   by node;
MPRINT(EM_TREE_MAKEPLOTDS):   run;

NOTE: There were 9 observations read from the data set WORK.TEMPOUTNODES.
NOTE: The data set WORK.TEMPOUTNODES has 9 observations and 26 variables.
NOTE: PROCEDURE SORT used (Total process time):
      real time           0.01 seconds
      cpu time            0.00 seconds
      

MPRINT(EM_TREE_MAKEPLOTDS):   data EMWS1.Tree_TREE_PLOT;
MPRINT(EM_TREE_MAKEPLOTDS):   length textall $800;
MPRINT(EM_TREE_MAKEPLOTDS):   merge tempoutnodes temptargetused tempn temppredict tempprob ;
MPRINT(EM_TREE_MAKEPLOTDS):   by node;
MPRINT(EM_TREE_MAKEPLOTDS):   textall="";
MPRINT(EM_TREE_MAKEPLOTDS):   if tarlevel^="INTERVAL" then do;
MPRINT(EM_TREE_MAKEPLOTDS):   textall=strip(textall)||"0A"x||"Node Id: "||"09"x||strip(Node);
MPRINT(EM_TREE_MAKEPLOTDS):   textall=strip(textall)||"0A"x||"Statistic "||"09"x||"Train" ||"09"x|| "Validation";
MPRINT(EM_TREE_MAKEPLOTDS):   textall=strip(textall)||"0A"x||strip(probtext);
MPRINT(EM_TREE_MAKEPLOTDS):   textall=strip(textall)||"0A"x||" Count: "||"09"x||strip(put(N, best12.))||"09"x||strip(put(VN, best12.));
MPRINT(EM_TREE_MAKEPLOTDS):   nodecolor=percentcorrect;
MPRINT(EM_TREE_MAKEPLOTDS):   end;
MPRINT(EM_TREE_MAKEPLOTDS):   drop CATEGORY PROBTEXT TARGET TARLEVEL STATVALUE VSTATVALUE ;
MPRINT(EM_TREE_MAKEPLOTDS):   run;

NOTE: Numeric values have been converted to character values at the places given by: (Line):(Column).
      1141:196   
NOTE: There were 9 observations read from the data set WORK.TEMPOUTNODES.
NOTE: There were 9 observations read from the data set WORK.TEMPTARGETUSED.
NOTE: There were 9 observations read from the data set WORK.TEMPN.
NOTE: There were 9 observations read from the data set WORK.TEMPPREDICT.
NOTE: There were 9 observations read from the data set WORK.TEMPPROB.
NOTE: The data set EMWS1.TREE_TREE_PLOT has 9 observations and 30 variables.
NOTE: DATA statement used (Total process time):
      real time           0.06 seconds
      cpu time            0.03 seconds
      

MPRINT(EM_TREE_MAKEPLOTDS):   data tempprob(keep=node statname statvalue rename=(statvalue=P_diagnosisM));
MPRINT(EM_TREE_MAKEPLOTDS):   set EMWS1.Tree_OUTSTATS;
MPRINT(EM_TREE_MAKEPLOTDS):   if ((statname="PROBABILITY" or statname="VALID: PROBABILITY" ) AND (CATEGORY="M") );
MPRINT(EM_TREE_MAKEPLOTDS):   run;

NOTE: There were 63 observations read from the data set EMWS1.TREE_OUTSTATS.
NOTE: The data set WORK.TEMPPROB has 18 observations and 3 variables.
NOTE: DATA statement used (Total process time):
      real time           0.01 seconds
      cpu time            0.01 seconds
      

MPRINT(EM_TREE_MAKEPLOTDS):   proc sort data=tempprob;
MPRINT(EM_TREE_MAKEPLOTDS):   by node;
MPRINT(EM_TREE_MAKEPLOTDS):   run;

NOTE: There were 18 observations read from the data set WORK.TEMPPROB.
NOTE: The data set WORK.TEMPPROB has 18 observations and 3 variables.
NOTE: PROCEDURE SORT used (Total process time):
      real time           0.03 seconds
      cpu time            0.00 seconds
      

MPRINT(EM_TREE_MAKEPLOTDS):   proc transpose data=tempprob out=tempprob(keep=NODE PROBABILITY VALID__PROBABILITY rename=(PROBABILITY=P_diagnosisM VALID__PROBABILITY=V_diagnosisM));
MPRINT(EM_TREE_MAKEPLOTDS):   by node;
MPRINT(EM_TREE_MAKEPLOTDS):   id statname;
MPRINT(EM_TREE_MAKEPLOTDS):   run;

NOTE: There were 18 observations read from the data set WORK.TEMPPROB.
NOTE: The data set WORK.TEMPPROB has 9 observations and 3 variables.
NOTE: PROCEDURE TRANSPOSE used (Total process time):
      real time           0.07 seconds
      cpu time            0.01 seconds
      

MPRINT(EM_TREE_MAKEPLOTDS):   proc sort data=tempprob;
MPRINT(EM_TREE_MAKEPLOTDS):   by node;
MPRINT(EM_TREE_MAKEPLOTDS):   run;

NOTE: There were 9 observations read from the data set WORK.TEMPPROB.
NOTE: The data set WORK.TEMPPROB has 9 observations and 3 variables.
NOTE: PROCEDURE SORT used (Total process time):
      real time           0.04 seconds
      cpu time            0.00 seconds
      

MPRINT(EM_TREE_MAKEPLOTDS):   data tempoutnodes;
MPRINT(EM_TREE_MAKEPLOTDS):   merge tempoutnodes tempprob;
MPRINT(EM_TREE_MAKEPLOTDS):   by node;
MPRINT(EM_TREE_MAKEPLOTDS):   run;

NOTE: There were 9 observations read from the data set WORK.TEMPOUTNODES.
NOTE: There were 9 observations read from the data set WORK.TEMPPROB.
NOTE: The data set WORK.TEMPOUTNODES has 9 observations and 26 variables.
NOTE: DATA statement used (Total process time):
      real time           0.03 seconds
      cpu time            0.01 seconds
      

MPRINT(EM_TREE_MAKEPLOTDS):   proc sort data=tempoutnodes out=tempnodes;
MPRINT(EM_TREE_MAKEPLOTDS):   by descending P_diagnosisM;
MPRINT(EM_TREE_MAKEPLOTDS):   run;

NOTE: There were 9 observations read from the data set WORK.TEMPOUTNODES.
NOTE: The data set WORK.TEMPNODES has 9 observations and 26 variables.
NOTE: PROCEDURE SORT used (Total process time):
      real time           0.03 seconds
      cpu time            0.00 seconds
      

MPRINT(EM_TREE_MAKEPLOTDS):   data tempnodes;
MPRINT(EM_TREE_MAKEPLOTDS):   retain traintotal validtotal;
MPRINT(EM_TREE_MAKEPLOTDS):   set tempnodes(where=(leaf ne . ));
MPRINT(EM_TREE_MAKEPLOTDS):   tprob=round(P_diagnosisM, .01);
MPRINT(EM_TREE_MAKEPLOTDS):   percevent_train=round(tprob*100, .01);
MPRINT(EM_TREE_MAKEPLOTDS):   perc_train=round((n/traintotal)*100, 0.01);
MPRINT(EM_TREE_MAKEPLOTDS):   if missing(perc_train) then perc_train = round(linkwidth*10, 0.01);
MPRINT(EM_TREE_MAKEPLOTDS):   vprob=round(V_diagnosisM, .01);
MPRINT(EM_TREE_MAKEPLOTDS):   percevent_valid=round(vprob*100, .01);
MPRINT(EM_TREE_MAKEPLOTDS):   perc_valid=round((vn/validtotal)*100, .01);
MPRINT(EM_TREE_MAKEPLOTDS):   index=_N_;
MPRINT(EM_TREE_MAKEPLOTDS):   keep node index tprob perc_train percevent_train vprob percevent_valid perc_valid ;
MPRINT(EM_TREE_MAKEPLOTDS):   run;

NOTE: There were 5 observations read from the data set WORK.TEMPNODES.
      WHERE leaf not = .;
NOTE: The data set WORK.TEMPNODES has 5 observations and 8 variables.
NOTE: DATA statement used (Total process time):
      real time           0.02 seconds
      cpu time            0.01 seconds
      

MPRINT(EM_TREE_MAKEPLOTDS):   proc sort data=tempnodes;
MPRINT(EM_TREE_MAKEPLOTDS):   by node;
MPRINT(EM_TREE_MAKEPLOTDS):   run;

NOTE: There were 5 observations read from the data set WORK.TEMPNODES.
NOTE: The data set WORK.TEMPNODES has 5 observations and 8 variables.
NOTE: PROCEDURE SORT used (Total process time):
      real time           0.02 seconds
      cpu time            0.00 seconds
      

MPRINT(EM_TREE_MAKEPLOTDS):   data EMWS1.Tree_TREE_PLOT;
MPRINT(EM_TREE_MAKEPLOTDS):   merge EMWS1.Tree_TREE_PLOT tempnodes;
MPRINT(EM_TREE_MAKEPLOTDS):   by node;
MPRINT(EM_TREE_MAKEPLOTDS):   if missing(node) then delete;
MPRINT(EM_TREE_MAKEPLOTDS):   abovetext = compbl(abovetext);
MPRINT(EM_TREE_MAKEPLOTDS):   label textall = "All Text" parent = "Parent Id" node = "Node Id" abovetext = "Above Text" traintotal = "Train Total" nodecolor =
MPRINT(EM_TREE_MAKEPLOTDS):   "Node Color" tprob = "Training Percent M" percevent_train = "Event Percentage" perc_train = "Percent Cases" index = "Index" validtotal = "Valid Total" VN =
MPRINT(EM_TREE_MAKEPLOTDS):   "Valid: Number of Observations" vprob = "Validation Percent M" perc_valid = "Valid: Percent Cases" percevent_valid = "Valid: Event Percentage" ;
MPRINT(EM_TREE_MAKEPLOTDS):   run;

NOTE: There were 9 observations read from the data set EMWS1.TREE_TREE_PLOT.
NOTE: There were 5 observations read from the data set WORK.TEMPNODES.
NOTE: The data set EMWS1.TREE_TREE_PLOT has 9 observations and 37 variables.
NOTE: DATA statement used (Total process time):
      real time           0.05 seconds
      cpu time            0.04 seconds
      

MPRINT(EM_TREE_MAKEPLOTDS):   proc datasets lib=work nolist;
MPRINT(EM_TREE_MAKEPLOTDS):   delete abovetext belowtext tempoutnodes tempmissing temp tempnodes tempstats;
MPRINT(EM_TREE_MAKEPLOTDS):   run;

NOTE: The file WORK.TEMP (memtype=DATA) was not found, but appears on a DELETE statement.
NOTE: The file WORK.TEMPSTATS (memtype=DATA) was not found, but appears on a DELETE statement.
NOTE: Deleting WORK.ABOVETEXT (memtype=DATA).
NOTE: Deleting WORK.BELOWTEXT (memtype=DATA).
NOTE: Deleting WORK.TEMPOUTNODES (memtype=DATA).
NOTE: Deleting WORK.TEMPMISSING (memtype=DATA).
NOTE: Deleting WORK.TEMPNODES (memtype=DATA).
MPRINT(EM_TREE_REPORT):  ;

NOTE: PROCEDURE DATASETS used (Total process time):
      real time           0.01 seconds
      cpu time            0.01 seconds
      

MPRINT(EM_REPORT):   data WORK.EM_USER_REPORT;
MPRINT(EM_REPORT):   retain id 0;
MPRINT(EM_REPORT):   id + 1;
MPRINT(EM_REPORT):   length VIEW 8 NAME $32 VALUE $400;
MPRINT(EM_REPORT):   NAME = "KEY";
MPRINT(EM_REPORT):   VALUE = "TREE_PLOT";
MPRINT(EM_REPORT):   VIEW = 0.69630215302868;
MPRINT(EM_REPORT):   output;
MPRINT(EM_REPORT):   NAME = "VIEWTYPE";
MPRINT(EM_REPORT):   VALUE = "DTree";
MPRINT(EM_REPORT):   VIEW = 0.69630215302868;
MPRINT(EM_REPORT):   output;
MPRINT(EM_REPORT):   NAME = "AUTODISPLAY";
MPRINT(EM_REPORT):   VALUE = "Y";
MPRINT(EM_REPORT):   VIEW = 0.69630215302868;
MPRINT(EM_REPORT):   output;
MPRINT(EM_REPORT):   NAME = "SPK";
MPRINT(EM_REPORT):   VALUE = "Y";
MPRINT(EM_REPORT):   VIEW = 0.69630215302868;
MPRINT(EM_REPORT):   output;
MPRINT(EM_REPORT):   NAME = "COMPARE";
MPRINT(EM_REPORT):   VALUE = "N";
MPRINT(EM_REPORT):   VIEW = 0.69630215302868;
MPRINT(EM_REPORT):   output;
MPRINT(EM_REPORT):   NAME = "LOCALIZE";
MPRINT(EM_REPORT):   VALUE = "N";
MPRINT(EM_REPORT):   VIEW = 0.69630215302868;
MPRINT(EM_REPORT):   output;
MPRINT(EM_REPORT):   NAME = "EQUALIZEROWX";
MPRINT(EM_REPORT):   VALUE = "N";
MPRINT(EM_REPORT):   VIEW = 0.69630215302868;
MPRINT(EM_REPORT):   output;
MPRINT(EM_REPORT):   NAME = "EQUALIZEROWY";
MPRINT(EM_REPORT):   VALUE = "N";
MPRINT(EM_REPORT):   VIEW = 0.69630215302868;
MPRINT(EM_REPORT):   output;
MPRINT(EM_REPORT):   NAME = "EQUALIZECOLX";
MPRINT(EM_REPORT):   VALUE = "N";
MPRINT(EM_REPORT):   VIEW = 0.69630215302868;
MPRINT(EM_REPORT):   output;
MPRINT(EM_REPORT):   NAME = "EQUALIZECOLY";
MPRINT(EM_REPORT):   VALUE = "N";
MPRINT(EM_REPORT):   VIEW = 0.69630215302868;
MPRINT(EM_REPORT):   output;
MPRINT(EM_REPORT):   NAME = "NROWS";
MPRINT(EM_REPORT):   VALUE = "";
MPRINT(EM_REPORT):   VIEW = 0.69630215302868;
MPRINT(EM_REPORT):   output;
MPRINT(EM_REPORT):   NAME = "NCOLS";
MPRINT(EM_REPORT):   VALUE = "";
MPRINT(EM_REPORT):   VIEW = 0.69630215302868;
MPRINT(EM_REPORT):   output;
MPRINT(EM_REPORT):   NAME = "DISCRETEX";
MPRINT(EM_REPORT):   VALUE = "";
MPRINT(EM_REPORT):   VIEW = 0.69630215302868;
MPRINT(EM_REPORT):   output;
MPRINT(EM_REPORT):   NAME = "DISCRETEY";
MPRINT(EM_REPORT):   VALUE = "";
MPRINT(EM_REPORT):   VIEW = 0.69630215302868;
MPRINT(EM_REPORT):   output;
MPRINT(EM_REPORT):   NAME = "LATTICEX";
MPRINT(EM_REPORT):   VALUE = "";
MPRINT(EM_REPORT):   VIEW = 0.69630215302868;
MPRINT(EM_REPORT):   output;
MPRINT(EM_REPORT):   NAME = "LATTICEY";
MPRINT(EM_REPORT):   VALUE = "";
MPRINT(EM_REPORT):   VIEW = 0.69630215302868;
MPRINT(EM_REPORT):   output;
MPRINT(EM_REPORT):   NAME = "LATTICETYPE";
MPRINT(EM_REPORT):   VALUE = "";
MPRINT(EM_REPORT):   VIEW = 0.69630215302868;
MPRINT(EM_REPORT):   output;
MPRINT(EM_REPORT):   NAME = "ABSOLUTEVALUE";
MPRINT(EM_REPORT):   VALUE = "";
MPRINT(EM_REPORT):   VIEW = 0.69630215302868;
MPRINT(EM_REPORT):   output;
MPRINT(EM_REPORT):   NAME = "SORTORDER";
MPRINT(EM_REPORT):   VALUE = "";
MPRINT(EM_REPORT):   VIEW = 0.69630215302868;
MPRINT(EM_REPORT):   output;
MPRINT(EM_REPORT):   NAME = "SORTORDERY";
MPRINT(EM_REPORT):   VALUE = "";
MPRINT(EM_REPORT):   VIEW = 0.69630215302868;
MPRINT(EM_REPORT):   output;
MPRINT(EM_REPORT):   NAME = "ORIENTATION";
MPRINT(EM_REPORT):   VALUE = "";
MPRINT(EM_REPORT):   VIEW = 0.69630215302868;
MPRINT(EM_REPORT):   output;
MPRINT(EM_REPORT):   NAME = "METHOD";
MPRINT(EM_REPORT):   VALUE = "";
MPRINT(EM_REPORT):   VIEW = 0.69630215302868;
MPRINT(EM_REPORT):   output;
MPRINT(EM_REPORT):   NAME = "DIRECTION";
MPRINT(EM_REPORT):   VALUE = "";
MPRINT(EM_REPORT):   VIEW = 0.69630215302868;
MPRINT(EM_REPORT):   output;
MPRINT(EM_REPORT):   NAME = "BYSET";
MPRINT(EM_REPORT):   VALUE = "";
MPRINT(EM_REPORT):   VIEW = 0.69630215302868;
MPRINT(EM_REPORT):   output;
MPRINT(EM_REPORT):   NAME = "RENDERMODE";
MPRINT(EM_REPORT):   VALUE = "";
MPRINT(EM_REPORT):   VIEW = 0.69630215302868;
MPRINT(EM_REPORT):   output;
MPRINT(EM_REPORT):   NAME = "DESCRIPTION";
MPRINT(EM_REPORT):   VALUE = "TREE";
MPRINT(EM_REPORT):   VIEW = 0.69630215302868;
MPRINT(EM_REPORT):   output;
MPRINT(EM_REPORT):   NAME = "X";
MPRINT(EM_REPORT):   VALUE = "";
MPRINT(EM_REPORT):   VIEW = 0.69630215302868;
MPRINT(EM_REPORT):   output;
MPRINT(EM_REPORT):   NAME = "EXCLUDEVARS";
MPRINT(EM_REPORT):   VALUE = "";
MPRINT(EM_REPORT):   VIEW = 0.69630215302868;
MPRINT(EM_REPORT):   output;
MPRINT(EM_REPORT):   NAME = "Z";
MPRINT(EM_REPORT):   VALUE = "";
MPRINT(EM_REPORT):   VIEW = 0.69630215302868;
MPRINT(EM_REPORT):   output;
MPRINT(EM_REPORT):   NAME = "YVARS";
MPRINT(EM_REPORT):   VALUE = "";
MPRINT(EM_REPORT):   VIEW = 0.69630215302868;
MPRINT(EM_REPORT):   output;
MPRINT(EM_REPORT):   NAME = "FREQVARS";
MPRINT(EM_REPORT):   VALUE = "";
MPRINT(EM_REPORT):   VIEW = 0.69630215302868;
MPRINT(EM_REPORT):   output;
MPRINT(EM_REPORT):   NAME = "AXIS";
MPRINT(EM_REPORT):   VALUE = "";
MPRINT(EM_REPORT):   VIEW = 0.69630215302868;
MPRINT(EM_REPORT):   output;
MPRINT(EM_REPORT):   NAME = "FREQ";
MPRINT(EM_REPORT):   VALUE = "";
MPRINT(EM_REPORT):   VIEW = 0.69630215302868;
MPRINT(EM_REPORT):   output;
MPRINT(EM_REPORT):   NAME = "GROUP";
MPRINT(EM_REPORT):   VALUE = "";
MPRINT(EM_REPORT):   VIEW = 0.69630215302868;
MPRINT(EM_REPORT):   output;
MPRINT(EM_REPORT):   NAME = "SUBGROUP";
MPRINT(EM_REPORT):   VALUE = "";
MPRINT(EM_REPORT):   VIEW = 0.69630215302868;
MPRINT(EM_REPORT):   output;
MPRINT(EM_REPORT):   NAME = "BLOCK";
MPRINT(EM_REPORT):   VALUE = "MODEL";
MPRINT(EM_REPORT):   VIEW = 0.69630215302868;
MPRINT(EM_REPORT):   output;
MPRINT(EM_REPORT):   NAME = "COLOR";
MPRINT(EM_REPORT):   VALUE = "";
MPRINT(EM_REPORT):   VIEW = 0.69630215302868;
MPRINT(EM_REPORT):   output;
MPRINT(EM_REPORT):   NAME = "COLORINDEX";
MPRINT(EM_REPORT):   VALUE = "";
MPRINT(EM_REPORT):   VIEW = 0.69630215302868;
MPRINT(EM_REPORT):   output;
MPRINT(EM_REPORT):   NAME = "TIPTEXT";
MPRINT(EM_REPORT):   VALUE = "TEXTALL";
MPRINT(EM_REPORT):   VIEW = 0.69630215302868;
MPRINT(EM_REPORT):   output;
MPRINT(EM_REPORT):   NAME = "TIP";
MPRINT(EM_REPORT):   VALUE = "";
MPRINT(EM_REPORT):   VIEW = 0.69630215302868;
MPRINT(EM_REPORT):   output;
MPRINT(EM_REPORT):   NAME = "TOOLTIP";
MPRINT(EM_REPORT):   VALUE = "";
MPRINT(EM_REPORT):   VIEW = 0.69630215302868;
MPRINT(EM_REPORT):   output;
MPRINT(EM_REPORT):   NAME = "REPORTID";
MPRINT(EM_REPORT):   VALUE = "";
MPRINT(EM_REPORT):   VIEW = 0.69630215302868;
MPRINT(EM_REPORT):   output;
MPRINT(EM_REPORT):   NAME = "IDVALUE";
MPRINT(EM_REPORT):   VALUE = "";
MPRINT(EM_REPORT):   VIEW = 0.69630215302868;
MPRINT(EM_REPORT):   output;
MPRINT(EM_REPORT):   NAME = "ID";
MPRINT(EM_REPORT):   VALUE = "NODE";
MPRINT(EM_REPORT):   VIEW = 0.69630215302868;
MPRINT(EM_REPORT):   output;
MPRINT(EM_REPORT):   NAME = "SIZE";
MPRINT(EM_REPORT):   VALUE = "";
MPRINT(EM_REPORT):   VIEW = 0.69630215302868;
MPRINT(EM_REPORT):   output;
MPRINT(EM_REPORT):   NAME = "FROM";
MPRINT(EM_REPORT):   VALUE = "";
MPRINT(EM_REPORT):   VIEW = 0.69630215302868;
MPRINT(EM_REPORT):   output;
MPRINT(EM_REPORT):   NAME = "TO";
MPRINT(EM_REPORT):   VALUE = "";
MPRINT(EM_REPORT):   VIEW = 0.69630215302868;
MPRINT(EM_REPORT):   output;
MPRINT(EM_REPORT):   NAME = "VALUE";
MPRINT(EM_REPORT):   VALUE = "";
MPRINT(EM_REPORT):   VIEW = 0.69630215302868;
MPRINT(EM_REPORT):   output;
MPRINT(EM_REPORT):   NAME = "VIEWS";
MPRINT(EM_REPORT):   VALUE = "";
MPRINT(EM_REPORT):   VIEW = 0.69630215302868;
MPRINT(EM_REPORT):   output;
MPRINT(EM_REPORT):   NAME = "PARENT";
MPRINT(EM_REPORT):   VALUE = "PARENT";
MPRINT(EM_REPORT):   VIEW = 0.69630215302868;
MPRINT(EM_REPORT):   output;
MPRINT(EM_REPORT):   NAME = "NODETEXT";
MPRINT(EM_REPORT):   VALUE = "NODETEXT";
MPRINT(EM_REPORT):   VIEW = 0.69630215302868;
MPRINT(EM_REPORT):   output;
MPRINT(EM_REPORT):   NAME = "ABOVETEXT";
MPRINT(EM_REPORT):   VALUE = "ABOVETEXT";
MPRINT(EM_REPORT):   VIEW = 0.69630215302868;
MPRINT(EM_REPORT):   output;
MPRINT(EM_REPORT):   NAME = "BELOWTEXT";
MPRINT(EM_REPORT):   VALUE = "BELOWTEXT";
MPRINT(EM_REPORT):   VIEW = 0.69630215302868;
MPRINT(EM_REPORT):   output;
MPRINT(EM_REPORT):   NAME = "NODESIZE";
MPRINT(EM_REPORT):   VALUE = "N";
MPRINT(EM_REPORT):   VIEW = 0.69630215302868;
MPRINT(EM_REPORT):   output;
MPRINT(EM_REPORT):   NAME = "STATS";
MPRINT(EM_REPORT):   VALUE = "";
MPRINT(EM_REPORT):   VIEW = 0.69630215302868;
MPRINT(EM_REPORT):   output;
MPRINT(EM_REPORT):   NAME = "CLASSDIST";
MPRINT(EM_REPORT):   VALUE = "";
MPRINT(EM_REPORT):   VIEW = 0.69630215302868;
MPRINT(EM_REPORT):   output;
MPRINT(EM_REPORT):   NAME = "INTDIST";
MPRINT(EM_REPORT):   VALUE = "";
MPRINT(EM_REPORT):   VIEW = 0.69630215302868;
MPRINT(EM_REPORT):   output;
MPRINT(EM_REPORT):   NAME = "FOLDER";
MPRINT(EM_REPORT):   VALUE = "";
MPRINT(EM_REPORT):   VIEW = 0.69630215302868;
MPRINT(EM_REPORT):   output;
MPRINT(EM_REPORT):   NAME = "YPLOTTYPE";
MPRINT(EM_REPORT):   VALUE = "";
MPRINT(EM_REPORT):   VIEW = 0.69630215302868;
MPRINT(EM_REPORT):   output;
MPRINT(EM_REPORT):   NAME = "XREF";
MPRINT(EM_REPORT):   VALUE = "";
MPRINT(EM_REPORT):   VIEW = 0.69630215302868;
MPRINT(EM_REPORT):   output;
MPRINT(EM_REPORT):   NAME = "XREF2";
MPRINT(EM_REPORT):   VALUE = "";
MPRINT(EM_REPORT):   VIEW = 0.69630215302868;
MPRINT(EM_REPORT):   output;
MPRINT(EM_REPORT):   NAME = "YREF";
MPRINT(EM_REPORT):   VALUE = "";
MPRINT(EM_REPORT):   VIEW = 0.69630215302868;
MPRINT(EM_REPORT):   output;
MPRINT(EM_REPORT):   NAME = "Y2REF";
MPRINT(EM_REPORT):   VALUE = "";
MPRINT(EM_REPORT):   VIEW = 0.69630215302868;
MPRINT(EM_REPORT):   output;
MPRINT(EM_REPORT):   NAME = "YREF2";
MPRINT(EM_REPORT):   VALUE = "";
MPRINT(EM_REPORT):   VIEW = 0.69630215302868;
MPRINT(EM_REPORT):   output;
MPRINT(EM_REPORT):   NAME = "Y2REF2";
MPRINT(EM_REPORT):   VALUE = "";
MPRINT(EM_REPORT):   VIEW = 0.69630215302868;
MPRINT(EM_REPORT):   output;
MPRINT(EM_REPORT):   NAME = "GROUPINDEX";
MPRINT(EM_REPORT):   VALUE = "";
MPRINT(EM_REPORT):   VIEW = 0.69630215302868;
MPRINT(EM_REPORT):   output;
MPRINT(EM_REPORT):   NAME = "JOIN";
MPRINT(EM_REPORT):   VALUE = "";
MPRINT(EM_REPORT):   VIEW = 0.69630215302868;
MPRINT(EM_REPORT):   output;
MPRINT(EM_REPORT):   NAME = "XEXCLUDE";
MPRINT(EM_REPORT):   VALUE = "";
MPRINT(EM_REPORT):   VIEW = 0.69630215302868;
MPRINT(EM_REPORT):   output;
MPRINT(EM_REPORT):   NAME = "FREQEXCLUDE";
MPRINT(EM_REPORT):   VALUE = "";
MPRINT(EM_REPORT):   VIEW = 0.69630215302868;
MPRINT(EM_REPORT):   output;
MPRINT(EM_REPORT):   NAME = "YEXCLUDE";
MPRINT(EM_REPORT):   VALUE = "";
MPRINT(EM_REPORT):   VIEW = 0.69630215302868;
MPRINT(EM_REPORT):   output;
MPRINT(EM_REPORT):   NAME = "NAME";
MPRINT(EM_REPORT):   VALUE = "";
MPRINT(EM_REPORT):   VIEW = 0.69630215302868;
MPRINT(EM_REPORT):   output;
MPRINT(EM_REPORT):   NAME = "HEIGHT";
MPRINT(EM_REPORT):   VALUE = "";
MPRINT(EM_REPORT):   VIEW = 0.69630215302868;
MPRINT(EM_REPORT):   output;
MPRINT(EM_REPORT):   NAME = "WIDTH";
MPRINT(EM_REPORT):   VALUE = "";
MPRINT(EM_REPORT):   VIEW = 0.69630215302868;
MPRINT(EM_REPORT):   output;
MPRINT(EM_REPORT):   NAME = "XAXISLABEL";
MPRINT(EM_REPORT):   VALUE = "";
MPRINT(EM_REPORT):   VIEW = 0.69630215302868;
MPRINT(EM_REPORT):   output;
MPRINT(EM_REPORT):   NAME = "Y2AXISLABEL";
MPRINT(EM_REPORT):   VALUE = "";
MPRINT(EM_REPORT):   VIEW = 0.69630215302868;
MPRINT(EM_REPORT):   output;
MPRINT(EM_REPORT):   NAME = "YAXISLABEL";
MPRINT(EM_REPORT):   VALUE = "";
MPRINT(EM_REPORT):   VIEW = 0.69630215302868;
MPRINT(EM_REPORT):   output;
MPRINT(EM_REPORT):   NAME = "DISPLAYXLABEL";
MPRINT(EM_REPORT):   VALUE = "Y";
MPRINT(EM_REPORT):   VIEW = 0.69630215302868;
MPRINT(EM_REPORT):   output;
MPRINT(EM_REPORT):   NAME = "DISPLAYYLABEL";
MPRINT(EM_REPORT):   VALUE = "Y";
MPRINT(EM_REPORT):   VIEW = 0.69630215302868;
MPRINT(EM_REPORT):   output;
MPRINT(EM_REPORT):   NAME = "CHOICETEXT";
MPRINT(EM_REPORT):   VALUE = "";
MPRINT(EM_REPORT):   VIEW = 0.69630215302868;
MPRINT(EM_REPORT):   output;
MPRINT(EM_REPORT):   NAME = "SEGMENTVALUE";
MPRINT(EM_REPORT):   VALUE = "";
MPRINT(EM_REPORT):   VIEW = 0.69630215302868;
MPRINT(EM_REPORT):   output;
MPRINT(EM_REPORT):   NAME = "LOWERBAND";
MPRINT(EM_REPORT):   VALUE = "";
MPRINT(EM_REPORT):   VIEW = 0.69630215302868;
MPRINT(EM_REPORT):   output;
MPRINT(EM_REPORT):   NAME = "UPPERBAND";
MPRINT(EM_REPORT):   VALUE = "";
MPRINT(EM_REPORT):   VIEW = 0.69630215302868;
MPRINT(EM_REPORT):   output;
MPRINT(EM_REPORT):   NAME = "YLINE";
MPRINT(EM_REPORT):   VALUE = "";
MPRINT(EM_REPORT):   VIEW = 0.69630215302868;
MPRINT(EM_REPORT):   output;
MPRINT(EM_REPORT):   NAME = "LINKKEY";
MPRINT(EM_REPORT):   VALUE = "";
MPRINT(EM_REPORT):   VIEW = 0.69630215302868;
MPRINT(EM_REPORT):   output;
MPRINT(EM_REPORT):   NAME = "NODEKEY";
MPRINT(EM_REPORT):   VALUE = "";
MPRINT(EM_REPORT):   VIEW = 0.69630215302868;
MPRINT(EM_REPORT):   output;
MPRINT(EM_REPORT):   NAME = "NODEID";
MPRINT(EM_REPORT):   VALUE = "";
MPRINT(EM_REPORT):   VIEW = 0.69630215302868;
MPRINT(EM_REPORT):   output;
MPRINT(EM_REPORT):   NAME = "NODEVALUE";
MPRINT(EM_REPORT):   VALUE = "";
MPRINT(EM_REPORT):   VIEW = 0.69630215302868;
MPRINT(EM_REPORT):   output;
MPRINT(EM_REPORT):   NAME = "NODECOLOR";
MPRINT(EM_REPORT):   VALUE = "NODECOLOR";
MPRINT(EM_REPORT):   VIEW = 0.69630215302868;
MPRINT(EM_REPORT):   output;
MPRINT(EM_REPORT):   NAME = "NODESHAPE";
MPRINT(EM_REPORT):   VALUE = "";
MPRINT(EM_REPORT):   VIEW = 0.69630215302868;
MPRINT(EM_REPORT):   output;
MPRINT(EM_REPORT):   NAME = "NODESHAPEVAR";
MPRINT(EM_REPORT):   VALUE = "";
MPRINT(EM_REPORT):   VIEW = 0.69630215302868;
MPRINT(EM_REPORT):   output;
MPRINT(EM_REPORT):   NAME = "NODELABEL";
MPRINT(EM_REPORT):   VALUE = "";
MPRINT(EM_REPORT):   VIEW = 0.69630215302868;
MPRINT(EM_REPORT):   output;
MPRINT(EM_REPORT):   NAME = "NODETIP";
MPRINT(EM_REPORT):   VALUE = "";
MPRINT(EM_REPORT):   VIEW = 0.69630215302868;
MPRINT(EM_REPORT):   output;
MPRINT(EM_REPORT):   NAME = "LINKID";
MPRINT(EM_REPORT):   VALUE = "";
MPRINT(EM_REPORT):   VIEW = 0.69630215302868;
MPRINT(EM_REPORT):   output;
MPRINT(EM_REPORT):   NAME = "LINKVALUE";
MPRINT(EM_REPORT):   VALUE = "";
MPRINT(EM_REPORT):   VIEW = 0.69630215302868;
MPRINT(EM_REPORT):   output;
MPRINT(EM_REPORT):   NAME = "LINKFROM";
MPRINT(EM_REPORT):   VALUE = "";
MPRINT(EM_REPORT):   VIEW = 0.69630215302868;
MPRINT(EM_REPORT):   output;
MPRINT(EM_REPORT):   NAME = "LINKTO";
MPRINT(EM_REPORT):   VALUE = "";
MPRINT(EM_REPORT):   VIEW = 0.69630215302868;
MPRINT(EM_REPORT):   output;
MPRINT(EM_REPORT):   NAME = "LINKCOLOR";
MPRINT(EM_REPORT):   VALUE = "";
MPRINT(EM_REPORT):   VIEW = 0.69630215302868;
MPRINT(EM_REPORT):   output;
MPRINT(EM_REPORT):   NAME = "LINKWIDTH";
MPRINT(EM_REPORT):   VALUE = "LINKWIDTH";
MPRINT(EM_REPORT):   VIEW = 0.69630215302868;
MPRINT(EM_REPORT):   output;
MPRINT(EM_REPORT):   NAME = "LINKTIP";
MPRINT(EM_REPORT):   VALUE = "";
MPRINT(EM_REPORT):   VIEW = 0.69630215302868;
MPRINT(EM_REPORT):   output;
MPRINT(EM_REPORT):   NAME = "XFROM";
MPRINT(EM_REPORT):   VALUE = "";
MPRINT(EM_REPORT):   VIEW = 0.69630215302868;
MPRINT(EM_REPORT):   output;
MPRINT(EM_REPORT):   NAME = "XTO";
MPRINT(EM_REPORT):   VALUE = "";
MPRINT(EM_REPORT):   VIEW = 0.69630215302868;
MPRINT(EM_REPORT):   output;
MPRINT(EM_REPORT):   NAME = "YFROM";
MPRINT(EM_REPORT):   VALUE = "";
MPRINT(EM_REPORT):   VIEW = 0.69630215302868;
MPRINT(EM_REPORT):   output;
MPRINT(EM_REPORT):   NAME = "YTO";
MPRINT(EM_REPORT):   VALUE = "";
MPRINT(EM_REPORT):   VIEW = 0.69630215302868;
MPRINT(EM_REPORT):   output;
MPRINT(EM_REPORT):   NAME = "MATRIXVAR";
MPRINT(EM_REPORT):   VALUE = "";
MPRINT(EM_REPORT):   VIEW = 0.69630215302868;
MPRINT(EM_REPORT):   output;
MPRINT(EM_REPORT):   NAME = "RESPONSE";
MPRINT(EM_REPORT):   VALUE = "";
MPRINT(EM_REPORT):   VIEW = 0.69630215302868;
MPRINT(EM_REPORT):   output;
MPRINT(EM_REPORT):   NAME = "SERIES";
MPRINT(EM_REPORT):   VALUE = "";
MPRINT(EM_REPORT):   VIEW = 0.69630215302868;
MPRINT(EM_REPORT):   output;
MPRINT(EM_REPORT):   NAME = "DESCARG";
MPRINT(EM_REPORT):   VALUE = "";
MPRINT(EM_REPORT):   VIEW = 0.69630215302868;
MPRINT(EM_REPORT):   output;
MPRINT(EM_REPORT):   NAME = "SLIDER";
MPRINT(EM_REPORT):   VALUE = "";
MPRINT(EM_REPORT):   VIEW = 0.69630215302868;
MPRINT(EM_REPORT):   output;
MPRINT(EM_REPORT):   NAME = "MarkerSize";
MPRINT(EM_REPORT):   VALUE = "";
MPRINT(EM_REPORT):   VIEW = 0.69630215302868;
MPRINT(EM_REPORT):   output;
MPRINT(EM_REPORT):   NAME = "Marker";
MPRINT(EM_REPORT):   VALUE = "";
MPRINT(EM_REPORT):   VIEW = 0.69630215302868;
MPRINT(EM_REPORT):   output;
MPRINT(EM_REPORT):   NAME = "Y1";
MPRINT(EM_REPORT):   VALUE = "";
MPRINT(EM_REPORT):   VIEW = 0.69630215302868;
MPRINT(EM_REPORT):   output;
MPRINT(EM_REPORT):   NAME = "Y2";
MPRINT(EM_REPORT):   VALUE = "";
MPRINT(EM_REPORT):   VIEW = 0.69630215302868;
MPRINT(EM_REPORT):   output;
MPRINT(EM_REPORT):   NAME = "Y3";
MPRINT(EM_REPORT):   VALUE = "";
MPRINT(EM_REPORT):   VIEW = 0.69630215302868;
MPRINT(EM_REPORT):   output;
MPRINT(EM_REPORT):   NAME = "Y4";
MPRINT(EM_REPORT):   VALUE = "";
MPRINT(EM_REPORT):   VIEW = 0.69630215302868;
MPRINT(EM_REPORT):   output;
MPRINT(EM_REPORT):   NAME = "Y5";
MPRINT(EM_REPORT):   VALUE = "";
MPRINT(EM_REPORT):   VIEW = 0.69630215302868;
MPRINT(EM_REPORT):   output;
MPRINT(EM_REPORT):   NAME = "Y6";
MPRINT(EM_REPORT):   VALUE = "";
MPRINT(EM_REPORT):   VIEW = 0.69630215302868;
MPRINT(EM_REPORT):   output;
MPRINT(EM_REPORT):   NAME = "Y7";
MPRINT(EM_REPORT):   VALUE = "";
MPRINT(EM_REPORT):   VIEW = 0.69630215302868;
MPRINT(EM_REPORT):   output;
MPRINT(EM_REPORT):   NAME = "Y8";
MPRINT(EM_REPORT):   VALUE = "";
MPRINT(EM_REPORT):   VIEW = 0.69630215302868;
MPRINT(EM_REPORT):   output;
MPRINT(EM_REPORT):   NAME = "Y9";
MPRINT(EM_REPORT):   VALUE = "";
MPRINT(EM_REPORT):   VIEW = 0.69630215302868;
MPRINT(EM_REPORT):   output;
MPRINT(EM_REPORT):   NAME = "Y10";
MPRINT(EM_REPORT):   VALUE = "";
MPRINT(EM_REPORT):   VIEW = 0.69630215302868;
MPRINT(EM_REPORT):   output;
MPRINT(EM_REPORT):   NAME = "Y11";
MPRINT(EM_REPORT):   VALUE = "";
MPRINT(EM_REPORT):   VIEW = 0.69630215302868;
MPRINT(EM_REPORT):   output;
MPRINT(EM_REPORT):   NAME = "Y12";
MPRINT(EM_REPORT):   VALUE = "";
MPRINT(EM_REPORT):   VIEW = 0.69630215302868;
MPRINT(EM_REPORT):   output;
MPRINT(EM_REPORT):   NAME = "Y13";
MPRINT(EM_REPORT):   VALUE = "";
MPRINT(EM_REPORT):   VIEW = 0.69630215302868;
MPRINT(EM_REPORT):   output;
MPRINT(EM_REPORT):   NAME = "Y14";
MPRINT(EM_REPORT):   VALUE = "";
MPRINT(EM_REPORT):   VIEW = 0.69630215302868;
MPRINT(EM_REPORT):   output;
MPRINT(EM_REPORT):   NAME = "Y15";
MPRINT(EM_REPORT):   VALUE = "";
MPRINT(EM_REPORT):   VIEW = 0.69630215302868;
MPRINT(EM_REPORT):   output;
MPRINT(EM_REPORT):   NAME = "Y16";
MPRINT(EM_REPORT):   VALUE = "";
MPRINT(EM_REPORT):   VIEW = 0.69630215302868;
MPRINT(EM_REPORT):   output;
MPRINT(EM_REPORT):   NAME = "TITLE";
MPRINT(EM_REPORT):   VALUE = "";
MPRINT(EM_REPORT):   VIEW = 0.69630215302868;
MPRINT(EM_REPORT):   output;
MPRINT(EM_REPORT):   NAME = "LEGEND";
MPRINT(EM_REPORT):   VALUE = "";
MPRINT(EM_REPORT):   VIEW = 0.69630215302868;
MPRINT(EM_REPORT):   output;
MPRINT(EM_REPORT):   NAME = "LEGENDTITLE";
MPRINT(EM_REPORT):   VALUE = "";
MPRINT(EM_REPORT):   VIEW = 0.69630215302868;
MPRINT(EM_REPORT):   output;
MPRINT(EM_REPORT):   NAME = "SHAPE";
MPRINT(EM_REPORT):   VALUE = "";
MPRINT(EM_REPORT):   VIEW = 0.69630215302868;
MPRINT(EM_REPORT):   output;
MPRINT(EM_REPORT):   NAME = "METHOD";
MPRINT(EM_REPORT):   VALUE = "";
MPRINT(EM_REPORT):   VIEW = 0.69630215302868;
MPRINT(EM_REPORT):   output;
MPRINT(EM_REPORT):   NAME = "NOBINMISS";
MPRINT(EM_REPORT):   VALUE = "";
MPRINT(EM_REPORT):   VIEW = 0.69630215302868;
MPRINT(EM_REPORT):   output;
MPRINT(EM_REPORT):   run;

NOTE: The data set WORK.EM_USER_REPORT has 132 observations and 4 variables.
NOTE: DATA statement used (Total process time):
      real time           0.04 seconds
      cpu time            0.03 seconds
      

MPRINT(EM_TREE_REPORT):  ;
MPRINT(EM_REPORT):   data WORK.EM_USER_REPORT;
MPRINT(EM_REPORT):   set WORK.EM_USER_REPORT end=eof;
MPRINT(EM_REPORT):   output;
MPRINT(EM_REPORT):   if eof then do;
MPRINT(EM_REPORT):   id+1;
MPRINT(EM_REPORT):   NAME = "KEY";
MPRINT(EM_REPORT):   VALUE = "TREE_PLOT";
MPRINT(EM_REPORT):   VIEW = 0.84400955766626;
MPRINT(EM_REPORT):   output;
MPRINT(EM_REPORT):   NAME = "VIEWTYPE";
MPRINT(EM_REPORT):   VALUE = "Icicle";
MPRINT(EM_REPORT):   VIEW = 0.84400955766626;
MPRINT(EM_REPORT):   output;
MPRINT(EM_REPORT):   NAME = "AUTODISPLAY";
MPRINT(EM_REPORT):   VALUE = "Y";
MPRINT(EM_REPORT):   VIEW = 0.84400955766626;
MPRINT(EM_REPORT):   output;
MPRINT(EM_REPORT):   NAME = "SPK";
MPRINT(EM_REPORT):   VALUE = "Y";
MPRINT(EM_REPORT):   VIEW = 0.84400955766626;
MPRINT(EM_REPORT):   output;
MPRINT(EM_REPORT):   NAME = "COMPARE";
MPRINT(EM_REPORT):   VALUE = "N";
MPRINT(EM_REPORT):   VIEW = 0.84400955766626;
MPRINT(EM_REPORT):   output;
MPRINT(EM_REPORT):   NAME = "LOCALIZE";
MPRINT(EM_REPORT):   VALUE = "N";
MPRINT(EM_REPORT):   VIEW = 0.84400955766626;
MPRINT(EM_REPORT):   output;
MPRINT(EM_REPORT):   NAME = "EQUALIZEROWX";
MPRINT(EM_REPORT):   VALUE = "N";
MPRINT(EM_REPORT):   VIEW = 0.84400955766626;
MPRINT(EM_REPORT):   output;
MPRINT(EM_REPORT):   NAME = "EQUALIZEROWY";
MPRINT(EM_REPORT):   VALUE = "N";
MPRINT(EM_REPORT):   VIEW = 0.84400955766626;
MPRINT(EM_REPORT):   output;
MPRINT(EM_REPORT):   NAME = "EQUALIZECOLX";
MPRINT(EM_REPORT):   VALUE = "N";
MPRINT(EM_REPORT):   VIEW = 0.84400955766626;
MPRINT(EM_REPORT):   output;
MPRINT(EM_REPORT):   NAME = "EQUALIZECOLY";
MPRINT(EM_REPORT):   VALUE = "N";
MPRINT(EM_REPORT):   VIEW = 0.84400955766626;
MPRINT(EM_REPORT):   output;
MPRINT(EM_REPORT):   NAME = "NROWS";
MPRINT(EM_REPORT):   VALUE = "";
MPRINT(EM_REPORT):   VIEW = 0.84400955766626;
MPRINT(EM_REPORT):   output;
MPRINT(EM_REPORT):   NAME = "NCOLS";
MPRINT(EM_REPORT):   VALUE = "";
MPRINT(EM_REPORT):   VIEW = 0.84400955766626;
MPRINT(EM_REPORT):   output;
MPRINT(EM_REPORT):   NAME = "DISCRETEX";
MPRINT(EM_REPORT):   VALUE = "";
MPRINT(EM_REPORT):   VIEW = 0.84400955766626;
MPRINT(EM_REPORT):   output;
MPRINT(EM_REPORT):   NAME = "DISCRETEY";
MPRINT(EM_REPORT):   VALUE = "";
MPRINT(EM_REPORT):   VIEW = 0.84400955766626;
MPRINT(EM_REPORT):   output;
MPRINT(EM_REPORT):   NAME = "LATTICEX";
MPRINT(EM_REPORT):   VALUE = "";
MPRINT(EM_REPORT):   VIEW = 0.84400955766626;
MPRINT(EM_REPORT):   output;
MPRINT(EM_REPORT):   NAME = "LATTICEY";
MPRINT(EM_REPORT):   VALUE = "";
MPRINT(EM_REPORT):   VIEW = 0.84400955766626;
MPRINT(EM_REPORT):   output;
MPRINT(EM_REPORT):   NAME = "LATTICETYPE";
MPRINT(EM_REPORT):   VALUE = "";
MPRINT(EM_REPORT):   VIEW = 0.84400955766626;
MPRINT(EM_REPORT):   output;
MPRINT(EM_REPORT):   NAME = "ABSOLUTEVALUE";
MPRINT(EM_REPORT):   VALUE = "";
MPRINT(EM_REPORT):   VIEW = 0.84400955766626;
MPRINT(EM_REPORT):   output;
MPRINT(EM_REPORT):   NAME = "SORTORDER";
MPRINT(EM_REPORT):   VALUE = "";
MPRINT(EM_REPORT):   VIEW = 0.84400955766626;
MPRINT(EM_REPORT):   output;
MPRINT(EM_REPORT):   NAME = "SORTORDERY";
MPRINT(EM_REPORT):   VALUE = "";
MPRINT(EM_REPORT):   VIEW = 0.84400955766626;
MPRINT(EM_REPORT):   output;
MPRINT(EM_REPORT):   NAME = "ORIENTATION";
MPRINT(EM_REPORT):   VALUE = "";
MPRINT(EM_REPORT):   VIEW = 0.84400955766626;
MPRINT(EM_REPORT):   output;
MPRINT(EM_REPORT):   NAME = "METHOD";
MPRINT(EM_REPORT):   VALUE = "";
MPRINT(EM_REPORT):   VIEW = 0.84400955766626;
MPRINT(EM_REPORT):   output;
MPRINT(EM_REPORT):   NAME = "DIRECTION";
MPRINT(EM_REPORT):   VALUE = "";
MPRINT(EM_REPORT):   VIEW = 0.84400955766626;
MPRINT(EM_REPORT):   output;
MPRINT(EM_REPORT):   NAME = "BYSET";
MPRINT(EM_REPORT):   VALUE = "";
MPRINT(EM_REPORT):   VIEW = 0.84400955766626;
MPRINT(EM_REPORT):   output;
MPRINT(EM_REPORT):   NAME = "RENDERMODE";
MPRINT(EM_REPORT):   VALUE = "";
MPRINT(EM_REPORT):   VIEW = 0.84400955766626;
MPRINT(EM_REPORT):   output;
MPRINT(EM_REPORT):   NAME = "DESCRIPTION";
MPRINT(EM_REPORT):   VALUE = "ICICLE";
MPRINT(EM_REPORT):   VIEW = 0.84400955766626;
MPRINT(EM_REPORT):   output;
MPRINT(EM_REPORT):   NAME = "X";
MPRINT(EM_REPORT):   VALUE = "";
MPRINT(EM_REPORT):   VIEW = 0.84400955766626;
MPRINT(EM_REPORT):   output;
MPRINT(EM_REPORT):   NAME = "EXCLUDEVARS";
MPRINT(EM_REPORT):   VALUE = "";
MPRINT(EM_REPORT):   VIEW = 0.84400955766626;
MPRINT(EM_REPORT):   output;
MPRINT(EM_REPORT):   NAME = "Z";
MPRINT(EM_REPORT):   VALUE = "";
MPRINT(EM_REPORT):   VIEW = 0.84400955766626;
MPRINT(EM_REPORT):   output;
MPRINT(EM_REPORT):   NAME = "YVARS";
MPRINT(EM_REPORT):   VALUE = "";
MPRINT(EM_REPORT):   VIEW = 0.84400955766626;
MPRINT(EM_REPORT):   output;
MPRINT(EM_REPORT):   NAME = "FREQVARS";
MPRINT(EM_REPORT):   VALUE = "";
MPRINT(EM_REPORT):   VIEW = 0.84400955766626;
MPRINT(EM_REPORT):   output;
MPRINT(EM_REPORT):   NAME = "AXIS";
MPRINT(EM_REPORT):   VALUE = "";
MPRINT(EM_REPORT):   VIEW = 0.84400955766626;
MPRINT(EM_REPORT):   output;
MPRINT(EM_REPORT):   NAME = "FREQ";
MPRINT(EM_REPORT):   VALUE = "";
MPRINT(EM_REPORT):   VIEW = 0.84400955766626;
MPRINT(EM_REPORT):   output;
MPRINT(EM_REPORT):   NAME = "GROUP";
MPRINT(EM_REPORT):   VALUE = "";
MPRINT(EM_REPORT):   VIEW = 0.84400955766626;
MPRINT(EM_REPORT):   output;
MPRINT(EM_REPORT):   NAME = "SUBGROUP";
MPRINT(EM_REPORT):   VALUE = "";
MPRINT(EM_REPORT):   VIEW = 0.84400955766626;
MPRINT(EM_REPORT):   output;
MPRINT(EM_REPORT):   NAME = "BLOCK";
MPRINT(EM_REPORT):   VALUE = "MODEL";
MPRINT(EM_REPORT):   VIEW = 0.84400955766626;
MPRINT(EM_REPORT):   output;
MPRINT(EM_REPORT):   NAME = "COLOR";
MPRINT(EM_REPORT):   VALUE = "";
MPRINT(EM_REPORT):   VIEW = 0.84400955766626;
MPRINT(EM_REPORT):   output;
MPRINT(EM_REPORT):   NAME = "COLORINDEX";
MPRINT(EM_REPORT):   VALUE = "";
MPRINT(EM_REPORT):   VIEW = 0.84400955766626;
MPRINT(EM_REPORT):   output;
MPRINT(EM_REPORT):   NAME = "TIPTEXT";
MPRINT(EM_REPORT):   VALUE = "TEXTALL";
MPRINT(EM_REPORT):   VIEW = 0.84400955766626;
MPRINT(EM_REPORT):   output;
MPRINT(EM_REPORT):   NAME = "TIP";
MPRINT(EM_REPORT):   VALUE = "";
MPRINT(EM_REPORT):   VIEW = 0.84400955766626;
MPRINT(EM_REPORT):   output;
MPRINT(EM_REPORT):   NAME = "TOOLTIP";
MPRINT(EM_REPORT):   VALUE = "";
MPRINT(EM_REPORT):   VIEW = 0.84400955766626;
MPRINT(EM_REPORT):   output;
MPRINT(EM_REPORT):   NAME = "REPORTID";
MPRINT(EM_REPORT):   VALUE = "";
MPRINT(EM_REPORT):   VIEW = 0.84400955766626;
MPRINT(EM_REPORT):   output;
MPRINT(EM_REPORT):   NAME = "IDVALUE";
MPRINT(EM_REPORT):   VALUE = "";
MPRINT(EM_REPORT):   VIEW = 0.84400955766626;
MPRINT(EM_REPORT):   output;
MPRINT(EM_REPORT):   NAME = "ID";
MPRINT(EM_REPORT):   VALUE = "NODE";
MPRINT(EM_REPORT):   VIEW = 0.84400955766626;
MPRINT(EM_REPORT):   output;
MPRINT(EM_REPORT):   NAME = "SIZE";
MPRINT(EM_REPORT):   VALUE = "";
MPRINT(EM_REPORT):   VIEW = 0.84400955766626;
MPRINT(EM_REPORT):   output;
MPRINT(EM_REPORT):   NAME = "FROM";
MPRINT(EM_REPORT):   VALUE = "";
MPRINT(EM_REPORT):   VIEW = 0.84400955766626;
MPRINT(EM_REPORT):   output;
MPRINT(EM_REPORT):   NAME = "TO";
MPRINT(EM_REPORT):   VALUE = "";
MPRINT(EM_REPORT):   VIEW = 0.84400955766626;
MPRINT(EM_REPORT):   output;
MPRINT(EM_REPORT):   NAME = "VALUE";
MPRINT(EM_REPORT):   VALUE = "";
MPRINT(EM_REPORT):   VIEW = 0.84400955766626;
MPRINT(EM_REPORT):   output;
MPRINT(EM_REPORT):   NAME = "VIEWS";
MPRINT(EM_REPORT):   VALUE = "";
MPRINT(EM_REPORT):   VIEW = 0.84400955766626;
MPRINT(EM_REPORT):   output;
MPRINT(EM_REPORT):   NAME = "PARENT";
MPRINT(EM_REPORT):   VALUE = "PARENT";
MPRINT(EM_REPORT):   VIEW = 0.84400955766626;
MPRINT(EM_REPORT):   output;
MPRINT(EM_REPORT):   NAME = "NODETEXT";
MPRINT(EM_REPORT):   VALUE = "NODETEXT";
MPRINT(EM_REPORT):   VIEW = 0.84400955766626;
MPRINT(EM_REPORT):   output;
MPRINT(EM_REPORT):   NAME = "ABOVETEXT";
MPRINT(EM_REPORT):   VALUE = "";
MPRINT(EM_REPORT):   VIEW = 0.84400955766626;
MPRINT(EM_REPORT):   output;
MPRINT(EM_REPORT):   NAME = "BELOWTEXT";
MPRINT(EM_REPORT):   VALUE = "";
MPRINT(EM_REPORT):   VIEW = 0.84400955766626;
MPRINT(EM_REPORT):   output;
MPRINT(EM_REPORT):   NAME = "NODESIZE";
MPRINT(EM_REPORT):   VALUE = "N";
MPRINT(EM_REPORT):   VIEW = 0.84400955766626;
MPRINT(EM_REPORT):   output;
MPRINT(EM_REPORT):   NAME = "STATS";
MPRINT(EM_REPORT):   VALUE = "";
MPRINT(EM_REPORT):   VIEW = 0.84400955766626;
MPRINT(EM_REPORT):   output;
MPRINT(EM_REPORT):   NAME = "CLASSDIST";
MPRINT(EM_REPORT):   VALUE = "";
MPRINT(EM_REPORT):   VIEW = 0.84400955766626;
MPRINT(EM_REPORT):   output;
MPRINT(EM_REPORT):   NAME = "INTDIST";
MPRINT(EM_REPORT):   VALUE = "";
MPRINT(EM_REPORT):   VIEW = 0.84400955766626;
MPRINT(EM_REPORT):   output;
MPRINT(EM_REPORT):   NAME = "FOLDER";
MPRINT(EM_REPORT):   VALUE = "";
MPRINT(EM_REPORT):   VIEW = 0.84400955766626;
MPRINT(EM_REPORT):   output;
MPRINT(EM_REPORT):   NAME = "YPLOTTYPE";
MPRINT(EM_REPORT):   VALUE = "";
MPRINT(EM_REPORT):   VIEW = 0.84400955766626;
MPRINT(EM_REPORT):   output;
MPRINT(EM_REPORT):   NAME = "XREF";
MPRINT(EM_REPORT):   VALUE = "";
MPRINT(EM_REPORT):   VIEW = 0.84400955766626;
MPRINT(EM_REPORT):   output;
MPRINT(EM_REPORT):   NAME = "XREF2";
MPRINT(EM_REPORT):   VALUE = "";
MPRINT(EM_REPORT):   VIEW = 0.84400955766626;
MPRINT(EM_REPORT):   output;
MPRINT(EM_REPORT):   NAME = "YREF";
MPRINT(EM_REPORT):   VALUE = "";
MPRINT(EM_REPORT):   VIEW = 0.84400955766626;
MPRINT(EM_REPORT):   output;
MPRINT(EM_REPORT):   NAME = "Y2REF";
MPRINT(EM_REPORT):   VALUE = "";
MPRINT(EM_REPORT):   VIEW = 0.84400955766626;
MPRINT(EM_REPORT):   output;
MPRINT(EM_REPORT):   NAME = "YREF2";
MPRINT(EM_REPORT):   VALUE = "";
MPRINT(EM_REPORT):   VIEW = 0.84400955766626;
MPRINT(EM_REPORT):   output;
MPRINT(EM_REPORT):   NAME = "Y2REF2";
MPRINT(EM_REPORT):   VALUE = "";
MPRINT(EM_REPORT):   VIEW = 0.84400955766626;
MPRINT(EM_REPORT):   output;
MPRINT(EM_REPORT):   NAME = "GROUPINDEX";
MPRINT(EM_REPORT):   VALUE = "";
MPRINT(EM_REPORT):   VIEW = 0.84400955766626;
MPRINT(EM_REPORT):   output;
MPRINT(EM_REPORT):   NAME = "JOIN";
MPRINT(EM_REPORT):   VALUE = "";
MPRINT(EM_REPORT):   VIEW = 0.84400955766626;
MPRINT(EM_REPORT):   output;
MPRINT(EM_REPORT):   NAME = "XEXCLUDE";
MPRINT(EM_REPORT):   VALUE = "";
MPRINT(EM_REPORT):   VIEW = 0.84400955766626;
MPRINT(EM_REPORT):   output;
MPRINT(EM_REPORT):   NAME = "FREQEXCLUDE";
MPRINT(EM_REPORT):   VALUE = "";
MPRINT(EM_REPORT):   VIEW = 0.84400955766626;
MPRINT(EM_REPORT):   output;
MPRINT(EM_REPORT):   NAME = "YEXCLUDE";
MPRINT(EM_REPORT):   VALUE = "";
MPRINT(EM_REPORT):   VIEW = 0.84400955766626;
MPRINT(EM_REPORT):   output;
MPRINT(EM_REPORT):   NAME = "NAME";
MPRINT(EM_REPORT):   VALUE = "";
MPRINT(EM_REPORT):   VIEW = 0.84400955766626;
MPRINT(EM_REPORT):   output;
MPRINT(EM_REPORT):   NAME = "HEIGHT";
MPRINT(EM_REPORT):   VALUE = "";
MPRINT(EM_REPORT):   VIEW = 0.84400955766626;
MPRINT(EM_REPORT):   output;
MPRINT(EM_REPORT):   NAME = "WIDTH";
MPRINT(EM_REPORT):   VALUE = "";
MPRINT(EM_REPORT):   VIEW = 0.84400955766626;
MPRINT(EM_REPORT):   output;
MPRINT(EM_REPORT):   NAME = "XAXISLABEL";
MPRINT(EM_REPORT):   VALUE = "";
MPRINT(EM_REPORT):   VIEW = 0.84400955766626;
MPRINT(EM_REPORT):   output;
MPRINT(EM_REPORT):   NAME = "Y2AXISLABEL";
MPRINT(EM_REPORT):   VALUE = "";
MPRINT(EM_REPORT):   VIEW = 0.84400955766626;
MPRINT(EM_REPORT):   output;
MPRINT(EM_REPORT):   NAME = "YAXISLABEL";
MPRINT(EM_REPORT):   VALUE = "";
MPRINT(EM_REPORT):   VIEW = 0.84400955766626;
MPRINT(EM_REPORT):   output;
MPRINT(EM_REPORT):   NAME = "DISPLAYXLABEL";
MPRINT(EM_REPORT):   VALUE = "Y";
MPRINT(EM_REPORT):   VIEW = 0.84400955766626;
MPRINT(EM_REPORT):   output;
MPRINT(EM_REPORT):   NAME = "DISPLAYYLABEL";
MPRINT(EM_REPORT):   VALUE = "Y";
MPRINT(EM_REPORT):   VIEW = 0.84400955766626;
MPRINT(EM_REPORT):   output;
MPRINT(EM_REPORT):   NAME = "CHOICETEXT";
MPRINT(EM_REPORT):   VALUE = "";
MPRINT(EM_REPORT):   VIEW = 0.84400955766626;
MPRINT(EM_REPORT):   output;
MPRINT(EM_REPORT):   NAME = "SEGMENTVALUE";
MPRINT(EM_REPORT):   VALUE = "";
MPRINT(EM_REPORT):   VIEW = 0.84400955766626;
MPRINT(EM_REPORT):   output;
MPRINT(EM_REPORT):   NAME = "LOWERBAND";
MPRINT(EM_REPORT):   VALUE = "";
MPRINT(EM_REPORT):   VIEW = 0.84400955766626;
MPRINT(EM_REPORT):   output;
MPRINT(EM_REPORT):   NAME = "UPPERBAND";
MPRINT(EM_REPORT):   VALUE = "";
MPRINT(EM_REPORT):   VIEW = 0.84400955766626;
MPRINT(EM_REPORT):   output;
MPRINT(EM_REPORT):   NAME = "YLINE";
MPRINT(EM_REPORT):   VALUE = "";
MPRINT(EM_REPORT):   VIEW = 0.84400955766626;
MPRINT(EM_REPORT):   output;
MPRINT(EM_REPORT):   NAME = "LINKKEY";
MPRINT(EM_REPORT):   VALUE = "";
MPRINT(EM_REPORT):   VIEW = 0.84400955766626;
MPRINT(EM_REPORT):   output;
MPRINT(EM_REPORT):   NAME = "NODEKEY";
MPRINT(EM_REPORT):   VALUE = "";
MPRINT(EM_REPORT):   VIEW = 0.84400955766626;
MPRINT(EM_REPORT):   output;
MPRINT(EM_REPORT):   NAME = "NODEID";
MPRINT(EM_REPORT):   VALUE = "";
MPRINT(EM_REPORT):   VIEW = 0.84400955766626;
MPRINT(EM_REPORT):   output;
MPRINT(EM_REPORT):   NAME = "NODEVALUE";
MPRINT(EM_REPORT):   VALUE = "";
MPRINT(EM_REPORT):   VIEW = 0.84400955766626;
MPRINT(EM_REPORT):   output;
MPRINT(EM_REPORT):   NAME = "NODECOLOR";
MPRINT(EM_REPORT):   VALUE = "NODECOLOR";
MPRINT(EM_REPORT):   VIEW = 0.84400955766626;
MPRINT(EM_REPORT):   output;
MPRINT(EM_REPORT):   NAME = "NODESHAPE";
MPRINT(EM_REPORT):   VALUE = "";
MPRINT(EM_REPORT):   VIEW = 0.84400955766626;
MPRINT(EM_REPORT):   output;
MPRINT(EM_REPORT):   NAME = "NODESHAPEVAR";
MPRINT(EM_REPORT):   VALUE = "";
MPRINT(EM_REPORT):   VIEW = 0.84400955766626;
MPRINT(EM_REPORT):   output;
MPRINT(EM_REPORT):   NAME = "NODELABEL";
MPRINT(EM_REPORT):   VALUE = "";
MPRINT(EM_REPORT):   VIEW = 0.84400955766626;
MPRINT(EM_REPORT):   output;
MPRINT(EM_REPORT):   NAME = "NODETIP";
MPRINT(EM_REPORT):   VALUE = "";
MPRINT(EM_REPORT):   VIEW = 0.84400955766626;
MPRINT(EM_REPORT):   output;
MPRINT(EM_REPORT):   NAME = "LINKID";
MPRINT(EM_REPORT):   VALUE = "";
MPRINT(EM_REPORT):   VIEW = 0.84400955766626;
MPRINT(EM_REPORT):   output;
MPRINT(EM_REPORT):   NAME = "LINKVALUE";
MPRINT(EM_REPORT):   VALUE = "";
MPRINT(EM_REPORT):   VIEW = 0.84400955766626;
MPRINT(EM_REPORT):   output;
MPRINT(EM_REPORT):   NAME = "LINKFROM";
MPRINT(EM_REPORT):   VALUE = "";
MPRINT(EM_REPORT):   VIEW = 0.84400955766626;
MPRINT(EM_REPORT):   output;
MPRINT(EM_REPORT):   NAME = "LINKTO";
MPRINT(EM_REPORT):   VALUE = "";
MPRINT(EM_REPORT):   VIEW = 0.84400955766626;
MPRINT(EM_REPORT):   output;
MPRINT(EM_REPORT):   NAME = "LINKCOLOR";
MPRINT(EM_REPORT):   VALUE = "";
MPRINT(EM_REPORT):   VIEW = 0.84400955766626;
MPRINT(EM_REPORT):   output;
MPRINT(EM_REPORT):   NAME = "LINKWIDTH";
MPRINT(EM_REPORT):   VALUE = "";
MPRINT(EM_REPORT):   VIEW = 0.84400955766626;
MPRINT(EM_REPORT):   output;
MPRINT(EM_REPORT):   NAME = "LINKTIP";
MPRINT(EM_REPORT):   VALUE = "";
MPRINT(EM_REPORT):   VIEW = 0.84400955766626;
MPRINT(EM_REPORT):   output;
MPRINT(EM_REPORT):   NAME = "XFROM";
MPRINT(EM_REPORT):   VALUE = "";
MPRINT(EM_REPORT):   VIEW = 0.84400955766626;
MPRINT(EM_REPORT):   output;
MPRINT(EM_REPORT):   NAME = "XTO";
MPRINT(EM_REPORT):   VALUE = "";
MPRINT(EM_REPORT):   VIEW = 0.84400955766626;
MPRINT(EM_REPORT):   output;
MPRINT(EM_REPORT):   NAME = "YFROM";
MPRINT(EM_REPORT):   VALUE = "";
MPRINT(EM_REPORT):   VIEW = 0.84400955766626;
MPRINT(EM_REPORT):   output;
MPRINT(EM_REPORT):   NAME = "YTO";
MPRINT(EM_REPORT):   VALUE = "";
MPRINT(EM_REPORT):   VIEW = 0.84400955766626;
MPRINT(EM_REPORT):   output;
MPRINT(EM_REPORT):   NAME = "MATRIXVAR";
MPRINT(EM_REPORT):   VALUE = "";
MPRINT(EM_REPORT):   VIEW = 0.84400955766626;
MPRINT(EM_REPORT):   output;
MPRINT(EM_REPORT):   NAME = "RESPONSE";
MPRINT(EM_REPORT):   VALUE = "";
MPRINT(EM_REPORT):   VIEW = 0.84400955766626;
MPRINT(EM_REPORT):   output;
MPRINT(EM_REPORT):   NAME = "SERIES";
MPRINT(EM_REPORT):   VALUE = "";
MPRINT(EM_REPORT):   VIEW = 0.84400955766626;
MPRINT(EM_REPORT):   output;
MPRINT(EM_REPORT):   NAME = "DESCARG";
MPRINT(EM_REPORT):   VALUE = "";
MPRINT(EM_REPORT):   VIEW = 0.84400955766626;
MPRINT(EM_REPORT):   output;
MPRINT(EM_REPORT):   NAME = "SLIDER";
MPRINT(EM_REPORT):   VALUE = "";
MPRINT(EM_REPORT):   VIEW = 0.84400955766626;
MPRINT(EM_REPORT):   output;
MPRINT(EM_REPORT):   NAME = "MarkerSize";
MPRINT(EM_REPORT):   VALUE = "";
MPRINT(EM_REPORT):   VIEW = 0.84400955766626;
MPRINT(EM_REPORT):   output;
MPRINT(EM_REPORT):   NAME = "Marker";
MPRINT(EM_REPORT):   VALUE = "";
MPRINT(EM_REPORT):   VIEW = 0.84400955766626;
MPRINT(EM_REPORT):   output;
MPRINT(EM_REPORT):   NAME = "Y1";
MPRINT(EM_REPORT):   VALUE = "";
MPRINT(EM_REPORT):   VIEW = 0.84400955766626;
MPRINT(EM_REPORT):   output;
MPRINT(EM_REPORT):   NAME = "Y2";
MPRINT(EM_REPORT):   VALUE = "";
MPRINT(EM_REPORT):   VIEW = 0.84400955766626;
MPRINT(EM_REPORT):   output;
MPRINT(EM_REPORT):   NAME = "Y3";
MPRINT(EM_REPORT):   VALUE = "";
MPRINT(EM_REPORT):   VIEW = 0.84400955766626;
MPRINT(EM_REPORT):   output;
MPRINT(EM_REPORT):   NAME = "Y4";
MPRINT(EM_REPORT):   VALUE = "";
MPRINT(EM_REPORT):   VIEW = 0.84400955766626;
MPRINT(EM_REPORT):   output;
MPRINT(EM_REPORT):   NAME = "Y5";
MPRINT(EM_REPORT):   VALUE = "";
MPRINT(EM_REPORT):   VIEW = 0.84400955766626;
MPRINT(EM_REPORT):   output;
MPRINT(EM_REPORT):   NAME = "Y6";
MPRINT(EM_REPORT):   VALUE = "";
MPRINT(EM_REPORT):   VIEW = 0.84400955766626;
MPRINT(EM_REPORT):   output;
MPRINT(EM_REPORT):   NAME = "Y7";
MPRINT(EM_REPORT):   VALUE = "";
MPRINT(EM_REPORT):   VIEW = 0.84400955766626;
MPRINT(EM_REPORT):   output;
MPRINT(EM_REPORT):   NAME = "Y8";
MPRINT(EM_REPORT):   VALUE = "";
MPRINT(EM_REPORT):   VIEW = 0.84400955766626;
MPRINT(EM_REPORT):   output;
MPRINT(EM_REPORT):   NAME = "Y9";
MPRINT(EM_REPORT):   VALUE = "";
MPRINT(EM_REPORT):   VIEW = 0.84400955766626;
MPRINT(EM_REPORT):   output;
MPRINT(EM_REPORT):   NAME = "Y10";
MPRINT(EM_REPORT):   VALUE = "";
MPRINT(EM_REPORT):   VIEW = 0.84400955766626;
MPRINT(EM_REPORT):   output;
MPRINT(EM_REPORT):   NAME = "Y11";
MPRINT(EM_REPORT):   VALUE = "";
MPRINT(EM_REPORT):   VIEW = 0.84400955766626;
MPRINT(EM_REPORT):   output;
MPRINT(EM_REPORT):   NAME = "Y12";
MPRINT(EM_REPORT):   VALUE = "";
MPRINT(EM_REPORT):   VIEW = 0.84400955766626;
MPRINT(EM_REPORT):   output;
MPRINT(EM_REPORT):   NAME = "Y13";
MPRINT(EM_REPORT):   VALUE = "";
MPRINT(EM_REPORT):   VIEW = 0.84400955766626;
MPRINT(EM_REPORT):   output;
MPRINT(EM_REPORT):   NAME = "Y14";
MPRINT(EM_REPORT):   VALUE = "";
MPRINT(EM_REPORT):   VIEW = 0.84400955766626;
MPRINT(EM_REPORT):   output;
MPRINT(EM_REPORT):   NAME = "Y15";
MPRINT(EM_REPORT):   VALUE = "";
MPRINT(EM_REPORT):   VIEW = 0.84400955766626;
MPRINT(EM_REPORT):   output;
MPRINT(EM_REPORT):   NAME = "Y16";
MPRINT(EM_REPORT):   VALUE = "";
MPRINT(EM_REPORT):   VIEW = 0.84400955766626;
MPRINT(EM_REPORT):   output;
MPRINT(EM_REPORT):   NAME = "TITLE";
MPRINT(EM_REPORT):   VALUE = "";
MPRINT(EM_REPORT):   VIEW = 0.84400955766626;
MPRINT(EM_REPORT):   output;
MPRINT(EM_REPORT):   NAME = "LEGEND";
MPRINT(EM_REPORT):   VALUE = "";
MPRINT(EM_REPORT):   VIEW = 0.84400955766626;
MPRINT(EM_REPORT):   output;
MPRINT(EM_REPORT):   NAME = "LEGENDTITLE";
MPRINT(EM_REPORT):   VALUE = "";
MPRINT(EM_REPORT):   VIEW = 0.84400955766626;
MPRINT(EM_REPORT):   output;
MPRINT(EM_REPORT):   NAME = "SHAPE";
MPRINT(EM_REPORT):   VALUE = "";
MPRINT(EM_REPORT):   VIEW = 0.84400955766626;
MPRINT(EM_REPORT):   output;
MPRINT(EM_REPORT):   NAME = "METHOD";
MPRINT(EM_REPORT):   VALUE = "";
MPRINT(EM_REPORT):   VIEW = 0.84400955766626;
MPRINT(EM_REPORT):   output;
MPRINT(EM_REPORT):   NAME = "NOBINMISS";
MPRINT(EM_REPORT):   VALUE = "";
MPRINT(EM_REPORT):   VIEW = 0.84400955766626;
MPRINT(EM_REPORT):   output;
MPRINT(EM_REPORT):   end;
MPRINT(EM_REPORT):   run;

NOTE: There were 132 observations read from the data set WORK.EM_USER_REPORT.
NOTE: The data set WORK.EM_USER_REPORT has 264 observations and 4 variables.
NOTE: DATA statement used (Total process time):
      real time           0.06 seconds
      cpu time            0.04 seconds
      

MPRINT(EM_TREE_REPORT):  ;
MPRINT(EM_REPORT):   data WORK.EM_USER_REPORT;
MPRINT(EM_REPORT):   set WORK.EM_USER_REPORT end=eof;
MPRINT(EM_REPORT):   output;
MPRINT(EM_REPORT):   if eof then do;
MPRINT(EM_REPORT):   id+1;
MPRINT(EM_REPORT):   NAME = "KEY";
MPRINT(EM_REPORT):   VALUE = "TREE_PLOT";
MPRINT(EM_REPORT):   VIEW = 0.68016814332463;
MPRINT(EM_REPORT):   output;
MPRINT(EM_REPORT):   NAME = "VIEWTYPE";
MPRINT(EM_REPORT):   VALUE = "AREABAR";
MPRINT(EM_REPORT):   VIEW = 0.68016814332463;
MPRINT(EM_REPORT):   output;
MPRINT(EM_REPORT):   NAME = "AUTODISPLAY";
MPRINT(EM_REPORT):   VALUE = "N";
MPRINT(EM_REPORT):   VIEW = 0.68016814332463;
MPRINT(EM_REPORT):   output;
MPRINT(EM_REPORT):   NAME = "SPK";
MPRINT(EM_REPORT):   VALUE = "Y";
MPRINT(EM_REPORT):   VIEW = 0.68016814332463;
MPRINT(EM_REPORT):   output;
MPRINT(EM_REPORT):   NAME = "COMPARE";
MPRINT(EM_REPORT):   VALUE = "N";
MPRINT(EM_REPORT):   VIEW = 0.68016814332463;
MPRINT(EM_REPORT):   output;
MPRINT(EM_REPORT):   NAME = "LOCALIZE";
MPRINT(EM_REPORT):   VALUE = "N";
MPRINT(EM_REPORT):   VIEW = 0.68016814332463;
MPRINT(EM_REPORT):   output;
MPRINT(EM_REPORT):   NAME = "EQUALIZEROWX";
MPRINT(EM_REPORT):   VALUE = "N";
MPRINT(EM_REPORT):   VIEW = 0.68016814332463;
MPRINT(EM_REPORT):   output;
MPRINT(EM_REPORT):   NAME = "EQUALIZEROWY";
MPRINT(EM_REPORT):   VALUE = "N";
MPRINT(EM_REPORT):   VIEW = 0.68016814332463;
MPRINT(EM_REPORT):   output;
MPRINT(EM_REPORT):   NAME = "EQUALIZECOLX";
MPRINT(EM_REPORT):   VALUE = "N";
MPRINT(EM_REPORT):   VIEW = 0.68016814332463;
MPRINT(EM_REPORT):   output;
MPRINT(EM_REPORT):   NAME = "EQUALIZECOLY";
MPRINT(EM_REPORT):   VALUE = "N";
MPRINT(EM_REPORT):   VIEW = 0.68016814332463;
MPRINT(EM_REPORT):   output;
MPRINT(EM_REPORT):   NAME = "NROWS";
MPRINT(EM_REPORT):   VALUE = "";
MPRINT(EM_REPORT):   VIEW = 0.68016814332463;
MPRINT(EM_REPORT):   output;
MPRINT(EM_REPORT):   NAME = "NCOLS";
MPRINT(EM_REPORT):   VALUE = "";
MPRINT(EM_REPORT):   VIEW = 0.68016814332463;
MPRINT(EM_REPORT):   output;
MPRINT(EM_REPORT):   NAME = "DISCRETEX";
MPRINT(EM_REPORT):   VALUE = "";
MPRINT(EM_REPORT):   VIEW = 0.68016814332463;
MPRINT(EM_REPORT):   output;
MPRINT(EM_REPORT):   NAME = "DISCRETEY";
MPRINT(EM_REPORT):   VALUE = "";
MPRINT(EM_REPORT):   VIEW = 0.68016814332463;
MPRINT(EM_REPORT):   output;
MPRINT(EM_REPORT):   NAME = "LATTICEX";
MPRINT(EM_REPORT):   VALUE = "";
MPRINT(EM_REPORT):   VIEW = 0.68016814332463;
MPRINT(EM_REPORT):   output;
MPRINT(EM_REPORT):   NAME = "LATTICEY";
MPRINT(EM_REPORT):   VALUE = "";
MPRINT(EM_REPORT):   VIEW = 0.68016814332463;
MPRINT(EM_REPORT):   output;
MPRINT(EM_REPORT):   NAME = "LATTICETYPE";
MPRINT(EM_REPORT):   VALUE = "";
MPRINT(EM_REPORT):   VIEW = 0.68016814332463;
MPRINT(EM_REPORT):   output;
MPRINT(EM_REPORT):   NAME = "ABSOLUTEVALUE";
MPRINT(EM_REPORT):   VALUE = "";
MPRINT(EM_REPORT):   VIEW = 0.68016814332463;
MPRINT(EM_REPORT):   output;
MPRINT(EM_REPORT):   NAME = "SORTORDER";
MPRINT(EM_REPORT):   VALUE = "";
MPRINT(EM_REPORT):   VIEW = 0.68016814332463;
MPRINT(EM_REPORT):   output;
MPRINT(EM_REPORT):   NAME = "SORTORDERY";
MPRINT(EM_REPORT):   VALUE = "";
MPRINT(EM_REPORT):   VIEW = 0.68016814332463;
MPRINT(EM_REPORT):   output;
MPRINT(EM_REPORT):   NAME = "ORIENTATION";
MPRINT(EM_REPORT):   VALUE = "";
MPRINT(EM_REPORT):   VIEW = 0.68016814332463;
MPRINT(EM_REPORT):   output;
MPRINT(EM_REPORT):   NAME = "METHOD";
MPRINT(EM_REPORT):   VALUE = "";
MPRINT(EM_REPORT):   VIEW = 0.68016814332463;
MPRINT(EM_REPORT):   output;
MPRINT(EM_REPORT):   NAME = "DIRECTION";
MPRINT(EM_REPORT):   VALUE = "";
MPRINT(EM_REPORT):   VIEW = 0.68016814332463;
MPRINT(EM_REPORT):   output;
MPRINT(EM_REPORT):   NAME = "BYSET";
MPRINT(EM_REPORT):   VALUE = "";
MPRINT(EM_REPORT):   VIEW = 0.68016814332463;
MPRINT(EM_REPORT):   output;
MPRINT(EM_REPORT):   NAME = "RENDERMODE";
MPRINT(EM_REPORT):   VALUE = "";
MPRINT(EM_REPORT):   VIEW = 0.68016814332463;
MPRINT(EM_REPORT):   output;
MPRINT(EM_REPORT):   NAME = "DESCRIPTION";
MPRINT(EM_REPORT):   VALUE = "VARWIDTH";
MPRINT(EM_REPORT):   VIEW = 0.68016814332463;
MPRINT(EM_REPORT):   output;
MPRINT(EM_REPORT):   NAME = "X";
MPRINT(EM_REPORT):   VALUE = "NODE";
MPRINT(EM_REPORT):   VIEW = 0.68016814332463;
MPRINT(EM_REPORT):   output;
MPRINT(EM_REPORT):   NAME = "EXCLUDEVARS";
MPRINT(EM_REPORT):   VALUE = "";
MPRINT(EM_REPORT):   VIEW = 0.68016814332463;
MPRINT(EM_REPORT):   output;
MPRINT(EM_REPORT):   NAME = "Y";
MPRINT(EM_REPORT):   VALUE = "PERCEVENT_TRAIN";
MPRINT(EM_REPORT):   VIEW = 0.68016814332463;
MPRINT(EM_REPORT):   output;
MPRINT(EM_REPORT):   NAME = "Z";
MPRINT(EM_REPORT):   VALUE = "";
MPRINT(EM_REPORT):   VIEW = 0.68016814332463;
MPRINT(EM_REPORT):   output;
MPRINT(EM_REPORT):   NAME = "YVARS";
MPRINT(EM_REPORT):   VALUE = "";
MPRINT(EM_REPORT):   VIEW = 0.68016814332463;
MPRINT(EM_REPORT):   output;
MPRINT(EM_REPORT):   NAME = "FREQVARS";
MPRINT(EM_REPORT):   VALUE = "";
MPRINT(EM_REPORT):   VIEW = 0.68016814332463;
MPRINT(EM_REPORT):   output;
MPRINT(EM_REPORT):   NAME = "AXIS";
MPRINT(EM_REPORT):   VALUE = "";
MPRINT(EM_REPORT):   VIEW = 0.68016814332463;
MPRINT(EM_REPORT):   output;
MPRINT(EM_REPORT):   NAME = "FREQ";
MPRINT(EM_REPORT):   VALUE = "";
MPRINT(EM_REPORT):   VIEW = 0.68016814332463;
MPRINT(EM_REPORT):   output;
MPRINT(EM_REPORT):   NAME = "GROUP";
MPRINT(EM_REPORT):   VALUE = "";
MPRINT(EM_REPORT):   VIEW = 0.68016814332463;
MPRINT(EM_REPORT):   output;
MPRINT(EM_REPORT):   NAME = "SUBGROUP";
MPRINT(EM_REPORT):   VALUE = "";
MPRINT(EM_REPORT):   VIEW = 0.68016814332463;
MPRINT(EM_REPORT):   output;
MPRINT(EM_REPORT):   NAME = "BLOCK";
MPRINT(EM_REPORT):   VALUE = "MODEL";
MPRINT(EM_REPORT):   VIEW = 0.68016814332463;
MPRINT(EM_REPORT):   output;
MPRINT(EM_REPORT):   NAME = "COLOR";
MPRINT(EM_REPORT):   VALUE = "";
MPRINT(EM_REPORT):   VIEW = 0.68016814332463;
MPRINT(EM_REPORT):   output;
MPRINT(EM_REPORT):   NAME = "COLORINDEX";
MPRINT(EM_REPORT):   VALUE = "";
MPRINT(EM_REPORT):   VIEW = 0.68016814332463;
MPRINT(EM_REPORT):   output;
MPRINT(EM_REPORT):   NAME = "TIPTEXT";
MPRINT(EM_REPORT):   VALUE = "";
MPRINT(EM_REPORT):   VIEW = 0.68016814332463;
MPRINT(EM_REPORT):   output;
MPRINT(EM_REPORT):   NAME = "TIP";
MPRINT(EM_REPORT):   VALUE = "";
MPRINT(EM_REPORT):   VIEW = 0.68016814332463;
MPRINT(EM_REPORT):   output;
MPRINT(EM_REPORT):   NAME = "TOOLTIP";
MPRINT(EM_REPORT):   VALUE = "";
MPRINT(EM_REPORT):   VIEW = 0.68016814332463;
MPRINT(EM_REPORT):   output;
MPRINT(EM_REPORT):   NAME = "REPORTID";
MPRINT(EM_REPORT):   VALUE = "";
MPRINT(EM_REPORT):   VIEW = 0.68016814332463;
MPRINT(EM_REPORT):   output;
MPRINT(EM_REPORT):   NAME = "IDVALUE";
MPRINT(EM_REPORT):   VALUE = "";
MPRINT(EM_REPORT):   VIEW = 0.68016814332463;
MPRINT(EM_REPORT):   output;
MPRINT(EM_REPORT):   NAME = "ID";
MPRINT(EM_REPORT):   VALUE = "";
MPRINT(EM_REPORT):   VIEW = 0.68016814332463;
MPRINT(EM_REPORT):   output;
MPRINT(EM_REPORT):   NAME = "SIZE";
MPRINT(EM_REPORT):   VALUE = "";
MPRINT(EM_REPORT):   VIEW = 0.68016814332463;
MPRINT(EM_REPORT):   output;
MPRINT(EM_REPORT):   NAME = "FROM";
MPRINT(EM_REPORT):   VALUE = "";
MPRINT(EM_REPORT):   VIEW = 0.68016814332463;
MPRINT(EM_REPORT):   output;
MPRINT(EM_REPORT):   NAME = "TO";
MPRINT(EM_REPORT):   VALUE = "";
MPRINT(EM_REPORT):   VIEW = 0.68016814332463;
MPRINT(EM_REPORT):   output;
MPRINT(EM_REPORT):   NAME = "VALUE";
MPRINT(EM_REPORT):   VALUE = "";
MPRINT(EM_REPORT):   VIEW = 0.68016814332463;
MPRINT(EM_REPORT):   output;
MPRINT(EM_REPORT):   NAME = "VIEWS";
MPRINT(EM_REPORT):   VALUE = "";
MPRINT(EM_REPORT):   VIEW = 0.68016814332463;
MPRINT(EM_REPORT):   output;
MPRINT(EM_REPORT):   NAME = "PARENT";
MPRINT(EM_REPORT):   VALUE = "";
MPRINT(EM_REPORT):   VIEW = 0.68016814332463;
MPRINT(EM_REPORT):   output;
MPRINT(EM_REPORT):   NAME = "NODETEXT";
MPRINT(EM_REPORT):   VALUE = "";
MPRINT(EM_REPORT):   VIEW = 0.68016814332463;
MPRINT(EM_REPORT):   output;
MPRINT(EM_REPORT):   NAME = "ABOVETEXT";
MPRINT(EM_REPORT):   VALUE = "";
MPRINT(EM_REPORT):   VIEW = 0.68016814332463;
MPRINT(EM_REPORT):   output;
MPRINT(EM_REPORT):   NAME = "BELOWTEXT";
MPRINT(EM_REPORT):   VALUE = "";
MPRINT(EM_REPORT):   VIEW = 0.68016814332463;
MPRINT(EM_REPORT):   output;
MPRINT(EM_REPORT):   NAME = "NODESIZE";
MPRINT(EM_REPORT):   VALUE = "";
MPRINT(EM_REPORT):   VIEW = 0.68016814332463;
MPRINT(EM_REPORT):   output;
MPRINT(EM_REPORT):   NAME = "STATS";
MPRINT(EM_REPORT):   VALUE = "";
MPRINT(EM_REPORT):   VIEW = 0.68016814332463;
MPRINT(EM_REPORT):   output;
MPRINT(EM_REPORT):   NAME = "CLASSDIST";
MPRINT(EM_REPORT):   VALUE = "";
MPRINT(EM_REPORT):   VIEW = 0.68016814332463;
MPRINT(EM_REPORT):   output;
MPRINT(EM_REPORT):   NAME = "INTDIST";
MPRINT(EM_REPORT):   VALUE = "";
MPRINT(EM_REPORT):   VIEW = 0.68016814332463;
MPRINT(EM_REPORT):   output;
MPRINT(EM_REPORT):   NAME = "FOLDER";
MPRINT(EM_REPORT):   VALUE = "";
MPRINT(EM_REPORT):   VIEW = 0.68016814332463;
MPRINT(EM_REPORT):   output;
MPRINT(EM_REPORT):   NAME = "YPLOTTYPE";
MPRINT(EM_REPORT):   VALUE = "";
MPRINT(EM_REPORT):   VIEW = 0.68016814332463;
MPRINT(EM_REPORT):   output;
MPRINT(EM_REPORT):   NAME = "XREF";
MPRINT(EM_REPORT):   VALUE = "";
MPRINT(EM_REPORT):   VIEW = 0.68016814332463;
MPRINT(EM_REPORT):   output;
MPRINT(EM_REPORT):   NAME = "XREF2";
MPRINT(EM_REPORT):   VALUE = "";
MPRINT(EM_REPORT):   VIEW = 0.68016814332463;
MPRINT(EM_REPORT):   output;
MPRINT(EM_REPORT):   NAME = "YREF";
MPRINT(EM_REPORT):   VALUE = "";
MPRINT(EM_REPORT):   VIEW = 0.68016814332463;
MPRINT(EM_REPORT):   output;
MPRINT(EM_REPORT):   NAME = "Y2REF";
MPRINT(EM_REPORT):   VALUE = "";
MPRINT(EM_REPORT):   VIEW = 0.68016814332463;
MPRINT(EM_REPORT):   output;
MPRINT(EM_REPORT):   NAME = "YREF2";
MPRINT(EM_REPORT):   VALUE = "";
MPRINT(EM_REPORT):   VIEW = 0.68016814332463;
MPRINT(EM_REPORT):   output;
MPRINT(EM_REPORT):   NAME = "Y2REF2";
MPRINT(EM_REPORT):   VALUE = "";
MPRINT(EM_REPORT):   VIEW = 0.68016814332463;
MPRINT(EM_REPORT):   output;
MPRINT(EM_REPORT):   NAME = "GROUPINDEX";
MPRINT(EM_REPORT):   VALUE = "";
MPRINT(EM_REPORT):   VIEW = 0.68016814332463;
MPRINT(EM_REPORT):   output;
MPRINT(EM_REPORT):   NAME = "JOIN";
MPRINT(EM_REPORT):   VALUE = "";
MPRINT(EM_REPORT):   VIEW = 0.68016814332463;
MPRINT(EM_REPORT):   output;
MPRINT(EM_REPORT):   NAME = "XEXCLUDE";
MPRINT(EM_REPORT):   VALUE = "";
MPRINT(EM_REPORT):   VIEW = 0.68016814332463;
MPRINT(EM_REPORT):   output;
MPRINT(EM_REPORT):   NAME = "FREQEXCLUDE";
MPRINT(EM_REPORT):   VALUE = "";
MPRINT(EM_REPORT):   VIEW = 0.68016814332463;
MPRINT(EM_REPORT):   output;
MPRINT(EM_REPORT):   NAME = "YEXCLUDE";
MPRINT(EM_REPORT):   VALUE = "";
MPRINT(EM_REPORT):   VIEW = 0.68016814332463;
MPRINT(EM_REPORT):   output;
MPRINT(EM_REPORT):   NAME = "NAME";
MPRINT(EM_REPORT):   VALUE = "";
MPRINT(EM_REPORT):   VIEW = 0.68016814332463;
MPRINT(EM_REPORT):   output;
MPRINT(EM_REPORT):   NAME = "HEIGHT";
MPRINT(EM_REPORT):   VALUE = "";
MPRINT(EM_REPORT):   VIEW = 0.68016814332463;
MPRINT(EM_REPORT):   output;
MPRINT(EM_REPORT):   NAME = "WIDTH";
MPRINT(EM_REPORT):   VALUE = "PERC_TRAIN";
MPRINT(EM_REPORT):   VIEW = 0.68016814332463;
MPRINT(EM_REPORT):   output;
MPRINT(EM_REPORT):   NAME = "XAXISLABEL";
MPRINT(EM_REPORT):   VALUE = "";
MPRINT(EM_REPORT):   VIEW = 0.68016814332463;
MPRINT(EM_REPORT):   output;
MPRINT(EM_REPORT):   NAME = "Y2AXISLABEL";
MPRINT(EM_REPORT):   VALUE = "";
MPRINT(EM_REPORT):   VIEW = 0.68016814332463;
MPRINT(EM_REPORT):   output;
MPRINT(EM_REPORT):   NAME = "YAXISLABEL";
MPRINT(EM_REPORT):   VALUE = "";
MPRINT(EM_REPORT):   VIEW = 0.68016814332463;
MPRINT(EM_REPORT):   output;
MPRINT(EM_REPORT):   NAME = "DISPLAYXLABEL";
MPRINT(EM_REPORT):   VALUE = "Y";
MPRINT(EM_REPORT):   VIEW = 0.68016814332463;
MPRINT(EM_REPORT):   output;
MPRINT(EM_REPORT):   NAME = "DISPLAYYLABEL";
MPRINT(EM_REPORT):   VALUE = "Y";
MPRINT(EM_REPORT):   VIEW = 0.68016814332463;
MPRINT(EM_REPORT):   output;
MPRINT(EM_REPORT):   NAME = "CHOICETEXT";
MPRINT(EM_REPORT):   VALUE = "";
MPRINT(EM_REPORT):   VIEW = 0.68016814332463;
MPRINT(EM_REPORT):   output;
MPRINT(EM_REPORT):   NAME = "SEGMENTVALUE";
MPRINT(EM_REPORT):   VALUE = "";
MPRINT(EM_REPORT):   VIEW = 0.68016814332463;
MPRINT(EM_REPORT):   output;
MPRINT(EM_REPORT):   NAME = "LOWERBAND";
MPRINT(EM_REPORT):   VALUE = "";
MPRINT(EM_REPORT):   VIEW = 0.68016814332463;
MPRINT(EM_REPORT):   output;
MPRINT(EM_REPORT):   NAME = "UPPERBAND";
MPRINT(EM_REPORT):   VALUE = "";
MPRINT(EM_REPORT):   VIEW = 0.68016814332463;
MPRINT(EM_REPORT):   output;
MPRINT(EM_REPORT):   NAME = "YLINE";
MPRINT(EM_REPORT):   VALUE = "";
MPRINT(EM_REPORT):   VIEW = 0.68016814332463;
MPRINT(EM_REPORT):   output;
MPRINT(EM_REPORT):   NAME = "LINKKEY";
MPRINT(EM_REPORT):   VALUE = "";
MPRINT(EM_REPORT):   VIEW = 0.68016814332463;
MPRINT(EM_REPORT):   output;
MPRINT(EM_REPORT):   NAME = "NODEKEY";
MPRINT(EM_REPORT):   VALUE = "";
MPRINT(EM_REPORT):   VIEW = 0.68016814332463;
MPRINT(EM_REPORT):   output;
MPRINT(EM_REPORT):   NAME = "NODEID";
MPRINT(EM_REPORT):   VALUE = "";
MPRINT(EM_REPORT):   VIEW = 0.68016814332463;
MPRINT(EM_REPORT):   output;
MPRINT(EM_REPORT):   NAME = "NODEVALUE";
MPRINT(EM_REPORT):   VALUE = "";
MPRINT(EM_REPORT):   VIEW = 0.68016814332463;
MPRINT(EM_REPORT):   output;
MPRINT(EM_REPORT):   NAME = "NODECOLOR";
MPRINT(EM_REPORT):   VALUE = "";
MPRINT(EM_REPORT):   VIEW = 0.68016814332463;
MPRINT(EM_REPORT):   output;
MPRINT(EM_REPORT):   NAME = "NODESHAPE";
MPRINT(EM_REPORT):   VALUE = "";
MPRINT(EM_REPORT):   VIEW = 0.68016814332463;
MPRINT(EM_REPORT):   output;
MPRINT(EM_REPORT):   NAME = "NODESHAPEVAR";
MPRINT(EM_REPORT):   VALUE = "";
MPRINT(EM_REPORT):   VIEW = 0.68016814332463;
MPRINT(EM_REPORT):   output;
MPRINT(EM_REPORT):   NAME = "NODELABEL";
MPRINT(EM_REPORT):   VALUE = "";
MPRINT(EM_REPORT):   VIEW = 0.68016814332463;
MPRINT(EM_REPORT):   output;
MPRINT(EM_REPORT):   NAME = "NODETIP";
MPRINT(EM_REPORT):   VALUE = "";
MPRINT(EM_REPORT):   VIEW = 0.68016814332463;
MPRINT(EM_REPORT):   output;
MPRINT(EM_REPORT):   NAME = "LINKID";
MPRINT(EM_REPORT):   VALUE = "";
MPRINT(EM_REPORT):   VIEW = 0.68016814332463;
MPRINT(EM_REPORT):   output;
MPRINT(EM_REPORT):   NAME = "LINKVALUE";
MPRINT(EM_REPORT):   VALUE = "";
MPRINT(EM_REPORT):   VIEW = 0.68016814332463;
MPRINT(EM_REPORT):   output;
MPRINT(EM_REPORT):   NAME = "LINKFROM";
MPRINT(EM_REPORT):   VALUE = "";
MPRINT(EM_REPORT):   VIEW = 0.68016814332463;
MPRINT(EM_REPORT):   output;
MPRINT(EM_REPORT):   NAME = "LINKTO";
MPRINT(EM_REPORT):   VALUE = "";
MPRINT(EM_REPORT):   VIEW = 0.68016814332463;
MPRINT(EM_REPORT):   output;
MPRINT(EM_REPORT):   NAME = "LINKCOLOR";
MPRINT(EM_REPORT):   VALUE = "";
MPRINT(EM_REPORT):   VIEW = 0.68016814332463;
MPRINT(EM_REPORT):   output;
MPRINT(EM_REPORT):   NAME = "LINKWIDTH";
MPRINT(EM_REPORT):   VALUE = "";
MPRINT(EM_REPORT):   VIEW = 0.68016814332463;
MPRINT(EM_REPORT):   output;
MPRINT(EM_REPORT):   NAME = "LINKTIP";
MPRINT(EM_REPORT):   VALUE = "";
MPRINT(EM_REPORT):   VIEW = 0.68016814332463;
MPRINT(EM_REPORT):   output;
MPRINT(EM_REPORT):   NAME = "XFROM";
MPRINT(EM_REPORT):   VALUE = "";
MPRINT(EM_REPORT):   VIEW = 0.68016814332463;
MPRINT(EM_REPORT):   output;
MPRINT(EM_REPORT):   NAME = "XTO";
MPRINT(EM_REPORT):   VALUE = "";
MPRINT(EM_REPORT):   VIEW = 0.68016814332463;
MPRINT(EM_REPORT):   output;
MPRINT(EM_REPORT):   NAME = "YFROM";
MPRINT(EM_REPORT):   VALUE = "";
MPRINT(EM_REPORT):   VIEW = 0.68016814332463;
MPRINT(EM_REPORT):   output;
MPRINT(EM_REPORT):   NAME = "YTO";
MPRINT(EM_REPORT):   VALUE = "";
MPRINT(EM_REPORT):   VIEW = 0.68016814332463;
MPRINT(EM_REPORT):   output;
MPRINT(EM_REPORT):   NAME = "MATRIXVAR";
MPRINT(EM_REPORT):   VALUE = "";
MPRINT(EM_REPORT):   VIEW = 0.68016814332463;
MPRINT(EM_REPORT):   output;
MPRINT(EM_REPORT):   NAME = "RESPONSE";
MPRINT(EM_REPORT):   VALUE = "";
MPRINT(EM_REPORT):   VIEW = 0.68016814332463;
MPRINT(EM_REPORT):   output;
MPRINT(EM_REPORT):   NAME = "SERIES";
MPRINT(EM_REPORT):   VALUE = "";
MPRINT(EM_REPORT):   VIEW = 0.68016814332463;
MPRINT(EM_REPORT):   output;
MPRINT(EM_REPORT):   NAME = "DESCARG";
MPRINT(EM_REPORT):   VALUE = "";
MPRINT(EM_REPORT):   VIEW = 0.68016814332463;
MPRINT(EM_REPORT):   output;
MPRINT(EM_REPORT):   NAME = "SLIDER";
MPRINT(EM_REPORT):   VALUE = "";
MPRINT(EM_REPORT):   VIEW = 0.68016814332463;
MPRINT(EM_REPORT):   output;
MPRINT(EM_REPORT):   NAME = "MarkerSize";
MPRINT(EM_REPORT):   VALUE = "";
MPRINT(EM_REPORT):   VIEW = 0.68016814332463;
MPRINT(EM_REPORT):   output;
MPRINT(EM_REPORT):   NAME = "Marker";
MPRINT(EM_REPORT):   VALUE = "";
MPRINT(EM_REPORT):   VIEW = 0.68016814332463;
MPRINT(EM_REPORT):   output;
MPRINT(EM_REPORT):   NAME = "Y1";
MPRINT(EM_REPORT):   VALUE = "";
MPRINT(EM_REPORT):   VIEW = 0.68016814332463;
MPRINT(EM_REPORT):   output;
MPRINT(EM_REPORT):   NAME = "Y2";
MPRINT(EM_REPORT):   VALUE = "";
MPRINT(EM_REPORT):   VIEW = 0.68016814332463;
MPRINT(EM_REPORT):   output;
MPRINT(EM_REPORT):   NAME = "Y3";
MPRINT(EM_REPORT):   VALUE = "";
MPRINT(EM_REPORT):   VIEW = 0.68016814332463;
MPRINT(EM_REPORT):   output;
MPRINT(EM_REPORT):   NAME = "Y4";
MPRINT(EM_REPORT):   VALUE = "";
MPRINT(EM_REPORT):   VIEW = 0.68016814332463;
MPRINT(EM_REPORT):   output;
MPRINT(EM_REPORT):   NAME = "Y5";
MPRINT(EM_REPORT):   VALUE = "";
MPRINT(EM_REPORT):   VIEW = 0.68016814332463;
MPRINT(EM_REPORT):   output;
MPRINT(EM_REPORT):   NAME = "Y6";
MPRINT(EM_REPORT):   VALUE = "";
MPRINT(EM_REPORT):   VIEW = 0.68016814332463;
MPRINT(EM_REPORT):   output;
MPRINT(EM_REPORT):   NAME = "Y7";
MPRINT(EM_REPORT):   VALUE = "";
MPRINT(EM_REPORT):   VIEW = 0.68016814332463;
MPRINT(EM_REPORT):   output;
MPRINT(EM_REPORT):   NAME = "Y8";
MPRINT(EM_REPORT):   VALUE = "";
MPRINT(EM_REPORT):   VIEW = 0.68016814332463;
MPRINT(EM_REPORT):   output;
MPRINT(EM_REPORT):   NAME = "Y9";
MPRINT(EM_REPORT):   VALUE = "";
MPRINT(EM_REPORT):   VIEW = 0.68016814332463;
MPRINT(EM_REPORT):   output;
MPRINT(EM_REPORT):   NAME = "Y10";
MPRINT(EM_REPORT):   VALUE = "";
MPRINT(EM_REPORT):   VIEW = 0.68016814332463;
MPRINT(EM_REPORT):   output;
MPRINT(EM_REPORT):   NAME = "Y11";
MPRINT(EM_REPORT):   VALUE = "";
MPRINT(EM_REPORT):   VIEW = 0.68016814332463;
MPRINT(EM_REPORT):   output;
MPRINT(EM_REPORT):   NAME = "Y12";
MPRINT(EM_REPORT):   VALUE = "";
MPRINT(EM_REPORT):   VIEW = 0.68016814332463;
MPRINT(EM_REPORT):   output;
MPRINT(EM_REPORT):   NAME = "Y13";
MPRINT(EM_REPORT):   VALUE = "";
MPRINT(EM_REPORT):   VIEW = 0.68016814332463;
MPRINT(EM_REPORT):   output;
MPRINT(EM_REPORT):   NAME = "Y14";
MPRINT(EM_REPORT):   VALUE = "";
MPRINT(EM_REPORT):   VIEW = 0.68016814332463;
MPRINT(EM_REPORT):   output;
MPRINT(EM_REPORT):   NAME = "Y15";
MPRINT(EM_REPORT):   VALUE = "";
MPRINT(EM_REPORT):   VIEW = 0.68016814332463;
MPRINT(EM_REPORT):   output;
MPRINT(EM_REPORT):   NAME = "Y16";
MPRINT(EM_REPORT):   VALUE = "";
MPRINT(EM_REPORT):   VIEW = 0.68016814332463;
MPRINT(EM_REPORT):   output;
MPRINT(EM_REPORT):   NAME = "TITLE";
MPRINT(EM_REPORT):   VALUE = "";
MPRINT(EM_REPORT):   VIEW = 0.68016814332463;
MPRINT(EM_REPORT):   output;
MPRINT(EM_REPORT):   NAME = "LEGEND";
MPRINT(EM_REPORT):   VALUE = "";
MPRINT(EM_REPORT):   VIEW = 0.68016814332463;
MPRINT(EM_REPORT):   output;
MPRINT(EM_REPORT):   NAME = "LEGENDTITLE";
MPRINT(EM_REPORT):   VALUE = "";
MPRINT(EM_REPORT):   VIEW = 0.68016814332463;
MPRINT(EM_REPORT):   output;
MPRINT(EM_REPORT):   NAME = "SHAPE";
MPRINT(EM_REPORT):   VALUE = "";
MPRINT(EM_REPORT):   VIEW = 0.68016814332463;
MPRINT(EM_REPORT):   output;
MPRINT(EM_REPORT):   NAME = "METHOD";
MPRINT(EM_REPORT):   VALUE = "";
MPRINT(EM_REPORT):   VIEW = 0.68016814332463;
MPRINT(EM_REPORT):   output;
MPRINT(EM_REPORT):   NAME = "NOBINMISS";
MPRINT(EM_REPORT):   VALUE = "";
MPRINT(EM_REPORT):   VIEW = 0.68016814332463;
MPRINT(EM_REPORT):   output;
MPRINT(EM_REPORT):   end;
MPRINT(EM_REPORT):   run;

NOTE: There were 264 observations read from the data set WORK.EM_USER_REPORT.
NOTE: The data set WORK.EM_USER_REPORT has 397 observations and 4 variables.
NOTE: DATA statement used (Total process time):
      real time           0.04 seconds
      cpu time            0.03 seconds
      

MPRINT(EM_TREE_REPORT):  ;
MPRINT(EM_TREE_REPORT):   proc sort data=EMWS1.Tree_TREE_PLOT out=t;
MPRINT(EM_TREE_REPORT):   by descending N;
MPRINT(EM_TREE_REPORT):   run;

NOTE: There were 9 observations read from the data set EMWS1.TREE_TREE_PLOT.
NOTE: The data set WORK.T has 9 observations and 37 variables.
NOTE: PROCEDURE SORT used (Total process time):
      real time           0.01 seconds
      cpu time            0.01 seconds
      

MPRINT(EM_TREE_REPORT):   data _null_;
MPRINT(EM_TREE_REPORT):   set t (obs=2) end=eof;
MPRINT(EM_TREE_REPORT):   if eof then do;
MPRINT(EM_TREE_REPORT):   call symput("vn", strip(put(vn, best.)));
MPRINT(EM_TREE_REPORT):   end;
MPRINT(EM_TREE_REPORT):   run;

NOTE: There were 2 observations read from the data set WORK.T.
NOTE: DATA statement used (Total process time):
      real time           0.03 seconds
      cpu time            0.00 seconds
      

MPRINT(EM_TREE_REPORT):   data t;
MPRINT(EM_TREE_REPORT):   set t;
MPRINT(EM_TREE_REPORT):   label N= "Training Observations" DEPTH=
MPRINT(EM_TREE_REPORT):   "Depth" VN=
MPRINT(EM_TREE_REPORT):   "Validation Observations" ;
MPRINT(EM_TREE_REPORT):   run;

NOTE: There were 9 observations read from the data set WORK.T.
NOTE: The data set WORK.T has 9 observations and 37 variables.
NOTE: DATA statement used (Total process time):
      real time           0.01 seconds
      cpu time            0.00 seconds
      

MPRINT(EM_TREE_REPORT):   title10 "Tree Leaf Report";
MPRINT(EM_TREE_REPORT):   proc print data=t noobs label;
MPRINT(EM_TREE_REPORT):   where tprob ne .;
MPRINT(EM_TREE_REPORT):   var node depth N tprob VN vprob ;
MPRINT(EM_TREE_REPORT):   run;

NOTE: There were 5 observations read from the data set WORK.T.
      WHERE tprob not = .;
NOTE: The PROCEDURE PRINT printed page 41.
NOTE: PROCEDURE PRINT used (Total process time):
      real time           0.00 seconds
      cpu time            0.01 seconds
      

MPRINT(EM_TREE_REPORT):   title10;
MPRINT(EM_TREE_REPORT):  ;
MPRINT(EM_TREE_REPORT):   data _null_;
MPRINT(EM_TREE_REPORT):   set EMWS1.Tree_OUTTOPOLOGY end=eof;
MPRINT(EM_TREE_REPORT):   if eof then do;
MPRINT(EM_TREE_REPORT):   call symput('nleaves', LEAF);
MPRINT(EM_TREE_REPORT):   end;
MPRINT(EM_TREE_REPORT):   run;

NOTE: Numeric values have been converted to character values at the places given by: (Line):(Column).
      306:141   
NOTE: There were 9 observations read from the data set EMWS1.TREE_OUTTOPOLOGY.
NOTE: DATA statement used (Total process time):
      real time           0.01 seconds
      cpu time            0.00 seconds
      

MPRINT(EM_REPORT):   data WORK.EM_USER_REPORT;
MPRINT(EM_REPORT):   set WORK.EM_USER_REPORT end=eof;
MPRINT(EM_REPORT):   output;
MPRINT(EM_REPORT):   if eof then do;
MPRINT(EM_REPORT):   id+1;
MPRINT(EM_REPORT):   NAME = "KEY";
MPRINT(EM_REPORT):   VALUE = "OUTSEQ";
MPRINT(EM_REPORT):   VIEW = 0.13692270644797;
MPRINT(EM_REPORT):   output;
MPRINT(EM_REPORT):   NAME = "VIEWTYPE";
MPRINT(EM_REPORT):   VALUE = "ITERATIONPLOT";
MPRINT(EM_REPORT):   VIEW = 0.13692270644797;
MPRINT(EM_REPORT):   output;
MPRINT(EM_REPORT):   NAME = "AUTODISPLAY";
MPRINT(EM_REPORT):   VALUE = "N";
MPRINT(EM_REPORT):   VIEW = 0.13692270644797;
MPRINT(EM_REPORT):   output;
MPRINT(EM_REPORT):   NAME = "SPK";
MPRINT(EM_REPORT):   VALUE = "Y";
MPRINT(EM_REPORT):   VIEW = 0.13692270644797;
MPRINT(EM_REPORT):   output;
MPRINT(EM_REPORT):   NAME = "COMPARE";
MPRINT(EM_REPORT):   VALUE = "N";
MPRINT(EM_REPORT):   VIEW = 0.13692270644797;
MPRINT(EM_REPORT):   output;
MPRINT(EM_REPORT):   NAME = "LOCALIZE";
MPRINT(EM_REPORT):   VALUE = "N";
MPRINT(EM_REPORT):   VIEW = 0.13692270644797;
MPRINT(EM_REPORT):   output;
MPRINT(EM_REPORT):   NAME = "EQUALIZEROWX";
MPRINT(EM_REPORT):   VALUE = "N";
MPRINT(EM_REPORT):   VIEW = 0.13692270644797;
MPRINT(EM_REPORT):   output;
MPRINT(EM_REPORT):   NAME = "EQUALIZEROWY";
MPRINT(EM_REPORT):   VALUE = "N";
MPRINT(EM_REPORT):   VIEW = 0.13692270644797;
MPRINT(EM_REPORT):   output;
MPRINT(EM_REPORT):   NAME = "EQUALIZECOLX";
MPRINT(EM_REPORT):   VALUE = "N";
MPRINT(EM_REPORT):   VIEW = 0.13692270644797;
MPRINT(EM_REPORT):   output;
MPRINT(EM_REPORT):   NAME = "EQUALIZECOLY";
MPRINT(EM_REPORT):   VALUE = "N";
MPRINT(EM_REPORT):   VIEW = 0.13692270644797;
MPRINT(EM_REPORT):   output;
MPRINT(EM_REPORT):   NAME = "NROWS";
MPRINT(EM_REPORT):   VALUE = "";
MPRINT(EM_REPORT):   VIEW = 0.13692270644797;
MPRINT(EM_REPORT):   output;
MPRINT(EM_REPORT):   NAME = "NCOLS";
MPRINT(EM_REPORT):   VALUE = "";
MPRINT(EM_REPORT):   VIEW = 0.13692270644797;
MPRINT(EM_REPORT):   output;
MPRINT(EM_REPORT):   NAME = "DISCRETEX";
MPRINT(EM_REPORT):   VALUE = "";
MPRINT(EM_REPORT):   VIEW = 0.13692270644797;
MPRINT(EM_REPORT):   output;
MPRINT(EM_REPORT):   NAME = "DISCRETEY";
MPRINT(EM_REPORT):   VALUE = "";
MPRINT(EM_REPORT):   VIEW = 0.13692270644797;
MPRINT(EM_REPORT):   output;
MPRINT(EM_REPORT):   NAME = "LATTICEX";
MPRINT(EM_REPORT):   VALUE = "";
MPRINT(EM_REPORT):   VIEW = 0.13692270644797;
MPRINT(EM_REPORT):   output;
MPRINT(EM_REPORT):   NAME = "LATTICEY";
MPRINT(EM_REPORT):   VALUE = "";
MPRINT(EM_REPORT):   VIEW = 0.13692270644797;
MPRINT(EM_REPORT):   output;
MPRINT(EM_REPORT):   NAME = "LATTICETYPE";
MPRINT(EM_REPORT):   VALUE = "";
MPRINT(EM_REPORT):   VIEW = 0.13692270644797;
MPRINT(EM_REPORT):   output;
MPRINT(EM_REPORT):   NAME = "ABSOLUTEVALUE";
MPRINT(EM_REPORT):   VALUE = "";
MPRINT(EM_REPORT):   VIEW = 0.13692270644797;
MPRINT(EM_REPORT):   output;
MPRINT(EM_REPORT):   NAME = "SORTORDER";
MPRINT(EM_REPORT):   VALUE = "";
MPRINT(EM_REPORT):   VIEW = 0.13692270644797;
MPRINT(EM_REPORT):   output;
MPRINT(EM_REPORT):   NAME = "SORTORDERY";
MPRINT(EM_REPORT):   VALUE = "";
MPRINT(EM_REPORT):   VIEW = 0.13692270644797;
MPRINT(EM_REPORT):   output;
MPRINT(EM_REPORT):   NAME = "ORIENTATION";
MPRINT(EM_REPORT):   VALUE = "";
MPRINT(EM_REPORT):   VIEW = 0.13692270644797;
MPRINT(EM_REPORT):   output;
MPRINT(EM_REPORT):   NAME = "METHOD";
MPRINT(EM_REPORT):   VALUE = "";
MPRINT(EM_REPORT):   VIEW = 0.13692270644797;
MPRINT(EM_REPORT):   output;
MPRINT(EM_REPORT):   NAME = "DIRECTION";
MPRINT(EM_REPORT):   VALUE = "";
MPRINT(EM_REPORT):   VIEW = 0.13692270644797;
MPRINT(EM_REPORT):   output;
MPRINT(EM_REPORT):   NAME = "BYSET";
MPRINT(EM_REPORT):   VALUE = "";
MPRINT(EM_REPORT):   VIEW = 0.13692270644797;
MPRINT(EM_REPORT):   output;
MPRINT(EM_REPORT):   NAME = "RENDERMODE";
MPRINT(EM_REPORT):   VALUE = "";
MPRINT(EM_REPORT):   VIEW = 0.13692270644797;
MPRINT(EM_REPORT):   output;
MPRINT(EM_REPORT):   NAME = "DESCRIPTION";
MPRINT(EM_REPORT):   VALUE = "SUBTREE";
MPRINT(EM_REPORT):   VIEW = 0.13692270644797;
MPRINT(EM_REPORT):   output;
MPRINT(EM_REPORT):   NAME = "X";
MPRINT(EM_REPORT):   VALUE = "_NW_";
MPRINT(EM_REPORT):   VIEW = 0.13692270644797;
MPRINT(EM_REPORT):   output;
MPRINT(EM_REPORT):   NAME = "EXCLUDEVARS";
MPRINT(EM_REPORT):   VALUE = "";
MPRINT(EM_REPORT):   VIEW = 0.13692270644797;
MPRINT(EM_REPORT):   output;
MPRINT(EM_REPORT):   NAME = "Z";
MPRINT(EM_REPORT):   VALUE = "";
MPRINT(EM_REPORT):   VIEW = 0.13692270644797;
MPRINT(EM_REPORT):   output;
MPRINT(EM_REPORT):   NAME = "YVARS";
MPRINT(EM_REPORT):   VALUE = "";
MPRINT(EM_REPORT):   VIEW = 0.13692270644797;
MPRINT(EM_REPORT):   output;
MPRINT(EM_REPORT):   NAME = "FREQVARS";
MPRINT(EM_REPORT):   VALUE = "";
MPRINT(EM_REPORT):   VIEW = 0.13692270644797;
MPRINT(EM_REPORT):   output;
MPRINT(EM_REPORT):   NAME = "AXIS";
MPRINT(EM_REPORT):   VALUE = "";
MPRINT(EM_REPORT):   VIEW = 0.13692270644797;
MPRINT(EM_REPORT):   output;
MPRINT(EM_REPORT):   NAME = "FREQ";
MPRINT(EM_REPORT):   VALUE = "";
MPRINT(EM_REPORT):   VIEW = 0.13692270644797;
MPRINT(EM_REPORT):   output;
MPRINT(EM_REPORT):   NAME = "GROUP";
MPRINT(EM_REPORT):   VALUE = "";
MPRINT(EM_REPORT):   VIEW = 0.13692270644797;
MPRINT(EM_REPORT):   output;
MPRINT(EM_REPORT):   NAME = "SUBGROUP";
MPRINT(EM_REPORT):   VALUE = "";
MPRINT(EM_REPORT):   VIEW = 0.13692270644797;
MPRINT(EM_REPORT):   output;
MPRINT(EM_REPORT):   NAME = "BLOCK";
MPRINT(EM_REPORT):   VALUE = "MODEL";
MPRINT(EM_REPORT):   VIEW = 0.13692270644797;
MPRINT(EM_REPORT):   output;
MPRINT(EM_REPORT):   NAME = "COLOR";
MPRINT(EM_REPORT):   VALUE = "";
MPRINT(EM_REPORT):   VIEW = 0.13692270644797;
MPRINT(EM_REPORT):   output;
MPRINT(EM_REPORT):   NAME = "COLORINDEX";
MPRINT(EM_REPORT):   VALUE = "";
MPRINT(EM_REPORT):   VIEW = 0.13692270644797;
MPRINT(EM_REPORT):   output;
MPRINT(EM_REPORT):   NAME = "TIPTEXT";
MPRINT(EM_REPORT):   VALUE = "";
MPRINT(EM_REPORT):   VIEW = 0.13692270644797;
MPRINT(EM_REPORT):   output;
MPRINT(EM_REPORT):   NAME = "TIP";
MPRINT(EM_REPORT):   VALUE = "";
MPRINT(EM_REPORT):   VIEW = 0.13692270644797;
MPRINT(EM_REPORT):   output;
MPRINT(EM_REPORT):   NAME = "TOOLTIP";
MPRINT(EM_REPORT):   VALUE = "";
MPRINT(EM_REPORT):   VIEW = 0.13692270644797;
MPRINT(EM_REPORT):   output;
MPRINT(EM_REPORT):   NAME = "REPORTID";
MPRINT(EM_REPORT):   VALUE = "";
MPRINT(EM_REPORT):   VIEW = 0.13692270644797;
MPRINT(EM_REPORT):   output;
MPRINT(EM_REPORT):   NAME = "IDVALUE";
MPRINT(EM_REPORT):   VALUE = "";
MPRINT(EM_REPORT):   VIEW = 0.13692270644797;
MPRINT(EM_REPORT):   output;
MPRINT(EM_REPORT):   NAME = "ID";
MPRINT(EM_REPORT):   VALUE = "";
MPRINT(EM_REPORT):   VIEW = 0.13692270644797;
MPRINT(EM_REPORT):   output;
MPRINT(EM_REPORT):   NAME = "SIZE";
MPRINT(EM_REPORT):   VALUE = "";
MPRINT(EM_REPORT):   VIEW = 0.13692270644797;
MPRINT(EM_REPORT):   output;
MPRINT(EM_REPORT):   NAME = "FROM";
MPRINT(EM_REPORT):   VALUE = "";
MPRINT(EM_REPORT):   VIEW = 0.13692270644797;
MPRINT(EM_REPORT):   output;
MPRINT(EM_REPORT):   NAME = "TO";
MPRINT(EM_REPORT):   VALUE = "";
MPRINT(EM_REPORT):   VIEW = 0.13692270644797;
MPRINT(EM_REPORT):   output;
MPRINT(EM_REPORT):   NAME = "VALUE";
MPRINT(EM_REPORT):   VALUE = "";
MPRINT(EM_REPORT):   VIEW = 0.13692270644797;
MPRINT(EM_REPORT):   output;
MPRINT(EM_REPORT):   NAME = "VIEWS";
MPRINT(EM_REPORT):   VALUE = "";
MPRINT(EM_REPORT):   VIEW = 0.13692270644797;
MPRINT(EM_REPORT):   output;
MPRINT(EM_REPORT):   NAME = "PARENT";
MPRINT(EM_REPORT):   VALUE = "";
MPRINT(EM_REPORT):   VIEW = 0.13692270644797;
MPRINT(EM_REPORT):   output;
MPRINT(EM_REPORT):   NAME = "NODETEXT";
MPRINT(EM_REPORT):   VALUE = "";
MPRINT(EM_REPORT):   VIEW = 0.13692270644797;
MPRINT(EM_REPORT):   output;
MPRINT(EM_REPORT):   NAME = "ABOVETEXT";
MPRINT(EM_REPORT):   VALUE = "";
MPRINT(EM_REPORT):   VIEW = 0.13692270644797;
MPRINT(EM_REPORT):   output;
MPRINT(EM_REPORT):   NAME = "BELOWTEXT";
MPRINT(EM_REPORT):   VALUE = "";
MPRINT(EM_REPORT):   VIEW = 0.13692270644797;
MPRINT(EM_REPORT):   output;
MPRINT(EM_REPORT):   NAME = "NODESIZE";
MPRINT(EM_REPORT):   VALUE = "";
MPRINT(EM_REPORT):   VIEW = 0.13692270644797;
MPRINT(EM_REPORT):   output;
MPRINT(EM_REPORT):   NAME = "STATS";
MPRINT(EM_REPORT):   VALUE = "";
MPRINT(EM_REPORT):   VIEW = 0.13692270644797;
MPRINT(EM_REPORT):   output;
MPRINT(EM_REPORT):   NAME = "CLASSDIST";
MPRINT(EM_REPORT):   VALUE = "";
MPRINT(EM_REPORT):   VIEW = 0.13692270644797;
MPRINT(EM_REPORT):   output;
MPRINT(EM_REPORT):   NAME = "INTDIST";
MPRINT(EM_REPORT):   VALUE = "";
MPRINT(EM_REPORT):   VIEW = 0.13692270644797;
MPRINT(EM_REPORT):   output;
MPRINT(EM_REPORT):   NAME = "FOLDER";
MPRINT(EM_REPORT):   VALUE = "";
MPRINT(EM_REPORT):   VIEW = 0.13692270644797;
MPRINT(EM_REPORT):   output;
MPRINT(EM_REPORT):   NAME = "YPLOTTYPE";
MPRINT(EM_REPORT):   VALUE = "";
MPRINT(EM_REPORT):   VIEW = 0.13692270644797;
MPRINT(EM_REPORT):   output;
MPRINT(EM_REPORT):   NAME = "XREF";
MPRINT(EM_REPORT):   VALUE = "5";
MPRINT(EM_REPORT):   VIEW = 0.13692270644797;
MPRINT(EM_REPORT):   output;
MPRINT(EM_REPORT):   NAME = "XREF2";
MPRINT(EM_REPORT):   VALUE = "";
MPRINT(EM_REPORT):   VIEW = 0.13692270644797;
MPRINT(EM_REPORT):   output;
MPRINT(EM_REPORT):   NAME = "YREF";
MPRINT(EM_REPORT):   VALUE = "";
MPRINT(EM_REPORT):   VIEW = 0.13692270644797;
MPRINT(EM_REPORT):   output;
MPRINT(EM_REPORT):   NAME = "Y2REF";
MPRINT(EM_REPORT):   VALUE = "";
MPRINT(EM_REPORT):   VIEW = 0.13692270644797;
MPRINT(EM_REPORT):   output;
MPRINT(EM_REPORT):   NAME = "YREF2";
MPRINT(EM_REPORT):   VALUE = "";
MPRINT(EM_REPORT):   VIEW = 0.13692270644797;
MPRINT(EM_REPORT):   output;
MPRINT(EM_REPORT):   NAME = "Y2REF2";
MPRINT(EM_REPORT):   VALUE = "";
MPRINT(EM_REPORT):   VIEW = 0.13692270644797;
MPRINT(EM_REPORT):   output;
MPRINT(EM_REPORT):   NAME = "GROUPINDEX";
MPRINT(EM_REPORT):   VALUE = "";
MPRINT(EM_REPORT):   VIEW = 0.13692270644797;
MPRINT(EM_REPORT):   output;
MPRINT(EM_REPORT):   NAME = "JOIN";
MPRINT(EM_REPORT):   VALUE = "";
MPRINT(EM_REPORT):   VIEW = 0.13692270644797;
MPRINT(EM_REPORT):   output;
MPRINT(EM_REPORT):   NAME = "XEXCLUDE";
MPRINT(EM_REPORT):   VALUE = "";
MPRINT(EM_REPORT):   VIEW = 0.13692270644797;
MPRINT(EM_REPORT):   output;
MPRINT(EM_REPORT):   NAME = "FREQEXCLUDE";
MPRINT(EM_REPORT):   VALUE = "";
MPRINT(EM_REPORT):   VIEW = 0.13692270644797;
MPRINT(EM_REPORT):   output;
MPRINT(EM_REPORT):   NAME = "YEXCLUDE";
MPRINT(EM_REPORT):   VALUE = "";
MPRINT(EM_REPORT):   VIEW = 0.13692270644797;
MPRINT(EM_REPORT):   output;
MPRINT(EM_REPORT):   NAME = "NAME";
MPRINT(EM_REPORT):   VALUE = "";
MPRINT(EM_REPORT):   VIEW = 0.13692270644797;
MPRINT(EM_REPORT):   output;
MPRINT(EM_REPORT):   NAME = "HEIGHT";
MPRINT(EM_REPORT):   VALUE = "";
MPRINT(EM_REPORT):   VIEW = 0.13692270644797;
MPRINT(EM_REPORT):   output;
MPRINT(EM_REPORT):   NAME = "WIDTH";
MPRINT(EM_REPORT):   VALUE = "";
MPRINT(EM_REPORT):   VIEW = 0.13692270644797;
MPRINT(EM_REPORT):   output;
MPRINT(EM_REPORT):   NAME = "XAXISLABEL";
MPRINT(EM_REPORT):   VALUE = "";
MPRINT(EM_REPORT):   VIEW = 0.13692270644797;
MPRINT(EM_REPORT):   output;
MPRINT(EM_REPORT):   NAME = "Y2AXISLABEL";
MPRINT(EM_REPORT):   VALUE = "";
MPRINT(EM_REPORT):   VIEW = 0.13692270644797;
MPRINT(EM_REPORT):   output;
MPRINT(EM_REPORT):   NAME = "YAXISLABEL";
MPRINT(EM_REPORT):   VALUE = "";
MPRINT(EM_REPORT):   VIEW = 0.13692270644797;
MPRINT(EM_REPORT):   output;
MPRINT(EM_REPORT):   NAME = "DISPLAYXLABEL";
MPRINT(EM_REPORT):   VALUE = "Y";
MPRINT(EM_REPORT):   VIEW = 0.13692270644797;
MPRINT(EM_REPORT):   output;
MPRINT(EM_REPORT):   NAME = "DISPLAYYLABEL";
MPRINT(EM_REPORT):   VALUE = "Y";
MPRINT(EM_REPORT):   VIEW = 0.13692270644797;
MPRINT(EM_REPORT):   output;
MPRINT(EM_REPORT):   NAME = "CHOICETEXT";
MPRINT(EM_REPORT):   VALUE = "";
MPRINT(EM_REPORT):   VIEW = 0.13692270644797;
MPRINT(EM_REPORT):   output;
MPRINT(EM_REPORT):   NAME = "SEGMENTVALUE";
MPRINT(EM_REPORT):   VALUE = "";
MPRINT(EM_REPORT):   VIEW = 0.13692270644797;
MPRINT(EM_REPORT):   output;
MPRINT(EM_REPORT):   NAME = "LOWERBAND";
MPRINT(EM_REPORT):   VALUE = "";
MPRINT(EM_REPORT):   VIEW = 0.13692270644797;
MPRINT(EM_REPORT):   output;
MPRINT(EM_REPORT):   NAME = "UPPERBAND";
MPRINT(EM_REPORT):   VALUE = "";
MPRINT(EM_REPORT):   VIEW = 0.13692270644797;
MPRINT(EM_REPORT):   output;
MPRINT(EM_REPORT):   NAME = "YLINE";
MPRINT(EM_REPORT):   VALUE = "";
MPRINT(EM_REPORT):   VIEW = 0.13692270644797;
MPRINT(EM_REPORT):   output;
MPRINT(EM_REPORT):   NAME = "LINKKEY";
MPRINT(EM_REPORT):   VALUE = "";
MPRINT(EM_REPORT):   VIEW = 0.13692270644797;
MPRINT(EM_REPORT):   output;
MPRINT(EM_REPORT):   NAME = "NODEKEY";
MPRINT(EM_REPORT):   VALUE = "";
MPRINT(EM_REPORT):   VIEW = 0.13692270644797;
MPRINT(EM_REPORT):   output;
MPRINT(EM_REPORT):   NAME = "NODEID";
MPRINT(EM_REPORT):   VALUE = "";
MPRINT(EM_REPORT):   VIEW = 0.13692270644797;
MPRINT(EM_REPORT):   output;
MPRINT(EM_REPORT):   NAME = "NODEVALUE";
MPRINT(EM_REPORT):   VALUE = "";
MPRINT(EM_REPORT):   VIEW = 0.13692270644797;
MPRINT(EM_REPORT):   output;
MPRINT(EM_REPORT):   NAME = "NODECOLOR";
MPRINT(EM_REPORT):   VALUE = "";
MPRINT(EM_REPORT):   VIEW = 0.13692270644797;
MPRINT(EM_REPORT):   output;
MPRINT(EM_REPORT):   NAME = "NODESHAPE";
MPRINT(EM_REPORT):   VALUE = "";
MPRINT(EM_REPORT):   VIEW = 0.13692270644797;
MPRINT(EM_REPORT):   output;
MPRINT(EM_REPORT):   NAME = "NODESHAPEVAR";
MPRINT(EM_REPORT):   VALUE = "";
MPRINT(EM_REPORT):   VIEW = 0.13692270644797;
MPRINT(EM_REPORT):   output;
MPRINT(EM_REPORT):   NAME = "NODELABEL";
MPRINT(EM_REPORT):   VALUE = "";
MPRINT(EM_REPORT):   VIEW = 0.13692270644797;
MPRINT(EM_REPORT):   output;
MPRINT(EM_REPORT):   NAME = "NODETIP";
MPRINT(EM_REPORT):   VALUE = "";
MPRINT(EM_REPORT):   VIEW = 0.13692270644797;
MPRINT(EM_REPORT):   output;
MPRINT(EM_REPORT):   NAME = "LINKID";
MPRINT(EM_REPORT):   VALUE = "";
MPRINT(EM_REPORT):   VIEW = 0.13692270644797;
MPRINT(EM_REPORT):   output;
MPRINT(EM_REPORT):   NAME = "LINKVALUE";
MPRINT(EM_REPORT):   VALUE = "";
MPRINT(EM_REPORT):   VIEW = 0.13692270644797;
MPRINT(EM_REPORT):   output;
MPRINT(EM_REPORT):   NAME = "LINKFROM";
MPRINT(EM_REPORT):   VALUE = "";
MPRINT(EM_REPORT):   VIEW = 0.13692270644797;
MPRINT(EM_REPORT):   output;
MPRINT(EM_REPORT):   NAME = "LINKTO";
MPRINT(EM_REPORT):   VALUE = "";
MPRINT(EM_REPORT):   VIEW = 0.13692270644797;
MPRINT(EM_REPORT):   output;
MPRINT(EM_REPORT):   NAME = "LINKCOLOR";
MPRINT(EM_REPORT):   VALUE = "";
MPRINT(EM_REPORT):   VIEW = 0.13692270644797;
MPRINT(EM_REPORT):   output;
MPRINT(EM_REPORT):   NAME = "LINKWIDTH";
MPRINT(EM_REPORT):   VALUE = "";
MPRINT(EM_REPORT):   VIEW = 0.13692270644797;
MPRINT(EM_REPORT):   output;
MPRINT(EM_REPORT):   NAME = "LINKTIP";
MPRINT(EM_REPORT):   VALUE = "";
MPRINT(EM_REPORT):   VIEW = 0.13692270644797;
MPRINT(EM_REPORT):   output;
MPRINT(EM_REPORT):   NAME = "XFROM";
MPRINT(EM_REPORT):   VALUE = "";
MPRINT(EM_REPORT):   VIEW = 0.13692270644797;
MPRINT(EM_REPORT):   output;
MPRINT(EM_REPORT):   NAME = "XTO";
MPRINT(EM_REPORT):   VALUE = "";
MPRINT(EM_REPORT):   VIEW = 0.13692270644797;
MPRINT(EM_REPORT):   output;
MPRINT(EM_REPORT):   NAME = "YFROM";
MPRINT(EM_REPORT):   VALUE = "";
MPRINT(EM_REPORT):   VIEW = 0.13692270644797;
MPRINT(EM_REPORT):   output;
MPRINT(EM_REPORT):   NAME = "YTO";
MPRINT(EM_REPORT):   VALUE = "";
MPRINT(EM_REPORT):   VIEW = 0.13692270644797;
MPRINT(EM_REPORT):   output;
MPRINT(EM_REPORT):   NAME = "MATRIXVAR";
MPRINT(EM_REPORT):   VALUE = "";
MPRINT(EM_REPORT):   VIEW = 0.13692270644797;
MPRINT(EM_REPORT):   output;
MPRINT(EM_REPORT):   NAME = "RESPONSE";
MPRINT(EM_REPORT):   VALUE = "";
MPRINT(EM_REPORT):   VIEW = 0.13692270644797;
MPRINT(EM_REPORT):   output;
MPRINT(EM_REPORT):   NAME = "SERIES";
MPRINT(EM_REPORT):   VALUE = "";
MPRINT(EM_REPORT):   VIEW = 0.13692270644797;
MPRINT(EM_REPORT):   output;
MPRINT(EM_REPORT):   NAME = "DESCARG";
MPRINT(EM_REPORT):   VALUE = "";
MPRINT(EM_REPORT):   VIEW = 0.13692270644797;
MPRINT(EM_REPORT):   output;
MPRINT(EM_REPORT):   NAME = "SLIDER";
MPRINT(EM_REPORT):   VALUE = "";
MPRINT(EM_REPORT):   VIEW = 0.13692270644797;
MPRINT(EM_REPORT):   output;
MPRINT(EM_REPORT):   NAME = "MarkerSize";
MPRINT(EM_REPORT):   VALUE = "";
MPRINT(EM_REPORT):   VIEW = 0.13692270644797;
MPRINT(EM_REPORT):   output;
MPRINT(EM_REPORT):   NAME = "Marker";
MPRINT(EM_REPORT):   VALUE = "";
MPRINT(EM_REPORT):   VIEW = 0.13692270644797;
MPRINT(EM_REPORT):   output;
MPRINT(EM_REPORT):   NAME = "Y1";
MPRINT(EM_REPORT):   VALUE = "";
MPRINT(EM_REPORT):   VIEW = 0.13692270644797;
MPRINT(EM_REPORT):   output;
MPRINT(EM_REPORT):   NAME = "Y2";
MPRINT(EM_REPORT):   VALUE = "";
MPRINT(EM_REPORT):   VIEW = 0.13692270644797;
MPRINT(EM_REPORT):   output;
MPRINT(EM_REPORT):   NAME = "Y3";
MPRINT(EM_REPORT):   VALUE = "";
MPRINT(EM_REPORT):   VIEW = 0.13692270644797;
MPRINT(EM_REPORT):   output;
MPRINT(EM_REPORT):   NAME = "Y4";
MPRINT(EM_REPORT):   VALUE = "";
MPRINT(EM_REPORT):   VIEW = 0.13692270644797;
MPRINT(EM_REPORT):   output;
MPRINT(EM_REPORT):   NAME = "Y5";
MPRINT(EM_REPORT):   VALUE = "";
MPRINT(EM_REPORT):   VIEW = 0.13692270644797;
MPRINT(EM_REPORT):   output;
MPRINT(EM_REPORT):   NAME = "Y6";
MPRINT(EM_REPORT):   VALUE = "";
MPRINT(EM_REPORT):   VIEW = 0.13692270644797;
MPRINT(EM_REPORT):   output;
MPRINT(EM_REPORT):   NAME = "Y7";
MPRINT(EM_REPORT):   VALUE = "";
MPRINT(EM_REPORT):   VIEW = 0.13692270644797;
MPRINT(EM_REPORT):   output;
MPRINT(EM_REPORT):   NAME = "Y8";
MPRINT(EM_REPORT):   VALUE = "";
MPRINT(EM_REPORT):   VIEW = 0.13692270644797;
MPRINT(EM_REPORT):   output;
MPRINT(EM_REPORT):   NAME = "Y9";
MPRINT(EM_REPORT):   VALUE = "";
MPRINT(EM_REPORT):   VIEW = 0.13692270644797;
MPRINT(EM_REPORT):   output;
MPRINT(EM_REPORT):   NAME = "Y10";
MPRINT(EM_REPORT):   VALUE = "";
MPRINT(EM_REPORT):   VIEW = 0.13692270644797;
MPRINT(EM_REPORT):   output;
MPRINT(EM_REPORT):   NAME = "Y11";
MPRINT(EM_REPORT):   VALUE = "";
MPRINT(EM_REPORT):   VIEW = 0.13692270644797;
MPRINT(EM_REPORT):   output;
MPRINT(EM_REPORT):   NAME = "Y12";
MPRINT(EM_REPORT):   VALUE = "";
MPRINT(EM_REPORT):   VIEW = 0.13692270644797;
MPRINT(EM_REPORT):   output;
MPRINT(EM_REPORT):   NAME = "Y13";
MPRINT(EM_REPORT):   VALUE = "";
MPRINT(EM_REPORT):   VIEW = 0.13692270644797;
MPRINT(EM_REPORT):   output;
MPRINT(EM_REPORT):   NAME = "Y14";
MPRINT(EM_REPORT):   VALUE = "";
MPRINT(EM_REPORT):   VIEW = 0.13692270644797;
MPRINT(EM_REPORT):   output;
MPRINT(EM_REPORT):   NAME = "Y15";
MPRINT(EM_REPORT):   VALUE = "";
MPRINT(EM_REPORT):   VIEW = 0.13692270644797;
MPRINT(EM_REPORT):   output;
MPRINT(EM_REPORT):   NAME = "Y16";
MPRINT(EM_REPORT):   VALUE = "";
MPRINT(EM_REPORT):   VIEW = 0.13692270644797;
MPRINT(EM_REPORT):   output;
MPRINT(EM_REPORT):   NAME = "TITLE";
MPRINT(EM_REPORT):   VALUE = "";
MPRINT(EM_REPORT):   VIEW = 0.13692270644797;
MPRINT(EM_REPORT):   output;
MPRINT(EM_REPORT):   NAME = "LEGEND";
MPRINT(EM_REPORT):   VALUE = "";
MPRINT(EM_REPORT):   VIEW = 0.13692270644797;
MPRINT(EM_REPORT):   output;
MPRINT(EM_REPORT):   NAME = "LEGENDTITLE";
MPRINT(EM_REPORT):   VALUE = "";
MPRINT(EM_REPORT):   VIEW = 0.13692270644797;
MPRINT(EM_REPORT):   output;
MPRINT(EM_REPORT):   NAME = "SHAPE";
MPRINT(EM_REPORT):   VALUE = "";
MPRINT(EM_REPORT):   VIEW = 0.13692270644797;
MPRINT(EM_REPORT):   output;
MPRINT(EM_REPORT):   NAME = "METHOD";
MPRINT(EM_REPORT):   VALUE = "";
MPRINT(EM_REPORT):   VIEW = 0.13692270644797;
MPRINT(EM_REPORT):   output;
MPRINT(EM_REPORT):   NAME = "NOBINMISS";
MPRINT(EM_REPORT):   VALUE = "";
MPRINT(EM_REPORT):   VIEW = 0.13692270644797;
MPRINT(EM_REPORT):   output;
MPRINT(EM_REPORT):   end;
MPRINT(EM_REPORT):   run;

NOTE: There were 397 observations read from the data set WORK.EM_USER_REPORT.
NOTE: The data set WORK.EM_USER_REPORT has 529 observations and 4 variables.
NOTE: DATA statement used (Total process time):
      real time           0.02 seconds
      cpu time            0.03 seconds
      

MPRINT(EM_TREE_REPORT):  ;
MPRINT(EM_REPORT):   data WORK.EM_USER_REPORT;
MPRINT(EM_REPORT):   set WORK.EM_USER_REPORT end=eof;
MPRINT(EM_REPORT):   output;
MPRINT(EM_REPORT):   if eof then do;
MPRINT(EM_REPORT):   id+1;
MPRINT(EM_REPORT):   NAME = "KEY";
MPRINT(EM_REPORT):   VALUE = "TREE_PLOT";
MPRINT(EM_REPORT):   VIEW = 1;
MPRINT(EM_REPORT):   output;
MPRINT(EM_REPORT):   NAME = "VIEWTYPE";
MPRINT(EM_REPORT):   VALUE = "RESPONSEBAR";
MPRINT(EM_REPORT):   VIEW = 1;
MPRINT(EM_REPORT):   output;
MPRINT(EM_REPORT):   NAME = "AUTODISPLAY";
MPRINT(EM_REPORT):   VALUE = "Y";
MPRINT(EM_REPORT):   VIEW = 1;
MPRINT(EM_REPORT):   output;
MPRINT(EM_REPORT):   NAME = "SPK";
MPRINT(EM_REPORT):   VALUE = "Y";
MPRINT(EM_REPORT):   VIEW = 1;
MPRINT(EM_REPORT):   output;
MPRINT(EM_REPORT):   NAME = "COMPARE";
MPRINT(EM_REPORT):   VALUE = "N";
MPRINT(EM_REPORT):   VIEW = 1;
MPRINT(EM_REPORT):   output;
MPRINT(EM_REPORT):   NAME = "LOCALIZE";
MPRINT(EM_REPORT):   VALUE = "N";
MPRINT(EM_REPORT):   VIEW = 1;
MPRINT(EM_REPORT):   output;
MPRINT(EM_REPORT):   NAME = "EQUALIZEROWX";
MPRINT(EM_REPORT):   VALUE = "N";
MPRINT(EM_REPORT):   VIEW = 1;
MPRINT(EM_REPORT):   output;
MPRINT(EM_REPORT):   NAME = "EQUALIZEROWY";
MPRINT(EM_REPORT):   VALUE = "N";
MPRINT(EM_REPORT):   VIEW = 1;
MPRINT(EM_REPORT):   output;
MPRINT(EM_REPORT):   NAME = "EQUALIZECOLX";
MPRINT(EM_REPORT):   VALUE = "N";
MPRINT(EM_REPORT):   VIEW = 1;
MPRINT(EM_REPORT):   output;
MPRINT(EM_REPORT):   NAME = "EQUALIZECOLY";
MPRINT(EM_REPORT):   VALUE = "N";
MPRINT(EM_REPORT):   VIEW = 1;
MPRINT(EM_REPORT):   output;
MPRINT(EM_REPORT):   NAME = "NROWS";
MPRINT(EM_REPORT):   VALUE = "";
MPRINT(EM_REPORT):   VIEW = 1;
MPRINT(EM_REPORT):   output;
MPRINT(EM_REPORT):   NAME = "NCOLS";
MPRINT(EM_REPORT):   VALUE = "";
MPRINT(EM_REPORT):   VIEW = 1;
MPRINT(EM_REPORT):   output;
MPRINT(EM_REPORT):   NAME = "DISCRETEX";
MPRINT(EM_REPORT):   VALUE = "";
MPRINT(EM_REPORT):   VIEW = 1;
MPRINT(EM_REPORT):   output;
MPRINT(EM_REPORT):   NAME = "DISCRETEY";
MPRINT(EM_REPORT):   VALUE = "";
MPRINT(EM_REPORT):   VIEW = 1;
MPRINT(EM_REPORT):   output;
MPRINT(EM_REPORT):   NAME = "LATTICEX";
MPRINT(EM_REPORT):   VALUE = "";
MPRINT(EM_REPORT):   VIEW = 1;
MPRINT(EM_REPORT):   output;
MPRINT(EM_REPORT):   NAME = "LATTICEY";
MPRINT(EM_REPORT):   VALUE = "";
MPRINT(EM_REPORT):   VIEW = 1;
MPRINT(EM_REPORT):   output;
MPRINT(EM_REPORT):   NAME = "LATTICETYPE";
MPRINT(EM_REPORT):   VALUE = "";
MPRINT(EM_REPORT):   VIEW = 1;
MPRINT(EM_REPORT):   output;
MPRINT(EM_REPORT):   NAME = "ABSOLUTEVALUE";
MPRINT(EM_REPORT):   VALUE = "";
MPRINT(EM_REPORT):   VIEW = 1;
MPRINT(EM_REPORT):   output;
MPRINT(EM_REPORT):   NAME = "SORTORDER";
MPRINT(EM_REPORT):   VALUE = "";
MPRINT(EM_REPORT):   VIEW = 1;
MPRINT(EM_REPORT):   output;
MPRINT(EM_REPORT):   NAME = "SORTORDERY";
MPRINT(EM_REPORT):   VALUE = "";
MPRINT(EM_REPORT):   VIEW = 1;
MPRINT(EM_REPORT):   output;
MPRINT(EM_REPORT):   NAME = "ORIENTATION";
MPRINT(EM_REPORT):   VALUE = "";
MPRINT(EM_REPORT):   VIEW = 1;
MPRINT(EM_REPORT):   output;
MPRINT(EM_REPORT):   NAME = "METHOD";
MPRINT(EM_REPORT):   VALUE = "";
MPRINT(EM_REPORT):   VIEW = 1;
MPRINT(EM_REPORT):   output;
MPRINT(EM_REPORT):   NAME = "DIRECTION";
MPRINT(EM_REPORT):   VALUE = "";
MPRINT(EM_REPORT):   VIEW = 1;
MPRINT(EM_REPORT):   output;
MPRINT(EM_REPORT):   NAME = "BYSET";
MPRINT(EM_REPORT):   VALUE = "";
MPRINT(EM_REPORT):   VIEW = 1;
MPRINT(EM_REPORT):   output;
MPRINT(EM_REPORT):   NAME = "RENDERMODE";
MPRINT(EM_REPORT):   VALUE = "";
MPRINT(EM_REPORT):   VIEW = 1;
MPRINT(EM_REPORT):   output;
MPRINT(EM_REPORT):   NAME = "WHERECLAUSE";
MPRINT(EM_REPORT):   VALUE = "INDEX ne .";
MPRINT(EM_REPORT):   output;
MPRINT(EM_REPORT):   NAME = "DESCRIPTION";
MPRINT(EM_REPORT):   VALUE = "LEAFSTATS";
MPRINT(EM_REPORT):   VIEW = 1;
MPRINT(EM_REPORT):   output;
MPRINT(EM_REPORT):   NAME = "X";
MPRINT(EM_REPORT):   VALUE = "INDEX";
MPRINT(EM_REPORT):   VIEW = 1;
MPRINT(EM_REPORT):   output;
MPRINT(EM_REPORT):   NAME = "EXCLUDEVARS";
MPRINT(EM_REPORT):   VALUE = "";
MPRINT(EM_REPORT):   VIEW = 1;
MPRINT(EM_REPORT):   output;
MPRINT(EM_REPORT):   NAME = "Z";
MPRINT(EM_REPORT):   VALUE = "";
MPRINT(EM_REPORT):   VIEW = 1;
MPRINT(EM_REPORT):   output;
MPRINT(EM_REPORT):   NAME = "YVARS";
MPRINT(EM_REPORT):   VALUE = "";
MPRINT(EM_REPORT):   VIEW = 1;
MPRINT(EM_REPORT):   output;
MPRINT(EM_REPORT):   NAME = "FREQVARS";
MPRINT(EM_REPORT):   VALUE = "";
MPRINT(EM_REPORT):   VIEW = 1;
MPRINT(EM_REPORT):   output;
MPRINT(EM_REPORT):   NAME = "AXIS";
MPRINT(EM_REPORT):   VALUE = "";
MPRINT(EM_REPORT):   VIEW = 1;
MPRINT(EM_REPORT):   output;
MPRINT(EM_REPORT):   NAME = "FREQ";
MPRINT(EM_REPORT):   VALUE = "";
MPRINT(EM_REPORT):   VIEW = 1;
MPRINT(EM_REPORT):   output;
MPRINT(EM_REPORT):   NAME = "GROUP";
MPRINT(EM_REPORT):   VALUE = "";
MPRINT(EM_REPORT):   VIEW = 1;
MPRINT(EM_REPORT):   output;
MPRINT(EM_REPORT):   NAME = "SUBGROUP";
MPRINT(EM_REPORT):   VALUE = "";
MPRINT(EM_REPORT):   VIEW = 1;
MPRINT(EM_REPORT):   output;
MPRINT(EM_REPORT):   NAME = "BLOCK";
MPRINT(EM_REPORT):   VALUE = "MODEL";
MPRINT(EM_REPORT):   VIEW = 1;
MPRINT(EM_REPORT):   output;
MPRINT(EM_REPORT):   NAME = "COLOR";
MPRINT(EM_REPORT):   VALUE = "";
MPRINT(EM_REPORT):   VIEW = 1;
MPRINT(EM_REPORT):   output;
MPRINT(EM_REPORT):   NAME = "COLORINDEX";
MPRINT(EM_REPORT):   VALUE = "";
MPRINT(EM_REPORT):   VIEW = 1;
MPRINT(EM_REPORT):   output;
MPRINT(EM_REPORT):   NAME = "TIPTEXT";
MPRINT(EM_REPORT):   VALUE = "";
MPRINT(EM_REPORT):   VIEW = 1;
MPRINT(EM_REPORT):   output;
MPRINT(EM_REPORT):   NAME = "TIP";
MPRINT(EM_REPORT):   VALUE = "";
MPRINT(EM_REPORT):   VIEW = 1;
MPRINT(EM_REPORT):   output;
MPRINT(EM_REPORT):   NAME = "TOOLTIP";
MPRINT(EM_REPORT):   VALUE = "";
MPRINT(EM_REPORT):   VIEW = 1;
MPRINT(EM_REPORT):   output;
MPRINT(EM_REPORT):   NAME = "REPORTID";
MPRINT(EM_REPORT):   VALUE = "";
MPRINT(EM_REPORT):   VIEW = 1;
MPRINT(EM_REPORT):   output;
MPRINT(EM_REPORT):   NAME = "IDVALUE";
MPRINT(EM_REPORT):   VALUE = "";
MPRINT(EM_REPORT):   VIEW = 1;
MPRINT(EM_REPORT):   output;
MPRINT(EM_REPORT):   NAME = "ID";
MPRINT(EM_REPORT):   VALUE = "";
MPRINT(EM_REPORT):   VIEW = 1;
MPRINT(EM_REPORT):   output;
MPRINT(EM_REPORT):   NAME = "SIZE";
MPRINT(EM_REPORT):   VALUE = "";
MPRINT(EM_REPORT):   VIEW = 1;
MPRINT(EM_REPORT):   output;
MPRINT(EM_REPORT):   NAME = "FROM";
MPRINT(EM_REPORT):   VALUE = "";
MPRINT(EM_REPORT):   VIEW = 1;
MPRINT(EM_REPORT):   output;
MPRINT(EM_REPORT):   NAME = "TO";
MPRINT(EM_REPORT):   VALUE = "";
MPRINT(EM_REPORT):   VIEW = 1;
MPRINT(EM_REPORT):   output;
MPRINT(EM_REPORT):   NAME = "VALUE";
MPRINT(EM_REPORT):   VALUE = "";
MPRINT(EM_REPORT):   VIEW = 1;
MPRINT(EM_REPORT):   output;
MPRINT(EM_REPORT):   NAME = "VIEWS";
MPRINT(EM_REPORT):   VALUE = "";
MPRINT(EM_REPORT):   VIEW = 1;
MPRINT(EM_REPORT):   output;
MPRINT(EM_REPORT):   NAME = "PARENT";
MPRINT(EM_REPORT):   VALUE = "";
MPRINT(EM_REPORT):   VIEW = 1;
MPRINT(EM_REPORT):   output;
MPRINT(EM_REPORT):   NAME = "NODETEXT";
MPRINT(EM_REPORT):   VALUE = "";
MPRINT(EM_REPORT):   VIEW = 1;
MPRINT(EM_REPORT):   output;
MPRINT(EM_REPORT):   NAME = "ABOVETEXT";
MPRINT(EM_REPORT):   VALUE = "";
MPRINT(EM_REPORT):   VIEW = 1;
MPRINT(EM_REPORT):   output;
MPRINT(EM_REPORT):   NAME = "BELOWTEXT";
MPRINT(EM_REPORT):   VALUE = "";
MPRINT(EM_REPORT):   VIEW = 1;
MPRINT(EM_REPORT):   output;
MPRINT(EM_REPORT):   NAME = "NODESIZE";
MPRINT(EM_REPORT):   VALUE = "";
MPRINT(EM_REPORT):   VIEW = 1;
MPRINT(EM_REPORT):   output;
MPRINT(EM_REPORT):   NAME = "STATS";
MPRINT(EM_REPORT):   VALUE = "";
MPRINT(EM_REPORT):   VIEW = 1;
MPRINT(EM_REPORT):   output;
MPRINT(EM_REPORT):   NAME = "CLASSDIST";
MPRINT(EM_REPORT):   VALUE = "";
MPRINT(EM_REPORT):   VIEW = 1;
MPRINT(EM_REPORT):   output;
MPRINT(EM_REPORT):   NAME = "INTDIST";
MPRINT(EM_REPORT):   VALUE = "";
MPRINT(EM_REPORT):   VIEW = 1;
MPRINT(EM_REPORT):   output;
MPRINT(EM_REPORT):   NAME = "FOLDER";
MPRINT(EM_REPORT):   VALUE = "";
MPRINT(EM_REPORT):   VIEW = 1;
MPRINT(EM_REPORT):   output;
MPRINT(EM_REPORT):   NAME = "YPLOTTYPE";
MPRINT(EM_REPORT):   VALUE = "";
MPRINT(EM_REPORT):   VIEW = 1;
MPRINT(EM_REPORT):   output;
MPRINT(EM_REPORT):   NAME = "XREF";
MPRINT(EM_REPORT):   VALUE = "";
MPRINT(EM_REPORT):   VIEW = 1;
MPRINT(EM_REPORT):   output;
MPRINT(EM_REPORT):   NAME = "XREF2";
MPRINT(EM_REPORT):   VALUE = "";
MPRINT(EM_REPORT):   VIEW = 1;
MPRINT(EM_REPORT):   output;
MPRINT(EM_REPORT):   NAME = "YREF";
MPRINT(EM_REPORT):   VALUE = "";
MPRINT(EM_REPORT):   VIEW = 1;
MPRINT(EM_REPORT):   output;
MPRINT(EM_REPORT):   NAME = "Y2REF";
MPRINT(EM_REPORT):   VALUE = "";
MPRINT(EM_REPORT):   VIEW = 1;
MPRINT(EM_REPORT):   output;
MPRINT(EM_REPORT):   NAME = "YREF2";
MPRINT(EM_REPORT):   VALUE = "";
MPRINT(EM_REPORT):   VIEW = 1;
MPRINT(EM_REPORT):   output;
MPRINT(EM_REPORT):   NAME = "Y2REF2";
MPRINT(EM_REPORT):   VALUE = "";
MPRINT(EM_REPORT):   VIEW = 1;
MPRINT(EM_REPORT):   output;
MPRINT(EM_REPORT):   NAME = "GROUPINDEX";
MPRINT(EM_REPORT):   VALUE = "";
MPRINT(EM_REPORT):   VIEW = 1;
MPRINT(EM_REPORT):   output;
MPRINT(EM_REPORT):   NAME = "JOIN";
MPRINT(EM_REPORT):   VALUE = "";
MPRINT(EM_REPORT):   VIEW = 1;
MPRINT(EM_REPORT):   output;
MPRINT(EM_REPORT):   NAME = "XEXCLUDE";
MPRINT(EM_REPORT):   VALUE = "";
MPRINT(EM_REPORT):   VIEW = 1;
MPRINT(EM_REPORT):   output;
MPRINT(EM_REPORT):   NAME = "FREQEXCLUDE";
MPRINT(EM_REPORT):   VALUE = "";
MPRINT(EM_REPORT):   VIEW = 1;
MPRINT(EM_REPORT):   output;
MPRINT(EM_REPORT):   NAME = "YEXCLUDE";
MPRINT(EM_REPORT):   VALUE = "";
MPRINT(EM_REPORT):   VIEW = 1;
MPRINT(EM_REPORT):   output;
MPRINT(EM_REPORT):   NAME = "NAME";
MPRINT(EM_REPORT):   VALUE = "";
MPRINT(EM_REPORT):   VIEW = 1;
MPRINT(EM_REPORT):   output;
MPRINT(EM_REPORT):   NAME = "HEIGHT";
MPRINT(EM_REPORT):   VALUE = "";
MPRINT(EM_REPORT):   VIEW = 1;
MPRINT(EM_REPORT):   output;
MPRINT(EM_REPORT):   NAME = "WIDTH";
MPRINT(EM_REPORT):   VALUE = "";
MPRINT(EM_REPORT):   VIEW = 1;
MPRINT(EM_REPORT):   output;
MPRINT(EM_REPORT):   NAME = "XAXISLABEL";
MPRINT(EM_REPORT):   VALUE = "";
MPRINT(EM_REPORT):   VIEW = 1;
MPRINT(EM_REPORT):   output;
MPRINT(EM_REPORT):   NAME = "Y2AXISLABEL";
MPRINT(EM_REPORT):   VALUE = "";
MPRINT(EM_REPORT):   VIEW = 1;
MPRINT(EM_REPORT):   output;
MPRINT(EM_REPORT):   NAME = "YAXISLABEL";
MPRINT(EM_REPORT):   VALUE = "";
MPRINT(EM_REPORT):   VIEW = 1;
MPRINT(EM_REPORT):   output;
MPRINT(EM_REPORT):   NAME = "DISPLAYXLABEL";
MPRINT(EM_REPORT):   VALUE = "Y";
MPRINT(EM_REPORT):   VIEW = 1;
MPRINT(EM_REPORT):   output;
MPRINT(EM_REPORT):   NAME = "DISPLAYYLABEL";
MPRINT(EM_REPORT):   VALUE = "Y";
MPRINT(EM_REPORT):   VIEW = 1;
MPRINT(EM_REPORT):   output;
MPRINT(EM_REPORT):   NAME = "CHOICETEXT";
MPRINT(EM_REPORT):   VALUE = "";
MPRINT(EM_REPORT):   VIEW = 1;
MPRINT(EM_REPORT):   output;
MPRINT(EM_REPORT):   NAME = "SEGMENTVALUE";
MPRINT(EM_REPORT):   VALUE = "";
MPRINT(EM_REPORT):   VIEW = 1;
MPRINT(EM_REPORT):   output;
MPRINT(EM_REPORT):   NAME = "LOWERBAND";
MPRINT(EM_REPORT):   VALUE = "";
MPRINT(EM_REPORT):   VIEW = 1;
MPRINT(EM_REPORT):   output;
MPRINT(EM_REPORT):   NAME = "UPPERBAND";
MPRINT(EM_REPORT):   VALUE = "";
MPRINT(EM_REPORT):   VIEW = 1;
MPRINT(EM_REPORT):   output;
MPRINT(EM_REPORT):   NAME = "YLINE";
MPRINT(EM_REPORT):   VALUE = "";
MPRINT(EM_REPORT):   VIEW = 1;
MPRINT(EM_REPORT):   output;
MPRINT(EM_REPORT):   NAME = "LINKKEY";
MPRINT(EM_REPORT):   VALUE = "";
MPRINT(EM_REPORT):   VIEW = 1;
MPRINT(EM_REPORT):   output;
MPRINT(EM_REPORT):   NAME = "NODEKEY";
MPRINT(EM_REPORT):   VALUE = "";
MPRINT(EM_REPORT):   VIEW = 1;
MPRINT(EM_REPORT):   output;
MPRINT(EM_REPORT):   NAME = "NODEID";
MPRINT(EM_REPORT):   VALUE = "";
MPRINT(EM_REPORT):   VIEW = 1;
MPRINT(EM_REPORT):   output;
MPRINT(EM_REPORT):   NAME = "NODEVALUE";
MPRINT(EM_REPORT):   VALUE = "";
MPRINT(EM_REPORT):   VIEW = 1;
MPRINT(EM_REPORT):   output;
MPRINT(EM_REPORT):   NAME = "NODECOLOR";
MPRINT(EM_REPORT):   VALUE = "";
MPRINT(EM_REPORT):   VIEW = 1;
MPRINT(EM_REPORT):   output;
MPRINT(EM_REPORT):   NAME = "NODESHAPE";
MPRINT(EM_REPORT):   VALUE = "";
MPRINT(EM_REPORT):   VIEW = 1;
MPRINT(EM_REPORT):   output;
MPRINT(EM_REPORT):   NAME = "NODESHAPEVAR";
MPRINT(EM_REPORT):   VALUE = "";
MPRINT(EM_REPORT):   VIEW = 1;
MPRINT(EM_REPORT):   output;
MPRINT(EM_REPORT):   NAME = "NODELABEL";
MPRINT(EM_REPORT):   VALUE = "";
MPRINT(EM_REPORT):   VIEW = 1;
MPRINT(EM_REPORT):   output;
MPRINT(EM_REPORT):   NAME = "NODETIP";
MPRINT(EM_REPORT):   VALUE = "";
MPRINT(EM_REPORT):   VIEW = 1;
MPRINT(EM_REPORT):   output;
MPRINT(EM_REPORT):   NAME = "LINKID";
MPRINT(EM_REPORT):   VALUE = "";
MPRINT(EM_REPORT):   VIEW = 1;
MPRINT(EM_REPORT):   output;
MPRINT(EM_REPORT):   NAME = "LINKVALUE";
MPRINT(EM_REPORT):   VALUE = "";
MPRINT(EM_REPORT):   VIEW = 1;
MPRINT(EM_REPORT):   output;
MPRINT(EM_REPORT):   NAME = "LINKFROM";
MPRINT(EM_REPORT):   VALUE = "";
MPRINT(EM_REPORT):   VIEW = 1;
MPRINT(EM_REPORT):   output;
MPRINT(EM_REPORT):   NAME = "LINKTO";
MPRINT(EM_REPORT):   VALUE = "";
MPRINT(EM_REPORT):   VIEW = 1;
MPRINT(EM_REPORT):   output;
MPRINT(EM_REPORT):   NAME = "LINKCOLOR";
MPRINT(EM_REPORT):   VALUE = "";
MPRINT(EM_REPORT):   VIEW = 1;
MPRINT(EM_REPORT):   output;
MPRINT(EM_REPORT):   NAME = "LINKWIDTH";
MPRINT(EM_REPORT):   VALUE = "";
MPRINT(EM_REPORT):   VIEW = 1;
MPRINT(EM_REPORT):   output;
MPRINT(EM_REPORT):   NAME = "LINKTIP";
MPRINT(EM_REPORT):   VALUE = "";
MPRINT(EM_REPORT):   VIEW = 1;
MPRINT(EM_REPORT):   output;
MPRINT(EM_REPORT):   NAME = "XFROM";
MPRINT(EM_REPORT):   VALUE = "";
MPRINT(EM_REPORT):   VIEW = 1;
MPRINT(EM_REPORT):   output;
MPRINT(EM_REPORT):   NAME = "XTO";
MPRINT(EM_REPORT):   VALUE = "";
MPRINT(EM_REPORT):   VIEW = 1;
MPRINT(EM_REPORT):   output;
MPRINT(EM_REPORT):   NAME = "YFROM";
MPRINT(EM_REPORT):   VALUE = "";
MPRINT(EM_REPORT):   VIEW = 1;
MPRINT(EM_REPORT):   output;
MPRINT(EM_REPORT):   NAME = "YTO";
MPRINT(EM_REPORT):   VALUE = "";
MPRINT(EM_REPORT):   VIEW = 1;
MPRINT(EM_REPORT):   output;
MPRINT(EM_REPORT):   NAME = "MATRIXVAR";
MPRINT(EM_REPORT):   VALUE = "";
MPRINT(EM_REPORT):   VIEW = 1;
MPRINT(EM_REPORT):   output;
MPRINT(EM_REPORT):   NAME = "RESPONSE";
MPRINT(EM_REPORT):   VALUE = "";
MPRINT(EM_REPORT):   VIEW = 1;
MPRINT(EM_REPORT):   output;
MPRINT(EM_REPORT):   NAME = "SERIES";
MPRINT(EM_REPORT):   VALUE = "";
MPRINT(EM_REPORT):   VIEW = 1;
MPRINT(EM_REPORT):   output;
MPRINT(EM_REPORT):   NAME = "DESCARG";
MPRINT(EM_REPORT):   VALUE = "";
MPRINT(EM_REPORT):   VIEW = 1;
MPRINT(EM_REPORT):   output;
MPRINT(EM_REPORT):   NAME = "SLIDER";
MPRINT(EM_REPORT):   VALUE = "";
MPRINT(EM_REPORT):   VIEW = 1;
MPRINT(EM_REPORT):   output;
MPRINT(EM_REPORT):   NAME = "MarkerSize";
MPRINT(EM_REPORT):   VALUE = "";
MPRINT(EM_REPORT):   VIEW = 1;
MPRINT(EM_REPORT):   output;
MPRINT(EM_REPORT):   NAME = "Marker";
MPRINT(EM_REPORT):   VALUE = "";
MPRINT(EM_REPORT):   VIEW = 1;
MPRINT(EM_REPORT):   output;
MPRINT(EM_REPORT):   NAME = "Y1";
MPRINT(EM_REPORT):   VALUE = "tprob";
MPRINT(EM_REPORT):   VIEW = 1;
MPRINT(EM_REPORT):   output;
MPRINT(EM_REPORT):   NAME = "Y2";
MPRINT(EM_REPORT):   VALUE = "vprob";
MPRINT(EM_REPORT):   VIEW = 1;
MPRINT(EM_REPORT):   output;
MPRINT(EM_REPORT):   NAME = "Y3";
MPRINT(EM_REPORT):   VALUE = "";
MPRINT(EM_REPORT):   VIEW = 1;
MPRINT(EM_REPORT):   output;
MPRINT(EM_REPORT):   NAME = "Y4";
MPRINT(EM_REPORT):   VALUE = "";
MPRINT(EM_REPORT):   VIEW = 1;
MPRINT(EM_REPORT):   output;
MPRINT(EM_REPORT):   NAME = "Y5";
MPRINT(EM_REPORT):   VALUE = "";
MPRINT(EM_REPORT):   VIEW = 1;
MPRINT(EM_REPORT):   output;
MPRINT(EM_REPORT):   NAME = "Y6";
MPRINT(EM_REPORT):   VALUE = "";
MPRINT(EM_REPORT):   VIEW = 1;
MPRINT(EM_REPORT):   output;
MPRINT(EM_REPORT):   NAME = "Y7";
MPRINT(EM_REPORT):   VALUE = "";
MPRINT(EM_REPORT):   VIEW = 1;
MPRINT(EM_REPORT):   output;
MPRINT(EM_REPORT):   NAME = "Y8";
MPRINT(EM_REPORT):   VALUE = "";
MPRINT(EM_REPORT):   VIEW = 1;
MPRINT(EM_REPORT):   output;
MPRINT(EM_REPORT):   NAME = "Y9";
MPRINT(EM_REPORT):   VALUE = "";
MPRINT(EM_REPORT):   VIEW = 1;
MPRINT(EM_REPORT):   output;
MPRINT(EM_REPORT):   NAME = "Y10";
MPRINT(EM_REPORT):   VALUE = "";
MPRINT(EM_REPORT):   VIEW = 1;
MPRINT(EM_REPORT):   output;
MPRINT(EM_REPORT):   NAME = "Y11";
MPRINT(EM_REPORT):   VALUE = "";
MPRINT(EM_REPORT):   VIEW = 1;
MPRINT(EM_REPORT):   output;
MPRINT(EM_REPORT):   NAME = "Y12";
MPRINT(EM_REPORT):   VALUE = "";
MPRINT(EM_REPORT):   VIEW = 1;
MPRINT(EM_REPORT):   output;
MPRINT(EM_REPORT):   NAME = "Y13";
MPRINT(EM_REPORT):   VALUE = "";
MPRINT(EM_REPORT):   VIEW = 1;
MPRINT(EM_REPORT):   output;
MPRINT(EM_REPORT):   NAME = "Y14";
MPRINT(EM_REPORT):   VALUE = "";
MPRINT(EM_REPORT):   VIEW = 1;
MPRINT(EM_REPORT):   output;
MPRINT(EM_REPORT):   NAME = "Y15";
MPRINT(EM_REPORT):   VALUE = "";
MPRINT(EM_REPORT):   VIEW = 1;
MPRINT(EM_REPORT):   output;
MPRINT(EM_REPORT):   NAME = "Y16";
MPRINT(EM_REPORT):   VALUE = "";
MPRINT(EM_REPORT):   VIEW = 1;
MPRINT(EM_REPORT):   output;
MPRINT(EM_REPORT):   NAME = "TITLE";
MPRINT(EM_REPORT):   VALUE = "";
MPRINT(EM_REPORT):   VIEW = 1;
MPRINT(EM_REPORT):   output;
MPRINT(EM_REPORT):   NAME = "LEGEND";
MPRINT(EM_REPORT):   VALUE = "";
MPRINT(EM_REPORT):   VIEW = 1;
MPRINT(EM_REPORT):   output;
MPRINT(EM_REPORT):   NAME = "LEGENDTITLE";
MPRINT(EM_REPORT):   VALUE = "";
MPRINT(EM_REPORT):   VIEW = 1;
MPRINT(EM_REPORT):   output;
MPRINT(EM_REPORT):   NAME = "SHAPE";
MPRINT(EM_REPORT):   VALUE = "";
MPRINT(EM_REPORT):   VIEW = 1;
MPRINT(EM_REPORT):   output;
MPRINT(EM_REPORT):   NAME = "METHOD";
MPRINT(EM_REPORT):   VALUE = "";
MPRINT(EM_REPORT):   VIEW = 1;
MPRINT(EM_REPORT):   output;
MPRINT(EM_REPORT):   NAME = "NOBINMISS";
MPRINT(EM_REPORT):   VALUE = "";
MPRINT(EM_REPORT):   VIEW = 1;
MPRINT(EM_REPORT):   output;
MPRINT(EM_REPORT):   end;
MPRINT(EM_REPORT):   run;

NOTE: There were 529 observations read from the data set WORK.EM_USER_REPORT.
NOTE: The data set WORK.EM_USER_REPORT has 662 observations and 4 variables.
NOTE: DATA statement used (Total process time):
      real time           0.05 seconds
      cpu time            0.04 seconds
      

MPRINT(EM_TREE_REPORT):  ;
MPRINT(EM_TREE_REPORT):  ;
MPRINT(EM_REPORT):   data WORK.EM_USER_REPORT;
MPRINT(EM_REPORT):   set WORK.EM_USER_REPORT end=eof;
MPRINT(EM_REPORT):   output;
MPRINT(EM_REPORT):   if eof then do;
MPRINT(EM_REPORT):   id+1;
MPRINT(EM_REPORT):   NAME = "KEY";
MPRINT(EM_REPORT):   VALUE = "OUTSTATS";
MPRINT(EM_REPORT):   VIEW = 0.56269443107894;
MPRINT(EM_REPORT):   output;
MPRINT(EM_REPORT):   NAME = "VIEWTYPE";
MPRINT(EM_REPORT):   VALUE = "";
MPRINT(EM_REPORT):   VIEW = 0.56269443107894;
MPRINT(EM_REPORT):   output;
MPRINT(EM_REPORT):   NAME = "AUTODISPLAY";
MPRINT(EM_REPORT):   VALUE = "N";
MPRINT(EM_REPORT):   VIEW = 0.56269443107894;
MPRINT(EM_REPORT):   output;
MPRINT(EM_REPORT):   NAME = "SPK";
MPRINT(EM_REPORT):   VALUE = "Y";
MPRINT(EM_REPORT):   VIEW = 0.56269443107894;
MPRINT(EM_REPORT):   output;
MPRINT(EM_REPORT):   NAME = "COMPARE";
MPRINT(EM_REPORT):   VALUE = "N";
MPRINT(EM_REPORT):   VIEW = 0.56269443107894;
MPRINT(EM_REPORT):   output;
MPRINT(EM_REPORT):   NAME = "LOCALIZE";
MPRINT(EM_REPORT):   VALUE = "N";
MPRINT(EM_REPORT):   VIEW = 0.56269443107894;
MPRINT(EM_REPORT):   output;
MPRINT(EM_REPORT):   NAME = "EQUALIZEROWX";
MPRINT(EM_REPORT):   VALUE = "N";
MPRINT(EM_REPORT):   VIEW = 0.56269443107894;
MPRINT(EM_REPORT):   output;
MPRINT(EM_REPORT):   NAME = "EQUALIZEROWY";
MPRINT(EM_REPORT):   VALUE = "N";
MPRINT(EM_REPORT):   VIEW = 0.56269443107894;
MPRINT(EM_REPORT):   output;
MPRINT(EM_REPORT):   NAME = "EQUALIZECOLX";
MPRINT(EM_REPORT):   VALUE = "N";
MPRINT(EM_REPORT):   VIEW = 0.56269443107894;
MPRINT(EM_REPORT):   output;
MPRINT(EM_REPORT):   NAME = "EQUALIZECOLY";
MPRINT(EM_REPORT):   VALUE = "N";
MPRINT(EM_REPORT):   VIEW = 0.56269443107894;
MPRINT(EM_REPORT):   output;
MPRINT(EM_REPORT):   NAME = "NROWS";
MPRINT(EM_REPORT):   VALUE = "";
MPRINT(EM_REPORT):   VIEW = 0.56269443107894;
MPRINT(EM_REPORT):   output;
MPRINT(EM_REPORT):   NAME = "NCOLS";
MPRINT(EM_REPORT):   VALUE = "";
MPRINT(EM_REPORT):   VIEW = 0.56269443107894;
MPRINT(EM_REPORT):   output;
MPRINT(EM_REPORT):   NAME = "DISCRETEX";
MPRINT(EM_REPORT):   VALUE = "";
MPRINT(EM_REPORT):   VIEW = 0.56269443107894;
MPRINT(EM_REPORT):   output;
MPRINT(EM_REPORT):   NAME = "DISCRETEY";
MPRINT(EM_REPORT):   VALUE = "";
MPRINT(EM_REPORT):   VIEW = 0.56269443107894;
MPRINT(EM_REPORT):   output;
MPRINT(EM_REPORT):   NAME = "LATTICEX";
MPRINT(EM_REPORT):   VALUE = "";
MPRINT(EM_REPORT):   VIEW = 0.56269443107894;
MPRINT(EM_REPORT):   output;
MPRINT(EM_REPORT):   NAME = "LATTICEY";
MPRINT(EM_REPORT):   VALUE = "";
MPRINT(EM_REPORT):   VIEW = 0.56269443107894;
MPRINT(EM_REPORT):   output;
MPRINT(EM_REPORT):   NAME = "LATTICETYPE";
MPRINT(EM_REPORT):   VALUE = "";
MPRINT(EM_REPORT):   VIEW = 0.56269443107894;
MPRINT(EM_REPORT):   output;
MPRINT(EM_REPORT):   NAME = "ABSOLUTEVALUE";
MPRINT(EM_REPORT):   VALUE = "";
MPRINT(EM_REPORT):   VIEW = 0.56269443107894;
MPRINT(EM_REPORT):   output;
MPRINT(EM_REPORT):   NAME = "SORTORDER";
MPRINT(EM_REPORT):   VALUE = "";
MPRINT(EM_REPORT):   VIEW = 0.56269443107894;
MPRINT(EM_REPORT):   output;
MPRINT(EM_REPORT):   NAME = "SORTORDERY";
MPRINT(EM_REPORT):   VALUE = "";
MPRINT(EM_REPORT):   VIEW = 0.56269443107894;
MPRINT(EM_REPORT):   output;
MPRINT(EM_REPORT):   NAME = "ORIENTATION";
MPRINT(EM_REPORT):   VALUE = "";
MPRINT(EM_REPORT):   VIEW = 0.56269443107894;
MPRINT(EM_REPORT):   output;
MPRINT(EM_REPORT):   NAME = "METHOD";
MPRINT(EM_REPORT):   VALUE = "";
MPRINT(EM_REPORT):   VIEW = 0.56269443107894;
MPRINT(EM_REPORT):   output;
MPRINT(EM_REPORT):   NAME = "DIRECTION";
MPRINT(EM_REPORT):   VALUE = "";
MPRINT(EM_REPORT):   VIEW = 0.56269443107894;
MPRINT(EM_REPORT):   output;
MPRINT(EM_REPORT):   NAME = "BYSET";
MPRINT(EM_REPORT):   VALUE = "";
MPRINT(EM_REPORT):   VIEW = 0.56269443107894;
MPRINT(EM_REPORT):   output;
MPRINT(EM_REPORT):   NAME = "RENDERMODE";
MPRINT(EM_REPORT):   VALUE = "";
MPRINT(EM_REPORT):   VIEW = 0.56269443107894;
MPRINT(EM_REPORT):   output;
MPRINT(EM_REPORT):   NAME = "DESCRIPTION";
MPRINT(EM_REPORT):   VALUE = "";
MPRINT(EM_REPORT):   VIEW = 0.56269443107894;
MPRINT(EM_REPORT):   output;
MPRINT(EM_REPORT):   NAME = "X";
MPRINT(EM_REPORT):   VALUE = "";
MPRINT(EM_REPORT):   VIEW = 0.56269443107894;
MPRINT(EM_REPORT):   output;
MPRINT(EM_REPORT):   NAME = "EXCLUDEVARS";
MPRINT(EM_REPORT):   VALUE = "";
MPRINT(EM_REPORT):   VIEW = 0.56269443107894;
MPRINT(EM_REPORT):   output;
MPRINT(EM_REPORT):   NAME = "Z";
MPRINT(EM_REPORT):   VALUE = "";
MPRINT(EM_REPORT):   VIEW = 0.56269443107894;
MPRINT(EM_REPORT):   output;
MPRINT(EM_REPORT):   NAME = "YVARS";
MPRINT(EM_REPORT):   VALUE = "";
MPRINT(EM_REPORT):   VIEW = 0.56269443107894;
MPRINT(EM_REPORT):   output;
MPRINT(EM_REPORT):   NAME = "FREQVARS";
MPRINT(EM_REPORT):   VALUE = "";
MPRINT(EM_REPORT):   VIEW = 0.56269443107894;
MPRINT(EM_REPORT):   output;
MPRINT(EM_REPORT):   NAME = "AXIS";
MPRINT(EM_REPORT):   VALUE = "";
MPRINT(EM_REPORT):   VIEW = 0.56269443107894;
MPRINT(EM_REPORT):   output;
MPRINT(EM_REPORT):   NAME = "FREQ";
MPRINT(EM_REPORT):   VALUE = "";
MPRINT(EM_REPORT):   VIEW = 0.56269443107894;
MPRINT(EM_REPORT):   output;
MPRINT(EM_REPORT):   NAME = "GROUP";
MPRINT(EM_REPORT):   VALUE = "";
MPRINT(EM_REPORT):   VIEW = 0.56269443107894;
MPRINT(EM_REPORT):   output;
MPRINT(EM_REPORT):   NAME = "SUBGROUP";
MPRINT(EM_REPORT):   VALUE = "";
MPRINT(EM_REPORT):   VIEW = 0.56269443107894;
MPRINT(EM_REPORT):   output;
MPRINT(EM_REPORT):   NAME = "BLOCK";
MPRINT(EM_REPORT):   VALUE = "CUSTOM";
MPRINT(EM_REPORT):   VIEW = 0.56269443107894;
MPRINT(EM_REPORT):   output;
MPRINT(EM_REPORT):   NAME = "COLOR";
MPRINT(EM_REPORT):   VALUE = "";
MPRINT(EM_REPORT):   VIEW = 0.56269443107894;
MPRINT(EM_REPORT):   output;
MPRINT(EM_REPORT):   NAME = "COLORINDEX";
MPRINT(EM_REPORT):   VALUE = "";
MPRINT(EM_REPORT):   VIEW = 0.56269443107894;
MPRINT(EM_REPORT):   output;
MPRINT(EM_REPORT):   NAME = "TIPTEXT";
MPRINT(EM_REPORT):   VALUE = "";
MPRINT(EM_REPORT):   VIEW = 0.56269443107894;
MPRINT(EM_REPORT):   output;
MPRINT(EM_REPORT):   NAME = "TIP";
MPRINT(EM_REPORT):   VALUE = "";
MPRINT(EM_REPORT):   VIEW = 0.56269443107894;
MPRINT(EM_REPORT):   output;
MPRINT(EM_REPORT):   NAME = "TOOLTIP";
MPRINT(EM_REPORT):   VALUE = "";
MPRINT(EM_REPORT):   VIEW = 0.56269443107894;
MPRINT(EM_REPORT):   output;
MPRINT(EM_REPORT):   NAME = "REPORTID";
MPRINT(EM_REPORT):   VALUE = "";
MPRINT(EM_REPORT):   VIEW = 0.56269443107894;
MPRINT(EM_REPORT):   output;
MPRINT(EM_REPORT):   NAME = "IDVALUE";
MPRINT(EM_REPORT):   VALUE = "";
MPRINT(EM_REPORT):   VIEW = 0.56269443107894;
MPRINT(EM_REPORT):   output;
MPRINT(EM_REPORT):   NAME = "ID";
MPRINT(EM_REPORT):   VALUE = "";
MPRINT(EM_REPORT):   VIEW = 0.56269443107894;
MPRINT(EM_REPORT):   output;
MPRINT(EM_REPORT):   NAME = "SIZE";
MPRINT(EM_REPORT):   VALUE = "";
MPRINT(EM_REPORT):   VIEW = 0.56269443107894;
MPRINT(EM_REPORT):   output;
MPRINT(EM_REPORT):   NAME = "FROM";
MPRINT(EM_REPORT):   VALUE = "";
MPRINT(EM_REPORT):   VIEW = 0.56269443107894;
MPRINT(EM_REPORT):   output;
MPRINT(EM_REPORT):   NAME = "TO";
MPRINT(EM_REPORT):   VALUE = "";
MPRINT(EM_REPORT):   VIEW = 0.56269443107894;
MPRINT(EM_REPORT):   output;
MPRINT(EM_REPORT):   NAME = "VALUE";
MPRINT(EM_REPORT):   VALUE = "";
MPRINT(EM_REPORT):   VIEW = 0.56269443107894;
MPRINT(EM_REPORT):   output;
MPRINT(EM_REPORT):   NAME = "VIEWS";
MPRINT(EM_REPORT):   VALUE = "";
MPRINT(EM_REPORT):   VIEW = 0.56269443107894;
MPRINT(EM_REPORT):   output;
MPRINT(EM_REPORT):   NAME = "PARENT";
MPRINT(EM_REPORT):   VALUE = "";
MPRINT(EM_REPORT):   VIEW = 0.56269443107894;
MPRINT(EM_REPORT):   output;
MPRINT(EM_REPORT):   NAME = "NODETEXT";
MPRINT(EM_REPORT):   VALUE = "";
MPRINT(EM_REPORT):   VIEW = 0.56269443107894;
MPRINT(EM_REPORT):   output;
MPRINT(EM_REPORT):   NAME = "ABOVETEXT";
MPRINT(EM_REPORT):   VALUE = "";
MPRINT(EM_REPORT):   VIEW = 0.56269443107894;
MPRINT(EM_REPORT):   output;
MPRINT(EM_REPORT):   NAME = "BELOWTEXT";
MPRINT(EM_REPORT):   VALUE = "";
MPRINT(EM_REPORT):   VIEW = 0.56269443107894;
MPRINT(EM_REPORT):   output;
MPRINT(EM_REPORT):   NAME = "NODESIZE";
MPRINT(EM_REPORT):   VALUE = "";
MPRINT(EM_REPORT):   VIEW = 0.56269443107894;
MPRINT(EM_REPORT):   output;
MPRINT(EM_REPORT):   NAME = "STATS";
MPRINT(EM_REPORT):   VALUE = "";
MPRINT(EM_REPORT):   VIEW = 0.56269443107894;
MPRINT(EM_REPORT):   output;
MPRINT(EM_REPORT):   NAME = "CLASSDIST";
MPRINT(EM_REPORT):   VALUE = "";
MPRINT(EM_REPORT):   VIEW = 0.56269443107894;
MPRINT(EM_REPORT):   output;
MPRINT(EM_REPORT):   NAME = "INTDIST";
MPRINT(EM_REPORT):   VALUE = "";
MPRINT(EM_REPORT):   VIEW = 0.56269443107894;
MPRINT(EM_REPORT):   output;
MPRINT(EM_REPORT):   NAME = "FOLDER";
MPRINT(EM_REPORT):   VALUE = "";
MPRINT(EM_REPORT):   VIEW = 0.56269443107894;
MPRINT(EM_REPORT):   output;
MPRINT(EM_REPORT):   NAME = "YPLOTTYPE";
MPRINT(EM_REPORT):   VALUE = "";
MPRINT(EM_REPORT):   VIEW = 0.56269443107894;
MPRINT(EM_REPORT):   output;
MPRINT(EM_REPORT):   NAME = "XREF";
MPRINT(EM_REPORT):   VALUE = "";
MPRINT(EM_REPORT):   VIEW = 0.56269443107894;
MPRINT(EM_REPORT):   output;
MPRINT(EM_REPORT):   NAME = "XREF2";
MPRINT(EM_REPORT):   VALUE = "";
MPRINT(EM_REPORT):   VIEW = 0.56269443107894;
MPRINT(EM_REPORT):   output;
MPRINT(EM_REPORT):   NAME = "YREF";
MPRINT(EM_REPORT):   VALUE = "";
MPRINT(EM_REPORT):   VIEW = 0.56269443107894;
MPRINT(EM_REPORT):   output;
MPRINT(EM_REPORT):   NAME = "Y2REF";
MPRINT(EM_REPORT):   VALUE = "";
MPRINT(EM_REPORT):   VIEW = 0.56269443107894;
MPRINT(EM_REPORT):   output;
MPRINT(EM_REPORT):   NAME = "YREF2";
MPRINT(EM_REPORT):   VALUE = "";
MPRINT(EM_REPORT):   VIEW = 0.56269443107894;
MPRINT(EM_REPORT):   output;
MPRINT(EM_REPORT):   NAME = "Y2REF2";
MPRINT(EM_REPORT):   VALUE = "";
MPRINT(EM_REPORT):   VIEW = 0.56269443107894;
MPRINT(EM_REPORT):   output;
MPRINT(EM_REPORT):   NAME = "GROUPINDEX";
MPRINT(EM_REPORT):   VALUE = "";
MPRINT(EM_REPORT):   VIEW = 0.56269443107894;
MPRINT(EM_REPORT):   output;
MPRINT(EM_REPORT):   NAME = "JOIN";
MPRINT(EM_REPORT):   VALUE = "";
MPRINT(EM_REPORT):   VIEW = 0.56269443107894;
MPRINT(EM_REPORT):   output;
MPRINT(EM_REPORT):   NAME = "XEXCLUDE";
MPRINT(EM_REPORT):   VALUE = "";
MPRINT(EM_REPORT):   VIEW = 0.56269443107894;
MPRINT(EM_REPORT):   output;
MPRINT(EM_REPORT):   NAME = "FREQEXCLUDE";
MPRINT(EM_REPORT):   VALUE = "";
MPRINT(EM_REPORT):   VIEW = 0.56269443107894;
MPRINT(EM_REPORT):   output;
MPRINT(EM_REPORT):   NAME = "YEXCLUDE";
MPRINT(EM_REPORT):   VALUE = "";
MPRINT(EM_REPORT):   VIEW = 0.56269443107894;
MPRINT(EM_REPORT):   output;
MPRINT(EM_REPORT):   NAME = "NAME";
MPRINT(EM_REPORT):   VALUE = "";
MPRINT(EM_REPORT):   VIEW = 0.56269443107894;
MPRINT(EM_REPORT):   output;
MPRINT(EM_REPORT):   NAME = "HEIGHT";
MPRINT(EM_REPORT):   VALUE = "";
MPRINT(EM_REPORT):   VIEW = 0.56269443107894;
MPRINT(EM_REPORT):   output;
MPRINT(EM_REPORT):   NAME = "WIDTH";
MPRINT(EM_REPORT):   VALUE = "";
MPRINT(EM_REPORT):   VIEW = 0.56269443107894;
MPRINT(EM_REPORT):   output;
MPRINT(EM_REPORT):   NAME = "XAXISLABEL";
MPRINT(EM_REPORT):   VALUE = "";
MPRINT(EM_REPORT):   VIEW = 0.56269443107894;
MPRINT(EM_REPORT):   output;
MPRINT(EM_REPORT):   NAME = "Y2AXISLABEL";
MPRINT(EM_REPORT):   VALUE = "";
MPRINT(EM_REPORT):   VIEW = 0.56269443107894;
MPRINT(EM_REPORT):   output;
MPRINT(EM_REPORT):   NAME = "YAXISLABEL";
MPRINT(EM_REPORT):   VALUE = "";
MPRINT(EM_REPORT):   VIEW = 0.56269443107894;
MPRINT(EM_REPORT):   output;
MPRINT(EM_REPORT):   NAME = "DISPLAYXLABEL";
MPRINT(EM_REPORT):   VALUE = "Y";
MPRINT(EM_REPORT):   VIEW = 0.56269443107894;
MPRINT(EM_REPORT):   output;
MPRINT(EM_REPORT):   NAME = "DISPLAYYLABEL";
MPRINT(EM_REPORT):   VALUE = "Y";
MPRINT(EM_REPORT):   VIEW = 0.56269443107894;
MPRINT(EM_REPORT):   output;
MPRINT(EM_REPORT):   NAME = "CHOICETEXT";
MPRINT(EM_REPORT):   VALUE = "";
MPRINT(EM_REPORT):   VIEW = 0.56269443107894;
MPRINT(EM_REPORT):   output;
MPRINT(EM_REPORT):   NAME = "SEGMENTVALUE";
MPRINT(EM_REPORT):   VALUE = "";
MPRINT(EM_REPORT):   VIEW = 0.56269443107894;
MPRINT(EM_REPORT):   output;
MPRINT(EM_REPORT):   NAME = "LOWERBAND";
MPRINT(EM_REPORT):   VALUE = "";
MPRINT(EM_REPORT):   VIEW = 0.56269443107894;
MPRINT(EM_REPORT):   output;
MPRINT(EM_REPORT):   NAME = "UPPERBAND";
MPRINT(EM_REPORT):   VALUE = "";
MPRINT(EM_REPORT):   VIEW = 0.56269443107894;
MPRINT(EM_REPORT):   output;
MPRINT(EM_REPORT):   NAME = "YLINE";
MPRINT(EM_REPORT):   VALUE = "";
MPRINT(EM_REPORT):   VIEW = 0.56269443107894;
MPRINT(EM_REPORT):   output;
MPRINT(EM_REPORT):   NAME = "LINKKEY";
MPRINT(EM_REPORT):   VALUE = "";
MPRINT(EM_REPORT):   VIEW = 0.56269443107894;
MPRINT(EM_REPORT):   output;
MPRINT(EM_REPORT):   NAME = "NODEKEY";
MPRINT(EM_REPORT):   VALUE = "";
MPRINT(EM_REPORT):   VIEW = 0.56269443107894;
MPRINT(EM_REPORT):   output;
MPRINT(EM_REPORT):   NAME = "NODEID";
MPRINT(EM_REPORT):   VALUE = "";
MPRINT(EM_REPORT):   VIEW = 0.56269443107894;
MPRINT(EM_REPORT):   output;
MPRINT(EM_REPORT):   NAME = "NODEVALUE";
MPRINT(EM_REPORT):   VALUE = "";
MPRINT(EM_REPORT):   VIEW = 0.56269443107894;
MPRINT(EM_REPORT):   output;
MPRINT(EM_REPORT):   NAME = "NODECOLOR";
MPRINT(EM_REPORT):   VALUE = "";
MPRINT(EM_REPORT):   VIEW = 0.56269443107894;
MPRINT(EM_REPORT):   output;
MPRINT(EM_REPORT):   NAME = "NODESHAPE";
MPRINT(EM_REPORT):   VALUE = "";
MPRINT(EM_REPORT):   VIEW = 0.56269443107894;
MPRINT(EM_REPORT):   output;
MPRINT(EM_REPORT):   NAME = "NODESHAPEVAR";
MPRINT(EM_REPORT):   VALUE = "";
MPRINT(EM_REPORT):   VIEW = 0.56269443107894;
MPRINT(EM_REPORT):   output;
MPRINT(EM_REPORT):   NAME = "NODELABEL";
MPRINT(EM_REPORT):   VALUE = "";
MPRINT(EM_REPORT):   VIEW = 0.56269443107894;
MPRINT(EM_REPORT):   output;
MPRINT(EM_REPORT):   NAME = "NODETIP";
MPRINT(EM_REPORT):   VALUE = "";
MPRINT(EM_REPORT):   VIEW = 0.56269443107894;
MPRINT(EM_REPORT):   output;
MPRINT(EM_REPORT):   NAME = "LINKID";
MPRINT(EM_REPORT):   VALUE = "";
MPRINT(EM_REPORT):   VIEW = 0.56269443107894;
MPRINT(EM_REPORT):   output;
MPRINT(EM_REPORT):   NAME = "LINKVALUE";
MPRINT(EM_REPORT):   VALUE = "";
MPRINT(EM_REPORT):   VIEW = 0.56269443107894;
MPRINT(EM_REPORT):   output;
MPRINT(EM_REPORT):   NAME = "LINKFROM";
MPRINT(EM_REPORT):   VALUE = "";
MPRINT(EM_REPORT):   VIEW = 0.56269443107894;
MPRINT(EM_REPORT):   output;
MPRINT(EM_REPORT):   NAME = "LINKTO";
MPRINT(EM_REPORT):   VALUE = "";
MPRINT(EM_REPORT):   VIEW = 0.56269443107894;
MPRINT(EM_REPORT):   output;
MPRINT(EM_REPORT):   NAME = "LINKCOLOR";
MPRINT(EM_REPORT):   VALUE = "";
MPRINT(EM_REPORT):   VIEW = 0.56269443107894;
MPRINT(EM_REPORT):   output;
MPRINT(EM_REPORT):   NAME = "LINKWIDTH";
MPRINT(EM_REPORT):   VALUE = "";
MPRINT(EM_REPORT):   VIEW = 0.56269443107894;
MPRINT(EM_REPORT):   output;
MPRINT(EM_REPORT):   NAME = "LINKTIP";
MPRINT(EM_REPORT):   VALUE = "";
MPRINT(EM_REPORT):   VIEW = 0.56269443107894;
MPRINT(EM_REPORT):   output;
MPRINT(EM_REPORT):   NAME = "XFROM";
MPRINT(EM_REPORT):   VALUE = "";
MPRINT(EM_REPORT):   VIEW = 0.56269443107894;
MPRINT(EM_REPORT):   output;
MPRINT(EM_REPORT):   NAME = "XTO";
MPRINT(EM_REPORT):   VALUE = "";
MPRINT(EM_REPORT):   VIEW = 0.56269443107894;
MPRINT(EM_REPORT):   output;
MPRINT(EM_REPORT):   NAME = "YFROM";
MPRINT(EM_REPORT):   VALUE = "";
MPRINT(EM_REPORT):   VIEW = 0.56269443107894;
MPRINT(EM_REPORT):   output;
MPRINT(EM_REPORT):   NAME = "YTO";
MPRINT(EM_REPORT):   VALUE = "";
MPRINT(EM_REPORT):   VIEW = 0.56269443107894;
MPRINT(EM_REPORT):   output;
MPRINT(EM_REPORT):   NAME = "MATRIXVAR";
MPRINT(EM_REPORT):   VALUE = "";
MPRINT(EM_REPORT):   VIEW = 0.56269443107894;
MPRINT(EM_REPORT):   output;
MPRINT(EM_REPORT):   NAME = "RESPONSE";
MPRINT(EM_REPORT):   VALUE = "";
MPRINT(EM_REPORT):   VIEW = 0.56269443107894;
MPRINT(EM_REPORT):   output;
MPRINT(EM_REPORT):   NAME = "SERIES";
MPRINT(EM_REPORT):   VALUE = "";
MPRINT(EM_REPORT):   VIEW = 0.56269443107894;
MPRINT(EM_REPORT):   output;
MPRINT(EM_REPORT):   NAME = "DESCARG";
MPRINT(EM_REPORT):   VALUE = "";
MPRINT(EM_REPORT):   VIEW = 0.56269443107894;
MPRINT(EM_REPORT):   output;
MPRINT(EM_REPORT):   NAME = "SLIDER";
MPRINT(EM_REPORT):   VALUE = "";
MPRINT(EM_REPORT):   VIEW = 0.56269443107894;
MPRINT(EM_REPORT):   output;
MPRINT(EM_REPORT):   NAME = "MarkerSize";
MPRINT(EM_REPORT):   VALUE = "";
MPRINT(EM_REPORT):   VIEW = 0.56269443107894;
MPRINT(EM_REPORT):   output;
MPRINT(EM_REPORT):   NAME = "Marker";
MPRINT(EM_REPORT):   VALUE = "";
MPRINT(EM_REPORT):   VIEW = 0.56269443107894;
MPRINT(EM_REPORT):   output;
MPRINT(EM_REPORT):   NAME = "Y1";
MPRINT(EM_REPORT):   VALUE = "";
MPRINT(EM_REPORT):   VIEW = 0.56269443107894;
MPRINT(EM_REPORT):   output;
MPRINT(EM_REPORT):   NAME = "Y2";
MPRINT(EM_REPORT):   VALUE = "";
MPRINT(EM_REPORT):   VIEW = 0.56269443107894;
MPRINT(EM_REPORT):   output;
MPRINT(EM_REPORT):   NAME = "Y3";
MPRINT(EM_REPORT):   VALUE = "";
MPRINT(EM_REPORT):   VIEW = 0.56269443107894;
MPRINT(EM_REPORT):   output;
MPRINT(EM_REPORT):   NAME = "Y4";
MPRINT(EM_REPORT):   VALUE = "";
MPRINT(EM_REPORT):   VIEW = 0.56269443107894;
MPRINT(EM_REPORT):   output;
MPRINT(EM_REPORT):   NAME = "Y5";
MPRINT(EM_REPORT):   VALUE = "";
MPRINT(EM_REPORT):   VIEW = 0.56269443107894;
MPRINT(EM_REPORT):   output;
MPRINT(EM_REPORT):   NAME = "Y6";
MPRINT(EM_REPORT):   VALUE = "";
MPRINT(EM_REPORT):   VIEW = 0.56269443107894;
MPRINT(EM_REPORT):   output;
MPRINT(EM_REPORT):   NAME = "Y7";
MPRINT(EM_REPORT):   VALUE = "";
MPRINT(EM_REPORT):   VIEW = 0.56269443107894;
MPRINT(EM_REPORT):   output;
MPRINT(EM_REPORT):   NAME = "Y8";
MPRINT(EM_REPORT):   VALUE = "";
MPRINT(EM_REPORT):   VIEW = 0.56269443107894;
MPRINT(EM_REPORT):   output;
MPRINT(EM_REPORT):   NAME = "Y9";
MPRINT(EM_REPORT):   VALUE = "";
MPRINT(EM_REPORT):   VIEW = 0.56269443107894;
MPRINT(EM_REPORT):   output;
MPRINT(EM_REPORT):   NAME = "Y10";
MPRINT(EM_REPORT):   VALUE = "";
MPRINT(EM_REPORT):   VIEW = 0.56269443107894;
MPRINT(EM_REPORT):   output;
MPRINT(EM_REPORT):   NAME = "Y11";
MPRINT(EM_REPORT):   VALUE = "";
MPRINT(EM_REPORT):   VIEW = 0.56269443107894;
MPRINT(EM_REPORT):   output;
MPRINT(EM_REPORT):   NAME = "Y12";
MPRINT(EM_REPORT):   VALUE = "";
MPRINT(EM_REPORT):   VIEW = 0.56269443107894;
MPRINT(EM_REPORT):   output;
MPRINT(EM_REPORT):   NAME = "Y13";
MPRINT(EM_REPORT):   VALUE = "";
MPRINT(EM_REPORT):   VIEW = 0.56269443107894;
MPRINT(EM_REPORT):   output;
MPRINT(EM_REPORT):   NAME = "Y14";
MPRINT(EM_REPORT):   VALUE = "";
MPRINT(EM_REPORT):   VIEW = 0.56269443107894;
MPRINT(EM_REPORT):   output;
MPRINT(EM_REPORT):   NAME = "Y15";
MPRINT(EM_REPORT):   VALUE = "";
MPRINT(EM_REPORT):   VIEW = 0.56269443107894;
MPRINT(EM_REPORT):   output;
MPRINT(EM_REPORT):   NAME = "Y16";
MPRINT(EM_REPORT):   VALUE = "";
MPRINT(EM_REPORT):   VIEW = 0.56269443107894;
MPRINT(EM_REPORT):   output;
MPRINT(EM_REPORT):   NAME = "TITLE";
MPRINT(EM_REPORT):   VALUE = "";
MPRINT(EM_REPORT):   VIEW = 0.56269443107894;
MPRINT(EM_REPORT):   output;
MPRINT(EM_REPORT):   NAME = "LEGEND";
MPRINT(EM_REPORT):   VALUE = "";
MPRINT(EM_REPORT):   VIEW = 0.56269443107894;
MPRINT(EM_REPORT):   output;
MPRINT(EM_REPORT):   NAME = "LEGENDTITLE";
MPRINT(EM_REPORT):   VALUE = "";
MPRINT(EM_REPORT):   VIEW = 0.56269443107894;
MPRINT(EM_REPORT):   output;
MPRINT(EM_REPORT):   NAME = "SHAPE";
MPRINT(EM_REPORT):   VALUE = "";
MPRINT(EM_REPORT):   VIEW = 0.56269443107894;
MPRINT(EM_REPORT):   output;
MPRINT(EM_REPORT):   NAME = "METHOD";
MPRINT(EM_REPORT):   VALUE = "";
MPRINT(EM_REPORT):   VIEW = 0.56269443107894;
MPRINT(EM_REPORT):   output;
MPRINT(EM_REPORT):   NAME = "NOBINMISS";
MPRINT(EM_REPORT):   VALUE = "";
MPRINT(EM_REPORT):   VIEW = 0.56269443107894;
MPRINT(EM_REPORT):   output;
MPRINT(EM_REPORT):   end;
MPRINT(EM_REPORT):   run;

NOTE: There were 662 observations read from the data set WORK.EM_USER_REPORT.
NOTE: The data set WORK.EM_USER_REPORT has 794 observations and 4 variables.
NOTE: DATA statement used (Total process time):
      real time           0.04 seconds
      cpu time            0.03 seconds
      

MPRINT(EM_TREE_REPORT):  ;
MPRINT(MAIN):  ;
MPRINT(EM_DIAGRAM):  ;
MPRINT(EM_DIAGRAM):   *------------------------------------------------------------*;
MPRINT(EM_DIAGRAM):   * End REPORT: Tree;
MPRINT(EM_DIAGRAM):   *------------------------------------------------------------*;
99545      
99546      *------------------------------------------------------------*;
99547      * End REPORT: Tree;
99548      *------------------------------------------------------------*;

99549      /* Reset EM Options */
99550      options formchar="|----|+|---+=|-/\<>*";
MPRINT(EM_DIAGRAM):    options formchar="|----|+|---+=|-/\<>*";
99551      options nocenter ls=256 ps=10000;
MPRINT(EM_DIAGRAM):   options nocenter ls=256 ps=10000;
99552      goptions reset=all device=GIF NODISPLAY;
MPRINT(EM_DIAGRAM):   goptions reset=all device=GIF NODISPLAY;
99553      proc sort data=WORK.EM_USER_REPORT;
MPRINT(EM_DIAGRAM):    proc sort data=WORK.EM_USER_REPORT;
99554      by ID VIEW;
MPRINT(EM_DIAGRAM):   by ID VIEW;
99555      run;
MPRINT(EM_DIAGRAM):   run;

NOTE: There were 794 observations read from the data set WORK.EM_USER_REPORT.
NOTE: The data set WORK.EM_USER_REPORT has 794 observations and 4 variables.
NOTE: PROCEDURE SORT used (Total process time):
      real time           0.01 seconds
      cpu time            0.00 seconds
      

99556      proc sort data=EMWS1.Part_CMeta_TRAIN out=WORK.SUBSETINMETA;
MPRINT(EM_DIAGRAM):    proc sort data=EMWS1.Part_CMeta_TRAIN out=WORK.SUBSETINMETA;
99557      by NAME;
MPRINT(EM_DIAGRAM):   by NAME;
99558      run;
MPRINT(EM_DIAGRAM):   run;

NOTE: There were 33 observations read from the data set EMWS1.PART_CMETA_TRAIN.
NOTE: The data set WORK.SUBSETINMETA has 33 observations and 20 variables.
NOTE: PROCEDURE SORT used (Total process time):
      real time           0.01 seconds
      cpu time            0.00 seconds
      

99559      proc sort data=EMWS1.Tree_VariableSet out=WORK.SUBSETVARSET(keep=NAME REPORT);
MPRINT(EM_DIAGRAM):   proc sort data=EMWS1.Tree_VariableSet out=WORK.SUBSETVARSET(keep=NAME REPORT);
99560      by NAME;
MPRINT(EM_DIAGRAM):   by NAME;
99561      run;
MPRINT(EM_DIAGRAM):   run;

NOTE: There were 33 observations read from the data set EMWS1.TREE_VARIABLESET.
NOTE: The data set WORK.SUBSETVARSET has 33 observations and 2 variables.
NOTE: PROCEDURE SORT used (Total process time):
      real time           0.01 seconds
      cpu time            0.01 seconds
      

99562      data WORK.ASSESS_META;
MPRINT(EM_DIAGRAM):   data WORK.ASSESS_META;
99563      merge WORK.SUBSETINMETA WORK.SUBSETVARSET;
MPRINT(EM_DIAGRAM):   merge WORK.SUBSETINMETA WORK.SUBSETVARSET;
99564      by NAME;
MPRINT(EM_DIAGRAM):   by NAME;
99565      run;
MPRINT(EM_DIAGRAM):   run;

NOTE: There were 33 observations read from the data set WORK.SUBSETINMETA.
NOTE: There were 33 observations read from the data set WORK.SUBSETVARSET.
NOTE: The data set WORK.ASSESS_META has 33 observations and 20 variables.
NOTE: DATA statement used (Total process time):
      real time           0.04 seconds
      cpu time            0.01 seconds
      

99566      data EM_temp_assessMeta;
MPRINT(EM_DIAGRAM):    data EM_temp_assessMeta;
99567      set EMWS1.Tree_CMeta_TRAIN;
MPRINT(EM_DIAGRAM):   set EMWS1.Tree_CMeta_TRAIN;
99568      where role in('DECISION', 'PREDICT', 'RESIDUAL', 'CLASSIFICATION', 'ASSESS', 'COST');
MPRINT(EM_DIAGRAM):   where role in('DECISION', 'PREDICT', 'RESIDUAL', 'CLASSIFICATION', 'ASSESS', 'COST');
99569      run;
MPRINT(EM_DIAGRAM):   run;

NOTE: There were 12 observations read from the data set EMWS1.TREE_CMETA_TRAIN.
      WHERE role in ('ASSESS', 'CLASSIFICATION', 'COST', 'DECISION', 'PREDICT', 'RESIDUAL');
NOTE: The data set WORK.EM_TEMP_ASSESSMETA has 12 observations and 21 variables.
NOTE: DATA statement used (Total process time):
      real time           0.01 seconds
      cpu time            0.01 seconds
      

99570      data EM_temp_assessdata;
MPRINT(EM_DIAGRAM):    data EM_temp_assessdata;
99571      set EMWS1.Tree_TRAIN(keep=
99572      F_diagnosis
99573      I_diagnosis
99574      P_diagnosisB
99575      P_diagnosisM
99576      Q_diagnosisB
99577      Q_diagnosisM
99578      R_diagnosisB
99579      R_diagnosisM
99580      U_diagnosis
99581      V_diagnosisB
99582      V_diagnosisM
99583      _WARN_
99584      diagnosis
99585      );
MPRINT(EM_DIAGRAM):   set EMWS1.Tree_TRAIN(keep= F_diagnosis I_diagnosis P_diagnosisB P_diagnosisM Q_diagnosisB Q_diagnosisM R_diagnosisB R_diagnosisM U_diagnosis V_diagnosisB V_diagnosisM _WARN_ diagnosis );
99586      run;
MPRINT(EM_DIAGRAM):   run;

NOTE: Variable _WARN_ is uninitialized.
NOTE: View EMWS1.TREE_TRAIN.VIEW used (Total process time):
      real time           0.04 seconds
      cpu time            0.04 seconds
      
NOTE: There were 396 observations read from the data set EMWS1.PART_TRAIN.
NOTE: There were 396 observations read from the data set EMWS1.TREE_TRAIN.
NOTE: The data set WORK.EM_TEMP_ASSESSDATA has 396 observations and 13 variables.
NOTE: DATA statement used (Total process time):
      real time           0.04 seconds
      cpu time            0.04 seconds
      

MPRINT(EM_DIAGRAM):    proc freq data=EM_temp_assessdata noprint;
MPRINT(EM_DIAGRAM):   table I_diagnosis*F_diagnosis / out = WORK.Tree_3EZ9O2E nocol norow outpct;
MPRINT(EM_DIAGRAM):   run;
MPRINT(EM_DIAGRAM):    data WORK.Tree_3EZ9O2E;
MPRINT(EM_DIAGRAM):   length _TYPE_ $10 DATAROLE TARGET $32 TARGETLABEL $200 FROM INTO $32 CORRECTTEXT $40 ;
MPRINT(EM_DIAGRAM):   label _TYPE_ = "Outcome Type";
MPRINT(EM_DIAGRAM):   label DATAROLE = "Data Role";
MPRINT(EM_DIAGRAM):   label TARGET = "Target Variable";
MPRINT(EM_DIAGRAM):   label TARGETLABEL = "Target Label";
MPRINT(EM_DIAGRAM):   label FROM = "Target";
MPRINT(EM_DIAGRAM):   label INTO = "Outcome";
MPRINT(EM_DIAGRAM):   label PCT_ROW = "Target Percentage";
MPRINT(EM_DIAGRAM):   label PCT_COL = "Outcome Percentage";
MPRINT(EM_DIAGRAM):   label COUNT = "Frequency Count";
MPRINT(EM_DIAGRAM):   label PERCENT = "Total Percentage";
MPRINT(EM_DIAGRAM):   label CORRECTTEXT = "Correct Text";
MPRINT(EM_DIAGRAM):   label CORRECT = "Correct";
MPRINT(EM_DIAGRAM):   set WORK.Tree_3EZ9O2E(rename=(F_diagnosis=FROM I_diagnosis=INTO));
MPRINT(EM_DIAGRAM):   retain _TYPE_ 'PREDICTION' DATAROLE "TRAIN" TARGET "diagnosis";
MPRINT(EM_DIAGRAM):   if FROM eq INTO then do;
MPRINT(EM_DIAGRAM):   CORRECT = 0;
MPRINT(EM_DIAGRAM):   CORRECTTEXT="Correct";
MPRINT(EM_DIAGRAM):   end;
MPRINT(EM_DIAGRAM):   else do;
MPRINT(EM_DIAGRAM):   CORRECT = 1;
MPRINT(EM_DIAGRAM):   CORRECTTEXT="Incorrect";
MPRINT(EM_DIAGRAM):   end;
MPRINT(EM_DIAGRAM):   run;
MPRINT(EM_DIAGRAM):    data EMWS1.Tree_EMCLASSIFICATION;
MPRINT(EM_DIAGRAM):   set WORK.Tree_3EZ9O2E;
MPRINT(EM_DIAGRAM):   run;
MPRINT(EM_DIAGRAM):    data WORK.MISCREPORT;
MPRINT(EM_DIAGRAM):   set WORK.Tree_3EZ9O2E;
MPRINT(EM_DIAGRAM):   run;
MPRINT(EM_DIAGRAM):    data WORK.MISCREPORT(drop=INTO FROM _TYPE_);
MPRINT(EM_DIAGRAM):   set WORK.MISCREPORT;
MPRINT(EM_DIAGRAM):   length MISC $12;
MPRINT(EM_DIAGRAM):   if FROM='M' and INTO='M' then MISC='TRUEEVENT';
MPRINT(EM_DIAGRAM):   else if FROM='M' and INTO ne 'M' then MISC='FALSENEVENT';
MPRINT(EM_DIAGRAM):   else if FROM ne 'M' and INTO='M' then MISC='FALSEEVENT';
MPRINT(EM_DIAGRAM):   else if FROM ne'M' and INTO ne 'M' then MISC='TRUENEVENT';
MPRINT(EM_DIAGRAM):   run;
MPRINT(EM_DIAGRAM):   proc sort data=WORK.MISCREPORT nothreads;
MPRINT(EM_DIAGRAM):   by DATAROLE TARGET;
MPRINT(EM_DIAGRAM):   run;
MPRINT(EM_DIAGRAM):   proc summary data=WORK.MISCREPORT NWAY;
MPRINT(EM_DIAGRAM):   output out=WORK.MISCCOUNT(drop=_FREQ_ _TYPE_) SUM=COUNT;
MPRINT(EM_DIAGRAM):   CLASS MISC;
MPRINT(EM_DIAGRAM):   VAR COUNT;
MPRINT(EM_DIAGRAM):   by DATAROLE TARGET;
MPRINT(EM_DIAGRAM):   run;
MPRINT(EM_DIAGRAM):   proc transpose data=WORK.MISCCOUNT out=WORK.MISCREPORT(drop=_NAME_ _LABEL_);
MPRINT(EM_DIAGRAM):   by DATAROLE TARGET;
MPRINT(EM_DIAGRAM):   ID MISC;
MPRINT(EM_DIAGRAM):   run;
MPRINT(EM_DIAGRAM):    data EMWS1.Tree_EMEVENTREPORT;
MPRINT(EM_DIAGRAM):   length TARGETLABEL $200;
MPRINT(EM_DIAGRAM):   label TARGETLABEL = "Target Label";
MPRINT(EM_DIAGRAM):   set WORK.MISCREPORT;
MPRINT(EM_DIAGRAM):   run;
MPRINT(EM_DIAGRAM):    data ASSESS_REPORTMETA;
MPRINT(EM_DIAGRAM):   set EMWS1.Tree_VariableSet;
MPRINT(EM_DIAGRAM):   where REPORT='Y';
MPRINT(EM_DIAGRAM):   run;
MPRINT(EM_DIAGRAM):   filename temp catalog 'sashelp.emassmt.em_assess.source';
MPRINT(EM_DIAGRAM):   filename temp;
MPRINT(EM_DIAGRAM):    data _null_;
MPRINT(EM_DIAGRAM):   set EMWS1.Tree_diagnosis_DM;
MPRINT(EM_DIAGRAM):   where _TYPE_="TARGET";
MPRINT(EM_DIAGRAM):   call symput('ASSMT_EVENT', strip(event));
MPRINT(EM_DIAGRAM):   run;
MPRINT(EM_DIAGRAM):   
MPRINT(EM_ASSESS):   data _ea_tmpdata;
MPRINT(EM_ASSESS):   set EM_temp_assessdata;
MPRINT(EM_ASSESS):   _tmpfreqvar_=1;
MPRINT(EM_ASSESS):   run;
MPRINT(EM_CHECKEMSETINIT):   DATA _NULL_;
MPRINT(EM_CHECKEMSETINIT):   EM_SETINIT = 'N';
MPRINT(EM_CHECKEMSETINIT):   IF SYSPROD('PRODNUM50') THEN EM_SETINIT = 'Y';
MPRINT(EM_CHECKEMSETINIT):   ELSE IF SYSPROD('PRODNUM448') THEN EM_SETINIT = 'Y';
MPRINT(EM_CHECKEMSETINIT):   ELSE IF SYSPROD('PRODNUM102') THEN EM_SETINIT = 'Y';
MPRINT(EM_CHECKEMSETINIT):   ELSE IF SYSPROD('PRODNUM103') THEN EM_SETINIT = 'Y';
MPRINT(EM_CHECKEMSETINIT):   CALL SYMPUT('EM_SETINIT', EM_SETINIT);
MPRINT(EM_CHECKEMSETINIT):   RUN;
MPRINT(EM_ASSESS):  ;
MPRINT(EM_ASSESS):   *;
MPRINT(EM_ASSESS):   * ............ Reading in reporting data set;
MPRINT(EM_ASSESS):   *;
MPRINT(EM_ASSESS):   DATA _NULL_;
MPRINT(EM_ASSESS):   SET ASSESS_REPORTMETA END = EOF;
MPRINT(EM_ASSESS):   IF TYPE = "C" OR UPCASE (LEVEL) IN ("NOMINAL", "BINARY" , "ORDINAL") THEN DO;
MPRINT(EM_ASSESS):   IF UPCASE (NAME) NE UPCASE ("F_diagnosis") THEN DO;
MPRINT(EM_ASSESS):   NUMCTOREPORT + 1;
MPRINT(EM_ASSESS):   CALL SYMPUTX ("REPORTC" || LEFT (PUT (NUMCTOREPORT, 5.)), NAME);
MPRINT(EM_ASSESS):   END;
MPRINT(EM_ASSESS):   ELSE CALL SYMPUTX ("RPRT_TRGT", "C");
MPRINT(EM_ASSESS):   END;
MPRINT(EM_ASSESS):   ELSE IF TYPE = "N" THEN DO;
MPRINT(EM_ASSESS):   IF UPCASE(NAME) NE UPCASE ("F_diagnosis") THEN DO;
MPRINT(EM_ASSESS):   NUMNTOREPORT + 1;
MPRINT(EM_ASSESS):   CALL SYMPUTX ("REPORTN" || LEFT (PUT (NUMNTOREPORT, 5.)), NAME);
MPRINT(EM_ASSESS):   END;
MPRINT(EM_ASSESS):   ELSE CALL SYMPUTX ("RPRT_TRGT", "N");
MPRINT(EM_ASSESS):   END;
MPRINT(EM_ASSESS):   IF EOF THEN DO;
MPRINT(EM_ASSESS):   CALL SYMPUTX ("NUMNTOREPORT", NUMNTOREPORT);
MPRINT(EM_ASSESS):   CALL SYMPUTX ("NUMCTOREPORT", NUMCTOREPORT);
MPRINT(EM_ASSESS):   CALL SYMPUTX ("NUMTOREPORT", SUM (NUMNTOREPORT, NUMCTOREPORT));
MPRINT(EM_ASSESS):   END;
MPRINT(EM_ASSESS):   RUN;
MPRINT(EM_ASSESS):   PROC DMDB DATA = _ea_tmpdata VAROUT = VAROUT DMDBCAT = _D CLASSOUT = _ASSMT_CLASSOUT;
MPRINT(EM_ASSESS):   CLASS F_diagnosis ;

MPRINT(EM_ASSESS):   VAR P_diagnosisM _tmpfreqvar_ ;
MPRINT(EM_ASSESS):   FREQ _tmpfreqvar_;
MPRINT(EM_ASSESS):   RUN ;
MPRINT(EM_ASSESS):   QUIT;
MPRINT(EM_ASSESS):   PROC SORT DATA = _ASSMT_CLASSOUT;
MPRINT(EM_ASSESS):   BY NAME;
MPRINT(EM_ASSESS):   RUN;
MPRINT(EM_ASSESS):   DATA _auxeventname (keep = __event__) ;
MPRINT(EM_ASSESS):   * ;
MPRINT(EM_ASSESS):   * ...FLAG0_1 = ..... TARGET IS 0, 1 & EVENT = 1;

MPRINT(EM_ASSESS):   ;
MPRINT(EM_ASSESS):   length __event__ $ 32;
MPRINT(EM_ASSESS):   RETAIN FLAG0_1 1 NUM1 . NUM0 . __event__ "_missing_" ;

MPRINT(EM_ASSESS):   SET _ASSMT_CLASSOUT END = EOF;
MPRINT(EM_ASSESS):   BY NAME;
MPRINT(EM_ASSESS):   *;
MPRINT(EM_ASSESS):   *;
MPRINT(EM_ASSESS):   * ....... LEVEL = BINARY OR NOMINAL OR ORDINAL;
MPRINT(EM_ASSESS):   *;
MPRINT(EM_ASSESS):   *;

MPRINT(EM_ASSESS):   IF UPCASE(NAME) = UPCASE ("F_diagnosis") THEN DO;
MPRINT(EM_ASSESS):   CUMFREQ + FREQUENCY;
MPRINT(EM_ASSESS):   IF LEVEL NE "." THEN DO;
MPRINT(EM_ASSESS):   N1 + 1;
MPRINT(EM_ASSESS):   IF (NRAW NE 0 AND NRAW NE 1) OR TYPE NE "N" OR "" > " " THEN FLAG0_1 = 0;
MPRINT(EM_ASSESS):   * ;
MPRINT(EM_ASSESS):   * ......................... IF EVENT NE BLANK;
MPRINT(EM_ASSESS):   * ....................LEVEL IS CHAR VAR ;
MPRINT(EM_ASSESS):   * ;
MPRINT(EM_ASSESS):   IF UPCASE("M") = UPCASE(LEVEL) THEN DO;
MPRINT(EM_ASSESS):   NUM1 = FREQUENCY;
MPRINT(EM_ASSESS):   IF TYPE = "C" THEN do;
MPRINT(EM_ASSESS):   CALL SYMPUTX ("EVENTVALUERAW", CRAW );
MPRINT(EM_ASSESS):   __event__ = craw;
MPRINT(EM_ASSESS):   end;
MPRINT(EM_ASSESS):   ELSE do;
MPRINT(EM_ASSESS):   CALL SYMPUTX ("EVENTVALUERAW", NRAW );
MPRINT(EM_ASSESS):   __event__ = nraw;
MPRINT(EM_ASSESS):   end;
MPRINT(EM_ASSESS):   END;
MPRINT(EM_ASSESS):   IF LAST.NAME THEN DO;

MPRINT(EM_ASSESS):   * ;
MPRINT(EM_ASSESS):   * .............. IN NOMINAL CASE, NEED TO GROUP ALL '0' ;
MPRINT(EM_ASSESS):   *;

MPRINT(EM_ASSESS):   NUM0 = SUM (CUMFREQ, - NUM1);
MPRINT(EM_ASSESS):   IF NUM0 < 0 THEN NUM0 = 0;
MPRINT(EM_ASSESS):   IF NUM1 = . THEN NUM1 = 0;
MPRINT(EM_ASSESS):   CALL SYMPUTX ("NUM0", NUM0 );
MPRINT(EM_ASSESS):   CALL SYMPUTX ("NUM1", NUM1);
MPRINT(EM_ASSESS):   CALL SYMPUTX ("PNUM1", NUM1 / CUMFREQ);
MPRINT(EM_ASSESS):   CALL SYMPUTX ("PNUM0", (CUMFREQ - NUM1) / CUMFREQ);
MPRINT(EM_ASSESS):   IF TYPE = "C" THEN DO;
MPRINT(EM_ASSESS):   FLAG0_1 = 0;
MPRINT(EM_ASSESS):   CALL SYMPUTX ("TARGETTYPE", "C" );
MPRINT(EM_ASSESS):   END;
MPRINT(EM_ASSESS):   ELSE IF TYPE = "N" THEN DO;
MPRINT(EM_ASSESS):   IF "" = " " THEN DO;
MPRINT(EM_ASSESS):   IF "M" NE "1" THEN FLAG0_1 = 0;
MPRINT(EM_ASSESS):   END;
MPRINT(EM_ASSESS):   CALL SYMPUTX ("TARGETTYPE", "N" );
MPRINT(EM_ASSESS):   END;
MPRINT(EM_ASSESS):   * ................... IF TYPE = N;
MPRINT(EM_ASSESS):   CALL SYMPUTX ("FLAG0_1", FLAG0_1 );
MPRINT(EM_ASSESS):   END;
MPRINT(EM_ASSESS):   * ..................IF LAST.NAME ;
MPRINT(EM_ASSESS):   END;
MPRINT(EM_ASSESS):   * ...............IF LEVEL NE '.' ;
MPRINT(EM_ASSESS):   END;
MPRINT(EM_ASSESS):   * .............. IF NAME = TARGET;
MPRINT(EM_ASSESS):   ELSE IF "" > " " AND UPCASE(NAME) = UPCASE("") THEN DO;
MPRINT(EM_ASSESS):   NUMDECISIONS + 1;
MPRINT(EM_ASSESS):   LEVEL = TRANSLATE (LEVEL, "_", "'", "_", '"');
MPRINT(EM_ASSESS):   CALL SYMPUTX ("D_LABEL" || LEFT (PUT (NUMDECISIONS, 3.)), LEVEL );
MPRINT(EM_ASSESS):   END;
MPRINT(EM_ASSESS):   * ..................... ELSE IF UPCASE;
MPRINT(EM_ASSESS):   IF EOF THEN DO;
MPRINT(EM_ASSESS):   output _auxeventname;
MPRINT(EM_ASSESS):   CALL SYMPUTX ("NUMOBS", CUMFREQ);
MPRINT(EM_ASSESS):   CALL SYMPUTX ("NUMDECISIONS", NUMDECISIONS);
MPRINT(EM_ASSESS):   END;
MPRINT(EM_ASSESS):   RUN;
MPRINT(EM_ASSESS):   DATA _NULL_;
MPRINT(EM_ASSESS):   SET VAROUT END = EOF;
MPRINT(EM_ASSESS):   IF UPCASE (NAME) = UPCASE ("P_diagnosisM") THEN DO;
MPRINT(EM_ASSESS):   IF N = 0 THEN DO;
MPRINT(EM_ASSESS):   PUT //// "          Warning: All posterior probabilities are missing values ";
MPRINT(EM_ASSESS):   PUT ///;
MPRINT(EM_ASSESS):   CALL SYMPUTX ("ALLMISS", 1);
MPRINT(EM_ASSESS):   STOP;
MPRINT(EM_ASSESS):   END;
MPRINT(EM_ASSESS):   ELSE CALL SYMPUTX ("ALLMISS", 0);
MPRINT(EM_ASSESS):   CALL SYMPUTX ("MINPROB", MIN);
MPRINT(EM_ASSESS):   CALL SYMPUTX ("MAXPROB", MAX);
MPRINT(EM_ASSESS):   CALL SYMPUTX ("DIFF", MAX - MIN);
MPRINT(EM_ASSESS):   CALL SYMPUTX ("NMISSPROB", NMISS);
MPRINT(EM_ASSESS):   END;
MPRINT(EM_ASSESS):   ELSE IF UPCASE (NAME) = UPCASE ("_tmpfreqvar_") THEN DO;
MPRINT(EM_ASSESS):   AUXMIN = MIN - INT (MIN);
MPRINT(EM_ASSESS):   AUXMAX = MAX - INT (MAX);
MPRINT(EM_ASSESS):   IF AUXMIN > 0 OR AUXMAX > 0 THEN CALL SYMPUTX ("USEWEIGHT", "Y");
MPRINT(EM_ASSESS):   ELSE CALL SYMPUTX ("USEWEIGHT", "N");
MPRINT(EM_ASSESS):   END;
MPRINT(EM_ASSESS):   RUN;
MPRINT(EM_ASSESS):   DATA _ANY0;
MPRINT(EM_ASSESS):   SET _ea_tmpdata (KEEP = F_diagnosis P_diagnosisM _tmpfreqvar_ );
MPRINT(EM_ASSESS):   *;
MPRINT(EM_ASSESS):   * ................... No Formats;
MPRINT(EM_ASSESS):   *;
MPRINT(EM_ASSESS):   IF LEFT ( F_diagnosis ) = "M" THEN NTARGET = 1;
MPRINT(EM_ASSESS):   ELSE NTARGET = 0;
MPRINT(EM_ASSESS):   RUN;
MPRINT(EM_ASSESS):   *;
MPRINT(EM_ASSESS):   * .............. Before proc summary of binary case;
MPRINT(EM_ASSESS):   *;
MPRINT(EM_ASSESS):   PROC SUMMARY DATA = _ANY0 (KEEP = P_diagnosisM NTARGET _tmpfreqvar_ WHERE = (NTARGET > . )) NWAY MISSING;
MPRINT(EM_ASSESS):   ;
MPRINT(EM_ASSESS):   CLASS P_diagnosisM ;
MPRINT(EM_ASSESS):   VAR NTARGET ;
MPRINT(EM_ASSESS):   FREQ _tmpfreqvar_ ;
MPRINT(EM_ASSESS):   OUTPUT OUT = ANYSUM (DROP = _TYPE_) MEAN = _MEANTARGET _MEANFREQVAR ;
MPRINT(EM_ASSESS):   RUN;
MPRINT(EM_ASSESS):   QUIT;
MPRINT(EM_ASSESS):   ;
MPRINT(EM_ASSESS):   *;
MPRINT(EM_ASSESS):   * .................... Main Data Set Processing, Binary case;
MPRINT(EM_ASSESS):   *;

MPRINT(EM_ASSESS):   DATA WORK._TEMPRANK (KEEP = BASECAPC BASECAP __EVENT__ BASEEVENTS BASEGAIN BASELIFT BASERESP BASERESPC BESTCAP BESTCAPC BESTGAIN BESTLIFT BESTLIFTC BESTNUMEVENTS BESTRESP BESTRESPC BIN CBASELIFT C_LIFT C_P_CAPT_RESP C_P_RESP GAIN LIFT 
MAXPROB MINPROB MNPROB NUMNONRESP NUMOBS NUMRESP PERCENTILE P_CAPT_RESP P_RESP ) WORK._TEMPSCOREDIST (KEEP = BIN LOWERPROB UPPERPROB EVENTVALUE SCR_NUMEVENTS MODELSCORE SCR_NUMNONEVENTS RANGE NUMOBSINGROUP PERCOBSINGROUP C_PERCOBSINGROUP SCR_P_EVENTS 
SCR_CP_EVENTS SCR_P_NONEVENTS SCR_CP_NONEVENTS SCR_MNPROB SCR_MINPROB SCR_MAXPROB ) ;

MPRINT(EM_ASSESS):   SET ANYSUM END = EOF;

MPRINT(EM_ASSESS):   IF _N_ = 1 THEN SET _AUXEVENTNAME;

MPRINT(EM_ASSESS):   RETAIN MINPROB1 - MINPROB20 1 MAXPROB1 - MAXPROB20 0 MNPROB1 - MNPROB20 0 NUMOBS1 - NUMOBS20 0 NUMRESP1 - NUMRESP20 0 TRUEPOS1 - TRUEPOS1000 0 TRUENEG1 - TRUENEG1000 0 FALSEPOS1 - FALSEPOS1000 0 FALSENEG1 - FALSENEG1000 0 EVENTS1 - 
EVENTS1000 NONEVENTS1 - NONEVENTS1000 0 FIRSTIN1 - FIRSTIN1000 . LASTIN1 - LASTIN1000 . RESPRATE 0.3712121212 _NEVENTS 147 _NNONEVENTS 249 TARGET "NTARGET" ;
MPRINT(EM_ASSESS):   ARRAY MINPROBS (20) MINPROB1 - MINPROB20;
MPRINT(EM_ASSESS):   ARRAY MAXPROBS (20) MAXPROB1 - MAXPROB20;
MPRINT(EM_ASSESS):   ARRAY MNPROBS (20) MNPROB1 - MNPROB20;
MPRINT(EM_ASSESS):   ARRAY NUMOBSS (20) NUMOBS1 - NUMOBS20;
MPRINT(EM_ASSESS):   ARRAY NUMRESPS (20) NUMRESP1 - NUMRESP20;
MPRINT(EM_ASSESS):   ARRAY TRUEPOSX (1000) TRUEPOS1 - TRUEPOS1000;
MPRINT(EM_ASSESS):   ARRAY FALSEPOSX (1000) FALSEPOS1 - FALSEPOS1000;
MPRINT(EM_ASSESS):   ARRAY FALSENEGX (1000) FALSENEG1 - FALSENEG1000;
MPRINT(EM_ASSESS):   ARRAY TRUENEGX (1000) TRUENEG1 - TRUENEG1000;
MPRINT(EM_ASSESS):   ARRAY _EVENTS (1000) EVENTS1 - EVENTS1000;
MPRINT(EM_ASSESS):   ARRAY NONEVENTS (1000) NONEVENTS1 - NONEVENTS1000;
MPRINT(EM_ASSESS):   ARRAY FIRSTIN (1000) FIRSTIN1 - FIRSTIN1000;
MPRINT(EM_ASSESS):   ARRAY LASTIN (1000) LASTIN1 - LASTIN1000;
MPRINT(EM_ASSESS):   RETAIN SCR_MNPROB1 - SCR_MNPROB1000 0 SCR_MINPROB1 - SCR_MINPROB1000 1 SCR_MAXPROB1 - SCR_MAXPROB1000 0;
MPRINT(EM_ASSESS):   ARRAY SCR_MNPROBS (1000) SCR_MNPROB1 - SCR_MNPROB1000;
MPRINT(EM_ASSESS):   ARRAY SCR_MINPROBS (1000) SCR_MINPROB1 - SCR_MINPROB1000;
MPRINT(EM_ASSESS):   ARRAY SCR_MAXPROBS (1000) SCR_MAXPROB1 - SCR_MAXPROB1000;
MPRINT(EM_ASSESS):   DROP SCR_MINPROB1 - SCR_MINPROB1000 SCR_MAXPROB1 - SCR_MAXPROB1000 SCR_MNPROB1 - SCR_MNPROB1000 ;
MPRINT(EM_ASSESS):   *;
MPRINT(EM_ASSESS):   * ...... Area For 8 Financials ;
MPRINT(EM_ASSESS):   *;
MPRINT(EM_ASSESS):   IF _MEANTARGET = . THEN _MEANTARGET = RESPRATE;
MPRINT(EM_ASSESS):   DROP N1 _K SUMWEIGHTS ;
MPRINT(EM_ASSESS):   SUMWEIGHTS = 1;

MPRINT(EM_ASSESS):   DO _K = 1 TO CEIL (_FREQ_);
MPRINT(EM_ASSESS):   IF _K = CEIL (_FREQ_) THEN DO;
MPRINT(EM_ASSESS):   IF _FREQ_ < CEIL (_FREQ_) THEN _WEIGHT = _FREQ_ - FLOOR (_FREQ_);
MPRINT(EM_ASSESS):   ELSE _WEIGHT = 1;
MPRINT(EM_ASSESS):   END;
MPRINT(EM_ASSESS):   ELSE _WEIGHT = 1;
MPRINT(EM_ASSESS):   N1 + _WEIGHT;
MPRINT(EM_ASSESS):   NTARGET = _MEANTARGET ;
MPRINT(EM_ASSESS):   DECILE = MIN (20, CEIL (N1 * 20 / 396));
MPRINT(EM_ASSESS):   MINPROBS ( DECILE) = MIN (MINPROBS ( DECILE), P_diagnosisM );
MPRINT(EM_ASSESS):   MAXPROBS ( DECILE) = MAX (MAXPROBS ( DECILE), P_diagnosisM );
MPRINT(EM_ASSESS):   MNPROBS ( DECILE) = SUM (MNPROBS ( DECILE), P_diagnosisM * _WEIGHT);
MPRINT(EM_ASSESS):   NUMOBSS ( DECILE) = NUMOBSS ( DECILE) + _WEIGHT;
MPRINT(EM_ASSESS):   NUMRESPS ( DECILE) = NUMRESPS ( DECILE) + _MEANTARGET * _WEIGHT;
MPRINT(EM_ASSESS):   END;
MPRINT(EM_ASSESS):   *;
MPRINT(EM_ASSESS):   * ........ outside of do loop, Area for final ROC;
MPRINT(EM_ASSESS):   *;
MPRINT(EM_ASSESS):   *;
MPRINT(EM_ASSESS):   RANKDELTA = (ROUND ( _FREQ_ ) + 1) / 2;
MPRINT(EM_ASSESS):   RANK = UNTIEDRANK + RANKDELTA;
MPRINT(EM_ASSESS):   DROP RANK ;
MPRINT(EM_ASSESS):   SUMRANK1 + RANK * ROUND (_MEANTARGET * _FREQ_, .0000001);
MPRINT(EM_ASSESS):   UNTIEDRANK + ROUND (_FREQ_, .00000001);
MPRINT(EM_ASSESS):   *;
MPRINT(EM_ASSESS):   * ............ Area For ROC Curve;
MPRINT(EM_ASSESS):   *;
MPRINT(EM_ASSESS):   DO _K = 1 TO 1000;
MPRINT(EM_ASSESS):   IF P_diagnosisM * 1000 >= _K THEN DO;
MPRINT(EM_ASSESS):   TRUEPOSX ( _K ) + _FREQ_ * _MEANTARGET ;
MPRINT(EM_ASSESS):   FALSEPOSX ( _K ) + _FREQ_ * (1 - _MEANTARGET) ;
MPRINT(EM_ASSESS):   END;
MPRINT(EM_ASSESS):   ELSE DO;
MPRINT(EM_ASSESS):   TRUENEGX ( _K ) + _FREQ_ * ( 1 - _MEANTARGET) ;
MPRINT(EM_ASSESS):   FALSENEGX ( _K ) + _FREQ_ * _MEANTARGET ;
MPRINT(EM_ASSESS):   END;
MPRINT(EM_ASSESS):   END;
MPRINT(EM_ASSESS):   SLOT = MIN (MAX (CEIL (P_diagnosisM * 100), 1), 100) ;
MPRINT(EM_ASSESS):   DROP SLOT;
MPRINT(EM_ASSESS):   FIRSTIN ( SLOT ) = MIN ( FIRSTIN ( SLOT ), P_diagnosisM);
MPRINT(EM_ASSESS):   LASTIN ( SLOT ) = MAX ( LASTIN ( SLOT ), P_diagnosisM);
MPRINT(EM_ASSESS):   _EVENTS ( SLOT) = _EVENTS ( SLOT) + _FREQ_ * _MEANTARGET;
MPRINT(EM_ASSESS):   NONEVENTS ( SLOT) = NONEVENTS ( SLOT) + _FREQ_ * (1 - _MEANTARGET);
MPRINT(EM_ASSESS):   *;
MPRINT(EM_ASSESS):   * ........ START OF OUTDIST IN BINARY CASE MAIN DATA STEP ;
MPRINT(EM_ASSESS):   *;
MPRINT(EM_ASSESS):   SCR_MNPROBS ( SLOT ) = SUM (SCR_MNPROBS (SLOT), P_diagnosisM * _FREQ_ );
MPRINT(EM_ASSESS):   SCR_MINPROBS ( SLOT ) = MIN (SCR_MINPROBS (SLOT), P_diagnosisM );
MPRINT(EM_ASSESS):   SCR_MAXPROBS ( SLOT ) = MAX (SCR_MAXPROBS (SLOT), P_diagnosisM );
MPRINT(EM_ASSESS):   *;
MPRINT(EM_ASSESS):   * ........ End of Outdist in Binary case main DATA STEP ;
MPRINT(EM_ASSESS):   *;
MPRINT(EM_ASSESS):   IF EOF THEN DO;
MPRINT(EM_ASSESS):   PUT //;
MPRINT(EM_ASSESS):   DO K = 1 TO 20;
MPRINT(EM_ASSESS):   END;
MPRINT(EM_ASSESS):   LENGTH EVENTVALUE $ 32;
MPRINT(EM_ASSESS):   RETAIN EVENTVALUE "M" ;
MPRINT(EM_ASSESS):   *;
MPRINT(EM_ASSESS):   * ......... Start of EOF area of BINARY processing of main data set ;
MPRINT(EM_ASSESS):   *;
MPRINT(EM_ASSESS):   *;
MPRINT(EM_ASSESS):   CALL SYMPUTX ("SUMRANK1", SUMRANK1);
MPRINT(EM_ASSESS):   LENGTH DATAROLE $ 10;
MPRINT(EM_ASSESS):   RETAIN DATAROLE "TRAIN" ;
MPRINT(EM_ASSESS):   RETAIN OVLMIN 0.0126582278 OVLMAX 1 ;
MPRINT(EM_ASSESS):   DROP OVLMIN OVLMAX ;
MPRINT(EM_ASSESS):   C_NUMOBS = 0;
MPRINT(EM_ASSESS):   C_NUM_RESP = 0;
MPRINT(EM_ASSESS):   C_NUM_NONRESP = 0;
MPRINT(EM_ASSESS):   C_P_RESP = 0;
MPRINT(EM_ASSESS):   P_CAPT_RESP = 0;
MPRINT(EM_ASSESS):   C_P_CAPT_RESP = 0;
MPRINT(EM_ASSESS):   PREVIOUSPROFIT = 0;
MPRINT(EM_ASSESS):   MAXPROFIT = 0;
MPRINT(EM_ASSESS):   _KS_BIN_ = 0;
MPRINT(EM_ASSESS):   DROP _KS_BIN_;
MPRINT(EM_ASSESS):   AVGNUMRESP = _NEVENTS / 20;
MPRINT(EM_ASSESS):   BASERESP = 100 * RESPRATE;
MPRINT(EM_ASSESS):   BASERESPC = BASERESP;
MPRINT(EM_ASSESS):   BASECAP = 100 / 20;
MPRINT(EM_ASSESS):   *;
MPRINT(EM_ASSESS):   * ........................Start OF Gainschart = Outranks Area;
MPRINT(EM_ASSESS):   *;
MPRINT(EM_ASSESS):   _KS_BIN_PROB = 0;
MPRINT(EM_ASSESS):   numeventwhole = floor(_NEVENTS/20);
MPRINT(EM_ASSESS):   remainevent= _NEVENTS - (numeventwhole)*20;
MPRINT(EM_ASSESS):   drop numeventwhole remainevent;
MPRINT(EM_ASSESS):   DO GROUP = 20 TO 1 BY -1;

MPRINT(EM_ASSESS):   BASECAPC + BASECAP;
MPRINT(EM_ASSESS):   PERCENTILE = GROUP * (100 / 20);
MPRINT(EM_ASSESS):   MINPROB = MINPROBS ( GROUP);
MPRINT(EM_ASSESS):   MAXPROB = MAXPROBS ( GROUP);
MPRINT(EM_ASSESS):   CALL SYMPUTX ("MINPROB" || LEFT ( PUT (GROUP, 3.)), MINPROB);
MPRINT(EM_ASSESS):   CALL SYMPUTX ("MAXPROB" || LEFT ( PUT (GROUP, 3.)), MAXPROB);
MPRINT(EM_ASSESS):   NUMOBS = NUMOBSS ( GROUP);
MPRINT(EM_ASSESS):   IF NUMOBS > 0 THEN MNPROB = MNPROBS ( GROUP) / NUMOBS;
MPRINT(EM_ASSESS):   ELSE MNPROB = .;
MPRINT(EM_ASSESS):   C_NUMOBS = SUM (NUMOBS, C_NUMOBS);
MPRINT(EM_ASSESS):   NUMRESP = NUMRESPS ( GROUP);
MPRINT(EM_ASSESS):   NUMNONRESP = NUMOBS - NUMRESP;
MPRINT(EM_ASSESS):   C_AVGNUM_RESP + AVGNUMRESP;
MPRINT(EM_ASSESS):   BASEEVENTS = numeventwhole;
MPRINT(EM_ASSESS):   if GROUP > 20-remainevent then BASEEVENTS=BASEEVENTS + 1;
MPRINT(EM_ASSESS):   IF C_NUMOBS <= _NEVENTS THEN DO;
MPRINT(EM_ASSESS):   BESTNUMEVENTS = NUMOBS;
MPRINT(EM_ASSESS):   BESTCAPC = C_NUMOBS * 100 / _NEVENTS;
MPRINT(EM_ASSESS):   END;
MPRINT(EM_ASSESS):   ELSE DO;
MPRINT(EM_ASSESS):   FLAG + 1;
MPRINT(EM_ASSESS):   DROP FLAG;
MPRINT(EM_ASSESS):   BESTNUMEVENTS = _NEVENTS - C_NUMOBS + NUMOBS;
MPRINT(EM_ASSESS):   IF FLAG > 1 THEN BESTNUMEVENTS = 0;
MPRINT(EM_ASSESS):   BESTCAPC = 100;
MPRINT(EM_ASSESS):   END;
MPRINT(EM_ASSESS):   BESTCAP = BESTNUMEVENTS * 100 / _NEVENTS;
MPRINT(EM_ASSESS):   IF C_NUMOBS <= _NEVENTS THEN DO;
MPRINT(EM_ASSESS):   BESTLIFT = ((_NEVENTS+_NNONEVENTS) / 20) /AVGNUMRESP;
MPRINT(EM_ASSESS):   END;
MPRINT(EM_ASSESS):   ELSE DO;
MPRINT(EM_ASSESS):   BESTLIFT = BESTNUMEVENTS / AVGNUMRESP;
MPRINT(EM_ASSESS):   END;
MPRINT(EM_ASSESS):   C_BESTNUMEVENTS + BESTNUMEVENTS;
MPRINT(EM_ASSESS):   DROP C_BESTNUMEVENTS;
MPRINT(EM_ASSESS):   IF C_NUMOBS > 0 THEN BESTLIFTC = C_BESTNUMEVENTS / (_NEVENTS / 396 * C_NUMOBS);
MPRINT(EM_ASSESS):   ELSE BESTLIFTC = .;
MPRINT(EM_ASSESS):   IF NUMOBS > 0 THEN DO;
MPRINT(EM_ASSESS):   BESTRESP = BESTNUMEVENTS * 100 / NUMOBS;
MPRINT(EM_ASSESS):   P_RESP = NUMRESP * 100 / NUMOBS;
MPRINT(EM_ASSESS):   P_NONRESP = NUMNONRESP * 100 / NUMOBS;
MPRINT(EM_ASSESS):   END;
MPRINT(EM_ASSESS):   ELSE DO;
MPRINT(EM_ASSESS):   BESTRESP = .;
MPRINT(EM_ASSESS):   P_RESP = .;
MPRINT(EM_ASSESS):   P_NONRESP = .;
MPRINT(EM_ASSESS):   END;
MPRINT(EM_ASSESS):   IF C_NUMOBS > 0 THEN DO;
MPRINT(EM_ASSESS):   BESTRESPC = C_BESTNUMEVENTS * 100 / C_NUMOBS;
MPRINT(EM_ASSESS):   BESTGAIN = MAX (0, ((C_BESTNUMEVENTS / C_NUMOBS ) / ( AVGNUMRESP / (396/20)) - 1) * 100);
MPRINT(EM_ASSESS):   END;
MPRINT(EM_ASSESS):   ELSE DO;
MPRINT(EM_ASSESS):   BESTRESPC = .;
MPRINT(EM_ASSESS):   BESTGAIN = .;
MPRINT(EM_ASSESS):   END;
MPRINT(EM_ASSESS):   IF NUMNONRESP > 0 THEN ODDS = NUMRESP / NUMNONRESP;
MPRINT(EM_ASSESS):   ELSE ODDS = .;
MPRINT(EM_ASSESS):   C_NUM_RESP = SUM (C_NUM_RESP , NUMRESP );
MPRINT(EM_ASSESS):   C_NUM_NONRESP = SUM (C_NUM_NONRESP, NUMNONRESP );
MPRINT(EM_ASSESS):   IF C_NUM_NONRESP > 0 THEN C_ODDS = C_NUM_RESP / C_NUM_NONRESP;
MPRINT(EM_ASSESS):   ELSE C_ODDS = .;
MPRINT(EM_ASSESS):   IF C_NUMOBS > 0 THEN DO;
MPRINT(EM_ASSESS):   C_P_RESP = C_NUM_RESP * 100 / C_NUMOBS;
MPRINT(EM_ASSESS):   GAIN = ABS(100 * (((C_NUM_RESP / C_NUMOBS ) / (_NEVENTS / 396)) - 1));
MPRINT(EM_ASSESS):   BASEGAIN = 100 * (( (C_AVGNUM_RESP /((20-GROUP+1)* 396/20) ) / ( AVGNUMRESP / (396/20))) - 1);
MPRINT(EM_ASSESS):   END;
MPRINT(EM_ASSESS):   ELSE DO;
MPRINT(EM_ASSESS):   GAIN = .;
MPRINT(EM_ASSESS):   BASEGAIN = .;
MPRINT(EM_ASSESS):   C_P_RESP = .;
MPRINT(EM_ASSESS):   END;
MPRINT(EM_ASSESS):   IF BASEGAIN <= 0 THEN BASEGAIN = 0;
MPRINT(EM_ASSESS):   P_CAPT_RESP = NUMRESP * 100 / _NEVENTS;
MPRINT(EM_ASSESS):   P_CAPT_NONRESP = NUMNONRESP * 100 / ( 396 - _NEVENTS);
MPRINT(EM_ASSESS):   C_P_CAPT_RESP = C_NUM_RESP * 100 / _NEVENTS;
MPRINT(EM_ASSESS):   C_P_CAPT_NONRESP = C_NUM_NONRESP * 100 / ( 396 - _NEVENTS);
MPRINT(EM_ASSESS):   *;
MPRINT(EM_ASSESS):   * Area For Binned KS in Outranks area;
MPRINT(EM_ASSESS):   *;
MPRINT(EM_ASSESS):   _DIFFERENCE = C_P_CAPT_RESP - C_P_CAPT_NONRESP ;
MPRINT(EM_ASSESS):   IF _KS_BIN_ < _DIFFERENCE THEN DO;
MPRINT(EM_ASSESS):   _KS_BIN_ = _DIFFERENCE;
MPRINT(EM_ASSESS):   _KS_BIN_PROB = MINPROB + (MAXPROB - MINPROB) / 2 ;
MPRINT(EM_ASSESS):   END;
MPRINT(EM_ASSESS):   LIFT = P_RESP * .01 / RESPRATE ;
MPRINT(EM_ASSESS):   C_LIFT = C_P_RESP * .01 / RESPRATE;
MPRINT(EM_ASSESS):   IF NUMOBS > 0 THEN DO;
MPRINT(EM_ASSESS):   BASELIFT = AVGNUMRESP / ( RESPRATE * 396/20 );
MPRINT(EM_ASSESS):   END;
MPRINT(EM_ASSESS):   ELSE BASELIFT = .;
MPRINT(EM_ASSESS):   IF C_NUMOBS > 0 THEN CBASELIFT = C_AVGNUM_RESP / (RESPRATE * ((20-GROUP+1)* 396/20));
MPRINT(EM_ASSESS):   ELSE CBASELIFT = .;
MPRINT(EM_ASSESS):   *;
MPRINT(EM_ASSESS):   * ........ WITHIN DO LOOP FOR OUTRANKS;
MPRINT(EM_ASSESS):   *;
MPRINT(EM_ASSESS):   BIN = 20 + 1 - GROUP;
MPRINT(EM_ASSESS):   PERCENTILE = BIN * (100 / 20);
MPRINT(EM_ASSESS):   B_C_P_RESP = PERCENTILE;
MPRINT(EM_ASSESS):   OUTPUT WORK._TEMPRANK ;
MPRINT(EM_ASSESS):   END;
MPRINT(EM_ASSESS):   *;
MPRINT(EM_ASSESS):   * ........................ END OF GAINSCHART = OUTRANKS AREA;
MPRINT(EM_ASSESS):   *;
MPRINT(EM_ASSESS):   CALL SYMPUTX ("MAXPROFITGROUP" , MAXPROFITGROUP);
MPRINT(EM_ASSESS):   CALL SYMPUTX ("MAXPROFIT" , MAXPROFIT );
MPRINT(EM_ASSESS):   KS_ABSDIFF = 0 ;
MPRINT(EM_ASSESS):   MINPRECTPR = 9999;
MPRINT(EM_ASSESS):   Y0 = 1 - RESPRATE;
MPRINT(EM_ASSESS):   Y1 = RESPRATE;
MPRINT(EM_ASSESS):   MAXMUTUAL = 0;
MPRINT(EM_ASSESS):   DROP MAXMUTUAL KSPROB Y0 Y1 KS_ABSDIFF MINPRECTPR;
MPRINT(EM_ASSESS):   *;
MPRINT(EM_ASSESS):   *;
MPRINT(EM_ASSESS):   * .....................About to start Processing Outroc ;
MPRINT(EM_ASSESS):   *;
MPRINT(EM_ASSESS):   *;
MPRINT(EM_ASSESS):   *;
MPRINT(EM_ASSESS):   *;
MPRINT(EM_ASSESS):   * ........................... Finished Processing Outroc ;
MPRINT(EM_ASSESS):   *;
MPRINT(EM_ASSESS):   *;
MPRINT(EM_ASSESS):   *;
MPRINT(EM_ASSESS):   * .............. Outdist ;
MPRINT(EM_ASSESS):   *;
MPRINT(EM_ASSESS):   BIN = 20 ;
MPRINT(EM_ASSESS):   LOWERPROB = (BIN - 1) / 20;
MPRINT(EM_ASSESS):   UPPERPROB = LOWERPROB + (1 / 20);
MPRINT(EM_ASSESS):   MODELSCORE = LOWERPROB + (1 / 20) / 2;
MPRINT(EM_ASSESS):   RANGE = COMPRESS (PUT (LOWERPROB, 4.2) || "-" || PUT (UPPERPROB, 4.2));
MPRINT(EM_ASSESS):   SCR_NUMEVENTS = SUM ( OF EVENTS96 - EVENTS100 );
MPRINT(EM_ASSESS):   SCR_P_EVENTS = SCR_NUMEVENTS * 100 / _NEVENTS;
MPRINT(EM_ASSESS):   SCR_CP_EVENTS = SUM (SCR_P_EVENTS, SCR_CP_EVENTS);
MPRINT(EM_ASSESS):   SCR_NUMNONEVENTS = SUM ( OF NONEVENTS96 - NONEVENTS100);
MPRINT(EM_ASSESS):   NUMOBSINGROUP = SUM (SCR_NUMEVENTS, SCR_NUMNONEVENTS);
MPRINT(EM_ASSESS):   IF NUMOBSINGROUP > 0 THEN SCR_MNPROB = SUM (OF SCR_MNPROB96 - SCR_MNPROB100) / NUMOBSINGROUP;
MPRINT(EM_ASSESS):   ELSE SCR_MNPROB = .;
MPRINT(EM_ASSESS):   SCR_MINPROB = MIN (OF SCR_MINPROB96 - SCR_MINPROB100) ;
MPRINT(EM_ASSESS):   SCR_MAXPROB = MAX (OF SCR_MAXPROB96 - SCR_MAXPROB100) ;
MPRINT(EM_ASSESS):   IF SCR_MINPROB = 1 THEN SCR_MINPROB = .;
MPRINT(EM_ASSESS):   IF SCR_MAXPROB = 0 THEN SCR_MAXPROB = .;
MPRINT(EM_ASSESS):   SCR_P_NONEVENTS = SCR_NUMNONEVENTS * 100 / _NNONEVENTS;
MPRINT(EM_ASSESS):   SCR_CP_NONEVENTS = SUM (SCR_P_NONEVENTS, SCR_CP_NONEVENTS);
MPRINT(EM_ASSESS):   PERCOBSINGROUP = NUMOBSINGROUP * 100 / 396;
MPRINT(EM_ASSESS):   C_PERCOBSINGROUP = SUM (C_PERCOBSINGROUP, PERCOBSINGROUP);
MPRINT(EM_ASSESS):   CALL SYMPUTX ("SCR_MINPROB" || LEFT (PUT (BIN, 3.)), LOWERPROB);
MPRINT(EM_ASSESS):   CALL SYMPUTX ("SCR_MAXPROB" || LEFT (PUT (BIN, 3.)), UPPERPROB);
MPRINT(EM_ASSESS):   BIN = 20 + 1 - 20;
MPRINT(EM_ASSESS):   OUTPUT WORK._TEMPSCOREDIST;
MPRINT(EM_ASSESS):   BIN = 19 ;
MPRINT(EM_ASSESS):   LOWERPROB = (BIN - 1) / 20;
MPRINT(EM_ASSESS):   UPPERPROB = LOWERPROB + (1 / 20);
MPRINT(EM_ASSESS):   MODELSCORE = LOWERPROB + (1 / 20) / 2;
MPRINT(EM_ASSESS):   RANGE = COMPRESS (PUT (LOWERPROB, 4.2) || "-" || PUT (UPPERPROB, 4.2));
MPRINT(EM_ASSESS):   SCR_NUMEVENTS = SUM ( OF EVENTS91 - EVENTS95 );
MPRINT(EM_ASSESS):   SCR_P_EVENTS = SCR_NUMEVENTS * 100 / _NEVENTS;
MPRINT(EM_ASSESS):   SCR_CP_EVENTS = SUM (SCR_P_EVENTS, SCR_CP_EVENTS);
MPRINT(EM_ASSESS):   SCR_NUMNONEVENTS = SUM ( OF NONEVENTS91 - NONEVENTS95);
MPRINT(EM_ASSESS):   NUMOBSINGROUP = SUM (SCR_NUMEVENTS, SCR_NUMNONEVENTS);
MPRINT(EM_ASSESS):   IF NUMOBSINGROUP > 0 THEN SCR_MNPROB = SUM (OF SCR_MNPROB91 - SCR_MNPROB95) / NUMOBSINGROUP;
MPRINT(EM_ASSESS):   ELSE SCR_MNPROB = .;
MPRINT(EM_ASSESS):   SCR_MINPROB = MIN (OF SCR_MINPROB91 - SCR_MINPROB95) ;
MPRINT(EM_ASSESS):   SCR_MAXPROB = MAX (OF SCR_MAXPROB91 - SCR_MAXPROB95) ;
MPRINT(EM_ASSESS):   IF SCR_MINPROB = 1 THEN SCR_MINPROB = .;
MPRINT(EM_ASSESS):   IF SCR_MAXPROB = 0 THEN SCR_MAXPROB = .;
MPRINT(EM_ASSESS):   SCR_P_NONEVENTS = SCR_NUMNONEVENTS * 100 / _NNONEVENTS;
MPRINT(EM_ASSESS):   SCR_CP_NONEVENTS = SUM (SCR_P_NONEVENTS, SCR_CP_NONEVENTS);
MPRINT(EM_ASSESS):   PERCOBSINGROUP = NUMOBSINGROUP * 100 / 396;
MPRINT(EM_ASSESS):   C_PERCOBSINGROUP = SUM (C_PERCOBSINGROUP, PERCOBSINGROUP);
MPRINT(EM_ASSESS):   CALL SYMPUTX ("SCR_MINPROB" || LEFT (PUT (BIN, 3.)), LOWERPROB);
MPRINT(EM_ASSESS):   CALL SYMPUTX ("SCR_MAXPROB" || LEFT (PUT (BIN, 3.)), UPPERPROB);
MPRINT(EM_ASSESS):   BIN = 20 + 1 - 19;
MPRINT(EM_ASSESS):   OUTPUT WORK._TEMPSCOREDIST;
MPRINT(EM_ASSESS):   BIN = 18 ;
MPRINT(EM_ASSESS):   LOWERPROB = (BIN - 1) / 20;
MPRINT(EM_ASSESS):   UPPERPROB = LOWERPROB + (1 / 20);
MPRINT(EM_ASSESS):   MODELSCORE = LOWERPROB + (1 / 20) / 2;
MPRINT(EM_ASSESS):   RANGE = COMPRESS (PUT (LOWERPROB, 4.2) || "-" || PUT (UPPERPROB, 4.2));
MPRINT(EM_ASSESS):   SCR_NUMEVENTS = SUM ( OF EVENTS86 - EVENTS90 );
MPRINT(EM_ASSESS):   SCR_P_EVENTS = SCR_NUMEVENTS * 100 / _NEVENTS;
MPRINT(EM_ASSESS):   SCR_CP_EVENTS = SUM (SCR_P_EVENTS, SCR_CP_EVENTS);
MPRINT(EM_ASSESS):   SCR_NUMNONEVENTS = SUM ( OF NONEVENTS86 - NONEVENTS90);
MPRINT(EM_ASSESS):   NUMOBSINGROUP = SUM (SCR_NUMEVENTS, SCR_NUMNONEVENTS);
MPRINT(EM_ASSESS):   IF NUMOBSINGROUP > 0 THEN SCR_MNPROB = SUM (OF SCR_MNPROB86 - SCR_MNPROB90) / NUMOBSINGROUP;
MPRINT(EM_ASSESS):   ELSE SCR_MNPROB = .;
MPRINT(EM_ASSESS):   SCR_MINPROB = MIN (OF SCR_MINPROB86 - SCR_MINPROB90) ;
MPRINT(EM_ASSESS):   SCR_MAXPROB = MAX (OF SCR_MAXPROB86 - SCR_MAXPROB90) ;
MPRINT(EM_ASSESS):   IF SCR_MINPROB = 1 THEN SCR_MINPROB = .;
MPRINT(EM_ASSESS):   IF SCR_MAXPROB = 0 THEN SCR_MAXPROB = .;
MPRINT(EM_ASSESS):   SCR_P_NONEVENTS = SCR_NUMNONEVENTS * 100 / _NNONEVENTS;
MPRINT(EM_ASSESS):   SCR_CP_NONEVENTS = SUM (SCR_P_NONEVENTS, SCR_CP_NONEVENTS);
MPRINT(EM_ASSESS):   PERCOBSINGROUP = NUMOBSINGROUP * 100 / 396;
MPRINT(EM_ASSESS):   C_PERCOBSINGROUP = SUM (C_PERCOBSINGROUP, PERCOBSINGROUP);
MPRINT(EM_ASSESS):   CALL SYMPUTX ("SCR_MINPROB" || LEFT (PUT (BIN, 3.)), LOWERPROB);
MPRINT(EM_ASSESS):   CALL SYMPUTX ("SCR_MAXPROB" || LEFT (PUT (BIN, 3.)), UPPERPROB);
MPRINT(EM_ASSESS):   BIN = 20 + 1 - 18;
MPRINT(EM_ASSESS):   OUTPUT WORK._TEMPSCOREDIST;
MPRINT(EM_ASSESS):   BIN = 17 ;
MPRINT(EM_ASSESS):   LOWERPROB = (BIN - 1) / 20;
MPRINT(EM_ASSESS):   UPPERPROB = LOWERPROB + (1 / 20);
MPRINT(EM_ASSESS):   MODELSCORE = LOWERPROB + (1 / 20) / 2;
MPRINT(EM_ASSESS):   RANGE = COMPRESS (PUT (LOWERPROB, 4.2) || "-" || PUT (UPPERPROB, 4.2));
MPRINT(EM_ASSESS):   SCR_NUMEVENTS = SUM ( OF EVENTS81 - EVENTS85 );
MPRINT(EM_ASSESS):   SCR_P_EVENTS = SCR_NUMEVENTS * 100 / _NEVENTS;
MPRINT(EM_ASSESS):   SCR_CP_EVENTS = SUM (SCR_P_EVENTS, SCR_CP_EVENTS);
MPRINT(EM_ASSESS):   SCR_NUMNONEVENTS = SUM ( OF NONEVENTS81 - NONEVENTS85);
MPRINT(EM_ASSESS):   NUMOBSINGROUP = SUM (SCR_NUMEVENTS, SCR_NUMNONEVENTS);
MPRINT(EM_ASSESS):   IF NUMOBSINGROUP > 0 THEN SCR_MNPROB = SUM (OF SCR_MNPROB81 - SCR_MNPROB85) / NUMOBSINGROUP;
MPRINT(EM_ASSESS):   ELSE SCR_MNPROB = .;
MPRINT(EM_ASSESS):   SCR_MINPROB = MIN (OF SCR_MINPROB81 - SCR_MINPROB85) ;
MPRINT(EM_ASSESS):   SCR_MAXPROB = MAX (OF SCR_MAXPROB81 - SCR_MAXPROB85) ;
MPRINT(EM_ASSESS):   IF SCR_MINPROB = 1 THEN SCR_MINPROB = .;
MPRINT(EM_ASSESS):   IF SCR_MAXPROB = 0 THEN SCR_MAXPROB = .;
MPRINT(EM_ASSESS):   SCR_P_NONEVENTS = SCR_NUMNONEVENTS * 100 / _NNONEVENTS;
MPRINT(EM_ASSESS):   SCR_CP_NONEVENTS = SUM (SCR_P_NONEVENTS, SCR_CP_NONEVENTS);
MPRINT(EM_ASSESS):   PERCOBSINGROUP = NUMOBSINGROUP * 100 / 396;
MPRINT(EM_ASSESS):   C_PERCOBSINGROUP = SUM (C_PERCOBSINGROUP, PERCOBSINGROUP);
MPRINT(EM_ASSESS):   CALL SYMPUTX ("SCR_MINPROB" || LEFT (PUT (BIN, 3.)), LOWERPROB);
MPRINT(EM_ASSESS):   CALL SYMPUTX ("SCR_MAXPROB" || LEFT (PUT (BIN, 3.)), UPPERPROB);
MPRINT(EM_ASSESS):   BIN = 20 + 1 - 17;
MPRINT(EM_ASSESS):   OUTPUT WORK._TEMPSCOREDIST;
MPRINT(EM_ASSESS):   BIN = 16 ;
MPRINT(EM_ASSESS):   LOWERPROB = (BIN - 1) / 20;
MPRINT(EM_ASSESS):   UPPERPROB = LOWERPROB + (1 / 20);
MPRINT(EM_ASSESS):   MODELSCORE = LOWERPROB + (1 / 20) / 2;
MPRINT(EM_ASSESS):   RANGE = COMPRESS (PUT (LOWERPROB, 4.2) || "-" || PUT (UPPERPROB, 4.2));
MPRINT(EM_ASSESS):   SCR_NUMEVENTS = SUM ( OF EVENTS76 - EVENTS80 );
MPRINT(EM_ASSESS):   SCR_P_EVENTS = SCR_NUMEVENTS * 100 / _NEVENTS;
MPRINT(EM_ASSESS):   SCR_CP_EVENTS = SUM (SCR_P_EVENTS, SCR_CP_EVENTS);
MPRINT(EM_ASSESS):   SCR_NUMNONEVENTS = SUM ( OF NONEVENTS76 - NONEVENTS80);
MPRINT(EM_ASSESS):   NUMOBSINGROUP = SUM (SCR_NUMEVENTS, SCR_NUMNONEVENTS);
MPRINT(EM_ASSESS):   IF NUMOBSINGROUP > 0 THEN SCR_MNPROB = SUM (OF SCR_MNPROB76 - SCR_MNPROB80) / NUMOBSINGROUP;
MPRINT(EM_ASSESS):   ELSE SCR_MNPROB = .;
MPRINT(EM_ASSESS):   SCR_MINPROB = MIN (OF SCR_MINPROB76 - SCR_MINPROB80) ;
MPRINT(EM_ASSESS):   SCR_MAXPROB = MAX (OF SCR_MAXPROB76 - SCR_MAXPROB80) ;
MPRINT(EM_ASSESS):   IF SCR_MINPROB = 1 THEN SCR_MINPROB = .;
MPRINT(EM_ASSESS):   IF SCR_MAXPROB = 0 THEN SCR_MAXPROB = .;
MPRINT(EM_ASSESS):   SCR_P_NONEVENTS = SCR_NUMNONEVENTS * 100 / _NNONEVENTS;
MPRINT(EM_ASSESS):   SCR_CP_NONEVENTS = SUM (SCR_P_NONEVENTS, SCR_CP_NONEVENTS);
MPRINT(EM_ASSESS):   PERCOBSINGROUP = NUMOBSINGROUP * 100 / 396;
MPRINT(EM_ASSESS):   C_PERCOBSINGROUP = SUM (C_PERCOBSINGROUP, PERCOBSINGROUP);
MPRINT(EM_ASSESS):   CALL SYMPUTX ("SCR_MINPROB" || LEFT (PUT (BIN, 3.)), LOWERPROB);
MPRINT(EM_ASSESS):   CALL SYMPUTX ("SCR_MAXPROB" || LEFT (PUT (BIN, 3.)), UPPERPROB);
MPRINT(EM_ASSESS):   BIN = 20 + 1 - 16;
MPRINT(EM_ASSESS):   OUTPUT WORK._TEMPSCOREDIST;
MPRINT(EM_ASSESS):   BIN = 15 ;
MPRINT(EM_ASSESS):   LOWERPROB = (BIN - 1) / 20;
MPRINT(EM_ASSESS):   UPPERPROB = LOWERPROB + (1 / 20);
MPRINT(EM_ASSESS):   MODELSCORE = LOWERPROB + (1 / 20) / 2;
MPRINT(EM_ASSESS):   RANGE = COMPRESS (PUT (LOWERPROB, 4.2) || "-" || PUT (UPPERPROB, 4.2));
MPRINT(EM_ASSESS):   SCR_NUMEVENTS = SUM ( OF EVENTS71 - EVENTS75 );
MPRINT(EM_ASSESS):   SCR_P_EVENTS = SCR_NUMEVENTS * 100 / _NEVENTS;
MPRINT(EM_ASSESS):   SCR_CP_EVENTS = SUM (SCR_P_EVENTS, SCR_CP_EVENTS);
MPRINT(EM_ASSESS):   SCR_NUMNONEVENTS = SUM ( OF NONEVENTS71 - NONEVENTS75);
MPRINT(EM_ASSESS):   NUMOBSINGROUP = SUM (SCR_NUMEVENTS, SCR_NUMNONEVENTS);
MPRINT(EM_ASSESS):   IF NUMOBSINGROUP > 0 THEN SCR_MNPROB = SUM (OF SCR_MNPROB71 - SCR_MNPROB75) / NUMOBSINGROUP;
MPRINT(EM_ASSESS):   ELSE SCR_MNPROB = .;
MPRINT(EM_ASSESS):   SCR_MINPROB = MIN (OF SCR_MINPROB71 - SCR_MINPROB75) ;
MPRINT(EM_ASSESS):   SCR_MAXPROB = MAX (OF SCR_MAXPROB71 - SCR_MAXPROB75) ;
MPRINT(EM_ASSESS):   IF SCR_MINPROB = 1 THEN SCR_MINPROB = .;
MPRINT(EM_ASSESS):   IF SCR_MAXPROB = 0 THEN SCR_MAXPROB = .;
MPRINT(EM_ASSESS):   SCR_P_NONEVENTS = SCR_NUMNONEVENTS * 100 / _NNONEVENTS;
MPRINT(EM_ASSESS):   SCR_CP_NONEVENTS = SUM (SCR_P_NONEVENTS, SCR_CP_NONEVENTS);
MPRINT(EM_ASSESS):   PERCOBSINGROUP = NUMOBSINGROUP * 100 / 396;
MPRINT(EM_ASSESS):   C_PERCOBSINGROUP = SUM (C_PERCOBSINGROUP, PERCOBSINGROUP);
MPRINT(EM_ASSESS):   CALL SYMPUTX ("SCR_MINPROB" || LEFT (PUT (BIN, 3.)), LOWERPROB);
MPRINT(EM_ASSESS):   CALL SYMPUTX ("SCR_MAXPROB" || LEFT (PUT (BIN, 3.)), UPPERPROB);
MPRINT(EM_ASSESS):   BIN = 20 + 1 - 15;
MPRINT(EM_ASSESS):   OUTPUT WORK._TEMPSCOREDIST;
MPRINT(EM_ASSESS):   BIN = 14 ;
MPRINT(EM_ASSESS):   LOWERPROB = (BIN - 1) / 20;
MPRINT(EM_ASSESS):   UPPERPROB = LOWERPROB + (1 / 20);
MPRINT(EM_ASSESS):   MODELSCORE = LOWERPROB + (1 / 20) / 2;
MPRINT(EM_ASSESS):   RANGE = COMPRESS (PUT (LOWERPROB, 4.2) || "-" || PUT (UPPERPROB, 4.2));
MPRINT(EM_ASSESS):   SCR_NUMEVENTS = SUM ( OF EVENTS66 - EVENTS70 );
MPRINT(EM_ASSESS):   SCR_P_EVENTS = SCR_NUMEVENTS * 100 / _NEVENTS;
MPRINT(EM_ASSESS):   SCR_CP_EVENTS = SUM (SCR_P_EVENTS, SCR_CP_EVENTS);
MPRINT(EM_ASSESS):   SCR_NUMNONEVENTS = SUM ( OF NONEVENTS66 - NONEVENTS70);
MPRINT(EM_ASSESS):   NUMOBSINGROUP = SUM (SCR_NUMEVENTS, SCR_NUMNONEVENTS);
MPRINT(EM_ASSESS):   IF NUMOBSINGROUP > 0 THEN SCR_MNPROB = SUM (OF SCR_MNPROB66 - SCR_MNPROB70) / NUMOBSINGROUP;
MPRINT(EM_ASSESS):   ELSE SCR_MNPROB = .;
MPRINT(EM_ASSESS):   SCR_MINPROB = MIN (OF SCR_MINPROB66 - SCR_MINPROB70) ;
MPRINT(EM_ASSESS):   SCR_MAXPROB = MAX (OF SCR_MAXPROB66 - SCR_MAXPROB70) ;
MPRINT(EM_ASSESS):   IF SCR_MINPROB = 1 THEN SCR_MINPROB = .;
MPRINT(EM_ASSESS):   IF SCR_MAXPROB = 0 THEN SCR_MAXPROB = .;
MPRINT(EM_ASSESS):   SCR_P_NONEVENTS = SCR_NUMNONEVENTS * 100 / _NNONEVENTS;
MPRINT(EM_ASSESS):   SCR_CP_NONEVENTS = SUM (SCR_P_NONEVENTS, SCR_CP_NONEVENTS);
MPRINT(EM_ASSESS):   PERCOBSINGROUP = NUMOBSINGROUP * 100 / 396;
MPRINT(EM_ASSESS):   C_PERCOBSINGROUP = SUM (C_PERCOBSINGROUP, PERCOBSINGROUP);
MPRINT(EM_ASSESS):   CALL SYMPUTX ("SCR_MINPROB" || LEFT (PUT (BIN, 3.)), LOWERPROB);
MPRINT(EM_ASSESS):   CALL SYMPUTX ("SCR_MAXPROB" || LEFT (PUT (BIN, 3.)), UPPERPROB);
MPRINT(EM_ASSESS):   BIN = 20 + 1 - 14;
MPRINT(EM_ASSESS):   OUTPUT WORK._TEMPSCOREDIST;
MPRINT(EM_ASSESS):   BIN = 13 ;
MPRINT(EM_ASSESS):   LOWERPROB = (BIN - 1) / 20;
MPRINT(EM_ASSESS):   UPPERPROB = LOWERPROB + (1 / 20);
MPRINT(EM_ASSESS):   MODELSCORE = LOWERPROB + (1 / 20) / 2;
MPRINT(EM_ASSESS):   RANGE = COMPRESS (PUT (LOWERPROB, 4.2) || "-" || PUT (UPPERPROB, 4.2));
MPRINT(EM_ASSESS):   SCR_NUMEVENTS = SUM ( OF EVENTS61 - EVENTS65 );
MPRINT(EM_ASSESS):   SCR_P_EVENTS = SCR_NUMEVENTS * 100 / _NEVENTS;
MPRINT(EM_ASSESS):   SCR_CP_EVENTS = SUM (SCR_P_EVENTS, SCR_CP_EVENTS);
MPRINT(EM_ASSESS):   SCR_NUMNONEVENTS = SUM ( OF NONEVENTS61 - NONEVENTS65);
MPRINT(EM_ASSESS):   NUMOBSINGROUP = SUM (SCR_NUMEVENTS, SCR_NUMNONEVENTS);
MPRINT(EM_ASSESS):   IF NUMOBSINGROUP > 0 THEN SCR_MNPROB = SUM (OF SCR_MNPROB61 - SCR_MNPROB65) / NUMOBSINGROUP;
MPRINT(EM_ASSESS):   ELSE SCR_MNPROB = .;
MPRINT(EM_ASSESS):   SCR_MINPROB = MIN (OF SCR_MINPROB61 - SCR_MINPROB65) ;
MPRINT(EM_ASSESS):   SCR_MAXPROB = MAX (OF SCR_MAXPROB61 - SCR_MAXPROB65) ;
MPRINT(EM_ASSESS):   IF SCR_MINPROB = 1 THEN SCR_MINPROB = .;
MPRINT(EM_ASSESS):   IF SCR_MAXPROB = 0 THEN SCR_MAXPROB = .;
MPRINT(EM_ASSESS):   SCR_P_NONEVENTS = SCR_NUMNONEVENTS * 100 / _NNONEVENTS;
MPRINT(EM_ASSESS):   SCR_CP_NONEVENTS = SUM (SCR_P_NONEVENTS, SCR_CP_NONEVENTS);
MPRINT(EM_ASSESS):   PERCOBSINGROUP = NUMOBSINGROUP * 100 / 396;
MPRINT(EM_ASSESS):   C_PERCOBSINGROUP = SUM (C_PERCOBSINGROUP, PERCOBSINGROUP);
MPRINT(EM_ASSESS):   CALL SYMPUTX ("SCR_MINPROB" || LEFT (PUT (BIN, 3.)), LOWERPROB);
MPRINT(EM_ASSESS):   CALL SYMPUTX ("SCR_MAXPROB" || LEFT (PUT (BIN, 3.)), UPPERPROB);
MPRINT(EM_ASSESS):   BIN = 20 + 1 - 13;
MPRINT(EM_ASSESS):   OUTPUT WORK._TEMPSCOREDIST;
MPRINT(EM_ASSESS):   BIN = 12 ;
MPRINT(EM_ASSESS):   LOWERPROB = (BIN - 1) / 20;
MPRINT(EM_ASSESS):   UPPERPROB = LOWERPROB + (1 / 20);
MPRINT(EM_ASSESS):   MODELSCORE = LOWERPROB + (1 / 20) / 2;
MPRINT(EM_ASSESS):   RANGE = COMPRESS (PUT (LOWERPROB, 4.2) || "-" || PUT (UPPERPROB, 4.2));
MPRINT(EM_ASSESS):   SCR_NUMEVENTS = SUM ( OF EVENTS56 - EVENTS60 );
MPRINT(EM_ASSESS):   SCR_P_EVENTS = SCR_NUMEVENTS * 100 / _NEVENTS;
MPRINT(EM_ASSESS):   SCR_CP_EVENTS = SUM (SCR_P_EVENTS, SCR_CP_EVENTS);
MPRINT(EM_ASSESS):   SCR_NUMNONEVENTS = SUM ( OF NONEVENTS56 - NONEVENTS60);
MPRINT(EM_ASSESS):   NUMOBSINGROUP = SUM (SCR_NUMEVENTS, SCR_NUMNONEVENTS);
MPRINT(EM_ASSESS):   IF NUMOBSINGROUP > 0 THEN SCR_MNPROB = SUM (OF SCR_MNPROB56 - SCR_MNPROB60) / NUMOBSINGROUP;
MPRINT(EM_ASSESS):   ELSE SCR_MNPROB = .;
MPRINT(EM_ASSESS):   SCR_MINPROB = MIN (OF SCR_MINPROB56 - SCR_MINPROB60) ;
MPRINT(EM_ASSESS):   SCR_MAXPROB = MAX (OF SCR_MAXPROB56 - SCR_MAXPROB60) ;
MPRINT(EM_ASSESS):   IF SCR_MINPROB = 1 THEN SCR_MINPROB = .;
MPRINT(EM_ASSESS):   IF SCR_MAXPROB = 0 THEN SCR_MAXPROB = .;
MPRINT(EM_ASSESS):   SCR_P_NONEVENTS = SCR_NUMNONEVENTS * 100 / _NNONEVENTS;
MPRINT(EM_ASSESS):   SCR_CP_NONEVENTS = SUM (SCR_P_NONEVENTS, SCR_CP_NONEVENTS);
MPRINT(EM_ASSESS):   PERCOBSINGROUP = NUMOBSINGROUP * 100 / 396;
MPRINT(EM_ASSESS):   C_PERCOBSINGROUP = SUM (C_PERCOBSINGROUP, PERCOBSINGROUP);
MPRINT(EM_ASSESS):   CALL SYMPUTX ("SCR_MINPROB" || LEFT (PUT (BIN, 3.)), LOWERPROB);
MPRINT(EM_ASSESS):   CALL SYMPUTX ("SCR_MAXPROB" || LEFT (PUT (BIN, 3.)), UPPERPROB);
MPRINT(EM_ASSESS):   BIN = 20 + 1 - 12;
MPRINT(EM_ASSESS):   OUTPUT WORK._TEMPSCOREDIST;
MPRINT(EM_ASSESS):   BIN = 11 ;
MPRINT(EM_ASSESS):   LOWERPROB = (BIN - 1) / 20;
MPRINT(EM_ASSESS):   UPPERPROB = LOWERPROB + (1 / 20);
MPRINT(EM_ASSESS):   MODELSCORE = LOWERPROB + (1 / 20) / 2;
MPRINT(EM_ASSESS):   RANGE = COMPRESS (PUT (LOWERPROB, 4.2) || "-" || PUT (UPPERPROB, 4.2));
MPRINT(EM_ASSESS):   SCR_NUMEVENTS = SUM ( OF EVENTS51 - EVENTS55 );
MPRINT(EM_ASSESS):   SCR_P_EVENTS = SCR_NUMEVENTS * 100 / _NEVENTS;
MPRINT(EM_ASSESS):   SCR_CP_EVENTS = SUM (SCR_P_EVENTS, SCR_CP_EVENTS);
MPRINT(EM_ASSESS):   SCR_NUMNONEVENTS = SUM ( OF NONEVENTS51 - NONEVENTS55);
MPRINT(EM_ASSESS):   NUMOBSINGROUP = SUM (SCR_NUMEVENTS, SCR_NUMNONEVENTS);
MPRINT(EM_ASSESS):   IF NUMOBSINGROUP > 0 THEN SCR_MNPROB = SUM (OF SCR_MNPROB51 - SCR_MNPROB55) / NUMOBSINGROUP;
MPRINT(EM_ASSESS):   ELSE SCR_MNPROB = .;
MPRINT(EM_ASSESS):   SCR_MINPROB = MIN (OF SCR_MINPROB51 - SCR_MINPROB55) ;
MPRINT(EM_ASSESS):   SCR_MAXPROB = MAX (OF SCR_MAXPROB51 - SCR_MAXPROB55) ;
MPRINT(EM_ASSESS):   IF SCR_MINPROB = 1 THEN SCR_MINPROB = .;
MPRINT(EM_ASSESS):   IF SCR_MAXPROB = 0 THEN SCR_MAXPROB = .;
MPRINT(EM_ASSESS):   SCR_P_NONEVENTS = SCR_NUMNONEVENTS * 100 / _NNONEVENTS;
MPRINT(EM_ASSESS):   SCR_CP_NONEVENTS = SUM (SCR_P_NONEVENTS, SCR_CP_NONEVENTS);
MPRINT(EM_ASSESS):   PERCOBSINGROUP = NUMOBSINGROUP * 100 / 396;
MPRINT(EM_ASSESS):   C_PERCOBSINGROUP = SUM (C_PERCOBSINGROUP, PERCOBSINGROUP);
MPRINT(EM_ASSESS):   CALL SYMPUTX ("SCR_MINPROB" || LEFT (PUT (BIN, 3.)), LOWERPROB);
MPRINT(EM_ASSESS):   CALL SYMPUTX ("SCR_MAXPROB" || LEFT (PUT (BIN, 3.)), UPPERPROB);
MPRINT(EM_ASSESS):   BIN = 20 + 1 - 11;
MPRINT(EM_ASSESS):   OUTPUT WORK._TEMPSCOREDIST;
MPRINT(EM_ASSESS):   BIN = 10 ;
MPRINT(EM_ASSESS):   LOWERPROB = (BIN - 1) / 20;
MPRINT(EM_ASSESS):   UPPERPROB = LOWERPROB + (1 / 20);
MPRINT(EM_ASSESS):   MODELSCORE = LOWERPROB + (1 / 20) / 2;
MPRINT(EM_ASSESS):   RANGE = COMPRESS (PUT (LOWERPROB, 4.2) || "-" || PUT (UPPERPROB, 4.2));
MPRINT(EM_ASSESS):   SCR_NUMEVENTS = SUM ( OF EVENTS46 - EVENTS50 );
MPRINT(EM_ASSESS):   SCR_P_EVENTS = SCR_NUMEVENTS * 100 / _NEVENTS;
MPRINT(EM_ASSESS):   SCR_CP_EVENTS = SUM (SCR_P_EVENTS, SCR_CP_EVENTS);
MPRINT(EM_ASSESS):   SCR_NUMNONEVENTS = SUM ( OF NONEVENTS46 - NONEVENTS50);
MPRINT(EM_ASSESS):   NUMOBSINGROUP = SUM (SCR_NUMEVENTS, SCR_NUMNONEVENTS);
MPRINT(EM_ASSESS):   IF NUMOBSINGROUP > 0 THEN SCR_MNPROB = SUM (OF SCR_MNPROB46 - SCR_MNPROB50) / NUMOBSINGROUP;
MPRINT(EM_ASSESS):   ELSE SCR_MNPROB = .;
MPRINT(EM_ASSESS):   SCR_MINPROB = MIN (OF SCR_MINPROB46 - SCR_MINPROB50) ;
MPRINT(EM_ASSESS):   SCR_MAXPROB = MAX (OF SCR_MAXPROB46 - SCR_MAXPROB50) ;
MPRINT(EM_ASSESS):   IF SCR_MINPROB = 1 THEN SCR_MINPROB = .;
MPRINT(EM_ASSESS):   IF SCR_MAXPROB = 0 THEN SCR_MAXPROB = .;
MPRINT(EM_ASSESS):   SCR_P_NONEVENTS = SCR_NUMNONEVENTS * 100 / _NNONEVENTS;
MPRINT(EM_ASSESS):   SCR_CP_NONEVENTS = SUM (SCR_P_NONEVENTS, SCR_CP_NONEVENTS);
MPRINT(EM_ASSESS):   PERCOBSINGROUP = NUMOBSINGROUP * 100 / 396;
MPRINT(EM_ASSESS):   C_PERCOBSINGROUP = SUM (C_PERCOBSINGROUP, PERCOBSINGROUP);
MPRINT(EM_ASSESS):   CALL SYMPUTX ("SCR_MINPROB" || LEFT (PUT (BIN, 3.)), LOWERPROB);
MPRINT(EM_ASSESS):   CALL SYMPUTX ("SCR_MAXPROB" || LEFT (PUT (BIN, 3.)), UPPERPROB);
MPRINT(EM_ASSESS):   BIN = 20 + 1 - 10;
MPRINT(EM_ASSESS):   OUTPUT WORK._TEMPSCOREDIST;
MPRINT(EM_ASSESS):   BIN = 9 ;
MPRINT(EM_ASSESS):   LOWERPROB = (BIN - 1) / 20;
MPRINT(EM_ASSESS):   UPPERPROB = LOWERPROB + (1 / 20);
MPRINT(EM_ASSESS):   MODELSCORE = LOWERPROB + (1 / 20) / 2;
MPRINT(EM_ASSESS):   RANGE = COMPRESS (PUT (LOWERPROB, 4.2) || "-" || PUT (UPPERPROB, 4.2));
MPRINT(EM_ASSESS):   SCR_NUMEVENTS = SUM ( OF EVENTS41 - EVENTS45 );
MPRINT(EM_ASSESS):   SCR_P_EVENTS = SCR_NUMEVENTS * 100 / _NEVENTS;
MPRINT(EM_ASSESS):   SCR_CP_EVENTS = SUM (SCR_P_EVENTS, SCR_CP_EVENTS);
MPRINT(EM_ASSESS):   SCR_NUMNONEVENTS = SUM ( OF NONEVENTS41 - NONEVENTS45);
MPRINT(EM_ASSESS):   NUMOBSINGROUP = SUM (SCR_NUMEVENTS, SCR_NUMNONEVENTS);
MPRINT(EM_ASSESS):   IF NUMOBSINGROUP > 0 THEN SCR_MNPROB = SUM (OF SCR_MNPROB41 - SCR_MNPROB45) / NUMOBSINGROUP;
MPRINT(EM_ASSESS):   ELSE SCR_MNPROB = .;
MPRINT(EM_ASSESS):   SCR_MINPROB = MIN (OF SCR_MINPROB41 - SCR_MINPROB45) ;
MPRINT(EM_ASSESS):   SCR_MAXPROB = MAX (OF SCR_MAXPROB41 - SCR_MAXPROB45) ;
MPRINT(EM_ASSESS):   IF SCR_MINPROB = 1 THEN SCR_MINPROB = .;
MPRINT(EM_ASSESS):   IF SCR_MAXPROB = 0 THEN SCR_MAXPROB = .;
MPRINT(EM_ASSESS):   SCR_P_NONEVENTS = SCR_NUMNONEVENTS * 100 / _NNONEVENTS;
MPRINT(EM_ASSESS):   SCR_CP_NONEVENTS = SUM (SCR_P_NONEVENTS, SCR_CP_NONEVENTS);
MPRINT(EM_ASSESS):   PERCOBSINGROUP = NUMOBSINGROUP * 100 / 396;
MPRINT(EM_ASSESS):   C_PERCOBSINGROUP = SUM (C_PERCOBSINGROUP, PERCOBSINGROUP);
MPRINT(EM_ASSESS):   CALL SYMPUTX ("SCR_MINPROB" || LEFT (PUT (BIN, 3.)), LOWERPROB);
MPRINT(EM_ASSESS):   CALL SYMPUTX ("SCR_MAXPROB" || LEFT (PUT (BIN, 3.)), UPPERPROB);
MPRINT(EM_ASSESS):   BIN = 20 + 1 - 9;
MPRINT(EM_ASSESS):   OUTPUT WORK._TEMPSCOREDIST;
MPRINT(EM_ASSESS):   BIN = 8 ;
MPRINT(EM_ASSESS):   LOWERPROB = (BIN - 1) / 20;
MPRINT(EM_ASSESS):   UPPERPROB = LOWERPROB + (1 / 20);
MPRINT(EM_ASSESS):   MODELSCORE = LOWERPROB + (1 / 20) / 2;
MPRINT(EM_ASSESS):   RANGE = COMPRESS (PUT (LOWERPROB, 4.2) || "-" || PUT (UPPERPROB, 4.2));
MPRINT(EM_ASSESS):   SCR_NUMEVENTS = SUM ( OF EVENTS36 - EVENTS40 );
MPRINT(EM_ASSESS):   SCR_P_EVENTS = SCR_NUMEVENTS * 100 / _NEVENTS;
MPRINT(EM_ASSESS):   SCR_CP_EVENTS = SUM (SCR_P_EVENTS, SCR_CP_EVENTS);
MPRINT(EM_ASSESS):   SCR_NUMNONEVENTS = SUM ( OF NONEVENTS36 - NONEVENTS40);
MPRINT(EM_ASSESS):   NUMOBSINGROUP = SUM (SCR_NUMEVENTS, SCR_NUMNONEVENTS);
MPRINT(EM_ASSESS):   IF NUMOBSINGROUP > 0 THEN SCR_MNPROB = SUM (OF SCR_MNPROB36 - SCR_MNPROB40) / NUMOBSINGROUP;
MPRINT(EM_ASSESS):   ELSE SCR_MNPROB = .;
MPRINT(EM_ASSESS):   SCR_MINPROB = MIN (OF SCR_MINPROB36 - SCR_MINPROB40) ;
MPRINT(EM_ASSESS):   SCR_MAXPROB = MAX (OF SCR_MAXPROB36 - SCR_MAXPROB40) ;
MPRINT(EM_ASSESS):   IF SCR_MINPROB = 1 THEN SCR_MINPROB = .;
MPRINT(EM_ASSESS):   IF SCR_MAXPROB = 0 THEN SCR_MAXPROB = .;
MPRINT(EM_ASSESS):   SCR_P_NONEVENTS = SCR_NUMNONEVENTS * 100 / _NNONEVENTS;
MPRINT(EM_ASSESS):   SCR_CP_NONEVENTS = SUM (SCR_P_NONEVENTS, SCR_CP_NONEVENTS);
MPRINT(EM_ASSESS):   PERCOBSINGROUP = NUMOBSINGROUP * 100 / 396;
MPRINT(EM_ASSESS):   C_PERCOBSINGROUP = SUM (C_PERCOBSINGROUP, PERCOBSINGROUP);
MPRINT(EM_ASSESS):   CALL SYMPUTX ("SCR_MINPROB" || LEFT (PUT (BIN, 3.)), LOWERPROB);
MPRINT(EM_ASSESS):   CALL SYMPUTX ("SCR_MAXPROB" || LEFT (PUT (BIN, 3.)), UPPERPROB);
MPRINT(EM_ASSESS):   BIN = 20 + 1 - 8;
MPRINT(EM_ASSESS):   OUTPUT WORK._TEMPSCOREDIST;
MPRINT(EM_ASSESS):   BIN = 7 ;
MPRINT(EM_ASSESS):   LOWERPROB = (BIN - 1) / 20;
MPRINT(EM_ASSESS):   UPPERPROB = LOWERPROB + (1 / 20);
MPRINT(EM_ASSESS):   MODELSCORE = LOWERPROB + (1 / 20) / 2;
MPRINT(EM_ASSESS):   RANGE = COMPRESS (PUT (LOWERPROB, 4.2) || "-" || PUT (UPPERPROB, 4.2));
MPRINT(EM_ASSESS):   SCR_NUMEVENTS = SUM ( OF EVENTS31 - EVENTS35 );
MPRINT(EM_ASSESS):   SCR_P_EVENTS = SCR_NUMEVENTS * 100 / _NEVENTS;
MPRINT(EM_ASSESS):   SCR_CP_EVENTS = SUM (SCR_P_EVENTS, SCR_CP_EVENTS);
MPRINT(EM_ASSESS):   SCR_NUMNONEVENTS = SUM ( OF NONEVENTS31 - NONEVENTS35);
MPRINT(EM_ASSESS):   NUMOBSINGROUP = SUM (SCR_NUMEVENTS, SCR_NUMNONEVENTS);
MPRINT(EM_ASSESS):   IF NUMOBSINGROUP > 0 THEN SCR_MNPROB = SUM (OF SCR_MNPROB31 - SCR_MNPROB35) / NUMOBSINGROUP;
MPRINT(EM_ASSESS):   ELSE SCR_MNPROB = .;
MPRINT(EM_ASSESS):   SCR_MINPROB = MIN (OF SCR_MINPROB31 - SCR_MINPROB35) ;
MPRINT(EM_ASSESS):   SCR_MAXPROB = MAX (OF SCR_MAXPROB31 - SCR_MAXPROB35) ;
MPRINT(EM_ASSESS):   IF SCR_MINPROB = 1 THEN SCR_MINPROB = .;
MPRINT(EM_ASSESS):   IF SCR_MAXPROB = 0 THEN SCR_MAXPROB = .;
MPRINT(EM_ASSESS):   SCR_P_NONEVENTS = SCR_NUMNONEVENTS * 100 / _NNONEVENTS;
MPRINT(EM_ASSESS):   SCR_CP_NONEVENTS = SUM (SCR_P_NONEVENTS, SCR_CP_NONEVENTS);
MPRINT(EM_ASSESS):   PERCOBSINGROUP = NUMOBSINGROUP * 100 / 396;
MPRINT(EM_ASSESS):   C_PERCOBSINGROUP = SUM (C_PERCOBSINGROUP, PERCOBSINGROUP);
MPRINT(EM_ASSESS):   CALL SYMPUTX ("SCR_MINPROB" || LEFT (PUT (BIN, 3.)), LOWERPROB);
MPRINT(EM_ASSESS):   CALL SYMPUTX ("SCR_MAXPROB" || LEFT (PUT (BIN, 3.)), UPPERPROB);
MPRINT(EM_ASSESS):   BIN = 20 + 1 - 7;
MPRINT(EM_ASSESS):   OUTPUT WORK._TEMPSCOREDIST;
MPRINT(EM_ASSESS):   BIN = 6 ;
MPRINT(EM_ASSESS):   LOWERPROB = (BIN - 1) / 20;
MPRINT(EM_ASSESS):   UPPERPROB = LOWERPROB + (1 / 20);
MPRINT(EM_ASSESS):   MODELSCORE = LOWERPROB + (1 / 20) / 2;
MPRINT(EM_ASSESS):   RANGE = COMPRESS (PUT (LOWERPROB, 4.2) || "-" || PUT (UPPERPROB, 4.2));
MPRINT(EM_ASSESS):   SCR_NUMEVENTS = SUM ( OF EVENTS26 - EVENTS30 );
MPRINT(EM_ASSESS):   SCR_P_EVENTS = SCR_NUMEVENTS * 100 / _NEVENTS;
MPRINT(EM_ASSESS):   SCR_CP_EVENTS = SUM (SCR_P_EVENTS, SCR_CP_EVENTS);
MPRINT(EM_ASSESS):   SCR_NUMNONEVENTS = SUM ( OF NONEVENTS26 - NONEVENTS30);
MPRINT(EM_ASSESS):   NUMOBSINGROUP = SUM (SCR_NUMEVENTS, SCR_NUMNONEVENTS);
MPRINT(EM_ASSESS):   IF NUMOBSINGROUP > 0 THEN SCR_MNPROB = SUM (OF SCR_MNPROB26 - SCR_MNPROB30) / NUMOBSINGROUP;
MPRINT(EM_ASSESS):   ELSE SCR_MNPROB = .;
MPRINT(EM_ASSESS):   SCR_MINPROB = MIN (OF SCR_MINPROB26 - SCR_MINPROB30) ;
MPRINT(EM_ASSESS):   SCR_MAXPROB = MAX (OF SCR_MAXPROB26 - SCR_MAXPROB30) ;
MPRINT(EM_ASSESS):   IF SCR_MINPROB = 1 THEN SCR_MINPROB = .;
MPRINT(EM_ASSESS):   IF SCR_MAXPROB = 0 THEN SCR_MAXPROB = .;
MPRINT(EM_ASSESS):   SCR_P_NONEVENTS = SCR_NUMNONEVENTS * 100 / _NNONEVENTS;
MPRINT(EM_ASSESS):   SCR_CP_NONEVENTS = SUM (SCR_P_NONEVENTS, SCR_CP_NONEVENTS);
MPRINT(EM_ASSESS):   PERCOBSINGROUP = NUMOBSINGROUP * 100 / 396;
MPRINT(EM_ASSESS):   C_PERCOBSINGROUP = SUM (C_PERCOBSINGROUP, PERCOBSINGROUP);
MPRINT(EM_ASSESS):   CALL SYMPUTX ("SCR_MINPROB" || LEFT (PUT (BIN, 3.)), LOWERPROB);
MPRINT(EM_ASSESS):   CALL SYMPUTX ("SCR_MAXPROB" || LEFT (PUT (BIN, 3.)), UPPERPROB);
MPRINT(EM_ASSESS):   BIN = 20 + 1 - 6;
MPRINT(EM_ASSESS):   OUTPUT WORK._TEMPSCOREDIST;
MPRINT(EM_ASSESS):   BIN = 5 ;
MPRINT(EM_ASSESS):   LOWERPROB = (BIN - 1) / 20;
MPRINT(EM_ASSESS):   UPPERPROB = LOWERPROB + (1 / 20);
MPRINT(EM_ASSESS):   MODELSCORE = LOWERPROB + (1 / 20) / 2;
MPRINT(EM_ASSESS):   RANGE = COMPRESS (PUT (LOWERPROB, 4.2) || "-" || PUT (UPPERPROB, 4.2));
MPRINT(EM_ASSESS):   SCR_NUMEVENTS = SUM ( OF EVENTS21 - EVENTS25 );
MPRINT(EM_ASSESS):   SCR_P_EVENTS = SCR_NUMEVENTS * 100 / _NEVENTS;
MPRINT(EM_ASSESS):   SCR_CP_EVENTS = SUM (SCR_P_EVENTS, SCR_CP_EVENTS);
MPRINT(EM_ASSESS):   SCR_NUMNONEVENTS = SUM ( OF NONEVENTS21 - NONEVENTS25);
MPRINT(EM_ASSESS):   NUMOBSINGROUP = SUM (SCR_NUMEVENTS, SCR_NUMNONEVENTS);
MPRINT(EM_ASSESS):   IF NUMOBSINGROUP > 0 THEN SCR_MNPROB = SUM (OF SCR_MNPROB21 - SCR_MNPROB25) / NUMOBSINGROUP;
MPRINT(EM_ASSESS):   ELSE SCR_MNPROB = .;
MPRINT(EM_ASSESS):   SCR_MINPROB = MIN (OF SCR_MINPROB21 - SCR_MINPROB25) ;
MPRINT(EM_ASSESS):   SCR_MAXPROB = MAX (OF SCR_MAXPROB21 - SCR_MAXPROB25) ;
MPRINT(EM_ASSESS):   IF SCR_MINPROB = 1 THEN SCR_MINPROB = .;
MPRINT(EM_ASSESS):   IF SCR_MAXPROB = 0 THEN SCR_MAXPROB = .;
MPRINT(EM_ASSESS):   SCR_P_NONEVENTS = SCR_NUMNONEVENTS * 100 / _NNONEVENTS;
MPRINT(EM_ASSESS):   SCR_CP_NONEVENTS = SUM (SCR_P_NONEVENTS, SCR_CP_NONEVENTS);
MPRINT(EM_ASSESS):   PERCOBSINGROUP = NUMOBSINGROUP * 100 / 396;
MPRINT(EM_ASSESS):   C_PERCOBSINGROUP = SUM (C_PERCOBSINGROUP, PERCOBSINGROUP);
MPRINT(EM_ASSESS):   CALL SYMPUTX ("SCR_MINPROB" || LEFT (PUT (BIN, 3.)), LOWERPROB);
MPRINT(EM_ASSESS):   CALL SYMPUTX ("SCR_MAXPROB" || LEFT (PUT (BIN, 3.)), UPPERPROB);
MPRINT(EM_ASSESS):   BIN = 20 + 1 - 5;
MPRINT(EM_ASSESS):   OUTPUT WORK._TEMPSCOREDIST;
MPRINT(EM_ASSESS):   BIN = 4 ;
MPRINT(EM_ASSESS):   LOWERPROB = (BIN - 1) / 20;
MPRINT(EM_ASSESS):   UPPERPROB = LOWERPROB + (1 / 20);
MPRINT(EM_ASSESS):   MODELSCORE = LOWERPROB + (1 / 20) / 2;
MPRINT(EM_ASSESS):   RANGE = COMPRESS (PUT (LOWERPROB, 4.2) || "-" || PUT (UPPERPROB, 4.2));
MPRINT(EM_ASSESS):   SCR_NUMEVENTS = SUM ( OF EVENTS16 - EVENTS20 );
MPRINT(EM_ASSESS):   SCR_P_EVENTS = SCR_NUMEVENTS * 100 / _NEVENTS;
MPRINT(EM_ASSESS):   SCR_CP_EVENTS = SUM (SCR_P_EVENTS, SCR_CP_EVENTS);
MPRINT(EM_ASSESS):   SCR_NUMNONEVENTS = SUM ( OF NONEVENTS16 - NONEVENTS20);
MPRINT(EM_ASSESS):   NUMOBSINGROUP = SUM (SCR_NUMEVENTS, SCR_NUMNONEVENTS);
MPRINT(EM_ASSESS):   IF NUMOBSINGROUP > 0 THEN SCR_MNPROB = SUM (OF SCR_MNPROB16 - SCR_MNPROB20) / NUMOBSINGROUP;
MPRINT(EM_ASSESS):   ELSE SCR_MNPROB = .;
MPRINT(EM_ASSESS):   SCR_MINPROB = MIN (OF SCR_MINPROB16 - SCR_MINPROB20) ;
MPRINT(EM_ASSESS):   SCR_MAXPROB = MAX (OF SCR_MAXPROB16 - SCR_MAXPROB20) ;
MPRINT(EM_ASSESS):   IF SCR_MINPROB = 1 THEN SCR_MINPROB = .;
MPRINT(EM_ASSESS):   IF SCR_MAXPROB = 0 THEN SCR_MAXPROB = .;
MPRINT(EM_ASSESS):   SCR_P_NONEVENTS = SCR_NUMNONEVENTS * 100 / _NNONEVENTS;
MPRINT(EM_ASSESS):   SCR_CP_NONEVENTS = SUM (SCR_P_NONEVENTS, SCR_CP_NONEVENTS);
MPRINT(EM_ASSESS):   PERCOBSINGROUP = NUMOBSINGROUP * 100 / 396;
MPRINT(EM_ASSESS):   C_PERCOBSINGROUP = SUM (C_PERCOBSINGROUP, PERCOBSINGROUP);
MPRINT(EM_ASSESS):   CALL SYMPUTX ("SCR_MINPROB" || LEFT (PUT (BIN, 3.)), LOWERPROB);
MPRINT(EM_ASSESS):   CALL SYMPUTX ("SCR_MAXPROB" || LEFT (PUT (BIN, 3.)), UPPERPROB);
MPRINT(EM_ASSESS):   BIN = 20 + 1 - 4;
MPRINT(EM_ASSESS):   OUTPUT WORK._TEMPSCOREDIST;
MPRINT(EM_ASSESS):   BIN = 3 ;
MPRINT(EM_ASSESS):   LOWERPROB = (BIN - 1) / 20;
MPRINT(EM_ASSESS):   UPPERPROB = LOWERPROB + (1 / 20);
MPRINT(EM_ASSESS):   MODELSCORE = LOWERPROB + (1 / 20) / 2;
MPRINT(EM_ASSESS):   RANGE = COMPRESS (PUT (LOWERPROB, 4.2) || "-" || PUT (UPPERPROB, 4.2));
MPRINT(EM_ASSESS):   SCR_NUMEVENTS = SUM ( OF EVENTS11 - EVENTS15 );
MPRINT(EM_ASSESS):   SCR_P_EVENTS = SCR_NUMEVENTS * 100 / _NEVENTS;
MPRINT(EM_ASSESS):   SCR_CP_EVENTS = SUM (SCR_P_EVENTS, SCR_CP_EVENTS);
MPRINT(EM_ASSESS):   SCR_NUMNONEVENTS = SUM ( OF NONEVENTS11 - NONEVENTS15);
MPRINT(EM_ASSESS):   NUMOBSINGROUP = SUM (SCR_NUMEVENTS, SCR_NUMNONEVENTS);
MPRINT(EM_ASSESS):   IF NUMOBSINGROUP > 0 THEN SCR_MNPROB = SUM (OF SCR_MNPROB11 - SCR_MNPROB15) / NUMOBSINGROUP;
MPRINT(EM_ASSESS):   ELSE SCR_MNPROB = .;
MPRINT(EM_ASSESS):   SCR_MINPROB = MIN (OF SCR_MINPROB11 - SCR_MINPROB15) ;
MPRINT(EM_ASSESS):   SCR_MAXPROB = MAX (OF SCR_MAXPROB11 - SCR_MAXPROB15) ;
MPRINT(EM_ASSESS):   IF SCR_MINPROB = 1 THEN SCR_MINPROB = .;
MPRINT(EM_ASSESS):   IF SCR_MAXPROB = 0 THEN SCR_MAXPROB = .;
MPRINT(EM_ASSESS):   SCR_P_NONEVENTS = SCR_NUMNONEVENTS * 100 / _NNONEVENTS;
MPRINT(EM_ASSESS):   SCR_CP_NONEVENTS = SUM (SCR_P_NONEVENTS, SCR_CP_NONEVENTS);
MPRINT(EM_ASSESS):   PERCOBSINGROUP = NUMOBSINGROUP * 100 / 396;
MPRINT(EM_ASSESS):   C_PERCOBSINGROUP = SUM (C_PERCOBSINGROUP, PERCOBSINGROUP);
MPRINT(EM_ASSESS):   CALL SYMPUTX ("SCR_MINPROB" || LEFT (PUT (BIN, 3.)), LOWERPROB);
MPRINT(EM_ASSESS):   CALL SYMPUTX ("SCR_MAXPROB" || LEFT (PUT (BIN, 3.)), UPPERPROB);
MPRINT(EM_ASSESS):   BIN = 20 + 1 - 3;
MPRINT(EM_ASSESS):   OUTPUT WORK._TEMPSCOREDIST;
MPRINT(EM_ASSESS):   BIN = 2 ;
MPRINT(EM_ASSESS):   LOWERPROB = (BIN - 1) / 20;
MPRINT(EM_ASSESS):   UPPERPROB = LOWERPROB + (1 / 20);
MPRINT(EM_ASSESS):   MODELSCORE = LOWERPROB + (1 / 20) / 2;
MPRINT(EM_ASSESS):   RANGE = COMPRESS (PUT (LOWERPROB, 4.2) || "-" || PUT (UPPERPROB, 4.2));
MPRINT(EM_ASSESS):   SCR_NUMEVENTS = SUM ( OF EVENTS6 - EVENTS10 );
MPRINT(EM_ASSESS):   SCR_P_EVENTS = SCR_NUMEVENTS * 100 / _NEVENTS;
MPRINT(EM_ASSESS):   SCR_CP_EVENTS = SUM (SCR_P_EVENTS, SCR_CP_EVENTS);
MPRINT(EM_ASSESS):   SCR_NUMNONEVENTS = SUM ( OF NONEVENTS6 - NONEVENTS10);
MPRINT(EM_ASSESS):   NUMOBSINGROUP = SUM (SCR_NUMEVENTS, SCR_NUMNONEVENTS);
MPRINT(EM_ASSESS):   IF NUMOBSINGROUP > 0 THEN SCR_MNPROB = SUM (OF SCR_MNPROB6 - SCR_MNPROB10) / NUMOBSINGROUP;
MPRINT(EM_ASSESS):   ELSE SCR_MNPROB = .;
MPRINT(EM_ASSESS):   SCR_MINPROB = MIN (OF SCR_MINPROB6 - SCR_MINPROB10) ;
MPRINT(EM_ASSESS):   SCR_MAXPROB = MAX (OF SCR_MAXPROB6 - SCR_MAXPROB10) ;
MPRINT(EM_ASSESS):   IF SCR_MINPROB = 1 THEN SCR_MINPROB = .;
MPRINT(EM_ASSESS):   IF SCR_MAXPROB = 0 THEN SCR_MAXPROB = .;
MPRINT(EM_ASSESS):   SCR_P_NONEVENTS = SCR_NUMNONEVENTS * 100 / _NNONEVENTS;
MPRINT(EM_ASSESS):   SCR_CP_NONEVENTS = SUM (SCR_P_NONEVENTS, SCR_CP_NONEVENTS);
MPRINT(EM_ASSESS):   PERCOBSINGROUP = NUMOBSINGROUP * 100 / 396;
MPRINT(EM_ASSESS):   C_PERCOBSINGROUP = SUM (C_PERCOBSINGROUP, PERCOBSINGROUP);
MPRINT(EM_ASSESS):   CALL SYMPUTX ("SCR_MINPROB" || LEFT (PUT (BIN, 3.)), LOWERPROB);
MPRINT(EM_ASSESS):   CALL SYMPUTX ("SCR_MAXPROB" || LEFT (PUT (BIN, 3.)), UPPERPROB);
MPRINT(EM_ASSESS):   BIN = 20 + 1 - 2;
MPRINT(EM_ASSESS):   OUTPUT WORK._TEMPSCOREDIST;
MPRINT(EM_ASSESS):   BIN = 1 ;
MPRINT(EM_ASSESS):   LOWERPROB = (BIN - 1) / 20;
MPRINT(EM_ASSESS):   UPPERPROB = LOWERPROB + (1 / 20);
MPRINT(EM_ASSESS):   MODELSCORE = LOWERPROB + (1 / 20) / 2;
MPRINT(EM_ASSESS):   RANGE = COMPRESS (PUT (LOWERPROB, 4.2) || "-" || PUT (UPPERPROB, 4.2));
MPRINT(EM_ASSESS):   SCR_NUMEVENTS = SUM ( OF EVENTS1 - EVENTS5 );
MPRINT(EM_ASSESS):   SCR_P_EVENTS = SCR_NUMEVENTS * 100 / _NEVENTS;
MPRINT(EM_ASSESS):   SCR_CP_EVENTS = SUM (SCR_P_EVENTS, SCR_CP_EVENTS);
MPRINT(EM_ASSESS):   SCR_NUMNONEVENTS = SUM ( OF NONEVENTS1 - NONEVENTS5);
MPRINT(EM_ASSESS):   NUMOBSINGROUP = SUM (SCR_NUMEVENTS, SCR_NUMNONEVENTS);
MPRINT(EM_ASSESS):   IF NUMOBSINGROUP > 0 THEN SCR_MNPROB = SUM (OF SCR_MNPROB1 - SCR_MNPROB5) / NUMOBSINGROUP;
MPRINT(EM_ASSESS):   ELSE SCR_MNPROB = .;
MPRINT(EM_ASSESS):   SCR_MINPROB = MIN (OF SCR_MINPROB1 - SCR_MINPROB5) ;
MPRINT(EM_ASSESS):   SCR_MAXPROB = MAX (OF SCR_MAXPROB1 - SCR_MAXPROB5) ;
MPRINT(EM_ASSESS):   IF SCR_MINPROB = 1 THEN SCR_MINPROB = .;
MPRINT(EM_ASSESS):   IF SCR_MAXPROB = 0 THEN SCR_MAXPROB = .;
MPRINT(EM_ASSESS):   SCR_P_NONEVENTS = SCR_NUMNONEVENTS * 100 / _NNONEVENTS;
MPRINT(EM_ASSESS):   SCR_CP_NONEVENTS = SUM (SCR_P_NONEVENTS, SCR_CP_NONEVENTS);
MPRINT(EM_ASSESS):   PERCOBSINGROUP = NUMOBSINGROUP * 100 / 396;
MPRINT(EM_ASSESS):   C_PERCOBSINGROUP = SUM (C_PERCOBSINGROUP, PERCOBSINGROUP);
MPRINT(EM_ASSESS):   CALL SYMPUTX ("SCR_MINPROB" || LEFT (PUT (BIN, 3.)), LOWERPROB);
MPRINT(EM_ASSESS):   CALL SYMPUTX ("SCR_MAXPROB" || LEFT (PUT (BIN, 3.)), UPPERPROB);
MPRINT(EM_ASSESS):   BIN = 20 + 1 - 1;
MPRINT(EM_ASSESS):   OUTPUT WORK._TEMPSCOREDIST;
MPRINT(EM_ASSESS):   CALL SYMPUTX ("KSPROB" , PUT (KSPROB, 5.3 ) );
MPRINT(EM_ASSESS):   CALL SYMPUTX ("_KS_BIN_PROB" , _KS_BIN_PROB );
MPRINT(EM_ASSESS):   CALL SYMPUTX ("_KS_BIN_" , _KS_BIN_ / 100 );
MPRINT(EM_ASSESS):   CALL SYMPUTX ("KSDIFF" , KS_ABSDIFF );
MPRINT(EM_ASSESS):   CALL SYMPUTX ("PRECTPR" , PRECTPR );
MPRINT(EM_ASSESS):   CALL SYMPUTX ("MAXMUTUALPROB" , MAXMUTUALPROB);
MPRINT(EM_ASSESS):   END;
MPRINT(EM_ASSESS):   LABEL __EVENT__ = "Event" DECILE = "Depth" BIN = "Bin" NUMOBS = "Number of Observations" ;
MPRINT(EM_ASSESS):   RUN;
MPRINT(EM_ASSESS):   *;
MPRINT(EM_ASSESS):   * RUN for large data set;
MPRINT(EM_ASSESS):   *;
MPRINT(EM_ASSESS):   PROC DATASETS NOLIST;
MPRINT(EM_ASSESS):   DELETE _AUXEVENTNAME;
MPRINT(EM_ASSESS):   QUIT;

MPRINT(EM_ASSESS):   *;
MPRINT(EM_ASSESS):   * Report Vars Area.;
MPRINT(EM_ASSESS):   *;
MPRINT(EM_ASSESS):   *;
MPRINT(EM_ASSESS):   * ...........Start OF Outdist Modification;
MPRINT(EM_ASSESS):   *;

MPRINT(EM_ASSESS):   PROC DATASETS NOLIST LIB = WORK;
MPRINT(EM_ASSESS):   MODIFY _TEMPSCOREDIST;
MPRINT(EM_ASSESS):   RENAME MODELSCORE = SCORE UPPERPROB = UPPOSTERIOR SCR_CP_EVENTS = CUMULATIVEPERCENTAGEOFEVENTS SCR_CP_NONEVENTS = CUMULATIVEPERCENTAGEOFNONEVENTS EVENTVALUE = EVENT LOWERPROB = LOWPOSTERIOR NUMOBSINGROUP = N PERCOBSINGROUP = 
PERCENTAGE SCR_MINPROB = _MINP_ SCR_MAXPROB = _MAXP_ SCR_MNPROB = _MEANP_ RANGE = P_LABEL C_PERCOBSINGROUP = CUMULATIVEPERCENTAGE SCR_NUMEVENTS = NUMBEROFEVENTS SCR_NUMNONEVENTS = NUMBEROFNONEVENTS SCR_P_EVENTS = PERCENTAGEOFEVENTS SCR_P_NONEVENTS = 
PERCENTAGEOFNONEVENTS ;
MPRINT(EM_ASSESS):   *;
MPRINT(EM_ASSESS):   * .................... OUTDIST MODIFICATION LABEL AREA;
MPRINT(EM_ASSESS):   *;
MPRINT(EM_ASSESS):   LABEL BIN = "Bin" N = "Number of Observations" P_LABEL = "Posterior Probability Range" EVENT = "Event" LOWPOSTERIOR = "Lower Bound Posterior Probability" PERCENTAGEOFEVENTS = "Percentage of Events" CUMULATIVEPERCENTAGEOFNONEVENTS = 
"Cumulative Percentage of Nonevents" CUMULATIVEPERCENTAGE = "Cumulative Percentage" PERCENTAGEOFEVENTS = "Percentage of Events" PERCENTAGEOFNONEVENTS = "Percentage of Nonevents" CUMULATIVEPERCENTAGEOFEVENTS = "Cumulative Percentage of Events" UPPOSTERIOR 
= "Upper Bound Posterior Probability" NUMBEROFEVENTS = "Number of Events" PERCENTAGE = "Percentage" NUMBEROFNONEVENTS = "Number of Nonevents" _MEANP_ = "Mean Posterior Probability" _MINP_ = "Min Posterior Probability" _MAXP_ = "Max Posterior Probability" 
SCORE = "Model Score" ;
MPRINT(EM_ASSESS):   RUN;
MPRINT(EM_ASSESS):   QUIT;
MPRINT(EM_ASSESS):   DATA WORK._TEMPSCOREDIST;
MPRINT(EM_ASSESS):   SET WORK._TEMPSCOREDIST (WHERE = (_MEANP_ > .));
MPRINT(EM_ASSESS):   RUN;
MPRINT(EM_ASSESS):   *;
MPRINT(EM_ASSESS):   * ........... END OF OUTDIST MODIFICATION;
MPRINT(EM_ASSESS):   *;
MPRINT(EM_ASSESS):   *;
MPRINT(EM_ASSESS):   * ...........Start of OUTRANKS Modification;
MPRINT(EM_ASSESS):   *;

MPRINT(EM_ASSESS):   PROC DATASETS NOLIST LIB = WORK;
MPRINT(EM_ASSESS):   MODIFY _TEMPRANK;
MPRINT(EM_ASSESS):   RENAME __EVENT__ = EVENT P_RESP = RESP C_P_CAPT_RESP = CAPC P_CAPT_RESP = CAP NUMNONRESP = NUMNEVENT NUMRESP = NUMEVENT BASEEVENTS = BASENUMBEROFEVENTS BESTNUMEVENTS = BESTNUMBEROFEVENTS MAXPROB = _MAXP_ MINPROB = _MINP_ CBASELIFT = 
BASELIFTC C_LIFT = LIFTC MNPROB = _MEANP_ PERCENTILE = DECILE NUMOBS = N NUMEVENT = NUMBEROFEVENTS C_P_RESP = RESPC ;
MPRINT(EM_ASSESS):   *;
MPRINT(EM_ASSESS):   * ................. OUTRANKS;
MPRINT(EM_ASSESS):   *;
MPRINT(EM_ASSESS):   LABEL _MAXP_ = "Max Posterior Probability" _MINP_ = "Min Posterior Probability" _MEANP_ = "Mean Posterior Probability" BASECAP = "Baseline % Captured Response" BASECAPC = "Baseline Cumulative % Captured Response" BASENUMBEROFEVENTS = 
"Baseline Number of Events" BASEGAIN = "Baseline Gain" BASELIFT = "Baseline Lift" BASELIFTC = "Baseline Cumulative Lift" BASERESP = "Baseline % Response" BASERESPC = "Baseline Cumulative % Response" BASELIFTC = "Baseline Cumulative Lift" BESTCAP = "Best % 
Captured Response" BESTCAPC = "Best Cumulative % Captured Response" BESTGAIN = "Best Gain" BESTRESP = "Best % Response" BESTRESPC = "Best Cumulative % Response" BESTLIFT = "Best Lift" BESTLIFTC = "Best Cumulative Lift" BESTNUMBEROFEVENTS = "Best Number of 
Events" CAP = "% Captured Response" CAPC = "Cumulative % Captured Response" DECILE = "Depth" GAIN = "Gain" LIFT = "Lift" LIFTC = "Cumulative Lift" NUMNEVENT = "Number of Nonevents" N = "Number of Observations" EVENT = "Event" RESPC = "Cumulative % 
Response" NUMBEROFEVENTS = "Number of Events" RESP = "% Response" ;
MPRINT(EM_ASSESS):   RUN;
MPRINT(EM_ASSESS):   QUIT;
MPRINT(EM_ASSESS):   DATA WORK._TEMPRANK;
MPRINT(EM_ASSESS):   SET WORK._TEMPRANK (WHERE = (_MEANP_ > .));
MPRINT(EM_ASSESS):   RUN;
MPRINT(EM_ASSESS):   proc datasets lib=work nolist;
MPRINT(EM_ASSESS):   delete _ea_tmpdata;
MPRINT(EM_ASSESS):   run;
MPRINT(EM_ASSESS):   quit;
MPRINT(EM_ASSESS):  ;
MPRINT(EM_ASSESS):   OPTION ERRORS = 20;
MPRINT(EM_DIAGRAM):  ;
MPRINT(EM_DIAGRAM):    data WORK._TEMPRANK;
MPRINT(EM_DIAGRAM):   length target $32 TARGETLABEL $200 dataRole $20;
MPRINT(EM_DIAGRAM):   label TARGETLABEL = "Target Label";
MPRINT(EM_DIAGRAM):   set WORK._TEMPRANK;
MPRINT(EM_DIAGRAM):   retain target "diagnosis";
MPRINT(EM_DIAGRAM):   retain dataRole "TRAIN";
MPRINT(EM_DIAGRAM):   run;
MPRINT(EM_DIAGRAM):   data EMWS1.Tree_EMRANK;
MPRINT(EM_DIAGRAM):   set WORK._TEMPRANK;
MPRINT(EM_DIAGRAM):   run;
MPRINT(EM_DIAGRAM):    data WORK._TEMPSCOREDIST;
MPRINT(EM_DIAGRAM):   length target $32 TARGETLABEL $200 dataRole $20;
MPRINT(EM_DIAGRAM):   label TARGETLABEL = "Target Label";
MPRINT(EM_DIAGRAM):   set WORK._TEMPSCOREDIST;
MPRINT(EM_DIAGRAM):   retain target "diagnosis";
MPRINT(EM_DIAGRAM):   retain dataRole "TRAIN";
MPRINT(EM_DIAGRAM):   run;
MPRINT(EM_DIAGRAM):   data EMWS1.Tree_EMSCOREDIST;
MPRINT(EM_DIAGRAM):   set WORK._TEMPSCOREDIST;
MPRINT(EM_DIAGRAM):   run;
103864     data EM_temp_assessMeta;
MPRINT(EM_DIAGRAM):    data EM_temp_assessMeta;
103865     set EMWS1.Tree_CMeta_TRAIN;
MPRINT(EM_DIAGRAM):   set EMWS1.Tree_CMeta_TRAIN;
103866     where role in('DECISION', 'PREDICT', 'RESIDUAL', 'CLASSIFICATION', 'ASSESS', 'COST');
MPRINT(EM_DIAGRAM):   where role in('DECISION', 'PREDICT', 'RESIDUAL', 'CLASSIFICATION', 'ASSESS', 'COST');
103867     run;
MPRINT(EM_DIAGRAM):   run;

NOTE: There were 12 observations read from the data set EMWS1.TREE_CMETA_TRAIN.
      WHERE role in ('ASSESS', 'CLASSIFICATION', 'COST', 'DECISION', 'PREDICT', 'RESIDUAL');
NOTE: The data set WORK.EM_TEMP_ASSESSMETA has 12 observations and 21 variables.
NOTE: DATA statement used (Total process time):
      real time           0.01 seconds
      cpu time            0.00 seconds
      

103868     data EM_temp_assessdata;
MPRINT(EM_DIAGRAM):    data EM_temp_assessdata;
103869     set EMWS1.Tree_VALIDATE(keep=
103870     F_diagnosis
103871     I_diagnosis
103872     P_diagnosisB
103873     P_diagnosisM
103874     Q_diagnosisB
103875     Q_diagnosisM
103876     R_diagnosisB
103877     R_diagnosisM
103878     U_diagnosis
103879     V_diagnosisB
103880     V_diagnosisM
103881     _WARN_
103882     diagnosis
103883     );
MPRINT(EM_DIAGRAM):   set EMWS1.Tree_VALIDATE(keep= F_diagnosis I_diagnosis P_diagnosisB P_diagnosisM Q_diagnosisB Q_diagnosisM R_diagnosisB R_diagnosisM U_diagnosis V_diagnosisB V_diagnosisM _WARN_ diagnosis );
103884     run;
MPRINT(EM_DIAGRAM):   run;

NOTE: Variable _WARN_ is uninitialized.
NOTE: View EMWS1.TREE_VALIDATE.VIEW used (Total process time):
      real time           0.04 seconds
      cpu time            0.04 seconds
      
NOTE: There were 173 observations read from the data set EMWS1.PART_VALIDATE.
NOTE: There were 173 observations read from the data set EMWS1.TREE_VALIDATE.
NOTE: The data set WORK.EM_TEMP_ASSESSDATA has 173 observations and 13 variables.
NOTE: DATA statement used (Total process time):
      real time           0.06 seconds
      cpu time            0.06 seconds
      

MPRINT(EM_DIAGRAM):    proc freq data=EM_temp_assessdata noprint;
MPRINT(EM_DIAGRAM):   table I_diagnosis*F_diagnosis / out = WORK.Tree_0LSE9X_ nocol norow outpct;
MPRINT(EM_DIAGRAM):   run;
MPRINT(EM_DIAGRAM):    data WORK.Tree_0LSE9X_;
MPRINT(EM_DIAGRAM):   length _TYPE_ $10 DATAROLE TARGET $32 TARGETLABEL $200 FROM INTO $32 CORRECTTEXT $40 ;
MPRINT(EM_DIAGRAM):   label _TYPE_ = "Outcome Type";
MPRINT(EM_DIAGRAM):   label DATAROLE = "Data Role";
MPRINT(EM_DIAGRAM):   label TARGET = "Target Variable";
MPRINT(EM_DIAGRAM):   label TARGETLABEL = "Target Label";
MPRINT(EM_DIAGRAM):   label FROM = "Target";
MPRINT(EM_DIAGRAM):   label INTO = "Outcome";
MPRINT(EM_DIAGRAM):   label PCT_ROW = "Target Percentage";
MPRINT(EM_DIAGRAM):   label PCT_COL = "Outcome Percentage";
MPRINT(EM_DIAGRAM):   label COUNT = "Frequency Count";
MPRINT(EM_DIAGRAM):   label PERCENT = "Total Percentage";
MPRINT(EM_DIAGRAM):   label CORRECTTEXT = "Correct Text";
MPRINT(EM_DIAGRAM):   label CORRECT = "Correct";
MPRINT(EM_DIAGRAM):   set WORK.Tree_0LSE9X_(rename=(F_diagnosis=FROM I_diagnosis=INTO));
MPRINT(EM_DIAGRAM):   retain _TYPE_ 'PREDICTION' DATAROLE "VALIDATE" TARGET "diagnosis";
MPRINT(EM_DIAGRAM):   if FROM eq INTO then do;
MPRINT(EM_DIAGRAM):   CORRECT = 0;
MPRINT(EM_DIAGRAM):   CORRECTTEXT="Correct";
MPRINT(EM_DIAGRAM):   end;
MPRINT(EM_DIAGRAM):   else do;
MPRINT(EM_DIAGRAM):   CORRECT = 1;
MPRINT(EM_DIAGRAM):   CORRECTTEXT="Incorrect";
MPRINT(EM_DIAGRAM):   end;
MPRINT(EM_DIAGRAM):   run;
MPRINT(EM_DIAGRAM):    data EMWS1.Tree_EMCLASSIFICATION;
MPRINT(EM_DIAGRAM):   set EMWS1.Tree_EMCLASSIFICATION WORK.Tree_0LSE9X_;
MPRINT(EM_DIAGRAM):   run;
MPRINT(EM_DIAGRAM):    data WORK.MISCREPORT;
MPRINT(EM_DIAGRAM):   set WORK.Tree_0LSE9X_;
MPRINT(EM_DIAGRAM):   run;
MPRINT(EM_DIAGRAM):    data WORK.MISCREPORT(drop=INTO FROM _TYPE_);
MPRINT(EM_DIAGRAM):   set WORK.MISCREPORT;
MPRINT(EM_DIAGRAM):   length MISC $12;
MPRINT(EM_DIAGRAM):   if FROM='M' and INTO='M' then MISC='TRUEEVENT';
MPRINT(EM_DIAGRAM):   else if FROM='M' and INTO ne 'M' then MISC='FALSENEVENT';
MPRINT(EM_DIAGRAM):   else if FROM ne 'M' and INTO='M' then MISC='FALSEEVENT';
MPRINT(EM_DIAGRAM):   else if FROM ne'M' and INTO ne 'M' then MISC='TRUENEVENT';
MPRINT(EM_DIAGRAM):   run;
MPRINT(EM_DIAGRAM):   proc sort data=WORK.MISCREPORT nothreads;
MPRINT(EM_DIAGRAM):   by DATAROLE TARGET;
MPRINT(EM_DIAGRAM):   run;
MPRINT(EM_DIAGRAM):   proc summary data=WORK.MISCREPORT NWAY;
MPRINT(EM_DIAGRAM):   output out=WORK.MISCCOUNT(drop=_FREQ_ _TYPE_) SUM=COUNT;
MPRINT(EM_DIAGRAM):   CLASS MISC;
MPRINT(EM_DIAGRAM):   VAR COUNT;
MPRINT(EM_DIAGRAM):   by DATAROLE TARGET;
MPRINT(EM_DIAGRAM):   run;
MPRINT(EM_DIAGRAM):   proc transpose data=WORK.MISCCOUNT out=WORK.MISCREPORT(drop=_NAME_ _LABEL_);
MPRINT(EM_DIAGRAM):   by DATAROLE TARGET;
MPRINT(EM_DIAGRAM):   ID MISC;
MPRINT(EM_DIAGRAM):   run;
MPRINT(EM_DIAGRAM):    data EMWS1.Tree_EMEVENTREPORT;
MPRINT(EM_DIAGRAM):   length TARGETLABEL $200;
MPRINT(EM_DIAGRAM):   label TARGETLABEL = "Target Label";
MPRINT(EM_DIAGRAM):   set EMWS1.Tree_EMEVENTREPORT WORK.MISCREPORT;
MPRINT(EM_DIAGRAM):   run;
MPRINT(EM_DIAGRAM):    data ASSESS_REPORTMETA;
MPRINT(EM_DIAGRAM):   set EMWS1.Tree_VariableSet;
MPRINT(EM_DIAGRAM):   where REPORT='Y';
MPRINT(EM_DIAGRAM):   run;
MPRINT(EM_DIAGRAM):   filename temp catalog 'sashelp.emassmt.em_assess.source';
MPRINT(EM_DIAGRAM):   filename temp;
MPRINT(EM_DIAGRAM):    data _null_;
MPRINT(EM_DIAGRAM):   set EMWS1.Tree_diagnosis_DM;
MPRINT(EM_DIAGRAM):   where _TYPE_="TARGET";
MPRINT(EM_DIAGRAM):   call symput('ASSMT_EVENT', strip(event));
MPRINT(EM_DIAGRAM):   run;
MPRINT(EM_DIAGRAM):   
MPRINT(EM_ASSESS):   data _ea_tmpdata;
MPRINT(EM_ASSESS):   set EM_temp_assessdata;
MPRINT(EM_ASSESS):   _tmpfreqvar_=1;
MPRINT(EM_ASSESS):   run;
MPRINT(EM_CHECKEMSETINIT):   DATA _NULL_;
MPRINT(EM_CHECKEMSETINIT):   EM_SETINIT = 'N';
MPRINT(EM_CHECKEMSETINIT):   IF SYSPROD('PRODNUM50') THEN EM_SETINIT = 'Y';
MPRINT(EM_CHECKEMSETINIT):   ELSE IF SYSPROD('PRODNUM448') THEN EM_SETINIT = 'Y';
MPRINT(EM_CHECKEMSETINIT):   ELSE IF SYSPROD('PRODNUM102') THEN EM_SETINIT = 'Y';
MPRINT(EM_CHECKEMSETINIT):   ELSE IF SYSPROD('PRODNUM103') THEN EM_SETINIT = 'Y';
MPRINT(EM_CHECKEMSETINIT):   CALL SYMPUT('EM_SETINIT', EM_SETINIT);
MPRINT(EM_CHECKEMSETINIT):   RUN;
MPRINT(EM_ASSESS):  ;
MPRINT(EM_ASSESS):   *;
MPRINT(EM_ASSESS):   * ............ Reading in reporting data set;
MPRINT(EM_ASSESS):   *;
MPRINT(EM_ASSESS):   DATA _NULL_;
MPRINT(EM_ASSESS):   SET ASSESS_REPORTMETA END = EOF;
MPRINT(EM_ASSESS):   IF TYPE = "C" OR UPCASE (LEVEL) IN ("NOMINAL", "BINARY" , "ORDINAL") THEN DO;
MPRINT(EM_ASSESS):   IF UPCASE (NAME) NE UPCASE ("F_diagnosis") THEN DO;
MPRINT(EM_ASSESS):   NUMCTOREPORT + 1;
MPRINT(EM_ASSESS):   CALL SYMPUTX ("REPORTC" || LEFT (PUT (NUMCTOREPORT, 5.)), NAME);
MPRINT(EM_ASSESS):   END;
MPRINT(EM_ASSESS):   ELSE CALL SYMPUTX ("RPRT_TRGT", "C");
MPRINT(EM_ASSESS):   END;
MPRINT(EM_ASSESS):   ELSE IF TYPE = "N" THEN DO;
MPRINT(EM_ASSESS):   IF UPCASE(NAME) NE UPCASE ("F_diagnosis") THEN DO;
MPRINT(EM_ASSESS):   NUMNTOREPORT + 1;
MPRINT(EM_ASSESS):   CALL SYMPUTX ("REPORTN" || LEFT (PUT (NUMNTOREPORT, 5.)), NAME);
MPRINT(EM_ASSESS):   END;
MPRINT(EM_ASSESS):   ELSE CALL SYMPUTX ("RPRT_TRGT", "N");
MPRINT(EM_ASSESS):   END;
MPRINT(EM_ASSESS):   IF EOF THEN DO;
MPRINT(EM_ASSESS):   CALL SYMPUTX ("NUMNTOREPORT", NUMNTOREPORT);
MPRINT(EM_ASSESS):   CALL SYMPUTX ("NUMCTOREPORT", NUMCTOREPORT);
MPRINT(EM_ASSESS):   CALL SYMPUTX ("NUMTOREPORT", SUM (NUMNTOREPORT, NUMCTOREPORT));
MPRINT(EM_ASSESS):   END;
MPRINT(EM_ASSESS):   RUN;
MPRINT(EM_ASSESS):   PROC DMDB DATA = _ea_tmpdata VAROUT = VAROUT DMDBCAT = _D CLASSOUT = _ASSMT_CLASSOUT;
MPRINT(EM_ASSESS):   CLASS F_diagnosis ;

MPRINT(EM_ASSESS):   VAR P_diagnosisM _tmpfreqvar_ ;
MPRINT(EM_ASSESS):   FREQ _tmpfreqvar_;
MPRINT(EM_ASSESS):   RUN ;
MPRINT(EM_ASSESS):   QUIT;
MPRINT(EM_ASSESS):   PROC SORT DATA = _ASSMT_CLASSOUT;
MPRINT(EM_ASSESS):   BY NAME;
MPRINT(EM_ASSESS):   RUN;
MPRINT(EM_ASSESS):   DATA _auxeventname (keep = __event__) ;
MPRINT(EM_ASSESS):   * ;
MPRINT(EM_ASSESS):   * ...FLAG0_1 = ..... TARGET IS 0, 1 & EVENT = 1;

MPRINT(EM_ASSESS):   ;
MPRINT(EM_ASSESS):   length __event__ $ 32;
MPRINT(EM_ASSESS):   RETAIN FLAG0_1 1 NUM1 . NUM0 . __event__ "_missing_" ;

MPRINT(EM_ASSESS):   SET _ASSMT_CLASSOUT END = EOF;
MPRINT(EM_ASSESS):   BY NAME;
MPRINT(EM_ASSESS):   *;
MPRINT(EM_ASSESS):   *;
MPRINT(EM_ASSESS):   * ....... LEVEL = BINARY OR NOMINAL OR ORDINAL;
MPRINT(EM_ASSESS):   *;
MPRINT(EM_ASSESS):   *;

MPRINT(EM_ASSESS):   IF UPCASE(NAME) = UPCASE ("F_diagnosis") THEN DO;
MPRINT(EM_ASSESS):   CUMFREQ + FREQUENCY;
MPRINT(EM_ASSESS):   IF LEVEL NE "." THEN DO;
MPRINT(EM_ASSESS):   N1 + 1;
MPRINT(EM_ASSESS):   IF (NRAW NE 0 AND NRAW NE 1) OR TYPE NE "N" OR "" > " " THEN FLAG0_1 = 0;
MPRINT(EM_ASSESS):   * ;
MPRINT(EM_ASSESS):   * ......................... IF EVENT NE BLANK;
MPRINT(EM_ASSESS):   * ....................LEVEL IS CHAR VAR ;
MPRINT(EM_ASSESS):   * ;
MPRINT(EM_ASSESS):   IF UPCASE("M") = UPCASE(LEVEL) THEN DO;
MPRINT(EM_ASSESS):   NUM1 = FREQUENCY;
MPRINT(EM_ASSESS):   IF TYPE = "C" THEN do;
MPRINT(EM_ASSESS):   CALL SYMPUTX ("EVENTVALUERAW", CRAW );
MPRINT(EM_ASSESS):   __event__ = craw;
MPRINT(EM_ASSESS):   end;
MPRINT(EM_ASSESS):   ELSE do;
MPRINT(EM_ASSESS):   CALL SYMPUTX ("EVENTVALUERAW", NRAW );
MPRINT(EM_ASSESS):   __event__ = nraw;
MPRINT(EM_ASSESS):   end;
MPRINT(EM_ASSESS):   END;
MPRINT(EM_ASSESS):   IF LAST.NAME THEN DO;

MPRINT(EM_ASSESS):   * ;
MPRINT(EM_ASSESS):   * .............. IN NOMINAL CASE, NEED TO GROUP ALL '0' ;
MPRINT(EM_ASSESS):   *;

MPRINT(EM_ASSESS):   NUM0 = SUM (CUMFREQ, - NUM1);
MPRINT(EM_ASSESS):   IF NUM0 < 0 THEN NUM0 = 0;
MPRINT(EM_ASSESS):   IF NUM1 = . THEN NUM1 = 0;
MPRINT(EM_ASSESS):   CALL SYMPUTX ("NUM0", NUM0 );
MPRINT(EM_ASSESS):   CALL SYMPUTX ("NUM1", NUM1);
MPRINT(EM_ASSESS):   CALL SYMPUTX ("PNUM1", NUM1 / CUMFREQ);
MPRINT(EM_ASSESS):   CALL SYMPUTX ("PNUM0", (CUMFREQ - NUM1) / CUMFREQ);
MPRINT(EM_ASSESS):   IF TYPE = "C" THEN DO;
MPRINT(EM_ASSESS):   FLAG0_1 = 0;
MPRINT(EM_ASSESS):   CALL SYMPUTX ("TARGETTYPE", "C" );
MPRINT(EM_ASSESS):   END;
MPRINT(EM_ASSESS):   ELSE IF TYPE = "N" THEN DO;
MPRINT(EM_ASSESS):   IF "" = " " THEN DO;
MPRINT(EM_ASSESS):   IF "M" NE "1" THEN FLAG0_1 = 0;
MPRINT(EM_ASSESS):   END;
MPRINT(EM_ASSESS):   CALL SYMPUTX ("TARGETTYPE", "N" );
MPRINT(EM_ASSESS):   END;
MPRINT(EM_ASSESS):   * ................... IF TYPE = N;
MPRINT(EM_ASSESS):   CALL SYMPUTX ("FLAG0_1", FLAG0_1 );
MPRINT(EM_ASSESS):   END;
MPRINT(EM_ASSESS):   * ..................IF LAST.NAME ;
MPRINT(EM_ASSESS):   END;
MPRINT(EM_ASSESS):   * ...............IF LEVEL NE '.' ;
MPRINT(EM_ASSESS):   END;
MPRINT(EM_ASSESS):   * .............. IF NAME = TARGET;
MPRINT(EM_ASSESS):   ELSE IF "" > " " AND UPCASE(NAME) = UPCASE("") THEN DO;
MPRINT(EM_ASSESS):   NUMDECISIONS + 1;
MPRINT(EM_ASSESS):   LEVEL = TRANSLATE (LEVEL, "_", "'", "_", '"');
MPRINT(EM_ASSESS):   CALL SYMPUTX ("D_LABEL" || LEFT (PUT (NUMDECISIONS, 3.)), LEVEL );
MPRINT(EM_ASSESS):   END;
MPRINT(EM_ASSESS):   * ..................... ELSE IF UPCASE;
MPRINT(EM_ASSESS):   IF EOF THEN DO;
MPRINT(EM_ASSESS):   output _auxeventname;
MPRINT(EM_ASSESS):   CALL SYMPUTX ("NUMOBS", CUMFREQ);
MPRINT(EM_ASSESS):   CALL SYMPUTX ("NUMDECISIONS", NUMDECISIONS);
MPRINT(EM_ASSESS):   END;
MPRINT(EM_ASSESS):   RUN;
MPRINT(EM_ASSESS):   DATA _NULL_;
MPRINT(EM_ASSESS):   SET VAROUT END = EOF;
MPRINT(EM_ASSESS):   IF UPCASE (NAME) = UPCASE ("P_diagnosisM") THEN DO;
MPRINT(EM_ASSESS):   IF N = 0 THEN DO;
MPRINT(EM_ASSESS):   PUT //// "          Warning: All posterior probabilities are missing values ";
MPRINT(EM_ASSESS):   PUT ///;
MPRINT(EM_ASSESS):   CALL SYMPUTX ("ALLMISS", 1);
MPRINT(EM_ASSESS):   STOP;
MPRINT(EM_ASSESS):   END;
MPRINT(EM_ASSESS):   ELSE CALL SYMPUTX ("ALLMISS", 0);
MPRINT(EM_ASSESS):   CALL SYMPUTX ("MINPROB", MIN);
MPRINT(EM_ASSESS):   CALL SYMPUTX ("MAXPROB", MAX);
MPRINT(EM_ASSESS):   CALL SYMPUTX ("DIFF", MAX - MIN);
MPRINT(EM_ASSESS):   CALL SYMPUTX ("NMISSPROB", NMISS);
MPRINT(EM_ASSESS):   END;
MPRINT(EM_ASSESS):   ELSE IF UPCASE (NAME) = UPCASE ("_tmpfreqvar_") THEN DO;
MPRINT(EM_ASSESS):   AUXMIN = MIN - INT (MIN);
MPRINT(EM_ASSESS):   AUXMAX = MAX - INT (MAX);
MPRINT(EM_ASSESS):   IF AUXMIN > 0 OR AUXMAX > 0 THEN CALL SYMPUTX ("USEWEIGHT", "Y");
MPRINT(EM_ASSESS):   ELSE CALL SYMPUTX ("USEWEIGHT", "N");
MPRINT(EM_ASSESS):   END;
MPRINT(EM_ASSESS):   RUN;
MPRINT(EM_ASSESS):   DATA _ANY0;
MPRINT(EM_ASSESS):   SET _ea_tmpdata (KEEP = F_diagnosis P_diagnosisM _tmpfreqvar_ );
MPRINT(EM_ASSESS):   *;
MPRINT(EM_ASSESS):   * ................... No Formats;
MPRINT(EM_ASSESS):   *;
MPRINT(EM_ASSESS):   IF LEFT ( F_diagnosis ) = "M" THEN NTARGET = 1;
MPRINT(EM_ASSESS):   ELSE NTARGET = 0;
MPRINT(EM_ASSESS):   RUN;
MPRINT(EM_ASSESS):   *;
MPRINT(EM_ASSESS):   * .............. Before proc summary of binary case;
MPRINT(EM_ASSESS):   *;
MPRINT(EM_ASSESS):   PROC SUMMARY DATA = _ANY0 (KEEP = P_diagnosisM NTARGET _tmpfreqvar_ WHERE = (NTARGET > . )) NWAY MISSING;
MPRINT(EM_ASSESS):   ;
MPRINT(EM_ASSESS):   CLASS P_diagnosisM ;
MPRINT(EM_ASSESS):   VAR NTARGET ;
MPRINT(EM_ASSESS):   FREQ _tmpfreqvar_ ;
MPRINT(EM_ASSESS):   OUTPUT OUT = ANYSUM (DROP = _TYPE_) MEAN = _MEANTARGET _MEANFREQVAR ;
MPRINT(EM_ASSESS):   RUN;
MPRINT(EM_ASSESS):   QUIT;
MPRINT(EM_ASSESS):   ;
MPRINT(EM_ASSESS):   *;
MPRINT(EM_ASSESS):   * .................... Main Data Set Processing, Binary case;
MPRINT(EM_ASSESS):   *;

MPRINT(EM_ASSESS):   DATA WORK._TEMPRANK (KEEP = BASECAPC BASECAP __EVENT__ BASEEVENTS BASEGAIN BASELIFT BASERESP BASERESPC BESTCAP BESTCAPC BESTGAIN BESTLIFT BESTLIFTC BESTNUMEVENTS BESTRESP BESTRESPC BIN CBASELIFT C_LIFT C_P_CAPT_RESP C_P_RESP GAIN LIFT 
MAXPROB MINPROB MNPROB NUMNONRESP NUMOBS NUMRESP PERCENTILE P_CAPT_RESP P_RESP ) WORK._TEMPSCOREDIST (KEEP = BIN LOWERPROB UPPERPROB EVENTVALUE SCR_NUMEVENTS MODELSCORE SCR_NUMNONEVENTS RANGE NUMOBSINGROUP PERCOBSINGROUP C_PERCOBSINGROUP SCR_P_EVENTS 
SCR_CP_EVENTS SCR_P_NONEVENTS SCR_CP_NONEVENTS SCR_MNPROB SCR_MINPROB SCR_MAXPROB ) ;

MPRINT(EM_ASSESS):   SET ANYSUM END = EOF;

MPRINT(EM_ASSESS):   IF _N_ = 1 THEN SET _AUXEVENTNAME;

MPRINT(EM_ASSESS):   RETAIN MINPROB1 - MINPROB20 1 MAXPROB1 - MAXPROB20 0 MNPROB1 - MNPROB20 0 NUMOBS1 - NUMOBS20 0 NUMRESP1 - NUMRESP20 0 TRUEPOS1 - TRUEPOS1000 0 TRUENEG1 - TRUENEG1000 0 FALSEPOS1 - FALSEPOS1000 0 FALSENEG1 - FALSENEG1000 0 EVENTS1 - 
EVENTS1000 NONEVENTS1 - NONEVENTS1000 0 FIRSTIN1 - FIRSTIN1000 . LASTIN1 - LASTIN1000 . RESPRATE 0.3757225434 _NEVENTS 65 _NNONEVENTS 108 TARGET "NTARGET" ;
MPRINT(EM_ASSESS):   ARRAY MINPROBS (20) MINPROB1 - MINPROB20;
MPRINT(EM_ASSESS):   ARRAY MAXPROBS (20) MAXPROB1 - MAXPROB20;
MPRINT(EM_ASSESS):   ARRAY MNPROBS (20) MNPROB1 - MNPROB20;
MPRINT(EM_ASSESS):   ARRAY NUMOBSS (20) NUMOBS1 - NUMOBS20;
MPRINT(EM_ASSESS):   ARRAY NUMRESPS (20) NUMRESP1 - NUMRESP20;
MPRINT(EM_ASSESS):   ARRAY TRUEPOSX (1000) TRUEPOS1 - TRUEPOS1000;
MPRINT(EM_ASSESS):   ARRAY FALSEPOSX (1000) FALSEPOS1 - FALSEPOS1000;
MPRINT(EM_ASSESS):   ARRAY FALSENEGX (1000) FALSENEG1 - FALSENEG1000;
MPRINT(EM_ASSESS):   ARRAY TRUENEGX (1000) TRUENEG1 - TRUENEG1000;
MPRINT(EM_ASSESS):   ARRAY _EVENTS (1000) EVENTS1 - EVENTS1000;
MPRINT(EM_ASSESS):   ARRAY NONEVENTS (1000) NONEVENTS1 - NONEVENTS1000;
MPRINT(EM_ASSESS):   ARRAY FIRSTIN (1000) FIRSTIN1 - FIRSTIN1000;
MPRINT(EM_ASSESS):   ARRAY LASTIN (1000) LASTIN1 - LASTIN1000;
MPRINT(EM_ASSESS):   RETAIN SCR_MNPROB1 - SCR_MNPROB1000 0 SCR_MINPROB1 - SCR_MINPROB1000 1 SCR_MAXPROB1 - SCR_MAXPROB1000 0;
MPRINT(EM_ASSESS):   ARRAY SCR_MNPROBS (1000) SCR_MNPROB1 - SCR_MNPROB1000;
MPRINT(EM_ASSESS):   ARRAY SCR_MINPROBS (1000) SCR_MINPROB1 - SCR_MINPROB1000;
MPRINT(EM_ASSESS):   ARRAY SCR_MAXPROBS (1000) SCR_MAXPROB1 - SCR_MAXPROB1000;
MPRINT(EM_ASSESS):   DROP SCR_MINPROB1 - SCR_MINPROB1000 SCR_MAXPROB1 - SCR_MAXPROB1000 SCR_MNPROB1 - SCR_MNPROB1000 ;
MPRINT(EM_ASSESS):   *;
MPRINT(EM_ASSESS):   * ...... Area For 8 Financials ;
MPRINT(EM_ASSESS):   *;
MPRINT(EM_ASSESS):   IF _MEANTARGET = . THEN _MEANTARGET = RESPRATE;
MPRINT(EM_ASSESS):   DROP N1 _K SUMWEIGHTS ;
MPRINT(EM_ASSESS):   SUMWEIGHTS = 1;

MPRINT(EM_ASSESS):   DO _K = 1 TO CEIL (_FREQ_);
MPRINT(EM_ASSESS):   IF _K = CEIL (_FREQ_) THEN DO;
MPRINT(EM_ASSESS):   IF _FREQ_ < CEIL (_FREQ_) THEN _WEIGHT = _FREQ_ - FLOOR (_FREQ_);
MPRINT(EM_ASSESS):   ELSE _WEIGHT = 1;
MPRINT(EM_ASSESS):   END;
MPRINT(EM_ASSESS):   ELSE _WEIGHT = 1;
MPRINT(EM_ASSESS):   N1 + _WEIGHT;
MPRINT(EM_ASSESS):   NTARGET = _MEANTARGET ;
MPRINT(EM_ASSESS):   DECILE = MIN (20, CEIL (N1 * 20 / 173));
MPRINT(EM_ASSESS):   MINPROBS ( DECILE) = MIN (MINPROBS ( DECILE), P_diagnosisM );
MPRINT(EM_ASSESS):   MAXPROBS ( DECILE) = MAX (MAXPROBS ( DECILE), P_diagnosisM );
MPRINT(EM_ASSESS):   MNPROBS ( DECILE) = SUM (MNPROBS ( DECILE), P_diagnosisM * _WEIGHT);
MPRINT(EM_ASSESS):   NUMOBSS ( DECILE) = NUMOBSS ( DECILE) + _WEIGHT;
MPRINT(EM_ASSESS):   NUMRESPS ( DECILE) = NUMRESPS ( DECILE) + _MEANTARGET * _WEIGHT;
MPRINT(EM_ASSESS):   END;
MPRINT(EM_ASSESS):   *;
MPRINT(EM_ASSESS):   * ........ outside of do loop, Area for final ROC;
MPRINT(EM_ASSESS):   *;
MPRINT(EM_ASSESS):   *;
MPRINT(EM_ASSESS):   RANKDELTA = (ROUND ( _FREQ_ ) + 1) / 2;
MPRINT(EM_ASSESS):   RANK = UNTIEDRANK + RANKDELTA;
MPRINT(EM_ASSESS):   DROP RANK ;
MPRINT(EM_ASSESS):   SUMRANK1 + RANK * ROUND (_MEANTARGET * _FREQ_, .0000001);
MPRINT(EM_ASSESS):   UNTIEDRANK + ROUND (_FREQ_, .00000001);
MPRINT(EM_ASSESS):   *;
MPRINT(EM_ASSESS):   * ............ Area For ROC Curve;
MPRINT(EM_ASSESS):   *;
MPRINT(EM_ASSESS):   DO _K = 1 TO 1000;
MPRINT(EM_ASSESS):   IF P_diagnosisM * 1000 >= _K THEN DO;
MPRINT(EM_ASSESS):   TRUEPOSX ( _K ) + _FREQ_ * _MEANTARGET ;
MPRINT(EM_ASSESS):   FALSEPOSX ( _K ) + _FREQ_ * (1 - _MEANTARGET) ;
MPRINT(EM_ASSESS):   END;
MPRINT(EM_ASSESS):   ELSE DO;
MPRINT(EM_ASSESS):   TRUENEGX ( _K ) + _FREQ_ * ( 1 - _MEANTARGET) ;
MPRINT(EM_ASSESS):   FALSENEGX ( _K ) + _FREQ_ * _MEANTARGET ;
MPRINT(EM_ASSESS):   END;
MPRINT(EM_ASSESS):   END;
MPRINT(EM_ASSESS):   SLOT = MIN (MAX (CEIL (P_diagnosisM * 100), 1), 100) ;
MPRINT(EM_ASSESS):   DROP SLOT;
MPRINT(EM_ASSESS):   FIRSTIN ( SLOT ) = MIN ( FIRSTIN ( SLOT ), P_diagnosisM);
MPRINT(EM_ASSESS):   LASTIN ( SLOT ) = MAX ( LASTIN ( SLOT ), P_diagnosisM);
MPRINT(EM_ASSESS):   _EVENTS ( SLOT) = _EVENTS ( SLOT) + _FREQ_ * _MEANTARGET;
MPRINT(EM_ASSESS):   NONEVENTS ( SLOT) = NONEVENTS ( SLOT) + _FREQ_ * (1 - _MEANTARGET);
MPRINT(EM_ASSESS):   *;
MPRINT(EM_ASSESS):   * ........ START OF OUTDIST IN BINARY CASE MAIN DATA STEP ;
MPRINT(EM_ASSESS):   *;
MPRINT(EM_ASSESS):   SCR_MNPROBS ( SLOT ) = SUM (SCR_MNPROBS (SLOT), P_diagnosisM * _FREQ_ );
MPRINT(EM_ASSESS):   SCR_MINPROBS ( SLOT ) = MIN (SCR_MINPROBS (SLOT), P_diagnosisM );
MPRINT(EM_ASSESS):   SCR_MAXPROBS ( SLOT ) = MAX (SCR_MAXPROBS (SLOT), P_diagnosisM );
MPRINT(EM_ASSESS):   *;
MPRINT(EM_ASSESS):   * ........ End of Outdist in Binary case main DATA STEP ;
MPRINT(EM_ASSESS):   *;
MPRINT(EM_ASSESS):   IF EOF THEN DO;
MPRINT(EM_ASSESS):   PUT //;
MPRINT(EM_ASSESS):   DO K = 1 TO 20;
MPRINT(EM_ASSESS):   END;
MPRINT(EM_ASSESS):   LENGTH EVENTVALUE $ 32;
MPRINT(EM_ASSESS):   RETAIN EVENTVALUE "M" ;
MPRINT(EM_ASSESS):   *;
MPRINT(EM_ASSESS):   * ......... Start of EOF area of BINARY processing of main data set ;
MPRINT(EM_ASSESS):   *;
MPRINT(EM_ASSESS):   *;
MPRINT(EM_ASSESS):   CALL SYMPUTX ("SUMRANK1", SUMRANK1);
MPRINT(EM_ASSESS):   LENGTH DATAROLE $ 10;
MPRINT(EM_ASSESS):   RETAIN DATAROLE "VALIDATE" ;
MPRINT(EM_ASSESS):   RETAIN OVLMIN 0.0126582278 OVLMAX 1 ;
MPRINT(EM_ASSESS):   DROP OVLMIN OVLMAX ;
MPRINT(EM_ASSESS):   C_NUMOBS = 0;
MPRINT(EM_ASSESS):   C_NUM_RESP = 0;
MPRINT(EM_ASSESS):   C_NUM_NONRESP = 0;
MPRINT(EM_ASSESS):   C_P_RESP = 0;
MPRINT(EM_ASSESS):   P_CAPT_RESP = 0;
MPRINT(EM_ASSESS):   C_P_CAPT_RESP = 0;
MPRINT(EM_ASSESS):   PREVIOUSPROFIT = 0;
MPRINT(EM_ASSESS):   MAXPROFIT = 0;
MPRINT(EM_ASSESS):   _KS_BIN_ = 0;
MPRINT(EM_ASSESS):   DROP _KS_BIN_;
MPRINT(EM_ASSESS):   AVGNUMRESP = _NEVENTS / 20;
MPRINT(EM_ASSESS):   BASERESP = 100 * RESPRATE;
MPRINT(EM_ASSESS):   BASERESPC = BASERESP;
MPRINT(EM_ASSESS):   BASECAP = 100 / 20;
MPRINT(EM_ASSESS):   *;
MPRINT(EM_ASSESS):   * ........................Start OF Gainschart = Outranks Area;
MPRINT(EM_ASSESS):   *;
MPRINT(EM_ASSESS):   _KS_BIN_PROB = 0;
MPRINT(EM_ASSESS):   numeventwhole = floor(_NEVENTS/20);
MPRINT(EM_ASSESS):   remainevent= _NEVENTS - (numeventwhole)*20;
MPRINT(EM_ASSESS):   drop numeventwhole remainevent;
MPRINT(EM_ASSESS):   DO GROUP = 20 TO 1 BY -1;

MPRINT(EM_ASSESS):   BASECAPC + BASECAP;
MPRINT(EM_ASSESS):   PERCENTILE = GROUP * (100 / 20);
MPRINT(EM_ASSESS):   MINPROB = MINPROBS ( GROUP);
MPRINT(EM_ASSESS):   MAXPROB = MAXPROBS ( GROUP);
MPRINT(EM_ASSESS):   CALL SYMPUTX ("MINPROB" || LEFT ( PUT (GROUP, 3.)), MINPROB);
MPRINT(EM_ASSESS):   CALL SYMPUTX ("MAXPROB" || LEFT ( PUT (GROUP, 3.)), MAXPROB);
MPRINT(EM_ASSESS):   NUMOBS = NUMOBSS ( GROUP);
MPRINT(EM_ASSESS):   IF NUMOBS > 0 THEN MNPROB = MNPROBS ( GROUP) / NUMOBS;
MPRINT(EM_ASSESS):   ELSE MNPROB = .;
MPRINT(EM_ASSESS):   C_NUMOBS = SUM (NUMOBS, C_NUMOBS);
MPRINT(EM_ASSESS):   NUMRESP = NUMRESPS ( GROUP);
MPRINT(EM_ASSESS):   NUMNONRESP = NUMOBS - NUMRESP;
MPRINT(EM_ASSESS):   C_AVGNUM_RESP + AVGNUMRESP;
MPRINT(EM_ASSESS):   BASEEVENTS = numeventwhole;
MPRINT(EM_ASSESS):   if GROUP > 20-remainevent then BASEEVENTS=BASEEVENTS + 1;
MPRINT(EM_ASSESS):   IF C_NUMOBS <= _NEVENTS THEN DO;
MPRINT(EM_ASSESS):   BESTNUMEVENTS = NUMOBS;
MPRINT(EM_ASSESS):   BESTCAPC = C_NUMOBS * 100 / _NEVENTS;
MPRINT(EM_ASSESS):   END;
MPRINT(EM_ASSESS):   ELSE DO;
MPRINT(EM_ASSESS):   FLAG + 1;
MPRINT(EM_ASSESS):   DROP FLAG;
MPRINT(EM_ASSESS):   BESTNUMEVENTS = _NEVENTS - C_NUMOBS + NUMOBS;
MPRINT(EM_ASSESS):   IF FLAG > 1 THEN BESTNUMEVENTS = 0;
MPRINT(EM_ASSESS):   BESTCAPC = 100;
MPRINT(EM_ASSESS):   END;
MPRINT(EM_ASSESS):   BESTCAP = BESTNUMEVENTS * 100 / _NEVENTS;
MPRINT(EM_ASSESS):   IF C_NUMOBS <= _NEVENTS THEN DO;
MPRINT(EM_ASSESS):   BESTLIFT = ((_NEVENTS+_NNONEVENTS) / 20) /AVGNUMRESP;
MPRINT(EM_ASSESS):   END;
MPRINT(EM_ASSESS):   ELSE DO;
MPRINT(EM_ASSESS):   BESTLIFT = BESTNUMEVENTS / AVGNUMRESP;
MPRINT(EM_ASSESS):   END;
MPRINT(EM_ASSESS):   C_BESTNUMEVENTS + BESTNUMEVENTS;
MPRINT(EM_ASSESS):   DROP C_BESTNUMEVENTS;
MPRINT(EM_ASSESS):   IF C_NUMOBS > 0 THEN BESTLIFTC = C_BESTNUMEVENTS / (_NEVENTS / 173 * C_NUMOBS);
MPRINT(EM_ASSESS):   ELSE BESTLIFTC = .;
MPRINT(EM_ASSESS):   IF NUMOBS > 0 THEN DO;
MPRINT(EM_ASSESS):   BESTRESP = BESTNUMEVENTS * 100 / NUMOBS;
MPRINT(EM_ASSESS):   P_RESP = NUMRESP * 100 / NUMOBS;
MPRINT(EM_ASSESS):   P_NONRESP = NUMNONRESP * 100 / NUMOBS;
MPRINT(EM_ASSESS):   END;
MPRINT(EM_ASSESS):   ELSE DO;
MPRINT(EM_ASSESS):   BESTRESP = .;
MPRINT(EM_ASSESS):   P_RESP = .;
MPRINT(EM_ASSESS):   P_NONRESP = .;
MPRINT(EM_ASSESS):   END;
MPRINT(EM_ASSESS):   IF C_NUMOBS > 0 THEN DO;
MPRINT(EM_ASSESS):   BESTRESPC = C_BESTNUMEVENTS * 100 / C_NUMOBS;
MPRINT(EM_ASSESS):   BESTGAIN = MAX (0, ((C_BESTNUMEVENTS / C_NUMOBS ) / ( AVGNUMRESP / (173/20)) - 1) * 100);
MPRINT(EM_ASSESS):   END;
MPRINT(EM_ASSESS):   ELSE DO;
MPRINT(EM_ASSESS):   BESTRESPC = .;
MPRINT(EM_ASSESS):   BESTGAIN = .;
MPRINT(EM_ASSESS):   END;
MPRINT(EM_ASSESS):   IF NUMNONRESP > 0 THEN ODDS = NUMRESP / NUMNONRESP;
MPRINT(EM_ASSESS):   ELSE ODDS = .;
MPRINT(EM_ASSESS):   C_NUM_RESP = SUM (C_NUM_RESP , NUMRESP );
MPRINT(EM_ASSESS):   C_NUM_NONRESP = SUM (C_NUM_NONRESP, NUMNONRESP );
MPRINT(EM_ASSESS):   IF C_NUM_NONRESP > 0 THEN C_ODDS = C_NUM_RESP / C_NUM_NONRESP;
MPRINT(EM_ASSESS):   ELSE C_ODDS = .;
MPRINT(EM_ASSESS):   IF C_NUMOBS > 0 THEN DO;
MPRINT(EM_ASSESS):   C_P_RESP = C_NUM_RESP * 100 / C_NUMOBS;
MPRINT(EM_ASSESS):   GAIN = ABS(100 * (((C_NUM_RESP / C_NUMOBS ) / (_NEVENTS / 173)) - 1));
MPRINT(EM_ASSESS):   BASEGAIN = 100 * (( (C_AVGNUM_RESP /((20-GROUP+1)* 173/20) ) / ( AVGNUMRESP / (173/20))) - 1);
MPRINT(EM_ASSESS):   END;
MPRINT(EM_ASSESS):   ELSE DO;
MPRINT(EM_ASSESS):   GAIN = .;
MPRINT(EM_ASSESS):   BASEGAIN = .;
MPRINT(EM_ASSESS):   C_P_RESP = .;
MPRINT(EM_ASSESS):   END;
MPRINT(EM_ASSESS):   IF BASEGAIN <= 0 THEN BASEGAIN = 0;
MPRINT(EM_ASSESS):   P_CAPT_RESP = NUMRESP * 100 / _NEVENTS;
MPRINT(EM_ASSESS):   P_CAPT_NONRESP = NUMNONRESP * 100 / ( 173 - _NEVENTS);
MPRINT(EM_ASSESS):   C_P_CAPT_RESP = C_NUM_RESP * 100 / _NEVENTS;
MPRINT(EM_ASSESS):   C_P_CAPT_NONRESP = C_NUM_NONRESP * 100 / ( 173 - _NEVENTS);
MPRINT(EM_ASSESS):   *;
MPRINT(EM_ASSESS):   * Area For Binned KS in Outranks area;
MPRINT(EM_ASSESS):   *;
MPRINT(EM_ASSESS):   _DIFFERENCE = C_P_CAPT_RESP - C_P_CAPT_NONRESP ;
MPRINT(EM_ASSESS):   IF _KS_BIN_ < _DIFFERENCE THEN DO;
MPRINT(EM_ASSESS):   _KS_BIN_ = _DIFFERENCE;
MPRINT(EM_ASSESS):   _KS_BIN_PROB = MINPROB + (MAXPROB - MINPROB) / 2 ;
MPRINT(EM_ASSESS):   END;
MPRINT(EM_ASSESS):   LIFT = P_RESP * .01 / RESPRATE ;
MPRINT(EM_ASSESS):   C_LIFT = C_P_RESP * .01 / RESPRATE;
MPRINT(EM_ASSESS):   IF NUMOBS > 0 THEN DO;
MPRINT(EM_ASSESS):   BASELIFT = AVGNUMRESP / ( RESPRATE * 173/20 );
MPRINT(EM_ASSESS):   END;
MPRINT(EM_ASSESS):   ELSE BASELIFT = .;
MPRINT(EM_ASSESS):   IF C_NUMOBS > 0 THEN CBASELIFT = C_AVGNUM_RESP / (RESPRATE * ((20-GROUP+1)* 173/20));
MPRINT(EM_ASSESS):   ELSE CBASELIFT = .;
MPRINT(EM_ASSESS):   *;
MPRINT(EM_ASSESS):   * ........ WITHIN DO LOOP FOR OUTRANKS;
MPRINT(EM_ASSESS):   *;
MPRINT(EM_ASSESS):   BIN = 20 + 1 - GROUP;
MPRINT(EM_ASSESS):   PERCENTILE = BIN * (100 / 20);
MPRINT(EM_ASSESS):   B_C_P_RESP = PERCENTILE;
MPRINT(EM_ASSESS):   OUTPUT WORK._TEMPRANK ;
MPRINT(EM_ASSESS):   END;
MPRINT(EM_ASSESS):   *;
MPRINT(EM_ASSESS):   * ........................ END OF GAINSCHART = OUTRANKS AREA;
MPRINT(EM_ASSESS):   *;
MPRINT(EM_ASSESS):   CALL SYMPUTX ("MAXPROFITGROUP" , MAXPROFITGROUP);
MPRINT(EM_ASSESS):   CALL SYMPUTX ("MAXPROFIT" , MAXPROFIT );
MPRINT(EM_ASSESS):   KS_ABSDIFF = 0 ;
MPRINT(EM_ASSESS):   MINPRECTPR = 9999;
MPRINT(EM_ASSESS):   Y0 = 1 - RESPRATE;
MPRINT(EM_ASSESS):   Y1 = RESPRATE;
MPRINT(EM_ASSESS):   MAXMUTUAL = 0;
MPRINT(EM_ASSESS):   DROP MAXMUTUAL KSPROB Y0 Y1 KS_ABSDIFF MINPRECTPR;
MPRINT(EM_ASSESS):   *;
MPRINT(EM_ASSESS):   *;
MPRINT(EM_ASSESS):   * .....................About to start Processing Outroc ;
MPRINT(EM_ASSESS):   *;
MPRINT(EM_ASSESS):   *;
MPRINT(EM_ASSESS):   *;
MPRINT(EM_ASSESS):   *;
MPRINT(EM_ASSESS):   * ........................... Finished Processing Outroc ;
MPRINT(EM_ASSESS):   *;
MPRINT(EM_ASSESS):   *;
MPRINT(EM_ASSESS):   *;
MPRINT(EM_ASSESS):   * .............. Outdist ;
MPRINT(EM_ASSESS):   *;
MPRINT(EM_ASSESS):   BIN = 20 ;
MPRINT(EM_ASSESS):   LOWERPROB = (BIN - 1) / 20;
MPRINT(EM_ASSESS):   UPPERPROB = LOWERPROB + (1 / 20);
MPRINT(EM_ASSESS):   MODELSCORE = LOWERPROB + (1 / 20) / 2;
MPRINT(EM_ASSESS):   RANGE = COMPRESS (PUT (LOWERPROB, 4.2) || "-" || PUT (UPPERPROB, 4.2));
MPRINT(EM_ASSESS):   SCR_NUMEVENTS = SUM ( OF EVENTS96 - EVENTS100 );
MPRINT(EM_ASSESS):   SCR_P_EVENTS = SCR_NUMEVENTS * 100 / _NEVENTS;
MPRINT(EM_ASSESS):   SCR_CP_EVENTS = SUM (SCR_P_EVENTS, SCR_CP_EVENTS);
MPRINT(EM_ASSESS):   SCR_NUMNONEVENTS = SUM ( OF NONEVENTS96 - NONEVENTS100);
MPRINT(EM_ASSESS):   NUMOBSINGROUP = SUM (SCR_NUMEVENTS, SCR_NUMNONEVENTS);
MPRINT(EM_ASSESS):   IF NUMOBSINGROUP > 0 THEN SCR_MNPROB = SUM (OF SCR_MNPROB96 - SCR_MNPROB100) / NUMOBSINGROUP;
MPRINT(EM_ASSESS):   ELSE SCR_MNPROB = .;
MPRINT(EM_ASSESS):   SCR_MINPROB = MIN (OF SCR_MINPROB96 - SCR_MINPROB100) ;
MPRINT(EM_ASSESS):   SCR_MAXPROB = MAX (OF SCR_MAXPROB96 - SCR_MAXPROB100) ;
MPRINT(EM_ASSESS):   IF SCR_MINPROB = 1 THEN SCR_MINPROB = .;
MPRINT(EM_ASSESS):   IF SCR_MAXPROB = 0 THEN SCR_MAXPROB = .;
MPRINT(EM_ASSESS):   SCR_P_NONEVENTS = SCR_NUMNONEVENTS * 100 / _NNONEVENTS;
MPRINT(EM_ASSESS):   SCR_CP_NONEVENTS = SUM (SCR_P_NONEVENTS, SCR_CP_NONEVENTS);
MPRINT(EM_ASSESS):   PERCOBSINGROUP = NUMOBSINGROUP * 100 / 173;
MPRINT(EM_ASSESS):   C_PERCOBSINGROUP = SUM (C_PERCOBSINGROUP, PERCOBSINGROUP);
MPRINT(EM_ASSESS):   CALL SYMPUTX ("SCR_MINPROB" || LEFT (PUT (BIN, 3.)), LOWERPROB);
MPRINT(EM_ASSESS):   CALL SYMPUTX ("SCR_MAXPROB" || LEFT (PUT (BIN, 3.)), UPPERPROB);
MPRINT(EM_ASSESS):   BIN = 20 + 1 - 20;
MPRINT(EM_ASSESS):   OUTPUT WORK._TEMPSCOREDIST;
MPRINT(EM_ASSESS):   BIN = 19 ;
MPRINT(EM_ASSESS):   LOWERPROB = (BIN - 1) / 20;
MPRINT(EM_ASSESS):   UPPERPROB = LOWERPROB + (1 / 20);
MPRINT(EM_ASSESS):   MODELSCORE = LOWERPROB + (1 / 20) / 2;
MPRINT(EM_ASSESS):   RANGE = COMPRESS (PUT (LOWERPROB, 4.2) || "-" || PUT (UPPERPROB, 4.2));
MPRINT(EM_ASSESS):   SCR_NUMEVENTS = SUM ( OF EVENTS91 - EVENTS95 );
MPRINT(EM_ASSESS):   SCR_P_EVENTS = SCR_NUMEVENTS * 100 / _NEVENTS;
MPRINT(EM_ASSESS):   SCR_CP_EVENTS = SUM (SCR_P_EVENTS, SCR_CP_EVENTS);
MPRINT(EM_ASSESS):   SCR_NUMNONEVENTS = SUM ( OF NONEVENTS91 - NONEVENTS95);
MPRINT(EM_ASSESS):   NUMOBSINGROUP = SUM (SCR_NUMEVENTS, SCR_NUMNONEVENTS);
MPRINT(EM_ASSESS):   IF NUMOBSINGROUP > 0 THEN SCR_MNPROB = SUM (OF SCR_MNPROB91 - SCR_MNPROB95) / NUMOBSINGROUP;
MPRINT(EM_ASSESS):   ELSE SCR_MNPROB = .;
MPRINT(EM_ASSESS):   SCR_MINPROB = MIN (OF SCR_MINPROB91 - SCR_MINPROB95) ;
MPRINT(EM_ASSESS):   SCR_MAXPROB = MAX (OF SCR_MAXPROB91 - SCR_MAXPROB95) ;
MPRINT(EM_ASSESS):   IF SCR_MINPROB = 1 THEN SCR_MINPROB = .;
MPRINT(EM_ASSESS):   IF SCR_MAXPROB = 0 THEN SCR_MAXPROB = .;
MPRINT(EM_ASSESS):   SCR_P_NONEVENTS = SCR_NUMNONEVENTS * 100 / _NNONEVENTS;
MPRINT(EM_ASSESS):   SCR_CP_NONEVENTS = SUM (SCR_P_NONEVENTS, SCR_CP_NONEVENTS);
MPRINT(EM_ASSESS):   PERCOBSINGROUP = NUMOBSINGROUP * 100 / 173;
MPRINT(EM_ASSESS):   C_PERCOBSINGROUP = SUM (C_PERCOBSINGROUP, PERCOBSINGROUP);
MPRINT(EM_ASSESS):   CALL SYMPUTX ("SCR_MINPROB" || LEFT (PUT (BIN, 3.)), LOWERPROB);
MPRINT(EM_ASSESS):   CALL SYMPUTX ("SCR_MAXPROB" || LEFT (PUT (BIN, 3.)), UPPERPROB);
MPRINT(EM_ASSESS):   BIN = 20 + 1 - 19;
MPRINT(EM_ASSESS):   OUTPUT WORK._TEMPSCOREDIST;
MPRINT(EM_ASSESS):   BIN = 18 ;
MPRINT(EM_ASSESS):   LOWERPROB = (BIN - 1) / 20;
MPRINT(EM_ASSESS):   UPPERPROB = LOWERPROB + (1 / 20);
MPRINT(EM_ASSESS):   MODELSCORE = LOWERPROB + (1 / 20) / 2;
MPRINT(EM_ASSESS):   RANGE = COMPRESS (PUT (LOWERPROB, 4.2) || "-" || PUT (UPPERPROB, 4.2));
MPRINT(EM_ASSESS):   SCR_NUMEVENTS = SUM ( OF EVENTS86 - EVENTS90 );
MPRINT(EM_ASSESS):   SCR_P_EVENTS = SCR_NUMEVENTS * 100 / _NEVENTS;
MPRINT(EM_ASSESS):   SCR_CP_EVENTS = SUM (SCR_P_EVENTS, SCR_CP_EVENTS);
MPRINT(EM_ASSESS):   SCR_NUMNONEVENTS = SUM ( OF NONEVENTS86 - NONEVENTS90);
MPRINT(EM_ASSESS):   NUMOBSINGROUP = SUM (SCR_NUMEVENTS, SCR_NUMNONEVENTS);
MPRINT(EM_ASSESS):   IF NUMOBSINGROUP > 0 THEN SCR_MNPROB = SUM (OF SCR_MNPROB86 - SCR_MNPROB90) / NUMOBSINGROUP;
MPRINT(EM_ASSESS):   ELSE SCR_MNPROB = .;
MPRINT(EM_ASSESS):   SCR_MINPROB = MIN (OF SCR_MINPROB86 - SCR_MINPROB90) ;
MPRINT(EM_ASSESS):   SCR_MAXPROB = MAX (OF SCR_MAXPROB86 - SCR_MAXPROB90) ;
MPRINT(EM_ASSESS):   IF SCR_MINPROB = 1 THEN SCR_MINPROB = .;
MPRINT(EM_ASSESS):   IF SCR_MAXPROB = 0 THEN SCR_MAXPROB = .;
MPRINT(EM_ASSESS):   SCR_P_NONEVENTS = SCR_NUMNONEVENTS * 100 / _NNONEVENTS;
MPRINT(EM_ASSESS):   SCR_CP_NONEVENTS = SUM (SCR_P_NONEVENTS, SCR_CP_NONEVENTS);
MPRINT(EM_ASSESS):   PERCOBSINGROUP = NUMOBSINGROUP * 100 / 173;
MPRINT(EM_ASSESS):   C_PERCOBSINGROUP = SUM (C_PERCOBSINGROUP, PERCOBSINGROUP);
MPRINT(EM_ASSESS):   CALL SYMPUTX ("SCR_MINPROB" || LEFT (PUT (BIN, 3.)), LOWERPROB);
MPRINT(EM_ASSESS):   CALL SYMPUTX ("SCR_MAXPROB" || LEFT (PUT (BIN, 3.)), UPPERPROB);
MPRINT(EM_ASSESS):   BIN = 20 + 1 - 18;
MPRINT(EM_ASSESS):   OUTPUT WORK._TEMPSCOREDIST;
MPRINT(EM_ASSESS):   BIN = 17 ;
MPRINT(EM_ASSESS):   LOWERPROB = (BIN - 1) / 20;
MPRINT(EM_ASSESS):   UPPERPROB = LOWERPROB + (1 / 20);
MPRINT(EM_ASSESS):   MODELSCORE = LOWERPROB + (1 / 20) / 2;
MPRINT(EM_ASSESS):   RANGE = COMPRESS (PUT (LOWERPROB, 4.2) || "-" || PUT (UPPERPROB, 4.2));
MPRINT(EM_ASSESS):   SCR_NUMEVENTS = SUM ( OF EVENTS81 - EVENTS85 );
MPRINT(EM_ASSESS):   SCR_P_EVENTS = SCR_NUMEVENTS * 100 / _NEVENTS;
MPRINT(EM_ASSESS):   SCR_CP_EVENTS = SUM (SCR_P_EVENTS, SCR_CP_EVENTS);
MPRINT(EM_ASSESS):   SCR_NUMNONEVENTS = SUM ( OF NONEVENTS81 - NONEVENTS85);
MPRINT(EM_ASSESS):   NUMOBSINGROUP = SUM (SCR_NUMEVENTS, SCR_NUMNONEVENTS);
MPRINT(EM_ASSESS):   IF NUMOBSINGROUP > 0 THEN SCR_MNPROB = SUM (OF SCR_MNPROB81 - SCR_MNPROB85) / NUMOBSINGROUP;
MPRINT(EM_ASSESS):   ELSE SCR_MNPROB = .;
MPRINT(EM_ASSESS):   SCR_MINPROB = MIN (OF SCR_MINPROB81 - SCR_MINPROB85) ;
MPRINT(EM_ASSESS):   SCR_MAXPROB = MAX (OF SCR_MAXPROB81 - SCR_MAXPROB85) ;
MPRINT(EM_ASSESS):   IF SCR_MINPROB = 1 THEN SCR_MINPROB = .;
MPRINT(EM_ASSESS):   IF SCR_MAXPROB = 0 THEN SCR_MAXPROB = .;
MPRINT(EM_ASSESS):   SCR_P_NONEVENTS = SCR_NUMNONEVENTS * 100 / _NNONEVENTS;
MPRINT(EM_ASSESS):   SCR_CP_NONEVENTS = SUM (SCR_P_NONEVENTS, SCR_CP_NONEVENTS);
MPRINT(EM_ASSESS):   PERCOBSINGROUP = NUMOBSINGROUP * 100 / 173;
MPRINT(EM_ASSESS):   C_PERCOBSINGROUP = SUM (C_PERCOBSINGROUP, PERCOBSINGROUP);
MPRINT(EM_ASSESS):   CALL SYMPUTX ("SCR_MINPROB" || LEFT (PUT (BIN, 3.)), LOWERPROB);
MPRINT(EM_ASSESS):   CALL SYMPUTX ("SCR_MAXPROB" || LEFT (PUT (BIN, 3.)), UPPERPROB);
MPRINT(EM_ASSESS):   BIN = 20 + 1 - 17;
MPRINT(EM_ASSESS):   OUTPUT WORK._TEMPSCOREDIST;
MPRINT(EM_ASSESS):   BIN = 16 ;
MPRINT(EM_ASSESS):   LOWERPROB = (BIN - 1) / 20;
MPRINT(EM_ASSESS):   UPPERPROB = LOWERPROB + (1 / 20);
MPRINT(EM_ASSESS):   MODELSCORE = LOWERPROB + (1 / 20) / 2;
MPRINT(EM_ASSESS):   RANGE = COMPRESS (PUT (LOWERPROB, 4.2) || "-" || PUT (UPPERPROB, 4.2));
MPRINT(EM_ASSESS):   SCR_NUMEVENTS = SUM ( OF EVENTS76 - EVENTS80 );
MPRINT(EM_ASSESS):   SCR_P_EVENTS = SCR_NUMEVENTS * 100 / _NEVENTS;
MPRINT(EM_ASSESS):   SCR_CP_EVENTS = SUM (SCR_P_EVENTS, SCR_CP_EVENTS);
MPRINT(EM_ASSESS):   SCR_NUMNONEVENTS = SUM ( OF NONEVENTS76 - NONEVENTS80);
MPRINT(EM_ASSESS):   NUMOBSINGROUP = SUM (SCR_NUMEVENTS, SCR_NUMNONEVENTS);
MPRINT(EM_ASSESS):   IF NUMOBSINGROUP > 0 THEN SCR_MNPROB = SUM (OF SCR_MNPROB76 - SCR_MNPROB80) / NUMOBSINGROUP;
MPRINT(EM_ASSESS):   ELSE SCR_MNPROB = .;
MPRINT(EM_ASSESS):   SCR_MINPROB = MIN (OF SCR_MINPROB76 - SCR_MINPROB80) ;
MPRINT(EM_ASSESS):   SCR_MAXPROB = MAX (OF SCR_MAXPROB76 - SCR_MAXPROB80) ;
MPRINT(EM_ASSESS):   IF SCR_MINPROB = 1 THEN SCR_MINPROB = .;
MPRINT(EM_ASSESS):   IF SCR_MAXPROB = 0 THEN SCR_MAXPROB = .;
MPRINT(EM_ASSESS):   SCR_P_NONEVENTS = SCR_NUMNONEVENTS * 100 / _NNONEVENTS;
MPRINT(EM_ASSESS):   SCR_CP_NONEVENTS = SUM (SCR_P_NONEVENTS, SCR_CP_NONEVENTS);
MPRINT(EM_ASSESS):   PERCOBSINGROUP = NUMOBSINGROUP * 100 / 173;
MPRINT(EM_ASSESS):   C_PERCOBSINGROUP = SUM (C_PERCOBSINGROUP, PERCOBSINGROUP);
MPRINT(EM_ASSESS):   CALL SYMPUTX ("SCR_MINPROB" || LEFT (PUT (BIN, 3.)), LOWERPROB);
MPRINT(EM_ASSESS):   CALL SYMPUTX ("SCR_MAXPROB" || LEFT (PUT (BIN, 3.)), UPPERPROB);
MPRINT(EM_ASSESS):   BIN = 20 + 1 - 16;
MPRINT(EM_ASSESS):   OUTPUT WORK._TEMPSCOREDIST;
MPRINT(EM_ASSESS):   BIN = 15 ;
MPRINT(EM_ASSESS):   LOWERPROB = (BIN - 1) / 20;
MPRINT(EM_ASSESS):   UPPERPROB = LOWERPROB + (1 / 20);
MPRINT(EM_ASSESS):   MODELSCORE = LOWERPROB + (1 / 20) / 2;
MPRINT(EM_ASSESS):   RANGE = COMPRESS (PUT (LOWERPROB, 4.2) || "-" || PUT (UPPERPROB, 4.2));
MPRINT(EM_ASSESS):   SCR_NUMEVENTS = SUM ( OF EVENTS71 - EVENTS75 );
MPRINT(EM_ASSESS):   SCR_P_EVENTS = SCR_NUMEVENTS * 100 / _NEVENTS;
MPRINT(EM_ASSESS):   SCR_CP_EVENTS = SUM (SCR_P_EVENTS, SCR_CP_EVENTS);
MPRINT(EM_ASSESS):   SCR_NUMNONEVENTS = SUM ( OF NONEVENTS71 - NONEVENTS75);
MPRINT(EM_ASSESS):   NUMOBSINGROUP = SUM (SCR_NUMEVENTS, SCR_NUMNONEVENTS);
MPRINT(EM_ASSESS):   IF NUMOBSINGROUP > 0 THEN SCR_MNPROB = SUM (OF SCR_MNPROB71 - SCR_MNPROB75) / NUMOBSINGROUP;
MPRINT(EM_ASSESS):   ELSE SCR_MNPROB = .;
MPRINT(EM_ASSESS):   SCR_MINPROB = MIN (OF SCR_MINPROB71 - SCR_MINPROB75) ;
MPRINT(EM_ASSESS):   SCR_MAXPROB = MAX (OF SCR_MAXPROB71 - SCR_MAXPROB75) ;
MPRINT(EM_ASSESS):   IF SCR_MINPROB = 1 THEN SCR_MINPROB = .;
MPRINT(EM_ASSESS):   IF SCR_MAXPROB = 0 THEN SCR_MAXPROB = .;
MPRINT(EM_ASSESS):   SCR_P_NONEVENTS = SCR_NUMNONEVENTS * 100 / _NNONEVENTS;
MPRINT(EM_ASSESS):   SCR_CP_NONEVENTS = SUM (SCR_P_NONEVENTS, SCR_CP_NONEVENTS);
MPRINT(EM_ASSESS):   PERCOBSINGROUP = NUMOBSINGROUP * 100 / 173;
MPRINT(EM_ASSESS):   C_PERCOBSINGROUP = SUM (C_PERCOBSINGROUP, PERCOBSINGROUP);
MPRINT(EM_ASSESS):   CALL SYMPUTX ("SCR_MINPROB" || LEFT (PUT (BIN, 3.)), LOWERPROB);
MPRINT(EM_ASSESS):   CALL SYMPUTX ("SCR_MAXPROB" || LEFT (PUT (BIN, 3.)), UPPERPROB);
MPRINT(EM_ASSESS):   BIN = 20 + 1 - 15;
MPRINT(EM_ASSESS):   OUTPUT WORK._TEMPSCOREDIST;
MPRINT(EM_ASSESS):   BIN = 14 ;
MPRINT(EM_ASSESS):   LOWERPROB = (BIN - 1) / 20;
MPRINT(EM_ASSESS):   UPPERPROB = LOWERPROB + (1 / 20);
MPRINT(EM_ASSESS):   MODELSCORE = LOWERPROB + (1 / 20) / 2;
MPRINT(EM_ASSESS):   RANGE = COMPRESS (PUT (LOWERPROB, 4.2) || "-" || PUT (UPPERPROB, 4.2));
MPRINT(EM_ASSESS):   SCR_NUMEVENTS = SUM ( OF EVENTS66 - EVENTS70 );
MPRINT(EM_ASSESS):   SCR_P_EVENTS = SCR_NUMEVENTS * 100 / _NEVENTS;
MPRINT(EM_ASSESS):   SCR_CP_EVENTS = SUM (SCR_P_EVENTS, SCR_CP_EVENTS);
MPRINT(EM_ASSESS):   SCR_NUMNONEVENTS = SUM ( OF NONEVENTS66 - NONEVENTS70);
MPRINT(EM_ASSESS):   NUMOBSINGROUP = SUM (SCR_NUMEVENTS, SCR_NUMNONEVENTS);
MPRINT(EM_ASSESS):   IF NUMOBSINGROUP > 0 THEN SCR_MNPROB = SUM (OF SCR_MNPROB66 - SCR_MNPROB70) / NUMOBSINGROUP;
MPRINT(EM_ASSESS):   ELSE SCR_MNPROB = .;
MPRINT(EM_ASSESS):   SCR_MINPROB = MIN (OF SCR_MINPROB66 - SCR_MINPROB70) ;
MPRINT(EM_ASSESS):   SCR_MAXPROB = MAX (OF SCR_MAXPROB66 - SCR_MAXPROB70) ;
MPRINT(EM_ASSESS):   IF SCR_MINPROB = 1 THEN SCR_MINPROB = .;
MPRINT(EM_ASSESS):   IF SCR_MAXPROB = 0 THEN SCR_MAXPROB = .;
MPRINT(EM_ASSESS):   SCR_P_NONEVENTS = SCR_NUMNONEVENTS * 100 / _NNONEVENTS;
MPRINT(EM_ASSESS):   SCR_CP_NONEVENTS = SUM (SCR_P_NONEVENTS, SCR_CP_NONEVENTS);
MPRINT(EM_ASSESS):   PERCOBSINGROUP = NUMOBSINGROUP * 100 / 173;
MPRINT(EM_ASSESS):   C_PERCOBSINGROUP = SUM (C_PERCOBSINGROUP, PERCOBSINGROUP);
MPRINT(EM_ASSESS):   CALL SYMPUTX ("SCR_MINPROB" || LEFT (PUT (BIN, 3.)), LOWERPROB);
MPRINT(EM_ASSESS):   CALL SYMPUTX ("SCR_MAXPROB" || LEFT (PUT (BIN, 3.)), UPPERPROB);
MPRINT(EM_ASSESS):   BIN = 20 + 1 - 14;
MPRINT(EM_ASSESS):   OUTPUT WORK._TEMPSCOREDIST;
MPRINT(EM_ASSESS):   BIN = 13 ;
MPRINT(EM_ASSESS):   LOWERPROB = (BIN - 1) / 20;
MPRINT(EM_ASSESS):   UPPERPROB = LOWERPROB + (1 / 20);
MPRINT(EM_ASSESS):   MODELSCORE = LOWERPROB + (1 / 20) / 2;
MPRINT(EM_ASSESS):   RANGE = COMPRESS (PUT (LOWERPROB, 4.2) || "-" || PUT (UPPERPROB, 4.2));
MPRINT(EM_ASSESS):   SCR_NUMEVENTS = SUM ( OF EVENTS61 - EVENTS65 );
MPRINT(EM_ASSESS):   SCR_P_EVENTS = SCR_NUMEVENTS * 100 / _NEVENTS;
MPRINT(EM_ASSESS):   SCR_CP_EVENTS = SUM (SCR_P_EVENTS, SCR_CP_EVENTS);
MPRINT(EM_ASSESS):   SCR_NUMNONEVENTS = SUM ( OF NONEVENTS61 - NONEVENTS65);
MPRINT(EM_ASSESS):   NUMOBSINGROUP = SUM (SCR_NUMEVENTS, SCR_NUMNONEVENTS);
MPRINT(EM_ASSESS):   IF NUMOBSINGROUP > 0 THEN SCR_MNPROB = SUM (OF SCR_MNPROB61 - SCR_MNPROB65) / NUMOBSINGROUP;
MPRINT(EM_ASSESS):   ELSE SCR_MNPROB = .;
MPRINT(EM_ASSESS):   SCR_MINPROB = MIN (OF SCR_MINPROB61 - SCR_MINPROB65) ;
MPRINT(EM_ASSESS):   SCR_MAXPROB = MAX (OF SCR_MAXPROB61 - SCR_MAXPROB65) ;
MPRINT(EM_ASSESS):   IF SCR_MINPROB = 1 THEN SCR_MINPROB = .;
MPRINT(EM_ASSESS):   IF SCR_MAXPROB = 0 THEN SCR_MAXPROB = .;
MPRINT(EM_ASSESS):   SCR_P_NONEVENTS = SCR_NUMNONEVENTS * 100 / _NNONEVENTS;
MPRINT(EM_ASSESS):   SCR_CP_NONEVENTS = SUM (SCR_P_NONEVENTS, SCR_CP_NONEVENTS);
MPRINT(EM_ASSESS):   PERCOBSINGROUP = NUMOBSINGROUP * 100 / 173;
MPRINT(EM_ASSESS):   C_PERCOBSINGROUP = SUM (C_PERCOBSINGROUP, PERCOBSINGROUP);
MPRINT(EM_ASSESS):   CALL SYMPUTX ("SCR_MINPROB" || LEFT (PUT (BIN, 3.)), LOWERPROB);
MPRINT(EM_ASSESS):   CALL SYMPUTX ("SCR_MAXPROB" || LEFT (PUT (BIN, 3.)), UPPERPROB);
MPRINT(EM_ASSESS):   BIN = 20 + 1 - 13;
MPRINT(EM_ASSESS):   OUTPUT WORK._TEMPSCOREDIST;
MPRINT(EM_ASSESS):   BIN = 12 ;
MPRINT(EM_ASSESS):   LOWERPROB = (BIN - 1) / 20;
MPRINT(EM_ASSESS):   UPPERPROB = LOWERPROB + (1 / 20);
MPRINT(EM_ASSESS):   MODELSCORE = LOWERPROB + (1 / 20) / 2;
MPRINT(EM_ASSESS):   RANGE = COMPRESS (PUT (LOWERPROB, 4.2) || "-" || PUT (UPPERPROB, 4.2));
MPRINT(EM_ASSESS):   SCR_NUMEVENTS = SUM ( OF EVENTS56 - EVENTS60 );
MPRINT(EM_ASSESS):   SCR_P_EVENTS = SCR_NUMEVENTS * 100 / _NEVENTS;
MPRINT(EM_ASSESS):   SCR_CP_EVENTS = SUM (SCR_P_EVENTS, SCR_CP_EVENTS);
MPRINT(EM_ASSESS):   SCR_NUMNONEVENTS = SUM ( OF NONEVENTS56 - NONEVENTS60);
MPRINT(EM_ASSESS):   NUMOBSINGROUP = SUM (SCR_NUMEVENTS, SCR_NUMNONEVENTS);
MPRINT(EM_ASSESS):   IF NUMOBSINGROUP > 0 THEN SCR_MNPROB = SUM (OF SCR_MNPROB56 - SCR_MNPROB60) / NUMOBSINGROUP;
MPRINT(EM_ASSESS):   ELSE SCR_MNPROB = .;
MPRINT(EM_ASSESS):   SCR_MINPROB = MIN (OF SCR_MINPROB56 - SCR_MINPROB60) ;
MPRINT(EM_ASSESS):   SCR_MAXPROB = MAX (OF SCR_MAXPROB56 - SCR_MAXPROB60) ;
MPRINT(EM_ASSESS):   IF SCR_MINPROB = 1 THEN SCR_MINPROB = .;
MPRINT(EM_ASSESS):   IF SCR_MAXPROB = 0 THEN SCR_MAXPROB = .;
MPRINT(EM_ASSESS):   SCR_P_NONEVENTS = SCR_NUMNONEVENTS * 100 / _NNONEVENTS;
MPRINT(EM_ASSESS):   SCR_CP_NONEVENTS = SUM (SCR_P_NONEVENTS, SCR_CP_NONEVENTS);
MPRINT(EM_ASSESS):   PERCOBSINGROUP = NUMOBSINGROUP * 100 / 173;
MPRINT(EM_ASSESS):   C_PERCOBSINGROUP = SUM (C_PERCOBSINGROUP, PERCOBSINGROUP);
MPRINT(EM_ASSESS):   CALL SYMPUTX ("SCR_MINPROB" || LEFT (PUT (BIN, 3.)), LOWERPROB);
MPRINT(EM_ASSESS):   CALL SYMPUTX ("SCR_MAXPROB" || LEFT (PUT (BIN, 3.)), UPPERPROB);
MPRINT(EM_ASSESS):   BIN = 20 + 1 - 12;
MPRINT(EM_ASSESS):   OUTPUT WORK._TEMPSCOREDIST;
MPRINT(EM_ASSESS):   BIN = 11 ;
MPRINT(EM_ASSESS):   LOWERPROB = (BIN - 1) / 20;
MPRINT(EM_ASSESS):   UPPERPROB = LOWERPROB + (1 / 20);
MPRINT(EM_ASSESS):   MODELSCORE = LOWERPROB + (1 / 20) / 2;
MPRINT(EM_ASSESS):   RANGE = COMPRESS (PUT (LOWERPROB, 4.2) || "-" || PUT (UPPERPROB, 4.2));
MPRINT(EM_ASSESS):   SCR_NUMEVENTS = SUM ( OF EVENTS51 - EVENTS55 );
MPRINT(EM_ASSESS):   SCR_P_EVENTS = SCR_NUMEVENTS * 100 / _NEVENTS;
MPRINT(EM_ASSESS):   SCR_CP_EVENTS = SUM (SCR_P_EVENTS, SCR_CP_EVENTS);
MPRINT(EM_ASSESS):   SCR_NUMNONEVENTS = SUM ( OF NONEVENTS51 - NONEVENTS55);
MPRINT(EM_ASSESS):   NUMOBSINGROUP = SUM (SCR_NUMEVENTS, SCR_NUMNONEVENTS);
MPRINT(EM_ASSESS):   IF NUMOBSINGROUP > 0 THEN SCR_MNPROB = SUM (OF SCR_MNPROB51 - SCR_MNPROB55) / NUMOBSINGROUP;
MPRINT(EM_ASSESS):   ELSE SCR_MNPROB = .;
MPRINT(EM_ASSESS):   SCR_MINPROB = MIN (OF SCR_MINPROB51 - SCR_MINPROB55) ;
MPRINT(EM_ASSESS):   SCR_MAXPROB = MAX (OF SCR_MAXPROB51 - SCR_MAXPROB55) ;
MPRINT(EM_ASSESS):   IF SCR_MINPROB = 1 THEN SCR_MINPROB = .;
MPRINT(EM_ASSESS):   IF SCR_MAXPROB = 0 THEN SCR_MAXPROB = .;
MPRINT(EM_ASSESS):   SCR_P_NONEVENTS = SCR_NUMNONEVENTS * 100 / _NNONEVENTS;
MPRINT(EM_ASSESS):   SCR_CP_NONEVENTS = SUM (SCR_P_NONEVENTS, SCR_CP_NONEVENTS);
MPRINT(EM_ASSESS):   PERCOBSINGROUP = NUMOBSINGROUP * 100 / 173;
MPRINT(EM_ASSESS):   C_PERCOBSINGROUP = SUM (C_PERCOBSINGROUP, PERCOBSINGROUP);
MPRINT(EM_ASSESS):   CALL SYMPUTX ("SCR_MINPROB" || LEFT (PUT (BIN, 3.)), LOWERPROB);
MPRINT(EM_ASSESS):   CALL SYMPUTX ("SCR_MAXPROB" || LEFT (PUT (BIN, 3.)), UPPERPROB);
MPRINT(EM_ASSESS):   BIN = 20 + 1 - 11;
MPRINT(EM_ASSESS):   OUTPUT WORK._TEMPSCOREDIST;
MPRINT(EM_ASSESS):   BIN = 10 ;
MPRINT(EM_ASSESS):   LOWERPROB = (BIN - 1) / 20;
MPRINT(EM_ASSESS):   UPPERPROB = LOWERPROB + (1 / 20);
MPRINT(EM_ASSESS):   MODELSCORE = LOWERPROB + (1 / 20) / 2;
MPRINT(EM_ASSESS):   RANGE = COMPRESS (PUT (LOWERPROB, 4.2) || "-" || PUT (UPPERPROB, 4.2));
MPRINT(EM_ASSESS):   SCR_NUMEVENTS = SUM ( OF EVENTS46 - EVENTS50 );
MPRINT(EM_ASSESS):   SCR_P_EVENTS = SCR_NUMEVENTS * 100 / _NEVENTS;
MPRINT(EM_ASSESS):   SCR_CP_EVENTS = SUM (SCR_P_EVENTS, SCR_CP_EVENTS);
MPRINT(EM_ASSESS):   SCR_NUMNONEVENTS = SUM ( OF NONEVENTS46 - NONEVENTS50);
MPRINT(EM_ASSESS):   NUMOBSINGROUP = SUM (SCR_NUMEVENTS, SCR_NUMNONEVENTS);
MPRINT(EM_ASSESS):   IF NUMOBSINGROUP > 0 THEN SCR_MNPROB = SUM (OF SCR_MNPROB46 - SCR_MNPROB50) / NUMOBSINGROUP;
MPRINT(EM_ASSESS):   ELSE SCR_MNPROB = .;
MPRINT(EM_ASSESS):   SCR_MINPROB = MIN (OF SCR_MINPROB46 - SCR_MINPROB50) ;
MPRINT(EM_ASSESS):   SCR_MAXPROB = MAX (OF SCR_MAXPROB46 - SCR_MAXPROB50) ;
MPRINT(EM_ASSESS):   IF SCR_MINPROB = 1 THEN SCR_MINPROB = .;
MPRINT(EM_ASSESS):   IF SCR_MAXPROB = 0 THEN SCR_MAXPROB = .;
MPRINT(EM_ASSESS):   SCR_P_NONEVENTS = SCR_NUMNONEVENTS * 100 / _NNONEVENTS;
MPRINT(EM_ASSESS):   SCR_CP_NONEVENTS = SUM (SCR_P_NONEVENTS, SCR_CP_NONEVENTS);
MPRINT(EM_ASSESS):   PERCOBSINGROUP = NUMOBSINGROUP * 100 / 173;
MPRINT(EM_ASSESS):   C_PERCOBSINGROUP = SUM (C_PERCOBSINGROUP, PERCOBSINGROUP);
MPRINT(EM_ASSESS):   CALL SYMPUTX ("SCR_MINPROB" || LEFT (PUT (BIN, 3.)), LOWERPROB);
MPRINT(EM_ASSESS):   CALL SYMPUTX ("SCR_MAXPROB" || LEFT (PUT (BIN, 3.)), UPPERPROB);
MPRINT(EM_ASSESS):   BIN = 20 + 1 - 10;
MPRINT(EM_ASSESS):   OUTPUT WORK._TEMPSCOREDIST;
MPRINT(EM_ASSESS):   BIN = 9 ;
MPRINT(EM_ASSESS):   LOWERPROB = (BIN - 1) / 20;
MPRINT(EM_ASSESS):   UPPERPROB = LOWERPROB + (1 / 20);
MPRINT(EM_ASSESS):   MODELSCORE = LOWERPROB + (1 / 20) / 2;
MPRINT(EM_ASSESS):   RANGE = COMPRESS (PUT (LOWERPROB, 4.2) || "-" || PUT (UPPERPROB, 4.2));
MPRINT(EM_ASSESS):   SCR_NUMEVENTS = SUM ( OF EVENTS41 - EVENTS45 );
MPRINT(EM_ASSESS):   SCR_P_EVENTS = SCR_NUMEVENTS * 100 / _NEVENTS;
MPRINT(EM_ASSESS):   SCR_CP_EVENTS = SUM (SCR_P_EVENTS, SCR_CP_EVENTS);
MPRINT(EM_ASSESS):   SCR_NUMNONEVENTS = SUM ( OF NONEVENTS41 - NONEVENTS45);
MPRINT(EM_ASSESS):   NUMOBSINGROUP = SUM (SCR_NUMEVENTS, SCR_NUMNONEVENTS);
MPRINT(EM_ASSESS):   IF NUMOBSINGROUP > 0 THEN SCR_MNPROB = SUM (OF SCR_MNPROB41 - SCR_MNPROB45) / NUMOBSINGROUP;
MPRINT(EM_ASSESS):   ELSE SCR_MNPROB = .;
MPRINT(EM_ASSESS):   SCR_MINPROB = MIN (OF SCR_MINPROB41 - SCR_MINPROB45) ;
MPRINT(EM_ASSESS):   SCR_MAXPROB = MAX (OF SCR_MAXPROB41 - SCR_MAXPROB45) ;
MPRINT(EM_ASSESS):   IF SCR_MINPROB = 1 THEN SCR_MINPROB = .;
MPRINT(EM_ASSESS):   IF SCR_MAXPROB = 0 THEN SCR_MAXPROB = .;
MPRINT(EM_ASSESS):   SCR_P_NONEVENTS = SCR_NUMNONEVENTS * 100 / _NNONEVENTS;
MPRINT(EM_ASSESS):   SCR_CP_NONEVENTS = SUM (SCR_P_NONEVENTS, SCR_CP_NONEVENTS);
MPRINT(EM_ASSESS):   PERCOBSINGROUP = NUMOBSINGROUP * 100 / 173;
MPRINT(EM_ASSESS):   C_PERCOBSINGROUP = SUM (C_PERCOBSINGROUP, PERCOBSINGROUP);
MPRINT(EM_ASSESS):   CALL SYMPUTX ("SCR_MINPROB" || LEFT (PUT (BIN, 3.)), LOWERPROB);
MPRINT(EM_ASSESS):   CALL SYMPUTX ("SCR_MAXPROB" || LEFT (PUT (BIN, 3.)), UPPERPROB);
MPRINT(EM_ASSESS):   BIN = 20 + 1 - 9;
MPRINT(EM_ASSESS):   OUTPUT WORK._TEMPSCOREDIST;
MPRINT(EM_ASSESS):   BIN = 8 ;
MPRINT(EM_ASSESS):   LOWERPROB = (BIN - 1) / 20;
MPRINT(EM_ASSESS):   UPPERPROB = LOWERPROB + (1 / 20);
MPRINT(EM_ASSESS):   MODELSCORE = LOWERPROB + (1 / 20) / 2;
MPRINT(EM_ASSESS):   RANGE = COMPRESS (PUT (LOWERPROB, 4.2) || "-" || PUT (UPPERPROB, 4.2));
MPRINT(EM_ASSESS):   SCR_NUMEVENTS = SUM ( OF EVENTS36 - EVENTS40 );
MPRINT(EM_ASSESS):   SCR_P_EVENTS = SCR_NUMEVENTS * 100 / _NEVENTS;
MPRINT(EM_ASSESS):   SCR_CP_EVENTS = SUM (SCR_P_EVENTS, SCR_CP_EVENTS);
MPRINT(EM_ASSESS):   SCR_NUMNONEVENTS = SUM ( OF NONEVENTS36 - NONEVENTS40);
MPRINT(EM_ASSESS):   NUMOBSINGROUP = SUM (SCR_NUMEVENTS, SCR_NUMNONEVENTS);
MPRINT(EM_ASSESS):   IF NUMOBSINGROUP > 0 THEN SCR_MNPROB = SUM (OF SCR_MNPROB36 - SCR_MNPROB40) / NUMOBSINGROUP;
MPRINT(EM_ASSESS):   ELSE SCR_MNPROB = .;
MPRINT(EM_ASSESS):   SCR_MINPROB = MIN (OF SCR_MINPROB36 - SCR_MINPROB40) ;
MPRINT(EM_ASSESS):   SCR_MAXPROB = MAX (OF SCR_MAXPROB36 - SCR_MAXPROB40) ;
MPRINT(EM_ASSESS):   IF SCR_MINPROB = 1 THEN SCR_MINPROB = .;
MPRINT(EM_ASSESS):   IF SCR_MAXPROB = 0 THEN SCR_MAXPROB = .;
MPRINT(EM_ASSESS):   SCR_P_NONEVENTS = SCR_NUMNONEVENTS * 100 / _NNONEVENTS;
MPRINT(EM_ASSESS):   SCR_CP_NONEVENTS = SUM (SCR_P_NONEVENTS, SCR_CP_NONEVENTS);
MPRINT(EM_ASSESS):   PERCOBSINGROUP = NUMOBSINGROUP * 100 / 173;
MPRINT(EM_ASSESS):   C_PERCOBSINGROUP = SUM (C_PERCOBSINGROUP, PERCOBSINGROUP);
MPRINT(EM_ASSESS):   CALL SYMPUTX ("SCR_MINPROB" || LEFT (PUT (BIN, 3.)), LOWERPROB);
MPRINT(EM_ASSESS):   CALL SYMPUTX ("SCR_MAXPROB" || LEFT (PUT (BIN, 3.)), UPPERPROB);
MPRINT(EM_ASSESS):   BIN = 20 + 1 - 8;
MPRINT(EM_ASSESS):   OUTPUT WORK._TEMPSCOREDIST;
MPRINT(EM_ASSESS):   BIN = 7 ;
MPRINT(EM_ASSESS):   LOWERPROB = (BIN - 1) / 20;
MPRINT(EM_ASSESS):   UPPERPROB = LOWERPROB + (1 / 20);
MPRINT(EM_ASSESS):   MODELSCORE = LOWERPROB + (1 / 20) / 2;
MPRINT(EM_ASSESS):   RANGE = COMPRESS (PUT (LOWERPROB, 4.2) || "-" || PUT (UPPERPROB, 4.2));
MPRINT(EM_ASSESS):   SCR_NUMEVENTS = SUM ( OF EVENTS31 - EVENTS35 );
MPRINT(EM_ASSESS):   SCR_P_EVENTS = SCR_NUMEVENTS * 100 / _NEVENTS;
MPRINT(EM_ASSESS):   SCR_CP_EVENTS = SUM (SCR_P_EVENTS, SCR_CP_EVENTS);
MPRINT(EM_ASSESS):   SCR_NUMNONEVENTS = SUM ( OF NONEVENTS31 - NONEVENTS35);
MPRINT(EM_ASSESS):   NUMOBSINGROUP = SUM (SCR_NUMEVENTS, SCR_NUMNONEVENTS);
MPRINT(EM_ASSESS):   IF NUMOBSINGROUP > 0 THEN SCR_MNPROB = SUM (OF SCR_MNPROB31 - SCR_MNPROB35) / NUMOBSINGROUP;
MPRINT(EM_ASSESS):   ELSE SCR_MNPROB = .;
MPRINT(EM_ASSESS):   SCR_MINPROB = MIN (OF SCR_MINPROB31 - SCR_MINPROB35) ;
MPRINT(EM_ASSESS):   SCR_MAXPROB = MAX (OF SCR_MAXPROB31 - SCR_MAXPROB35) ;
MPRINT(EM_ASSESS):   IF SCR_MINPROB = 1 THEN SCR_MINPROB = .;
MPRINT(EM_ASSESS):   IF SCR_MAXPROB = 0 THEN SCR_MAXPROB = .;
MPRINT(EM_ASSESS):   SCR_P_NONEVENTS = SCR_NUMNONEVENTS * 100 / _NNONEVENTS;
MPRINT(EM_ASSESS):   SCR_CP_NONEVENTS = SUM (SCR_P_NONEVENTS, SCR_CP_NONEVENTS);
MPRINT(EM_ASSESS):   PERCOBSINGROUP = NUMOBSINGROUP * 100 / 173;
MPRINT(EM_ASSESS):   C_PERCOBSINGROUP = SUM (C_PERCOBSINGROUP, PERCOBSINGROUP);
MPRINT(EM_ASSESS):   CALL SYMPUTX ("SCR_MINPROB" || LEFT (PUT (BIN, 3.)), LOWERPROB);
MPRINT(EM_ASSESS):   CALL SYMPUTX ("SCR_MAXPROB" || LEFT (PUT (BIN, 3.)), UPPERPROB);
MPRINT(EM_ASSESS):   BIN = 20 + 1 - 7;
MPRINT(EM_ASSESS):   OUTPUT WORK._TEMPSCOREDIST;
MPRINT(EM_ASSESS):   BIN = 6 ;
MPRINT(EM_ASSESS):   LOWERPROB = (BIN - 1) / 20;
MPRINT(EM_ASSESS):   UPPERPROB = LOWERPROB + (1 / 20);
MPRINT(EM_ASSESS):   MODELSCORE = LOWERPROB + (1 / 20) / 2;
MPRINT(EM_ASSESS):   RANGE = COMPRESS (PUT (LOWERPROB, 4.2) || "-" || PUT (UPPERPROB, 4.2));
MPRINT(EM_ASSESS):   SCR_NUMEVENTS = SUM ( OF EVENTS26 - EVENTS30 );
MPRINT(EM_ASSESS):   SCR_P_EVENTS = SCR_NUMEVENTS * 100 / _NEVENTS;
MPRINT(EM_ASSESS):   SCR_CP_EVENTS = SUM (SCR_P_EVENTS, SCR_CP_EVENTS);
MPRINT(EM_ASSESS):   SCR_NUMNONEVENTS = SUM ( OF NONEVENTS26 - NONEVENTS30);
MPRINT(EM_ASSESS):   NUMOBSINGROUP = SUM (SCR_NUMEVENTS, SCR_NUMNONEVENTS);
MPRINT(EM_ASSESS):   IF NUMOBSINGROUP > 0 THEN SCR_MNPROB = SUM (OF SCR_MNPROB26 - SCR_MNPROB30) / NUMOBSINGROUP;
MPRINT(EM_ASSESS):   ELSE SCR_MNPROB = .;
MPRINT(EM_ASSESS):   SCR_MINPROB = MIN (OF SCR_MINPROB26 - SCR_MINPROB30) ;
MPRINT(EM_ASSESS):   SCR_MAXPROB = MAX (OF SCR_MAXPROB26 - SCR_MAXPROB30) ;
MPRINT(EM_ASSESS):   IF SCR_MINPROB = 1 THEN SCR_MINPROB = .;
MPRINT(EM_ASSESS):   IF SCR_MAXPROB = 0 THEN SCR_MAXPROB = .;
MPRINT(EM_ASSESS):   SCR_P_NONEVENTS = SCR_NUMNONEVENTS * 100 / _NNONEVENTS;
MPRINT(EM_ASSESS):   SCR_CP_NONEVENTS = SUM (SCR_P_NONEVENTS, SCR_CP_NONEVENTS);
MPRINT(EM_ASSESS):   PERCOBSINGROUP = NUMOBSINGROUP * 100 / 173;
MPRINT(EM_ASSESS):   C_PERCOBSINGROUP = SUM (C_PERCOBSINGROUP, PERCOBSINGROUP);
MPRINT(EM_ASSESS):   CALL SYMPUTX ("SCR_MINPROB" || LEFT (PUT (BIN, 3.)), LOWERPROB);
MPRINT(EM_ASSESS):   CALL SYMPUTX ("SCR_MAXPROB" || LEFT (PUT (BIN, 3.)), UPPERPROB);
MPRINT(EM_ASSESS):   BIN = 20 + 1 - 6;
MPRINT(EM_ASSESS):   OUTPUT WORK._TEMPSCOREDIST;
MPRINT(EM_ASSESS):   BIN = 5 ;
MPRINT(EM_ASSESS):   LOWERPROB = (BIN - 1) / 20;
MPRINT(EM_ASSESS):   UPPERPROB = LOWERPROB + (1 / 20);
MPRINT(EM_ASSESS):   MODELSCORE = LOWERPROB + (1 / 20) / 2;
MPRINT(EM_ASSESS):   RANGE = COMPRESS (PUT (LOWERPROB, 4.2) || "-" || PUT (UPPERPROB, 4.2));
MPRINT(EM_ASSESS):   SCR_NUMEVENTS = SUM ( OF EVENTS21 - EVENTS25 );
MPRINT(EM_ASSESS):   SCR_P_EVENTS = SCR_NUMEVENTS * 100 / _NEVENTS;
MPRINT(EM_ASSESS):   SCR_CP_EVENTS = SUM (SCR_P_EVENTS, SCR_CP_EVENTS);
MPRINT(EM_ASSESS):   SCR_NUMNONEVENTS = SUM ( OF NONEVENTS21 - NONEVENTS25);
MPRINT(EM_ASSESS):   NUMOBSINGROUP = SUM (SCR_NUMEVENTS, SCR_NUMNONEVENTS);
MPRINT(EM_ASSESS):   IF NUMOBSINGROUP > 0 THEN SCR_MNPROB = SUM (OF SCR_MNPROB21 - SCR_MNPROB25) / NUMOBSINGROUP;
MPRINT(EM_ASSESS):   ELSE SCR_MNPROB = .;
MPRINT(EM_ASSESS):   SCR_MINPROB = MIN (OF SCR_MINPROB21 - SCR_MINPROB25) ;
MPRINT(EM_ASSESS):   SCR_MAXPROB = MAX (OF SCR_MAXPROB21 - SCR_MAXPROB25) ;
MPRINT(EM_ASSESS):   IF SCR_MINPROB = 1 THEN SCR_MINPROB = .;
MPRINT(EM_ASSESS):   IF SCR_MAXPROB = 0 THEN SCR_MAXPROB = .;
MPRINT(EM_ASSESS):   SCR_P_NONEVENTS = SCR_NUMNONEVENTS * 100 / _NNONEVENTS;
MPRINT(EM_ASSESS):   SCR_CP_NONEVENTS = SUM (SCR_P_NONEVENTS, SCR_CP_NONEVENTS);
MPRINT(EM_ASSESS):   PERCOBSINGROUP = NUMOBSINGROUP * 100 / 173;
MPRINT(EM_ASSESS):   C_PERCOBSINGROUP = SUM (C_PERCOBSINGROUP, PERCOBSINGROUP);
MPRINT(EM_ASSESS):   CALL SYMPUTX ("SCR_MINPROB" || LEFT (PUT (BIN, 3.)), LOWERPROB);
MPRINT(EM_ASSESS):   CALL SYMPUTX ("SCR_MAXPROB" || LEFT (PUT (BIN, 3.)), UPPERPROB);
MPRINT(EM_ASSESS):   BIN = 20 + 1 - 5;
MPRINT(EM_ASSESS):   OUTPUT WORK._TEMPSCOREDIST;
MPRINT(EM_ASSESS):   BIN = 4 ;
MPRINT(EM_ASSESS):   LOWERPROB = (BIN - 1) / 20;
MPRINT(EM_ASSESS):   UPPERPROB = LOWERPROB + (1 / 20);
MPRINT(EM_ASSESS):   MODELSCORE = LOWERPROB + (1 / 20) / 2;
MPRINT(EM_ASSESS):   RANGE = COMPRESS (PUT (LOWERPROB, 4.2) || "-" || PUT (UPPERPROB, 4.2));
MPRINT(EM_ASSESS):   SCR_NUMEVENTS = SUM ( OF EVENTS16 - EVENTS20 );
MPRINT(EM_ASSESS):   SCR_P_EVENTS = SCR_NUMEVENTS * 100 / _NEVENTS;
MPRINT(EM_ASSESS):   SCR_CP_EVENTS = SUM (SCR_P_EVENTS, SCR_CP_EVENTS);
MPRINT(EM_ASSESS):   SCR_NUMNONEVENTS = SUM ( OF NONEVENTS16 - NONEVENTS20);
MPRINT(EM_ASSESS):   NUMOBSINGROUP = SUM (SCR_NUMEVENTS, SCR_NUMNONEVENTS);
MPRINT(EM_ASSESS):   IF NUMOBSINGROUP > 0 THEN SCR_MNPROB = SUM (OF SCR_MNPROB16 - SCR_MNPROB20) / NUMOBSINGROUP;
MPRINT(EM_ASSESS):   ELSE SCR_MNPROB = .;
MPRINT(EM_ASSESS):   SCR_MINPROB = MIN (OF SCR_MINPROB16 - SCR_MINPROB20) ;
MPRINT(EM_ASSESS):   SCR_MAXPROB = MAX (OF SCR_MAXPROB16 - SCR_MAXPROB20) ;
MPRINT(EM_ASSESS):   IF SCR_MINPROB = 1 THEN SCR_MINPROB = .;
MPRINT(EM_ASSESS):   IF SCR_MAXPROB = 0 THEN SCR_MAXPROB = .;
MPRINT(EM_ASSESS):   SCR_P_NONEVENTS = SCR_NUMNONEVENTS * 100 / _NNONEVENTS;
MPRINT(EM_ASSESS):   SCR_CP_NONEVENTS = SUM (SCR_P_NONEVENTS, SCR_CP_NONEVENTS);
MPRINT(EM_ASSESS):   PERCOBSINGROUP = NUMOBSINGROUP * 100 / 173;
MPRINT(EM_ASSESS):   C_PERCOBSINGROUP = SUM (C_PERCOBSINGROUP, PERCOBSINGROUP);
MPRINT(EM_ASSESS):   CALL SYMPUTX ("SCR_MINPROB" || LEFT (PUT (BIN, 3.)), LOWERPROB);
MPRINT(EM_ASSESS):   CALL SYMPUTX ("SCR_MAXPROB" || LEFT (PUT (BIN, 3.)), UPPERPROB);
MPRINT(EM_ASSESS):   BIN = 20 + 1 - 4;
MPRINT(EM_ASSESS):   OUTPUT WORK._TEMPSCOREDIST;
MPRINT(EM_ASSESS):   BIN = 3 ;
MPRINT(EM_ASSESS):   LOWERPROB = (BIN - 1) / 20;
MPRINT(EM_ASSESS):   UPPERPROB = LOWERPROB + (1 / 20);
MPRINT(EM_ASSESS):   MODELSCORE = LOWERPROB + (1 / 20) / 2;
MPRINT(EM_ASSESS):   RANGE = COMPRESS (PUT (LOWERPROB, 4.2) || "-" || PUT (UPPERPROB, 4.2));
MPRINT(EM_ASSESS):   SCR_NUMEVENTS = SUM ( OF EVENTS11 - EVENTS15 );
MPRINT(EM_ASSESS):   SCR_P_EVENTS = SCR_NUMEVENTS * 100 / _NEVENTS;
MPRINT(EM_ASSESS):   SCR_CP_EVENTS = SUM (SCR_P_EVENTS, SCR_CP_EVENTS);
MPRINT(EM_ASSESS):   SCR_NUMNONEVENTS = SUM ( OF NONEVENTS11 - NONEVENTS15);
MPRINT(EM_ASSESS):   NUMOBSINGROUP = SUM (SCR_NUMEVENTS, SCR_NUMNONEVENTS);
MPRINT(EM_ASSESS):   IF NUMOBSINGROUP > 0 THEN SCR_MNPROB = SUM (OF SCR_MNPROB11 - SCR_MNPROB15) / NUMOBSINGROUP;
MPRINT(EM_ASSESS):   ELSE SCR_MNPROB = .;
MPRINT(EM_ASSESS):   SCR_MINPROB = MIN (OF SCR_MINPROB11 - SCR_MINPROB15) ;
MPRINT(EM_ASSESS):   SCR_MAXPROB = MAX (OF SCR_MAXPROB11 - SCR_MAXPROB15) ;
MPRINT(EM_ASSESS):   IF SCR_MINPROB = 1 THEN SCR_MINPROB = .;
MPRINT(EM_ASSESS):   IF SCR_MAXPROB = 0 THEN SCR_MAXPROB = .;
MPRINT(EM_ASSESS):   SCR_P_NONEVENTS = SCR_NUMNONEVENTS * 100 / _NNONEVENTS;
MPRINT(EM_ASSESS):   SCR_CP_NONEVENTS = SUM (SCR_P_NONEVENTS, SCR_CP_NONEVENTS);
MPRINT(EM_ASSESS):   PERCOBSINGROUP = NUMOBSINGROUP * 100 / 173;
MPRINT(EM_ASSESS):   C_PERCOBSINGROUP = SUM (C_PERCOBSINGROUP, PERCOBSINGROUP);
MPRINT(EM_ASSESS):   CALL SYMPUTX ("SCR_MINPROB" || LEFT (PUT (BIN, 3.)), LOWERPROB);
MPRINT(EM_ASSESS):   CALL SYMPUTX ("SCR_MAXPROB" || LEFT (PUT (BIN, 3.)), UPPERPROB);
MPRINT(EM_ASSESS):   BIN = 20 + 1 - 3;
MPRINT(EM_ASSESS):   OUTPUT WORK._TEMPSCOREDIST;
MPRINT(EM_ASSESS):   BIN = 2 ;
MPRINT(EM_ASSESS):   LOWERPROB = (BIN - 1) / 20;
MPRINT(EM_ASSESS):   UPPERPROB = LOWERPROB + (1 / 20);
MPRINT(EM_ASSESS):   MODELSCORE = LOWERPROB + (1 / 20) / 2;
MPRINT(EM_ASSESS):   RANGE = COMPRESS (PUT (LOWERPROB, 4.2) || "-" || PUT (UPPERPROB, 4.2));
MPRINT(EM_ASSESS):   SCR_NUMEVENTS = SUM ( OF EVENTS6 - EVENTS10 );
MPRINT(EM_ASSESS):   SCR_P_EVENTS = SCR_NUMEVENTS * 100 / _NEVENTS;
MPRINT(EM_ASSESS):   SCR_CP_EVENTS = SUM (SCR_P_EVENTS, SCR_CP_EVENTS);
MPRINT(EM_ASSESS):   SCR_NUMNONEVENTS = SUM ( OF NONEVENTS6 - NONEVENTS10);
MPRINT(EM_ASSESS):   NUMOBSINGROUP = SUM (SCR_NUMEVENTS, SCR_NUMNONEVENTS);
MPRINT(EM_ASSESS):   IF NUMOBSINGROUP > 0 THEN SCR_MNPROB = SUM (OF SCR_MNPROB6 - SCR_MNPROB10) / NUMOBSINGROUP;
MPRINT(EM_ASSESS):   ELSE SCR_MNPROB = .;
MPRINT(EM_ASSESS):   SCR_MINPROB = MIN (OF SCR_MINPROB6 - SCR_MINPROB10) ;
MPRINT(EM_ASSESS):   SCR_MAXPROB = MAX (OF SCR_MAXPROB6 - SCR_MAXPROB10) ;
MPRINT(EM_ASSESS):   IF SCR_MINPROB = 1 THEN SCR_MINPROB = .;
MPRINT(EM_ASSESS):   IF SCR_MAXPROB = 0 THEN SCR_MAXPROB = .;
MPRINT(EM_ASSESS):   SCR_P_NONEVENTS = SCR_NUMNONEVENTS * 100 / _NNONEVENTS;
MPRINT(EM_ASSESS):   SCR_CP_NONEVENTS = SUM (SCR_P_NONEVENTS, SCR_CP_NONEVENTS);
MPRINT(EM_ASSESS):   PERCOBSINGROUP = NUMOBSINGROUP * 100 / 173;
MPRINT(EM_ASSESS):   C_PERCOBSINGROUP = SUM (C_PERCOBSINGROUP, PERCOBSINGROUP);
MPRINT(EM_ASSESS):   CALL SYMPUTX ("SCR_MINPROB" || LEFT (PUT (BIN, 3.)), LOWERPROB);
MPRINT(EM_ASSESS):   CALL SYMPUTX ("SCR_MAXPROB" || LEFT (PUT (BIN, 3.)), UPPERPROB);
MPRINT(EM_ASSESS):   BIN = 20 + 1 - 2;
MPRINT(EM_ASSESS):   OUTPUT WORK._TEMPSCOREDIST;
MPRINT(EM_ASSESS):   BIN = 1 ;
MPRINT(EM_ASSESS):   LOWERPROB = (BIN - 1) / 20;
MPRINT(EM_ASSESS):   UPPERPROB = LOWERPROB + (1 / 20);
MPRINT(EM_ASSESS):   MODELSCORE = LOWERPROB + (1 / 20) / 2;
MPRINT(EM_ASSESS):   RANGE = COMPRESS (PUT (LOWERPROB, 4.2) || "-" || PUT (UPPERPROB, 4.2));
MPRINT(EM_ASSESS):   SCR_NUMEVENTS = SUM ( OF EVENTS1 - EVENTS5 );
MPRINT(EM_ASSESS):   SCR_P_EVENTS = SCR_NUMEVENTS * 100 / _NEVENTS;
MPRINT(EM_ASSESS):   SCR_CP_EVENTS = SUM (SCR_P_EVENTS, SCR_CP_EVENTS);
MPRINT(EM_ASSESS):   SCR_NUMNONEVENTS = SUM ( OF NONEVENTS1 - NONEVENTS5);
MPRINT(EM_ASSESS):   NUMOBSINGROUP = SUM (SCR_NUMEVENTS, SCR_NUMNONEVENTS);
MPRINT(EM_ASSESS):   IF NUMOBSINGROUP > 0 THEN SCR_MNPROB = SUM (OF SCR_MNPROB1 - SCR_MNPROB5) / NUMOBSINGROUP;
MPRINT(EM_ASSESS):   ELSE SCR_MNPROB = .;
MPRINT(EM_ASSESS):   SCR_MINPROB = MIN (OF SCR_MINPROB1 - SCR_MINPROB5) ;
MPRINT(EM_ASSESS):   SCR_MAXPROB = MAX (OF SCR_MAXPROB1 - SCR_MAXPROB5) ;
MPRINT(EM_ASSESS):   IF SCR_MINPROB = 1 THEN SCR_MINPROB = .;
MPRINT(EM_ASSESS):   IF SCR_MAXPROB = 0 THEN SCR_MAXPROB = .;
MPRINT(EM_ASSESS):   SCR_P_NONEVENTS = SCR_NUMNONEVENTS * 100 / _NNONEVENTS;
MPRINT(EM_ASSESS):   SCR_CP_NONEVENTS = SUM (SCR_P_NONEVENTS, SCR_CP_NONEVENTS);
MPRINT(EM_ASSESS):   PERCOBSINGROUP = NUMOBSINGROUP * 100 / 173;
MPRINT(EM_ASSESS):   C_PERCOBSINGROUP = SUM (C_PERCOBSINGROUP, PERCOBSINGROUP);
MPRINT(EM_ASSESS):   CALL SYMPUTX ("SCR_MINPROB" || LEFT (PUT (BIN, 3.)), LOWERPROB);
MPRINT(EM_ASSESS):   CALL SYMPUTX ("SCR_MAXPROB" || LEFT (PUT (BIN, 3.)), UPPERPROB);
MPRINT(EM_ASSESS):   BIN = 20 + 1 - 1;
MPRINT(EM_ASSESS):   OUTPUT WORK._TEMPSCOREDIST;
MPRINT(EM_ASSESS):   CALL SYMPUTX ("KSPROB" , PUT (KSPROB, 5.3 ) );
MPRINT(EM_ASSESS):   CALL SYMPUTX ("_KS_BIN_PROB" , _KS_BIN_PROB );
MPRINT(EM_ASSESS):   CALL SYMPUTX ("_KS_BIN_" , _KS_BIN_ / 100 );
MPRINT(EM_ASSESS):   CALL SYMPUTX ("KSDIFF" , KS_ABSDIFF );
MPRINT(EM_ASSESS):   CALL SYMPUTX ("PRECTPR" , PRECTPR );
MPRINT(EM_ASSESS):   CALL SYMPUTX ("MAXMUTUALPROB" , MAXMUTUALPROB);
MPRINT(EM_ASSESS):   END;
MPRINT(EM_ASSESS):   LABEL __EVENT__ = "Event" DECILE = "Depth" BIN = "Bin" NUMOBS = "Number of Observations" ;
MPRINT(EM_ASSESS):   RUN;
MPRINT(EM_ASSESS):   *;
MPRINT(EM_ASSESS):   * RUN for large data set;
MPRINT(EM_ASSESS):   *;
MPRINT(EM_ASSESS):   PROC DATASETS NOLIST;
MPRINT(EM_ASSESS):   DELETE _AUXEVENTNAME;
MPRINT(EM_ASSESS):   QUIT;

MPRINT(EM_ASSESS):   *;
MPRINT(EM_ASSESS):   * Report Vars Area.;
MPRINT(EM_ASSESS):   *;
MPRINT(EM_ASSESS):   *;
MPRINT(EM_ASSESS):   * ...........Start OF Outdist Modification;
MPRINT(EM_ASSESS):   *;

MPRINT(EM_ASSESS):   PROC DATASETS NOLIST LIB = WORK;
MPRINT(EM_ASSESS):   MODIFY _TEMPSCOREDIST;
MPRINT(EM_ASSESS):   RENAME MODELSCORE = SCORE UPPERPROB = UPPOSTERIOR SCR_CP_EVENTS = CUMULATIVEPERCENTAGEOFEVENTS SCR_CP_NONEVENTS = CUMULATIVEPERCENTAGEOFNONEVENTS EVENTVALUE = EVENT LOWERPROB = LOWPOSTERIOR NUMOBSINGROUP = N PERCOBSINGROUP = 
PERCENTAGE SCR_MINPROB = _MINP_ SCR_MAXPROB = _MAXP_ SCR_MNPROB = _MEANP_ RANGE = P_LABEL C_PERCOBSINGROUP = CUMULATIVEPERCENTAGE SCR_NUMEVENTS = NUMBEROFEVENTS SCR_NUMNONEVENTS = NUMBEROFNONEVENTS SCR_P_EVENTS = PERCENTAGEOFEVENTS SCR_P_NONEVENTS = 
PERCENTAGEOFNONEVENTS ;
MPRINT(EM_ASSESS):   *;
MPRINT(EM_ASSESS):   * .................... OUTDIST MODIFICATION LABEL AREA;
MPRINT(EM_ASSESS):   *;
MPRINT(EM_ASSESS):   LABEL BIN = "Bin" N = "Number of Observations" P_LABEL = "Posterior Probability Range" EVENT = "Event" LOWPOSTERIOR = "Lower Bound Posterior Probability" PERCENTAGEOFEVENTS = "Percentage of Events" CUMULATIVEPERCENTAGEOFNONEVENTS = 
"Cumulative Percentage of Nonevents" CUMULATIVEPERCENTAGE = "Cumulative Percentage" PERCENTAGEOFEVENTS = "Percentage of Events" PERCENTAGEOFNONEVENTS = "Percentage of Nonevents" CUMULATIVEPERCENTAGEOFEVENTS = "Cumulative Percentage of Events" UPPOSTERIOR 
= "Upper Bound Posterior Probability" NUMBEROFEVENTS = "Number of Events" PERCENTAGE = "Percentage" NUMBEROFNONEVENTS = "Number of Nonevents" _MEANP_ = "Mean Posterior Probability" _MINP_ = "Min Posterior Probability" _MAXP_ = "Max Posterior Probability" 
SCORE = "Model Score" ;
MPRINT(EM_ASSESS):   RUN;
MPRINT(EM_ASSESS):   QUIT;
MPRINT(EM_ASSESS):   DATA WORK._TEMPSCOREDIST;
MPRINT(EM_ASSESS):   SET WORK._TEMPSCOREDIST (WHERE = (_MEANP_ > .));
MPRINT(EM_ASSESS):   RUN;
MPRINT(EM_ASSESS):   *;
MPRINT(EM_ASSESS):   * ........... END OF OUTDIST MODIFICATION;
MPRINT(EM_ASSESS):   *;
MPRINT(EM_ASSESS):   *;
MPRINT(EM_ASSESS):   * ...........Start of OUTRANKS Modification;
MPRINT(EM_ASSESS):   *;

MPRINT(EM_ASSESS):   PROC DATASETS NOLIST LIB = WORK;
MPRINT(EM_ASSESS):   MODIFY _TEMPRANK;
MPRINT(EM_ASSESS):   RENAME __EVENT__ = EVENT P_RESP = RESP C_P_CAPT_RESP = CAPC P_CAPT_RESP = CAP NUMNONRESP = NUMNEVENT NUMRESP = NUMEVENT BASEEVENTS = BASENUMBEROFEVENTS BESTNUMEVENTS = BESTNUMBEROFEVENTS MAXPROB = _MAXP_ MINPROB = _MINP_ CBASELIFT = 
BASELIFTC C_LIFT = LIFTC MNPROB = _MEANP_ PERCENTILE = DECILE NUMOBS = N NUMEVENT = NUMBEROFEVENTS C_P_RESP = RESPC ;
MPRINT(EM_ASSESS):   *;
MPRINT(EM_ASSESS):   * ................. OUTRANKS;
MPRINT(EM_ASSESS):   *;
MPRINT(EM_ASSESS):   LABEL _MAXP_ = "Max Posterior Probability" _MINP_ = "Min Posterior Probability" _MEANP_ = "Mean Posterior Probability" BASECAP = "Baseline % Captured Response" BASECAPC = "Baseline Cumulative % Captured Response" BASENUMBEROFEVENTS = 
"Baseline Number of Events" BASEGAIN = "Baseline Gain" BASELIFT = "Baseline Lift" BASELIFTC = "Baseline Cumulative Lift" BASERESP = "Baseline % Response" BASERESPC = "Baseline Cumulative % Response" BASELIFTC = "Baseline Cumulative Lift" BESTCAP = "Best % 
Captured Response" BESTCAPC = "Best Cumulative % Captured Response" BESTGAIN = "Best Gain" BESTRESP = "Best % Response" BESTRESPC = "Best Cumulative % Response" BESTLIFT = "Best Lift" BESTLIFTC = "Best Cumulative Lift" BESTNUMBEROFEVENTS = "Best Number of 
Events" CAP = "% Captured Response" CAPC = "Cumulative % Captured Response" DECILE = "Depth" GAIN = "Gain" LIFT = "Lift" LIFTC = "Cumulative Lift" NUMNEVENT = "Number of Nonevents" N = "Number of Observations" EVENT = "Event" RESPC = "Cumulative % 
Response" NUMBEROFEVENTS = "Number of Events" RESP = "% Response" ;
MPRINT(EM_ASSESS):   RUN;
MPRINT(EM_ASSESS):   QUIT;
MPRINT(EM_ASSESS):   DATA WORK._TEMPRANK;
MPRINT(EM_ASSESS):   SET WORK._TEMPRANK (WHERE = (_MEANP_ > .));
MPRINT(EM_ASSESS):   RUN;
MPRINT(EM_ASSESS):   proc datasets lib=work nolist;
MPRINT(EM_ASSESS):   delete _ea_tmpdata;
MPRINT(EM_ASSESS):   run;
MPRINT(EM_ASSESS):   quit;
MPRINT(EM_ASSESS):  ;
MPRINT(EM_ASSESS):   OPTION ERRORS = 20;
MPRINT(EM_DIAGRAM):  ;
MPRINT(EM_DIAGRAM):    data WORK._TEMPRANK;
MPRINT(EM_DIAGRAM):   length target $32 TARGETLABEL $200 dataRole $20;
MPRINT(EM_DIAGRAM):   label TARGETLABEL = "Target Label";
MPRINT(EM_DIAGRAM):   set WORK._TEMPRANK;
MPRINT(EM_DIAGRAM):   retain target "diagnosis";
MPRINT(EM_DIAGRAM):   retain dataRole "VALIDATE";
MPRINT(EM_DIAGRAM):   run;
MPRINT(EM_DIAGRAM):   data EMWS1.Tree_EMRANK;
MPRINT(EM_DIAGRAM):   length target $32;
MPRINT(EM_DIAGRAM):   length TARGETLABEL $200;
MPRINT(EM_DIAGRAM):   length dataRole $20;
MPRINT(EM_DIAGRAM):   length EVENT $32;
MPRINT(EM_DIAGRAM):   set EMWS1.Tree_EMRANK WORK._TEMPRANK;
MPRINT(EM_DIAGRAM):   run;
MPRINT(EM_DIAGRAM):    data WORK._TEMPSCOREDIST;
MPRINT(EM_DIAGRAM):   length target $32 TARGETLABEL $200 dataRole $20;
MPRINT(EM_DIAGRAM):   label TARGETLABEL = "Target Label";
MPRINT(EM_DIAGRAM):   set WORK._TEMPSCOREDIST;
MPRINT(EM_DIAGRAM):   retain target "diagnosis";
MPRINT(EM_DIAGRAM):   retain dataRole "VALIDATE";
MPRINT(EM_DIAGRAM):   run;
MPRINT(EM_DIAGRAM):   data EMWS1.Tree_EMSCOREDIST;
MPRINT(EM_DIAGRAM):   length target $32;
MPRINT(EM_DIAGRAM):   length TARGETLABEL $200;
MPRINT(EM_DIAGRAM):   length dataRole $20;
MPRINT(EM_DIAGRAM):   length EVENT $32;
MPRINT(EM_DIAGRAM):   length P_LABEL $9;
MPRINT(EM_DIAGRAM):   set EMWS1.Tree_EMSCOREDIST WORK._TEMPSCOREDIST;
MPRINT(EM_DIAGRAM):   run;
108171     %let _cn = %sysfunc(getoption(CENTER));
108172     options nocenter;
MPRINT(EM_DIAGRAM):    options nocenter;
108173     proc print data=EMWS1.Tree_EMREPORTFIT noobs label;
MPRINT(EM_DIAGRAM):   proc print data=EMWS1.Tree_EMREPORTFIT noobs label;
108174     var STAT LABEL TRAIN
108175     VALIDATE
108176     ;
MPRINT(EM_DIAGRAM):   var STAT LABEL TRAIN VALIDATE ;
108177     by TARGET TARGETLABEL;
MPRINT(EM_DIAGRAM):   by TARGET TARGETLABEL;
108178     title9 ' ';
MPRINT(EM_DIAGRAM):   title9 ' ';
108179     title10 "%sysfunc(sasmsg(sashelp.dmine, rpt_fitstat_title  , NOQUOTE))";
MPRINT(EM_DIAGRAM):   title10 "Fit Statistics";
MPRINT(EM_DIAGRAM):   run;
108180     run;

NOTE: There were 8 observations read from the data set EMWS1.TREE_EMREPORTFIT.
NOTE: The PROCEDURE PRINT printed page 42.
NOTE: PROCEDURE PRINT used (Total process time):
      real time           0.01 seconds
      cpu time            0.00 seconds
      

108181     title10;
MPRINT(EM_DIAGRAM):   title10;
108182     options &_cn;
MPRINT(EM_DIAGRAM):   options NOCENTER;
108183     proc sort data=EMWS1.Tree_EMCLASSIFICATION nothreads;
MPRINT(EM_DIAGRAM):    proc sort data=EMWS1.Tree_EMCLASSIFICATION nothreads;
108184     by DATAROLE TARGET TARGETLABEL;
MPRINT(EM_DIAGRAM):   by DATAROLE TARGET TARGETLABEL;
108185     run;
MPRINT(EM_DIAGRAM):   run;

NOTE: There were 8 observations read from the data set EMWS1.TREE_EMCLASSIFICATION.
NOTE: The data set EMWS1.TREE_EMCLASSIFICATION has 8 observations and 12 variables.
NOTE: PROCEDURE SORT used (Total process time):
      real time           0.01 seconds
      cpu time            0.01 seconds
      

108186     %let _cn = %sysfunc(getoption(CENTER));
108187     options nocenter;
MPRINT(EM_DIAGRAM):   options nocenter;
108188     proc print data=EMWS1.Tree_EMCLASSIFICATION noobs label;
MPRINT(EM_DIAGRAM):   proc print data=EMWS1.Tree_EMCLASSIFICATION noobs label;
108189     var from into pct_row pct_col count percent
108190     ;
MPRINT(EM_DIAGRAM):   var from into pct_row pct_col count percent ;
108191     by DATAROLE TARGET TARGETLABEL;
MPRINT(EM_DIAGRAM):   by DATAROLE TARGET TARGETLABEL;
108192     label FROM = "%sysfunc(sasmsg(sashelp.dmine, rpt_target_vlabel ,     NOQUOTE))";
MPRINT(EM_DIAGRAM):   label FROM = "Target";
108193     label INTO = "%sysfunc(sasmsg(sashelp.dmine, rpt_outcome_vlabel ,    NOQUOTE))";
MPRINT(EM_DIAGRAM):   label INTO = "Outcome";
108194     label PCT_ROW = "%sysfunc(sasmsg(sashelp.dmine, rpt_targetpct_vlabel ,  NOQUOTE))";
MPRINT(EM_DIAGRAM):   label PCT_ROW = "Target Percentage";
108195     label PCT_COL = "%sysfunc(sasmsg(sashelp.dmine, rpt_outcomepct_vlabel , NOQUOTE))";
MPRINT(EM_DIAGRAM):   label PCT_COL = "Outcome Percentage";
108196     label COUNT = "%sysfunc(sasmsg(sashelp.dmine, rpt_count_vlabel ,      NOQUOTE))";
MPRINT(EM_DIAGRAM):   label COUNT = "Frequency Count";
108197     label PERCENT = "%sysfunc(sasmsg(sashelp.dmine, rpt_totalpct_vlabel ,   NOQUOTE))";
MPRINT(EM_DIAGRAM):   label PERCENT = "Total Percentage";
108198     where _TYPE_='PREDICTION';
MPRINT(EM_DIAGRAM):   where _TYPE_='PREDICTION';
108199     title9 ' ';
MPRINT(EM_DIAGRAM):   title9 ' ';
108200     title10 "%sysfunc(sasmsg(sashelp.dmine, rpt_classification_title    , NOQUOTE))";
MPRINT(EM_DIAGRAM):   title10 "Classification Table";
MPRINT(EM_DIAGRAM):   run;
108201     run;

NOTE: There were 8 observations read from the data set EMWS1.TREE_EMCLASSIFICATION.
      WHERE _TYPE_='PREDICTION';
NOTE: The PROCEDURE PRINT printed page 43.
NOTE: PROCEDURE PRINT used (Total process time):
      real time           0.05 seconds
      cpu time            0.01 seconds
      

108202     title9;
MPRINT(EM_DIAGRAM):   title9;
108203     title10;
MPRINT(EM_DIAGRAM):   title10;
108204     options &_cn;
MPRINT(EM_DIAGRAM):   options NOCENTER;
108205     %let _cn = %sysfunc(getoption(CENTER));
108206     options nocenter;
MPRINT(EM_DIAGRAM):    options nocenter;
108207     data EMWS1.Tree_EMEVENTREPORT;
MPRINT(EM_DIAGRAM):   data EMWS1.Tree_EMEVENTREPORT;
108208     length DATAROLE TARGET $32 TARGETLABEL $200 FALSENEVENT TRUENEVENT FALSEEVENT TRUEEVENT 8;
MPRINT(EM_DIAGRAM):   length DATAROLE TARGET $32 TARGETLABEL $200 FALSENEVENT TRUENEVENT FALSEEVENT TRUEEVENT 8;
108209     label DATAROLE = "%sysfunc(sasmsg(sashelp.dmine, rpt_datarole_vlabel ,    NOQUOTE))" TARGET = "%sysfunc(sasmsg(sashelp.dmine, rpt_target_vlabel ,      NOQUOTE))" TARGETLABEL = "%sysfunc(sasmsg(sashelp.dmine, meta_targetlabel_vlabel, NOQUOTE))"
108209   ! FALSEEVENT
108210     = "%sysfunc(sasmsg(sashelp.dmine, rpt_falseevent_vlabel ,  NOQUOTE))" FALSENEVENT = "%sysfunc(sasmsg(sashelp.dmine, rpt_falsenevent_vlabel , NOQUOTE))" TRUEEVENT = "%sysfunc(sasmsg(sashelp.dmine, rpt_trueevent_vlabel ,   NOQUOTE))" TRUENEVENT =
108211        "%sysfunc(sasmsg(sashelp.dmine, rpt_truenevent_vlabel ,  NOQUOTE))";
MPRINT(EM_DIAGRAM):   label DATAROLE = "Data Role" TARGET = "Target" TARGETLABEL = "Target Label" FALSEEVENT = "False Positive" FALSENEVENT = "False Negative" TRUEEVENT = "True Positive" TRUENEVENT = "True Negative";
108212     FALSEEVENT=0;
MPRINT(EM_DIAGRAM):   FALSEEVENT=0;
108213     FALSENEVENT=0;
MPRINT(EM_DIAGRAM):   FALSENEVENT=0;
108214     TRUEEVENT=0;
MPRINT(EM_DIAGRAM):   TRUEEVENT=0;
108215     TRUENEVENT=0;
MPRINT(EM_DIAGRAM):   TRUENEVENT=0;
108216     set EMWS1.Tree_EMEVENTREPORT;
MPRINT(EM_DIAGRAM):   set EMWS1.Tree_EMEVENTREPORT;
108217     run;
MPRINT(EM_DIAGRAM):   run;

NOTE: There were 2 observations read from the data set EMWS1.TREE_EMEVENTREPORT.
NOTE: The data set EMWS1.TREE_EMEVENTREPORT has 2 observations and 7 variables.
NOTE: DATA statement used (Total process time):
      real time           0.03 seconds
      cpu time            0.01 seconds
      

108218     proc print data=EMWS1.Tree_EMEVENTREPORT noobs label;
MPRINT(EM_DIAGRAM):   proc print data=EMWS1.Tree_EMEVENTREPORT noobs label;
108219     title9 ' ';
MPRINT(EM_DIAGRAM):   title9 ' ';
108220     title10 "%sysfunc(sasmsg(sashelp.dmine, rpt_eventtable_title    , NOQUOTE))";
MPRINT(EM_DIAGRAM):   title10 "Event Classification Table";
MPRINT(EM_DIAGRAM):   by notsorted DATAROLE notsorted TARGET notsorted TARGETLABEL;
MPRINT(EM_DIAGRAM):   run;
108221     by notsorted DATAROLE notsorted TARGET notsorted TARGETLABEL;
108222     run;

NOTE: There were 2 observations read from the data set EMWS1.TREE_EMEVENTREPORT.
NOTE: The PROCEDURE PRINT printed page 44.
NOTE: PROCEDURE PRINT used (Total process time):
      real time           0.03 seconds
      cpu time            0.01 seconds
      

108223     title10;
MPRINT(EM_DIAGRAM):   title10;
108224     options &_cn;
MPRINT(EM_DIAGRAM):   options NOCENTER;
108225     proc datasets library=EMWS1 nolist;
MPRINT(EM_DIAGRAM):    proc datasets library=EMWS1 nolist;
108226     modify Tree_EMRANK;
MPRINT(EM_DIAGRAM):   modify Tree_EMRANK;
MPRINT(EM_DIAGRAM):   label target = "Target Variable";
108227     label target = "%sysfunc(sasmsg(sashelp.dmine, rpt_targetvar_vlabel ,   NOQUOTE))";
MPRINT(EM_DIAGRAM):   label datarole = "Data Role";
108228     label datarole = "%sysfunc(sasmsg(sashelp.dmine, rpt_datarole_vlabel ,    NOQUOTE))";
MPRINT(EM_DIAGRAM):   run;
108229     run;

NOTE: MODIFY was successful for EMWS1.TREE_EMRANK.DATA.
108230     quit;
MPRINT(EM_DIAGRAM):   quit;

NOTE: PROCEDURE DATASETS used (Total process time):
      real time           0.03 seconds
      cpu time            0.03 seconds
      

108231     %let _cn = %sysfunc(getoption(CENTER));
108232     options nocenter;
MPRINT(EM_DIAGRAM):    options nocenter;
108233     proc print data=EMWS1.Tree_EMRANK label noobs;
MPRINT(EM_DIAGRAM):   proc print data=EMWS1.Tree_EMRANK label noobs;
108234     var
108235     decile gain lift liftc resp respc N _meanP_;
MPRINT(EM_DIAGRAM):   var decile gain lift liftc resp respc N _meanP_;
108236     by
108237     notsorted DATAROLE
108238     notsorted TARGET
108239     notsorted TARGETLABEL
108240     ;
MPRINT(EM_DIAGRAM):   by notsorted DATAROLE notsorted TARGET notsorted TARGETLABEL ;
108241     title9 ' ';
MPRINT(EM_DIAGRAM):   title9 ' ';
108242     title10 "%sysfunc(sasmsg(sashelp.dmine, rpt_scoreranking_title , NOQUOTE))";
MPRINT(EM_DIAGRAM):   title10 "Assessment Score Rankings";
MPRINT(EM_DIAGRAM):   run;
108243     run;

NOTE: There were 40 observations read from the data set EMWS1.TREE_EMRANK.
NOTE: The PROCEDURE PRINT printed page 45.
NOTE: PROCEDURE PRINT used (Total process time):
      real time           0.02 seconds
      cpu time            0.00 seconds
      

108244     title10;
MPRINT(EM_DIAGRAM):   title10;
108245     options &_cn;
MPRINT(EM_DIAGRAM):   options NOCENTER;
108246     proc datasets library=EMWS1 nolist;
MPRINT(EM_DIAGRAM):    proc datasets library=EMWS1 nolist;
108247     modify Tree_EMSCOREDIST;
MPRINT(EM_DIAGRAM):   modify Tree_EMSCOREDIST;
MPRINT(EM_DIAGRAM):   label target = "Target Variable";
108248     label target = "%sysfunc(sasmsg(sashelp.dmine, rpt_targetvar_vlabel ,      NOQUOTE))";
MPRINT(EM_DIAGRAM):   label datarole = "Data Role";
108249     label datarole = "%sysfunc(sasmsg(sashelp.dmine, rpt_datarole_vlabel ,    NOQUOTE))";
MPRINT(EM_DIAGRAM):   run;
108250     run;

NOTE: MODIFY was successful for EMWS1.TREE_EMSCOREDIST.DATA.
108251     quit;
MPRINT(EM_DIAGRAM):   quit;

NOTE: PROCEDURE DATASETS used (Total process time):
      real time           0.03 seconds
      cpu time            0.03 seconds
      

MPRINT(EM_DIAGRAM):    options nocenter;
MPRINT(EM_DIAGRAM):   proc print data=EMWS1.Tree_EMSCOREDIST label noobs;
MPRINT(EM_DIAGRAM):   var p_label numberOfEvents numberOfNonEvents _meanp_ percentage;
MPRINT(EM_DIAGRAM):   by notsorted DATAROLE notsorted TARGET notsorted TARGETLABEL ;
MPRINT(EM_DIAGRAM):   where TARGET in( "diagnosis" );
MPRINT(EM_DIAGRAM):   title9 ' ';
MPRINT(EM_DIAGRAM):   title10 "Assessment Score Distribution";
MPRINT(EM_DIAGRAM):   run;
MPRINT(EM_DIAGRAM):   title10;
MPRINT(EM_DIAGRAM):   options NOCENTER;
MPRINT(EM_DIAGRAM):   proc printto;
MPRINT(EM_DIAGRAM):   run;
