MPRINT(EM_DIAGRAM):    data _null_;
MPRINT(EM_DIAGRAM):   call symput('NLDATE', strip(put(date(), NLDATE.)));
MPRINT(EM_DIAGRAM):   call symput('NLTIME', strip(put(datetime(), NLTIME.)));
MPRINT(EM_DIAGRAM):   run;
MPRINT(EM_DIAGRAM):   data _null_;
MPRINT(EM_DIAGRAM):   nldate= sasmsg("sashelp.dmine", "log_date_note", 'N', "October 03, 2026" );
MPRINT(EM_DIAGRAM):   nltime= sasmsg("sashelp.dmine", "log_time_note", 'N', "18:00:09" );
MPRINT(EM_DIAGRAM):   put "*------------------------------------------------------------*";
MPRINT(EM_DIAGRAM):   put "* Score Log";
MPRINT(EM_DIAGRAM):   put nldate;
MPRINT(EM_DIAGRAM):   put nltime;
MPRINT(EM_DIAGRAM):   put "*------------------------------------------------------------*";
MPRINT(EM_DIAGRAM):   run;
*------------------------------------------------------------*
* Score Log
Date:                October 03, 2026
Time:                18:00:09
*------------------------------------------------------------*
MPRINT(EM_DIAGRAM):    filename O0MD3CB2 "C:\Users\student\OneDrive - Bryant University\Documents\GitHub\Projects_in_R\Assignments\Assignment 3\Workspaces\EMWS1\Tree4\EMSCORE.out" encoding="UTF-8" NOBOM;
MPRINT(EM_DIAGRAM):   proc printto print=O0MD3CB2 new;
MPRINT(EM_DIAGRAM):   run;
38514      %let EMEXCEPTIONSTRING=;
38515      *------------------------------------------------------------*;
MPRINT(EM_DIAGRAM):    *------------------------------------------------------------*;
38516      * SCORE: Tree4;
MPRINT(EM_DIAGRAM):   * SCORE: Tree4;
38517      *------------------------------------------------------------*;
MPRINT(EM_DIAGRAM):   *------------------------------------------------------------*;
38518      %let EM_ACTION = SCORE;
38519      %let syscc = 0;
38520      %macro main;
38521      
38522        %if %upcase(&EM_ACTION) = CREATE %then %do;
38523          filename temp catalog 'sashelp.emmodl.tree_create.source';
38524          %include temp;
38525          filename temp;
38526      
38527          %em_tree_create;
38528        %end;
38529      
38530         %else
38531         %if %upcase(&EM_ACTION) = TRAIN %then %do;
38532      
38533             filename temp catalog 'sashelp.emmodl.tree_train.source';
38534             %include temp;
38535             filename temp;
38536             %em_tree_train;
38537         %end;
38538      
38539        %else
38540        %if %upcase(&EM_ACTION) = SCORE %then %do;
38541          filename temp catalog 'sashelp.emmodl.tree_score.source';
38542          %include temp;
38543          filename temp;
38544      
38545          %em_tree_score;
38546      
38547        %end;
38548      
38549        %else
38550        %if %upcase(&EM_ACTION) = REPORT %then %do;
38551      
38552             filename temp catalog 'sashelp.emmodl.tree_report.source';
38553             %include temp;
38554             filename temp;
38555      
38556             %em_tree_report;
38557         %end;
38558      
38559        %else
38560        %if %upcase(&EM_ACTION) = OPENINT %then %do;
38561      
38562             filename temp catalog 'sashelp.emmodl.tree_actions.source';
38563             %include temp;
38564             filename temp;
38565             %EM_TREE_OPENTREEVIEWER;
38566      
38567         %end;
38568      
38569        %else
38570        %if %upcase(&EM_ACTION) = CLOSEINT %then %do;
38571      
38572             filename temp catalog 'sashelp.emmodl.tree_actions.source';
38573             %include temp;
38574             filename temp;
38575             %EM_TREE_CLOSETREEVIEWER;
38576      
38577         %end;
38578      
38579      
38580         %doendm:
38581      %mend main;
38582      
38583      %main;
MPRINT(EM_DIAGRAM):    
MPRINT(MAIN):   filename temp catalog 'sashelp.emmodl.tree_score.source';
NOTE: %INCLUDE (level 1) file TEMP is file SASHELP.EMMODL.TREE_SCORE.SOURCE.
38585     +%macro em_tree_score;
38587     +   /* determine if multiple targets will be processed */
38588     +   %let em_tree_multipleTargets=N;
38589     +   %let em_tree_numTarget=1;
38590     +   %if "&EM_PROPERTY_USEMULTIPLETARGET" eq "Y" %then %do;
38591     +      /* determine if there are any ordinal target variables - if so, multiple targets are not supported */
38592     +      %if &EM_NUM_ORDINAL_TARGET gt 0 %then %do;
38593     +         %let em_tree_multipleTargets=N;
38594     +      %end;
38595     +      %else %do;
38596     +         /* create macro array of targets  */
38597     +         data _null_;
38598     +           set &EM_DATA_VARIABLESET(where=(ROLE='TARGET' AND LEVEL^='ORDINAL')) end=eof;
38599     +           call symput('em_tree_targetVars'!!strip(put(_N_, BEST.)), strip(Name));
38600     +           if eof then
38601     +             call symput('em_tree_numTarget', strip(put(_N_, BEST.)));
38602     +        run;
38604     +        %if &em_tree_numTarget gt 1 %then %do;
38605     +           %let em_tree_multipleTargets=Y;
38606     +        %end;
38607     +      %end;
38608     +   %end;
38610     +   /* build flow and publish scoring code */
38611     +   %EM_GETNAME(key=TREEFLOW, type=FILE, extension=sas);
38612     +   %EM_GETNAME(key=TREEPUBLISH, type=FILE, extension=sas);
38614     +   filename treeflow "&EM_USER_TREEFLOW";
38615     +   filename treepub "&EM_USER_TREEPUBLISH";
38617     +   filename flowref  "&EM_FILE_EMFLOWSCORECODE";
38618     +   filename pubref   "&EM_FILE_EMPUBLISHSCORECODE";
38620     +   %em_copyfile(infref=treeflow, outfref=flowref);
38621     +   %em_copyfile(infref=treepub, outfref=pubref);
38623     +   filename treeflow;
38624     +   filename treepub;
38626     +   /* if priors are used, add code to generate unadjusted residuals in export */
38627     +   %let useAdjPriors = N;
38628     +   data _null_;
38629     +     set &EM_DEC_DECMETA(where=(_TYPE_="DECPRIOR"));
38630     +     if USE="Y" then call symput('useAdjPriors', 'Y');
38631     +   run;
38632     +   %if (("&em_tree_multipleTargets" eq "N") AND ("&useAdjPriors" eq "Y")) %then %do;
38633     +      filename temp catalog 'sashelp.emutil.em_makeunadjustedresidualvars.source';
38634     +      %include temp;
38635     +      filename temp;
38637     +      %EM_GETNAME(key=adjResidualCode, type=FILE, extension=sas);
38638     +      filename adjref "&EM_USER_adjResidualCode";
38639     +      %makeUnadjustedResidualVars(target=%EM_TARGET, decmeta=&EM_DEC_DECMETA, fref=adjref);
38641     +      %em_copyfile(infref=adjref, outfref=flowref, append=Y);
38643     +      filename adjref;
38644     +   %end;
38646     +   /* LEAF */
38647     +   %if "&EM_PROPERTY_LEAFID" eq "Y" %then %do;
38648     +      data _null_;
38649     +        file flowref mod;
38650     +        put 'drop _LEAF_;';
38651     +      run;
38653     +      data _null_;
38654     +        file pubref mod;
38655     +        put 'drop _LEAF_;';
38656     +      run;
38658     +   %end;
38660     +   filename flowref;
38661     +   filename pubref;
38663     +   /* em_metachange code */
38664     +   %if "&EM_PROPERTY_LEAFID" eq "Y" %then %do;
38665     +     %EM_METACHANGE(name=_NODE_, role=&EM_PROPERTY_NODEROLE, LEVEL=NOMINAL);
38666     +   %end;
38668     +   /* variable selection based on importance stat    */
38669     +   %if "&EM_PROPERTY_VARSELECTION" eq "Y" %then %do;
38670     +     %EM_GETNAME(key=OUTIMPORT, type=DATA);
38671     +     %let dsid = %sysfunc(open(&EM_USER_OUTIMPORT(where=(IMPORTANCE<0.05))));
38672     +     %let varnum = %sysfunc(varnum(&dsid, NAME));
38673     +     %let obs = %sysfunc(fetch(&dsid));
38674     +     %do %while(&obs=0);
38675     +       %let temp = %nrbquote(%sysfunc(getvarc(&dsid, &varnum)));
38676     +       %let varname = %nrbquote(%sysfunc(tranwrd(&temp,  %str(%"),"")));
38677     +       %EM_METACHANGE(name=&varname, role=REJECTED);
38678     +       %let obs = %sysfunc(fetch(&dsid));
38679     +     %end;
38680     +     %if &dsid %then %let dsid=%sysfunc(close(&dsid));
38681     +   %end;
38683     +   /* set Q_ varaibles to role of ASSESS when in the presense of prior probabilities */
38684     +   %if %sysfunc(exist(&EM_DEC_DECMETA)) %then %do;
38685     +    %let tree_pred_vars = ;
38686     +    %let tree_pred_lvl =;
38687     +    %let numpred= 0;
38689     +    data _null_;
38690     +     set &EM_DEC_DECMETA(where=(_TYPE_="PREDICTED")) end=eof;
38691     +     call symput('tree_pred_vars'!!strip(put(_N_, BEST.)), strip(VARIABLE));
38692     +     call symput('tree_pred_lvl'!!strip(put(_N_, BEST.)), strip(LEVEL));
38693     +     if eof then
38694     +       call symput('numpred', strip(put(_N_, BEST.)));
38695     +    run;
38696     +   %end;
38698     +   %if &numpred ne 0 %then %do;
38699     +    %do i=1 %to &numpred;
38700     +      %let qpred = Q%substr(&&tree_pred_vars&i,2);
38701     +      %EM_METACHANGE(name=&qpred, role=ASSESS);
38702     +    %end;
38703     +   %end;
38705     +   /* determine if multiple targets will be processed */
38706     +   %let em_tree_multipleTargets=N;
38707     +   %let em_tree_numTarget=1;
38708     +   %if "&EM_PROPERTY_USEMULTIPLETARGET" eq "Y" %then %do;
38709     +      /* determine if there are any ordinal target variables - if so, multiple targets are not supported */
38710     +      %if &EM_NUM_ORDINAL_TARGET gt 0 %then %do;
38711     +         %let em_tree_multipleTargets=N;
38712     +      %end;
38713     +      %else %do;
38714     +        data _null_;
38715     +          set &EM_DATA_VARIABLESET(where=(ROLE='TARGET' AND LEVEL^='ORDINAL')) end=eof;
38716     +          if eof then
38717     +            call symput('em_tree_numTarget', strip(put(_N_, BEST.)));
38718     +        run;
38720     +        %if &em_tree_numTarget gt 1 %then %do;
38721     +           %let em_tree_multipleTargets=Y;
38722     +        %end;
38723     +     %end;
38724     +   %end;
38726     +   /* need to include this code to do the %em_report for OUTIMPORT here instead of in Report code so _loop data set is created when group processing */
38727     +   %if "&em_tree_multipleTargets" eq "N" %then %do;
38729     +      /* variable importance */
38730     +      %EM_GETNAME(key=OUTIMPORT, type=DATA);
38731     +      %if %sysfunc(exist(&EM_USER_OUTIMPORT)) eq 1 %then %do;
38733     +         %let validexist=0;
38734     +         %if (("&EM_IMPORT_VALIDATE" ne "") AND (%sysfunc(exist(&EM_IMPORT_VALIDATE)) or %sysfunc(exist(&EM_IMPORT_VALIDATE,VIEW)))) %then %do;
38735     +           %let validexist=1;
38736     +         %end;
38738     +         /* determine if vars exists - properties could indicate they are they but freeze=Y would mean the node wasn't retrained */
38739     +         /* and the columns may not be generated                                                                                 */
38740     +         %let em_tree_cvexists=;
38741     +         %let em_tree_surrexists=.;
38742     +         data _null_;
38743     +            set &EM_USER_OUTIMPORT (obs=2) end=eof;
38744     +            if eof then do ;
38745     +               call symput("em_tree_cvexists" , strip(put(cvimportance,best.))) ;
38746     +               call symput("em_tree_surrexists", strip(put(nsurrogates, best.)));
38747     +            end;
38748     +         run;
38750     +         data &EM_USER_OUTIMPORT;
38751     +            set &EM_USER_OUTIMPORT;
38753     +            /* format columns based on Precison value specified */
38754     +            format importance 15.&EM_PROPERTY_PRECISION
38755     +                 %if &validexist %then %do;
38756     +                   vimportance ratio 15.&EM_PROPERTY_PRECISION
38757     +                 %end;
38758     +                 %if "&EM_TREE_CVEXISTS" ne "." %then %do;
38759     +                   cvimportance vimportance ratio 15.&EM_PROPERTY_PRECISION
38760     +                 %end;
38761     +            ;
38762     +            label  NAME       = "%sysfunc(sasmsg(sashelp.dmine, meta_name_vlabel, noquote))"
38763     +                 LABEL        = "%sysfunc(sasmsg(sashelp.dmine, meta_label_vlabel, noquote))"
38764     +                 NRULES       = "%sysfunc(sasmsg(sashelp.dmine, rpt_nrules_vlabel, noquote))"
38765     +                 IMPORTANCE   = "%sysfunc(sasmsg(sashelp.dmine, rpt_importance_vlabel, noquote))"
38766     +                 %if "&em_tree_surrexists" ne "" %then %do;
38767     +                   NSURROGATES  = "%sysfunc(sasmsg(sashelp.dmine, rpt_nsurrogates_vlabel, noquote))"
38768     +                 %end;
38769     +                 %if &validexist %then %do;
38770     +                   VIMPORTANCE = "%sysfunc(sasmsg(sashelp.dmine, rpt_vimportance_vlabel, noquote))"
38771     +                   RATIO       = "%sysfunc(sasmsg(sashelp.dmine, rpt_ratio_vlabel, noquote))"
38772     +                 %end;
38773     +                 %if "&EM_TREE_CVEXISTS" ne "" %then %do;
38774     +                   VIMPORTANCE = "%sysfunc(sasmsg(sashelp.dmine, rpt_vimportance_vlabel, noquote))"
38775     +                   CVIMPORTANCE =  "%sysfunc(sasmsg(sashelp.dmine, rpt_cvimport_vlabel, noquote))"
38776     +                   CVRULES= "%sysfunc(sasmsg(sashelp.dmine, rpt_cvrules_vlabel, noquote))"
38777     +                   RATIO = "%sysfunc(sasmsg(sashelp.dmine, rpt_ratio_vlabel, noquote))"
38778     +                 %end;
38779     +            ;
38780     +         run;
38782     +         %EM_REPORT(key=OUTIMPORT, viewtype=DATA, block=MODEL, description=IMPORTANCE, autodisplay=N);
38783     +      %end;
38784     +   %end;
38786     +   %doendm:
38787     +%mend em_tree_score;
NOTE: %INCLUDE (level 1) ending.
MPRINT(MAIN):   filename temp;
NOTE: Fileref TEMP has been deassigned.
MPRINT(EM_TREE_SCORE):  ;
MPRINT(EM_TREE_SCORE):  ;
MPRINT(EM_TREE_SCORE):   filename treeflow "C:\Users\student\OneDrive - Bryant University\Documents\GitHub\Projects_in_R\Assignments\Assignment 3\Workspaces\EMWS1\Tree4\TREEFLOW.sas";
MPRINT(EM_TREE_SCORE):   filename treepub "C:\Users\student\OneDrive - Bryant University\Documents\GitHub\Projects_in_R\Assignments\Assignment 3\Workspaces\EMWS1\Tree4\TREEPUBLISH.sas";
MPRINT(EM_TREE_SCORE):   filename flowref "C:\Users\student\OneDrive - Bryant University\Documents\GitHub\Projects_in_R\Assignments\Assignment 3\Workspaces\EMWS1\Tree4\EMFLOWSCORE.sas";
MPRINT(EM_TREE_SCORE):   filename pubref "C:\Users\student\OneDrive - Bryant University\Documents\GitHub\Projects_in_R\Assignments\Assignment 3\Workspaces\EMWS1\Tree4\EMPUBLISHSCORE.sas";
MPRINT(EM_COPYFILE):   data _null_;
MPRINT(EM_COPYFILE):   length line $20000;
MPRINT(EM_COPYFILE):   file flowref lrecl=20000;
MPRINT(EM_COPYFILE):   fid=fopen("treeflow",'i',20000,'v');
MPRINT(EM_COPYFILE):   if fid > 0 then do;
MPRINT(EM_COPYFILE):   do while(^fread(fid));
MPRINT(EM_COPYFILE):   rlen = frlen(fid);
MPRINT(EM_COPYFILE):   rc= fget(fid,line,20000);
MPRINT(EM_COPYFILE):   start = length(line)-length(left(line))+1;
MPRINT(EM_COPYFILE):   line=strip(line);
MPRINT(EM_COPYFILE):   put @start line;
MPRINT(EM_COPYFILE):   end;
MPRINT(EM_COPYFILE):   if fid > 0 then rc=fclose(fid);
MPRINT(EM_COPYFILE):   end;
MPRINT(EM_COPYFILE):   run;

NOTE: The file FLOWREF is:
      Filename=C:\Users\student\OneDrive - Bryant University\Documents\GitHub\Projects_in_R\Assignments\Assignment 3\Workspaces\EMWS1\Tree4\EMFLOWSCORE.sas,
      RECFM=V,LRECL=20000,File Size (bytes)=0,
      Last Modified=03Oct2026:18:00:09,
      Create Time=03Oct2026:17:54:36

NOTE: 111 records were written to the file FLOWREF.
      The minimum record length was 1.
      The maximum record length was 65.
NOTE: DATA statement used (Total process time):
      real time           0.01 seconds
      cpu time            0.00 seconds
      

MPRINT(EM_TREE_SCORE):  ;
MPRINT(EM_COPYFILE):   data _null_;
MPRINT(EM_COPYFILE):   length line $20000;
MPRINT(EM_COPYFILE):   file pubref lrecl=20000;
MPRINT(EM_COPYFILE):   fid=fopen("treepub",'i',20000,'v');
MPRINT(EM_COPYFILE):   if fid > 0 then do;
MPRINT(EM_COPYFILE):   do while(^fread(fid));
MPRINT(EM_COPYFILE):   rlen = frlen(fid);
MPRINT(EM_COPYFILE):   rc= fget(fid,line,20000);
MPRINT(EM_COPYFILE):   start = length(line)-length(left(line))+1;
MPRINT(EM_COPYFILE):   line=strip(line);
MPRINT(EM_COPYFILE):   put @start line;
MPRINT(EM_COPYFILE):   end;
MPRINT(EM_COPYFILE):   if fid > 0 then rc=fclose(fid);
MPRINT(EM_COPYFILE):   end;
MPRINT(EM_COPYFILE):   run;

NOTE: The file PUBREF is:
      Filename=C:\Users\student\OneDrive - Bryant University\Documents\GitHub\Projects_in_R\Assignments\Assignment 3\Workspaces\EMWS1\Tree4\EMPUBLISHSCORE.sas,
      RECFM=V,LRECL=20000,File Size (bytes)=0,
      Last Modified=03Oct2026:18:00:09,
      Create Time=03Oct2026:17:54:36

NOTE: 89 records were written to the file PUBREF.
      The minimum record length was 1.
      The maximum record length was 65.
NOTE: DATA statement used (Total process time):
      real time           0.00 seconds
      cpu time            0.00 seconds
      

MPRINT(EM_TREE_SCORE):  ;
MPRINT(EM_TREE_SCORE):   filename treeflow;
NOTE: Fileref TREEFLOW has been deassigned.
MPRINT(EM_TREE_SCORE):   filename treepub;
NOTE: Fileref TREEPUB has been deassigned.
MPRINT(EM_TREE_SCORE):   data _null_;
MPRINT(EM_TREE_SCORE):   set EMWS1.Tree4_diagnosis_DM(where=(_TYPE_="DECPRIOR"));
MPRINT(EM_TREE_SCORE):   if USE="Y" then call symput('useAdjPriors', 'Y');
MPRINT(EM_TREE_SCORE):   run;

NOTE: There were 1 observations read from the data set EMWS1.TREE4_DIAGNOSIS_DM.
      WHERE _TYPE_='DECPRIOR';
NOTE: DATA statement used (Total process time):
      real time           0.01 seconds
      cpu time            0.00 seconds
      

MPRINT(EM_TREE_SCORE):   data _null_;
MPRINT(EM_TREE_SCORE):   file flowref mod;
MPRINT(EM_TREE_SCORE):   put 'drop _LEAF_;';
MPRINT(EM_TREE_SCORE):   run;

NOTE: The file FLOWREF is:
      Filename=C:\Users\student\OneDrive - Bryant University\Documents\GitHub\Projects_in_R\Assignments\Assignment 3\Workspaces\EMWS1\Tree4\EMFLOWSCORE.sas,
      RECFM=V,LRECL=32767,File Size (bytes)=3940,
      Last Modified=03Oct2026:18:00:09,
      Create Time=03Oct2026:17:54:36

NOTE: 1 record was written to the file FLOWREF.
      The minimum record length was 12.
      The maximum record length was 12.
NOTE: DATA statement used (Total process time):
      real time           0.01 seconds
      cpu time            0.00 seconds
      

MPRINT(EM_TREE_SCORE):   data _null_;
MPRINT(EM_TREE_SCORE):   file pubref mod;
MPRINT(EM_TREE_SCORE):   put 'drop _LEAF_;';
MPRINT(EM_TREE_SCORE):   run;

NOTE: The file PUBREF is:
      Filename=C:\Users\student\OneDrive - Bryant University\Documents\GitHub\Projects_in_R\Assignments\Assignment 3\Workspaces\EMWS1\Tree4\EMPUBLISHSCORE.sas,
      RECFM=V,LRECL=32767,File Size (bytes)=3273,
      Last Modified=03Oct2026:18:00:09,
      Create Time=03Oct2026:17:54:36

NOTE: 1 record was written to the file PUBREF.
      The minimum record length was 12.
      The maximum record length was 12.
NOTE: DATA statement used (Total process time):
      real time           0.01 seconds
      cpu time            0.00 seconds
      

MPRINT(EM_TREE_SCORE):   filename flowref;
NOTE: Fileref FLOWREF has been deassigned.
MPRINT(EM_TREE_SCORE):   filename pubref;
NOTE: Fileref PUBREF has been deassigned.
MPRINT(EM_METACHANGE):   data WORK.EM_METACHANGE;
MPRINT(EM_METACHANGE):   length KEY $32 DELETE $1 UNAME $32 ROLE $32 LEVEL $10 ORDER $8 COMMENT $64 LOWERLIMIT 8 UPPERLIMIT 8;
MPRINT(EM_METACHANGE):   KEY = upcase("CDELTA_TRAIN");
MPRINT(EM_METACHANGE):   UNAME = upcase("_NODE_");
MPRINT(EM_METACHANGE):   DELETE = upcase("N");
MPRINT(EM_METACHANGE):   ROLE = upcase("SEGMENT");
MPRINT(EM_METACHANGE):   LEVEL = upcase("NOMINAL");
MPRINT(EM_METACHANGE):   ORDER = upcase("");
MPRINT(EM_METACHANGE):   COMMENT = "";
MPRINT(EM_METACHANGE):   LOWERLIMIT = .;
MPRINT(EM_METACHANGE):   UPPERLIMIT = .;
MPRINT(EM_METACHANGE):   output;
MPRINT(EM_METACHANGE):   run;

NOTE: The data set WORK.EM_METACHANGE has 1 observations and 9 variables.
NOTE: DATA statement used (Total process time):
      real time           0.00 seconds
      cpu time            0.01 seconds
      

MPRINT(EM_TREE_SCORE):  ;
MPRINT(EM_TREE_SCORE):  ;
MPRINT(EM_METACHANGE):   data WORK.EM_METACHANGE;
MPRINT(EM_METACHANGE):   set WORK.EM_METACHANGE end=eof;
MPRINT(EM_METACHANGE):   output;
MPRINT(EM_METACHANGE):   if eof then do;
MPRINT(EM_METACHANGE):   KEY = upcase("CDELTA_TRAIN");
MPRINT(EM_METACHANGE):   UNAME = upcase("fractal_dimension_se            ");
MPRINT(EM_METACHANGE):   DELETE = upcase("N");
MPRINT(EM_METACHANGE):   ROLE = upcase("REJECTED");
MPRINT(EM_METACHANGE):   LEVEL = upcase("");
MPRINT(EM_METACHANGE):   ORDER = upcase("");
MPRINT(EM_METACHANGE):   COMMENT = "";
MPRINT(EM_METACHANGE):   LOWERLIMIT = .;
MPRINT(EM_METACHANGE):   UPPERLIMIT = .;
MPRINT(EM_METACHANGE):   output;
MPRINT(EM_METACHANGE):   end;
MPRINT(EM_METACHANGE):   run;

NOTE: There were 1 observations read from the data set WORK.EM_METACHANGE.
NOTE: The data set WORK.EM_METACHANGE has 2 observations and 9 variables.
NOTE: DATA statement used (Total process time):
      real time           0.02 seconds
      cpu time            0.01 seconds
      

MPRINT(EM_TREE_SCORE):  ;
MPRINT(EM_METACHANGE):   data WORK.EM_METACHANGE;
MPRINT(EM_METACHANGE):   set WORK.EM_METACHANGE end=eof;
MPRINT(EM_METACHANGE):   output;
MPRINT(EM_METACHANGE):   if eof then do;
MPRINT(EM_METACHANGE):   KEY = upcase("CDELTA_TRAIN");
MPRINT(EM_METACHANGE):   UNAME = upcase("area_se                         ");
MPRINT(EM_METACHANGE):   DELETE = upcase("N");
MPRINT(EM_METACHANGE):   ROLE = upcase("REJECTED");
MPRINT(EM_METACHANGE):   LEVEL = upcase("");
MPRINT(EM_METACHANGE):   ORDER = upcase("");
MPRINT(EM_METACHANGE):   COMMENT = "";
MPRINT(EM_METACHANGE):   LOWERLIMIT = .;
MPRINT(EM_METACHANGE):   UPPERLIMIT = .;
MPRINT(EM_METACHANGE):   output;
MPRINT(EM_METACHANGE):   end;
MPRINT(EM_METACHANGE):   run;

NOTE: There were 2 observations read from the data set WORK.EM_METACHANGE.
NOTE: The data set WORK.EM_METACHANGE has 3 observations and 9 variables.
NOTE: DATA statement used (Total process time):
      real time           0.03 seconds
      cpu time            0.00 seconds
      

MPRINT(EM_TREE_SCORE):  ;
MPRINT(EM_METACHANGE):   data WORK.EM_METACHANGE;
MPRINT(EM_METACHANGE):   set WORK.EM_METACHANGE end=eof;
MPRINT(EM_METACHANGE):   output;
MPRINT(EM_METACHANGE):   if eof then do;
MPRINT(EM_METACHANGE):   KEY = upcase("CDELTA_TRAIN");
MPRINT(EM_METACHANGE):   UNAME = upcase("area_worst                      ");
MPRINT(EM_METACHANGE):   DELETE = upcase("N");
MPRINT(EM_METACHANGE):   ROLE = upcase("REJECTED");
MPRINT(EM_METACHANGE):   LEVEL = upcase("");
MPRINT(EM_METACHANGE):   ORDER = upcase("");
MPRINT(EM_METACHANGE):   COMMENT = "";
MPRINT(EM_METACHANGE):   LOWERLIMIT = .;
MPRINT(EM_METACHANGE):   UPPERLIMIT = .;
MPRINT(EM_METACHANGE):   output;
MPRINT(EM_METACHANGE):   end;
MPRINT(EM_METACHANGE):   run;

NOTE: There were 3 observations read from the data set WORK.EM_METACHANGE.
NOTE: The data set WORK.EM_METACHANGE has 4 observations and 9 variables.
NOTE: DATA statement used (Total process time):
      real time           0.02 seconds
      cpu time            0.01 seconds
      

MPRINT(EM_TREE_SCORE):  ;
MPRINT(EM_METACHANGE):   data WORK.EM_METACHANGE;
MPRINT(EM_METACHANGE):   set WORK.EM_METACHANGE end=eof;
MPRINT(EM_METACHANGE):   output;
MPRINT(EM_METACHANGE):   if eof then do;
MPRINT(EM_METACHANGE):   KEY = upcase("CDELTA_TRAIN");
MPRINT(EM_METACHANGE):   UNAME = upcase("compactness_se                  ");
MPRINT(EM_METACHANGE):   DELETE = upcase("N");
MPRINT(EM_METACHANGE):   ROLE = upcase("REJECTED");
MPRINT(EM_METACHANGE):   LEVEL = upcase("");
MPRINT(EM_METACHANGE):   ORDER = upcase("");
MPRINT(EM_METACHANGE):   COMMENT = "";
MPRINT(EM_METACHANGE):   LOWERLIMIT = .;
MPRINT(EM_METACHANGE):   UPPERLIMIT = .;
MPRINT(EM_METACHANGE):   output;
MPRINT(EM_METACHANGE):   end;
MPRINT(EM_METACHANGE):   run;

NOTE: There were 4 observations read from the data set WORK.EM_METACHANGE.
NOTE: The data set WORK.EM_METACHANGE has 5 observations and 9 variables.
NOTE: DATA statement used (Total process time):
      real time           0.02 seconds
      cpu time            0.01 seconds
      

MPRINT(EM_TREE_SCORE):  ;
MPRINT(EM_METACHANGE):   data WORK.EM_METACHANGE;
MPRINT(EM_METACHANGE):   set WORK.EM_METACHANGE end=eof;
MPRINT(EM_METACHANGE):   output;
MPRINT(EM_METACHANGE):   if eof then do;
MPRINT(EM_METACHANGE):   KEY = upcase("CDELTA_TRAIN");
MPRINT(EM_METACHANGE):   UNAME = upcase("compactness_worst               ");
MPRINT(EM_METACHANGE):   DELETE = upcase("N");
MPRINT(EM_METACHANGE):   ROLE = upcase("REJECTED");
MPRINT(EM_METACHANGE):   LEVEL = upcase("");
MPRINT(EM_METACHANGE):   ORDER = upcase("");
MPRINT(EM_METACHANGE):   COMMENT = "";
MPRINT(EM_METACHANGE):   LOWERLIMIT = .;
MPRINT(EM_METACHANGE):   UPPERLIMIT = .;
MPRINT(EM_METACHANGE):   output;
MPRINT(EM_METACHANGE):   end;
MPRINT(EM_METACHANGE):   run;

NOTE: There were 5 observations read from the data set WORK.EM_METACHANGE.
NOTE: The data set WORK.EM_METACHANGE has 6 observations and 9 variables.
NOTE: DATA statement used (Total process time):
      real time           0.03 seconds
      cpu time            0.00 seconds
      

MPRINT(EM_TREE_SCORE):  ;
MPRINT(EM_METACHANGE):   data WORK.EM_METACHANGE;
MPRINT(EM_METACHANGE):   set WORK.EM_METACHANGE end=eof;
MPRINT(EM_METACHANGE):   output;
MPRINT(EM_METACHANGE):   if eof then do;
MPRINT(EM_METACHANGE):   KEY = upcase("CDELTA_TRAIN");
MPRINT(EM_METACHANGE):   UNAME = upcase("concave_points_mean             ");
MPRINT(EM_METACHANGE):   DELETE = upcase("N");
MPRINT(EM_METACHANGE):   ROLE = upcase("REJECTED");
MPRINT(EM_METACHANGE):   LEVEL = upcase("");
MPRINT(EM_METACHANGE):   ORDER = upcase("");
MPRINT(EM_METACHANGE):   COMMENT = "";
MPRINT(EM_METACHANGE):   LOWERLIMIT = .;
MPRINT(EM_METACHANGE):   UPPERLIMIT = .;
MPRINT(EM_METACHANGE):   output;
MPRINT(EM_METACHANGE):   end;
MPRINT(EM_METACHANGE):   run;

NOTE: There were 6 observations read from the data set WORK.EM_METACHANGE.
NOTE: The data set WORK.EM_METACHANGE has 7 observations and 9 variables.
NOTE: DATA statement used (Total process time):
      real time           0.04 seconds
      cpu time            0.01 seconds
      

MPRINT(EM_TREE_SCORE):  ;
MPRINT(EM_METACHANGE):   data WORK.EM_METACHANGE;
MPRINT(EM_METACHANGE):   set WORK.EM_METACHANGE end=eof;
MPRINT(EM_METACHANGE):   output;
MPRINT(EM_METACHANGE):   if eof then do;
MPRINT(EM_METACHANGE):   KEY = upcase("CDELTA_TRAIN");
MPRINT(EM_METACHANGE):   UNAME = upcase("concave_points_se               ");
MPRINT(EM_METACHANGE):   DELETE = upcase("N");
MPRINT(EM_METACHANGE):   ROLE = upcase("REJECTED");
MPRINT(EM_METACHANGE):   LEVEL = upcase("");
MPRINT(EM_METACHANGE):   ORDER = upcase("");
MPRINT(EM_METACHANGE):   COMMENT = "";
MPRINT(EM_METACHANGE):   LOWERLIMIT = .;
MPRINT(EM_METACHANGE):   UPPERLIMIT = .;
MPRINT(EM_METACHANGE):   output;
MPRINT(EM_METACHANGE):   end;
MPRINT(EM_METACHANGE):   run;

NOTE: There were 7 observations read from the data set WORK.EM_METACHANGE.
NOTE: The data set WORK.EM_METACHANGE has 8 observations and 9 variables.
NOTE: DATA statement used (Total process time):
      real time           0.04 seconds
      cpu time            0.03 seconds
      

MPRINT(EM_TREE_SCORE):  ;
MPRINT(EM_METACHANGE):   data WORK.EM_METACHANGE;
MPRINT(EM_METACHANGE):   set WORK.EM_METACHANGE end=eof;
MPRINT(EM_METACHANGE):   output;
MPRINT(EM_METACHANGE):   if eof then do;
MPRINT(EM_METACHANGE):   KEY = upcase("CDELTA_TRAIN");
MPRINT(EM_METACHANGE):   UNAME = upcase("concave_points_worst            ");
MPRINT(EM_METACHANGE):   DELETE = upcase("N");
MPRINT(EM_METACHANGE):   ROLE = upcase("REJECTED");
MPRINT(EM_METACHANGE):   LEVEL = upcase("");
MPRINT(EM_METACHANGE):   ORDER = upcase("");
MPRINT(EM_METACHANGE):   COMMENT = "";
MPRINT(EM_METACHANGE):   LOWERLIMIT = .;
MPRINT(EM_METACHANGE):   UPPERLIMIT = .;
MPRINT(EM_METACHANGE):   output;
MPRINT(EM_METACHANGE):   end;
MPRINT(EM_METACHANGE):   run;

NOTE: There were 8 observations read from the data set WORK.EM_METACHANGE.
NOTE: The data set WORK.EM_METACHANGE has 9 observations and 9 variables.
NOTE: DATA statement used (Total process time):
      real time           0.03 seconds
      cpu time            0.00 seconds
      

MPRINT(EM_TREE_SCORE):  ;
MPRINT(EM_METACHANGE):   data WORK.EM_METACHANGE;
MPRINT(EM_METACHANGE):   set WORK.EM_METACHANGE end=eof;
MPRINT(EM_METACHANGE):   output;
MPRINT(EM_METACHANGE):   if eof then do;
MPRINT(EM_METACHANGE):   KEY = upcase("CDELTA_TRAIN");
MPRINT(EM_METACHANGE):   UNAME = upcase("concavity_mean                  ");
MPRINT(EM_METACHANGE):   DELETE = upcase("N");
MPRINT(EM_METACHANGE):   ROLE = upcase("REJECTED");
MPRINT(EM_METACHANGE):   LEVEL = upcase("");
MPRINT(EM_METACHANGE):   ORDER = upcase("");
MPRINT(EM_METACHANGE):   COMMENT = "";
MPRINT(EM_METACHANGE):   LOWERLIMIT = .;
MPRINT(EM_METACHANGE):   UPPERLIMIT = .;
MPRINT(EM_METACHANGE):   output;
MPRINT(EM_METACHANGE):   end;
MPRINT(EM_METACHANGE):   run;

NOTE: There were 9 observations read from the data set WORK.EM_METACHANGE.
NOTE: The data set WORK.EM_METACHANGE has 10 observations and 9 variables.
NOTE: DATA statement used (Total process time):
      real time           0.03 seconds
      cpu time            0.03 seconds
      

MPRINT(EM_TREE_SCORE):  ;
MPRINT(EM_METACHANGE):   data WORK.EM_METACHANGE;
MPRINT(EM_METACHANGE):   set WORK.EM_METACHANGE end=eof;
MPRINT(EM_METACHANGE):   output;
MPRINT(EM_METACHANGE):   if eof then do;
MPRINT(EM_METACHANGE):   KEY = upcase("CDELTA_TRAIN");
MPRINT(EM_METACHANGE):   UNAME = upcase("concavity_se                    ");
MPRINT(EM_METACHANGE):   DELETE = upcase("N");
MPRINT(EM_METACHANGE):   ROLE = upcase("REJECTED");
MPRINT(EM_METACHANGE):   LEVEL = upcase("");
MPRINT(EM_METACHANGE):   ORDER = upcase("");
MPRINT(EM_METACHANGE):   COMMENT = "";
MPRINT(EM_METACHANGE):   LOWERLIMIT = .;
MPRINT(EM_METACHANGE):   UPPERLIMIT = .;
MPRINT(EM_METACHANGE):   output;
MPRINT(EM_METACHANGE):   end;
MPRINT(EM_METACHANGE):   run;

NOTE: There were 10 observations read from the data set WORK.EM_METACHANGE.
NOTE: The data set WORK.EM_METACHANGE has 11 observations and 9 variables.
NOTE: DATA statement used (Total process time):
      real time           0.02 seconds
      cpu time            0.00 seconds
      

MPRINT(EM_TREE_SCORE):  ;
MPRINT(EM_METACHANGE):   data WORK.EM_METACHANGE;
MPRINT(EM_METACHANGE):   set WORK.EM_METACHANGE end=eof;
MPRINT(EM_METACHANGE):   output;
MPRINT(EM_METACHANGE):   if eof then do;
MPRINT(EM_METACHANGE):   KEY = upcase("CDELTA_TRAIN");
MPRINT(EM_METACHANGE):   UNAME = upcase("concavity_worst                 ");
MPRINT(EM_METACHANGE):   DELETE = upcase("N");
MPRINT(EM_METACHANGE):   ROLE = upcase("REJECTED");
MPRINT(EM_METACHANGE):   LEVEL = upcase("");
MPRINT(EM_METACHANGE):   ORDER = upcase("");
MPRINT(EM_METACHANGE):   COMMENT = "";
MPRINT(EM_METACHANGE):   LOWERLIMIT = .;
MPRINT(EM_METACHANGE):   UPPERLIMIT = .;
MPRINT(EM_METACHANGE):   output;
MPRINT(EM_METACHANGE):   end;
MPRINT(EM_METACHANGE):   run;

NOTE: There were 11 observations read from the data set WORK.EM_METACHANGE.
NOTE: The data set WORK.EM_METACHANGE has 12 observations and 9 variables.
NOTE: DATA statement used (Total process time):
      real time           0.03 seconds
      cpu time            0.03 seconds
      

MPRINT(EM_TREE_SCORE):  ;
MPRINT(EM_METACHANGE):   data WORK.EM_METACHANGE;
MPRINT(EM_METACHANGE):   set WORK.EM_METACHANGE end=eof;
MPRINT(EM_METACHANGE):   output;
MPRINT(EM_METACHANGE):   if eof then do;
MPRINT(EM_METACHANGE):   KEY = upcase("CDELTA_TRAIN");
MPRINT(EM_METACHANGE):   UNAME = upcase("fractal_dimension_mean          ");
MPRINT(EM_METACHANGE):   DELETE = upcase("N");
MPRINT(EM_METACHANGE):   ROLE = upcase("REJECTED");
MPRINT(EM_METACHANGE):   LEVEL = upcase("");
MPRINT(EM_METACHANGE):   ORDER = upcase("");
MPRINT(EM_METACHANGE):   COMMENT = "";
MPRINT(EM_METACHANGE):   LOWERLIMIT = .;
MPRINT(EM_METACHANGE):   UPPERLIMIT = .;
MPRINT(EM_METACHANGE):   output;
MPRINT(EM_METACHANGE):   end;
MPRINT(EM_METACHANGE):   run;

NOTE: There were 12 observations read from the data set WORK.EM_METACHANGE.
NOTE: The data set WORK.EM_METACHANGE has 13 observations and 9 variables.
NOTE: DATA statement used (Total process time):
      real time           0.02 seconds
      cpu time            0.00 seconds
      

MPRINT(EM_TREE_SCORE):  ;
MPRINT(EM_METACHANGE):   data WORK.EM_METACHANGE;
MPRINT(EM_METACHANGE):   set WORK.EM_METACHANGE end=eof;
MPRINT(EM_METACHANGE):   output;
MPRINT(EM_METACHANGE):   if eof then do;
MPRINT(EM_METACHANGE):   KEY = upcase("CDELTA_TRAIN");
MPRINT(EM_METACHANGE):   UNAME = upcase("radius_worst                    ");
MPRINT(EM_METACHANGE):   DELETE = upcase("N");
MPRINT(EM_METACHANGE):   ROLE = upcase("REJECTED");
MPRINT(EM_METACHANGE):   LEVEL = upcase("");
MPRINT(EM_METACHANGE):   ORDER = upcase("");
MPRINT(EM_METACHANGE):   COMMENT = "";
MPRINT(EM_METACHANGE):   LOWERLIMIT = .;
MPRINT(EM_METACHANGE):   UPPERLIMIT = .;
MPRINT(EM_METACHANGE):   output;
MPRINT(EM_METACHANGE):   end;
MPRINT(EM_METACHANGE):   run;

NOTE: There were 13 observations read from the data set WORK.EM_METACHANGE.
NOTE: The data set WORK.EM_METACHANGE has 14 observations and 9 variables.
NOTE: DATA statement used (Total process time):
      real time           0.03 seconds
      cpu time            0.01 seconds
      

MPRINT(EM_TREE_SCORE):  ;
MPRINT(EM_METACHANGE):   data WORK.EM_METACHANGE;
MPRINT(EM_METACHANGE):   set WORK.EM_METACHANGE end=eof;
MPRINT(EM_METACHANGE):   output;
MPRINT(EM_METACHANGE):   if eof then do;
MPRINT(EM_METACHANGE):   KEY = upcase("CDELTA_TRAIN");
MPRINT(EM_METACHANGE):   UNAME = upcase("fractal_dimension_worst         ");
MPRINT(EM_METACHANGE):   DELETE = upcase("N");
MPRINT(EM_METACHANGE):   ROLE = upcase("REJECTED");
MPRINT(EM_METACHANGE):   LEVEL = upcase("");
MPRINT(EM_METACHANGE):   ORDER = upcase("");
MPRINT(EM_METACHANGE):   COMMENT = "";
MPRINT(EM_METACHANGE):   LOWERLIMIT = .;
MPRINT(EM_METACHANGE):   UPPERLIMIT = .;
MPRINT(EM_METACHANGE):   output;
MPRINT(EM_METACHANGE):   end;
MPRINT(EM_METACHANGE):   run;

NOTE: There were 14 observations read from the data set WORK.EM_METACHANGE.
NOTE: The data set WORK.EM_METACHANGE has 15 observations and 9 variables.
NOTE: DATA statement used (Total process time):
      real time           0.02 seconds
      cpu time            0.00 seconds
      

MPRINT(EM_TREE_SCORE):  ;
MPRINT(EM_METACHANGE):   data WORK.EM_METACHANGE;
MPRINT(EM_METACHANGE):   set WORK.EM_METACHANGE end=eof;
MPRINT(EM_METACHANGE):   output;
MPRINT(EM_METACHANGE):   if eof then do;
MPRINT(EM_METACHANGE):   KEY = upcase("CDELTA_TRAIN");
MPRINT(EM_METACHANGE):   UNAME = upcase("perimeter_mean                  ");
MPRINT(EM_METACHANGE):   DELETE = upcase("N");
MPRINT(EM_METACHANGE):   ROLE = upcase("REJECTED");
MPRINT(EM_METACHANGE):   LEVEL = upcase("");
MPRINT(EM_METACHANGE):   ORDER = upcase("");
MPRINT(EM_METACHANGE):   COMMENT = "";
MPRINT(EM_METACHANGE):   LOWERLIMIT = .;
MPRINT(EM_METACHANGE):   UPPERLIMIT = .;
MPRINT(EM_METACHANGE):   output;
MPRINT(EM_METACHANGE):   end;
MPRINT(EM_METACHANGE):   run;

NOTE: There were 15 observations read from the data set WORK.EM_METACHANGE.
NOTE: The data set WORK.EM_METACHANGE has 16 observations and 9 variables.
NOTE: DATA statement used (Total process time):
      real time           0.04 seconds
      cpu time            0.03 seconds
      

MPRINT(EM_TREE_SCORE):  ;
MPRINT(EM_METACHANGE):   data WORK.EM_METACHANGE;
MPRINT(EM_METACHANGE):   set WORK.EM_METACHANGE end=eof;
MPRINT(EM_METACHANGE):   output;
MPRINT(EM_METACHANGE):   if eof then do;
MPRINT(EM_METACHANGE):   KEY = upcase("CDELTA_TRAIN");
MPRINT(EM_METACHANGE):   UNAME = upcase("perimeter_se                    ");
MPRINT(EM_METACHANGE):   DELETE = upcase("N");
MPRINT(EM_METACHANGE):   ROLE = upcase("REJECTED");
MPRINT(EM_METACHANGE):   LEVEL = upcase("");
MPRINT(EM_METACHANGE):   ORDER = upcase("");
MPRINT(EM_METACHANGE):   COMMENT = "";
MPRINT(EM_METACHANGE):   LOWERLIMIT = .;
MPRINT(EM_METACHANGE):   UPPERLIMIT = .;
MPRINT(EM_METACHANGE):   output;
MPRINT(EM_METACHANGE):   end;
MPRINT(EM_METACHANGE):   run;

NOTE: There were 16 observations read from the data set WORK.EM_METACHANGE.
NOTE: The data set WORK.EM_METACHANGE has 17 observations and 9 variables.
NOTE: DATA statement used (Total process time):
      real time           0.03 seconds
      cpu time            0.01 seconds
      

MPRINT(EM_TREE_SCORE):  ;
MPRINT(EM_METACHANGE):   data WORK.EM_METACHANGE;
MPRINT(EM_METACHANGE):   set WORK.EM_METACHANGE end=eof;
MPRINT(EM_METACHANGE):   output;
MPRINT(EM_METACHANGE):   if eof then do;
MPRINT(EM_METACHANGE):   KEY = upcase("CDELTA_TRAIN");
MPRINT(EM_METACHANGE):   UNAME = upcase("compactness_mean                ");
MPRINT(EM_METACHANGE):   DELETE = upcase("N");
MPRINT(EM_METACHANGE):   ROLE = upcase("REJECTED");
MPRINT(EM_METACHANGE):   LEVEL = upcase("");
MPRINT(EM_METACHANGE):   ORDER = upcase("");
MPRINT(EM_METACHANGE):   COMMENT = "";
MPRINT(EM_METACHANGE):   LOWERLIMIT = .;
MPRINT(EM_METACHANGE):   UPPERLIMIT = .;
MPRINT(EM_METACHANGE):   output;
MPRINT(EM_METACHANGE):   end;
MPRINT(EM_METACHANGE):   run;

NOTE: There were 17 observations read from the data set WORK.EM_METACHANGE.
NOTE: The data set WORK.EM_METACHANGE has 18 observations and 9 variables.
NOTE: DATA statement used (Total process time):
      real time           0.03 seconds
      cpu time            0.00 seconds
      

MPRINT(EM_TREE_SCORE):  ;
MPRINT(EM_METACHANGE):   data WORK.EM_METACHANGE;
MPRINT(EM_METACHANGE):   set WORK.EM_METACHANGE end=eof;
MPRINT(EM_METACHANGE):   output;
MPRINT(EM_METACHANGE):   if eof then do;
MPRINT(EM_METACHANGE):   KEY = upcase("CDELTA_TRAIN");
MPRINT(EM_METACHANGE):   UNAME = upcase("radius_mean                     ");
MPRINT(EM_METACHANGE):   DELETE = upcase("N");
MPRINT(EM_METACHANGE):   ROLE = upcase("REJECTED");
MPRINT(EM_METACHANGE):   LEVEL = upcase("");
MPRINT(EM_METACHANGE):   ORDER = upcase("");
MPRINT(EM_METACHANGE):   COMMENT = "";
MPRINT(EM_METACHANGE):   LOWERLIMIT = .;
MPRINT(EM_METACHANGE):   UPPERLIMIT = .;
MPRINT(EM_METACHANGE):   output;
MPRINT(EM_METACHANGE):   end;
MPRINT(EM_METACHANGE):   run;

NOTE: There were 18 observations read from the data set WORK.EM_METACHANGE.
NOTE: The data set WORK.EM_METACHANGE has 19 observations and 9 variables.
NOTE: DATA statement used (Total process time):
      real time           0.03 seconds
      cpu time            0.01 seconds
      

MPRINT(EM_TREE_SCORE):  ;
MPRINT(EM_METACHANGE):   data WORK.EM_METACHANGE;
MPRINT(EM_METACHANGE):   set WORK.EM_METACHANGE end=eof;
MPRINT(EM_METACHANGE):   output;
MPRINT(EM_METACHANGE):   if eof then do;
MPRINT(EM_METACHANGE):   KEY = upcase("CDELTA_TRAIN");
MPRINT(EM_METACHANGE):   UNAME = upcase("radius_se                       ");
MPRINT(EM_METACHANGE):   DELETE = upcase("N");
MPRINT(EM_METACHANGE):   ROLE = upcase("REJECTED");
MPRINT(EM_METACHANGE):   LEVEL = upcase("");
MPRINT(EM_METACHANGE):   ORDER = upcase("");
MPRINT(EM_METACHANGE):   COMMENT = "";
MPRINT(EM_METACHANGE):   LOWERLIMIT = .;
MPRINT(EM_METACHANGE):   UPPERLIMIT = .;
MPRINT(EM_METACHANGE):   output;
MPRINT(EM_METACHANGE):   end;
MPRINT(EM_METACHANGE):   run;

NOTE: There were 19 observations read from the data set WORK.EM_METACHANGE.
NOTE: The data set WORK.EM_METACHANGE has 20 observations and 9 variables.
NOTE: DATA statement used (Total process time):
      real time           0.02 seconds
      cpu time            0.01 seconds
      

MPRINT(EM_TREE_SCORE):  ;
MPRINT(EM_METACHANGE):   data WORK.EM_METACHANGE;
MPRINT(EM_METACHANGE):   set WORK.EM_METACHANGE end=eof;
MPRINT(EM_METACHANGE):   output;
MPRINT(EM_METACHANGE):   if eof then do;
MPRINT(EM_METACHANGE):   KEY = upcase("CDELTA_TRAIN");
MPRINT(EM_METACHANGE):   UNAME = upcase("smoothness_worst                ");
MPRINT(EM_METACHANGE):   DELETE = upcase("N");
MPRINT(EM_METACHANGE):   ROLE = upcase("REJECTED");
MPRINT(EM_METACHANGE):   LEVEL = upcase("");
MPRINT(EM_METACHANGE):   ORDER = upcase("");
MPRINT(EM_METACHANGE):   COMMENT = "";
MPRINT(EM_METACHANGE):   LOWERLIMIT = .;
MPRINT(EM_METACHANGE):   UPPERLIMIT = .;
MPRINT(EM_METACHANGE):   output;
MPRINT(EM_METACHANGE):   end;
MPRINT(EM_METACHANGE):   run;

NOTE: There were 20 observations read from the data set WORK.EM_METACHANGE.
NOTE: The data set WORK.EM_METACHANGE has 21 observations and 9 variables.
NOTE: DATA statement used (Total process time):
      real time           0.03 seconds
      cpu time            0.01 seconds
      

MPRINT(EM_TREE_SCORE):  ;
MPRINT(EM_METACHANGE):   data WORK.EM_METACHANGE;
MPRINT(EM_METACHANGE):   set WORK.EM_METACHANGE end=eof;
MPRINT(EM_METACHANGE):   output;
MPRINT(EM_METACHANGE):   if eof then do;
MPRINT(EM_METACHANGE):   KEY = upcase("CDELTA_TRAIN");
MPRINT(EM_METACHANGE):   UNAME = upcase("smoothness_mean                 ");
MPRINT(EM_METACHANGE):   DELETE = upcase("N");
MPRINT(EM_METACHANGE):   ROLE = upcase("REJECTED");
MPRINT(EM_METACHANGE):   LEVEL = upcase("");
MPRINT(EM_METACHANGE):   ORDER = upcase("");
MPRINT(EM_METACHANGE):   COMMENT = "";
MPRINT(EM_METACHANGE):   LOWERLIMIT = .;
MPRINT(EM_METACHANGE):   UPPERLIMIT = .;
MPRINT(EM_METACHANGE):   output;
MPRINT(EM_METACHANGE):   end;
MPRINT(EM_METACHANGE):   run;

NOTE: There were 21 observations read from the data set WORK.EM_METACHANGE.
NOTE: The data set WORK.EM_METACHANGE has 22 observations and 9 variables.
NOTE: DATA statement used (Total process time):
      real time           0.01 seconds
      cpu time            0.00 seconds
      

MPRINT(EM_TREE_SCORE):  ;
MPRINT(EM_METACHANGE):   data WORK.EM_METACHANGE;
MPRINT(EM_METACHANGE):   set WORK.EM_METACHANGE end=eof;
MPRINT(EM_METACHANGE):   output;
MPRINT(EM_METACHANGE):   if eof then do;
MPRINT(EM_METACHANGE):   KEY = upcase("CDELTA_TRAIN");
MPRINT(EM_METACHANGE):   UNAME = upcase("smoothness_se                   ");
MPRINT(EM_METACHANGE):   DELETE = upcase("N");
MPRINT(EM_METACHANGE):   ROLE = upcase("REJECTED");
MPRINT(EM_METACHANGE):   LEVEL = upcase("");
MPRINT(EM_METACHANGE):   ORDER = upcase("");
MPRINT(EM_METACHANGE):   COMMENT = "";
MPRINT(EM_METACHANGE):   LOWERLIMIT = .;
MPRINT(EM_METACHANGE):   UPPERLIMIT = .;
MPRINT(EM_METACHANGE):   output;
MPRINT(EM_METACHANGE):   end;
MPRINT(EM_METACHANGE):   run;

NOTE: There were 22 observations read from the data set WORK.EM_METACHANGE.
NOTE: The data set WORK.EM_METACHANGE has 23 observations and 9 variables.
NOTE: DATA statement used (Total process time):
      real time           0.02 seconds
      cpu time            0.01 seconds
      

MPRINT(EM_TREE_SCORE):  ;
MPRINT(EM_METACHANGE):   data WORK.EM_METACHANGE;
MPRINT(EM_METACHANGE):   set WORK.EM_METACHANGE end=eof;
MPRINT(EM_METACHANGE):   output;
MPRINT(EM_METACHANGE):   if eof then do;
MPRINT(EM_METACHANGE):   KEY = upcase("CDELTA_TRAIN");
MPRINT(EM_METACHANGE):   UNAME = upcase("symmetry_worst                  ");
MPRINT(EM_METACHANGE):   DELETE = upcase("N");
MPRINT(EM_METACHANGE):   ROLE = upcase("REJECTED");
MPRINT(EM_METACHANGE):   LEVEL = upcase("");
MPRINT(EM_METACHANGE):   ORDER = upcase("");
MPRINT(EM_METACHANGE):   COMMENT = "";
MPRINT(EM_METACHANGE):   LOWERLIMIT = .;
MPRINT(EM_METACHANGE):   UPPERLIMIT = .;
MPRINT(EM_METACHANGE):   output;
MPRINT(EM_METACHANGE):   end;
MPRINT(EM_METACHANGE):   run;

NOTE: There were 23 observations read from the data set WORK.EM_METACHANGE.
NOTE: The data set WORK.EM_METACHANGE has 24 observations and 9 variables.
NOTE: DATA statement used (Total process time):
      real time           0.04 seconds
      cpu time            0.00 seconds
      

MPRINT(EM_TREE_SCORE):  ;
MPRINT(EM_METACHANGE):   data WORK.EM_METACHANGE;
MPRINT(EM_METACHANGE):   set WORK.EM_METACHANGE end=eof;
MPRINT(EM_METACHANGE):   output;
MPRINT(EM_METACHANGE):   if eof then do;
MPRINT(EM_METACHANGE):   KEY = upcase("CDELTA_TRAIN");
MPRINT(EM_METACHANGE):   UNAME = upcase("symmetry_mean                   ");
MPRINT(EM_METACHANGE):   DELETE = upcase("N");
MPRINT(EM_METACHANGE):   ROLE = upcase("REJECTED");
MPRINT(EM_METACHANGE):   LEVEL = upcase("");
MPRINT(EM_METACHANGE):   ORDER = upcase("");
MPRINT(EM_METACHANGE):   COMMENT = "";
MPRINT(EM_METACHANGE):   LOWERLIMIT = .;
MPRINT(EM_METACHANGE):   UPPERLIMIT = .;
MPRINT(EM_METACHANGE):   output;
MPRINT(EM_METACHANGE):   end;
MPRINT(EM_METACHANGE):   run;

NOTE: There were 24 observations read from the data set WORK.EM_METACHANGE.
NOTE: The data set WORK.EM_METACHANGE has 25 observations and 9 variables.
NOTE: DATA statement used (Total process time):
      real time           0.04 seconds
      cpu time            0.01 seconds
      

MPRINT(EM_TREE_SCORE):  ;
MPRINT(EM_METACHANGE):   data WORK.EM_METACHANGE;
MPRINT(EM_METACHANGE):   set WORK.EM_METACHANGE end=eof;
MPRINT(EM_METACHANGE):   output;
MPRINT(EM_METACHANGE):   if eof then do;
MPRINT(EM_METACHANGE):   KEY = upcase("CDELTA_TRAIN");
MPRINT(EM_METACHANGE):   UNAME = upcase("symmetry_se                     ");
MPRINT(EM_METACHANGE):   DELETE = upcase("N");
MPRINT(EM_METACHANGE):   ROLE = upcase("REJECTED");
MPRINT(EM_METACHANGE):   LEVEL = upcase("");
MPRINT(EM_METACHANGE):   ORDER = upcase("");
MPRINT(EM_METACHANGE):   COMMENT = "";
MPRINT(EM_METACHANGE):   LOWERLIMIT = .;
MPRINT(EM_METACHANGE):   UPPERLIMIT = .;
MPRINT(EM_METACHANGE):   output;
MPRINT(EM_METACHANGE):   end;
MPRINT(EM_METACHANGE):   run;

NOTE: There were 25 observations read from the data set WORK.EM_METACHANGE.
NOTE: The data set WORK.EM_METACHANGE has 26 observations and 9 variables.
NOTE: DATA statement used (Total process time):
      real time           0.03 seconds
      cpu time            0.01 seconds
      

MPRINT(EM_TREE_SCORE):  ;
MPRINT(EM_TREE_SCORE):   data _null_;
MPRINT(EM_TREE_SCORE):   set EMWS1.Tree4_diagnosis_DM(where=(_TYPE_="PREDICTED")) end=eof;
MPRINT(EM_TREE_SCORE):   call symput('tree_pred_vars'!!strip(put(_N_, BEST.)), strip(VARIABLE));
MPRINT(EM_TREE_SCORE):   call symput('tree_pred_lvl'!!strip(put(_N_, BEST.)), strip(LEVEL));
MPRINT(EM_TREE_SCORE):   if eof then call symput('numpred', strip(put(_N_, BEST.)));
MPRINT(EM_TREE_SCORE):   run;

NOTE: There were 2 observations read from the data set EMWS1.TREE4_DIAGNOSIS_DM.
      WHERE _TYPE_='PREDICTED';
NOTE: DATA statement used (Total process time):
      real time           0.00 seconds
      cpu time            0.00 seconds
      

MPRINT(EM_METACHANGE):   data WORK.EM_METACHANGE;
MPRINT(EM_METACHANGE):   set WORK.EM_METACHANGE end=eof;
MPRINT(EM_METACHANGE):   output;
MPRINT(EM_METACHANGE):   if eof then do;
MPRINT(EM_METACHANGE):   KEY = upcase("CDELTA_TRAIN");
MPRINT(EM_METACHANGE):   UNAME = upcase("Q_diagnosisM");
MPRINT(EM_METACHANGE):   DELETE = upcase("N");
MPRINT(EM_METACHANGE):   ROLE = upcase("ASSESS");
MPRINT(EM_METACHANGE):   LEVEL = upcase("");
MPRINT(EM_METACHANGE):   ORDER = upcase("");
MPRINT(EM_METACHANGE):   COMMENT = "";
MPRINT(EM_METACHANGE):   LOWERLIMIT = .;
MPRINT(EM_METACHANGE):   UPPERLIMIT = .;
MPRINT(EM_METACHANGE):   output;
MPRINT(EM_METACHANGE):   end;
MPRINT(EM_METACHANGE):   run;

NOTE: There were 26 observations read from the data set WORK.EM_METACHANGE.
NOTE: The data set WORK.EM_METACHANGE has 27 observations and 9 variables.
NOTE: DATA statement used (Total process time):
      real time           0.02 seconds
      cpu time            0.00 seconds
      

MPRINT(EM_TREE_SCORE):  ;
MPRINT(EM_METACHANGE):   data WORK.EM_METACHANGE;
MPRINT(EM_METACHANGE):   set WORK.EM_METACHANGE end=eof;
MPRINT(EM_METACHANGE):   output;
MPRINT(EM_METACHANGE):   if eof then do;
MPRINT(EM_METACHANGE):   KEY = upcase("CDELTA_TRAIN");
MPRINT(EM_METACHANGE):   UNAME = upcase("Q_diagnosisB");
MPRINT(EM_METACHANGE):   DELETE = upcase("N");
MPRINT(EM_METACHANGE):   ROLE = upcase("ASSESS");
MPRINT(EM_METACHANGE):   LEVEL = upcase("");
MPRINT(EM_METACHANGE):   ORDER = upcase("");
MPRINT(EM_METACHANGE):   COMMENT = "";
MPRINT(EM_METACHANGE):   LOWERLIMIT = .;
MPRINT(EM_METACHANGE):   UPPERLIMIT = .;
MPRINT(EM_METACHANGE):   output;
MPRINT(EM_METACHANGE):   end;
MPRINT(EM_METACHANGE):   run;

NOTE: There were 27 observations read from the data set WORK.EM_METACHANGE.
NOTE: The data set WORK.EM_METACHANGE has 28 observations and 9 variables.
NOTE: DATA statement used (Total process time):
      real time           0.03 seconds
      cpu time            0.01 seconds
      

MPRINT(EM_TREE_SCORE):  ;
MPRINT(EM_TREE_SCORE):  ;
MPRINT(EM_TREE_SCORE):   data _null_;
MPRINT(EM_TREE_SCORE):   set EMWS1.Tree4_OUTIMPORT (obs=2) end=eof;
MPRINT(EM_TREE_SCORE):   if eof then do ;
MPRINT(EM_TREE_SCORE):   call symput("em_tree_cvexists" , strip(put(cvimportance,best.))) ;
MPRINT(EM_TREE_SCORE):   call symput("em_tree_surrexists", strip(put(nsurrogates, best.)));
MPRINT(EM_TREE_SCORE):   end;
MPRINT(EM_TREE_SCORE):   run;

NOTE: Variable cvimportance is uninitialized.
NOTE: Variable nsurrogates is uninitialized.
NOTE: There were 2 observations read from the data set EMWS1.TREE4_OUTIMPORT.
NOTE: DATA statement used (Total process time):
      real time           0.00 seconds
      cpu time            0.00 seconds
      

MPRINT(EM_TREE_SCORE):   data EMWS1.Tree4_OUTIMPORT;
MPRINT(EM_TREE_SCORE):   set EMWS1.Tree4_OUTIMPORT;
MPRINT(EM_TREE_SCORE):   format importance 15.4 vimportance ratio 15.4 ;
MPRINT(EM_TREE_SCORE):   label NAME = "Variable Name" LABEL = "Label" NRULES = "Number of Splitting Rules" IMPORTANCE = "Importance" NSURROGATES = "Number of Surrogate Rules" VIMPORTANCE = "Validation Importance" RATIO = "Ratio of Validation to Training 
Importance" VIMPORTANCE = "Validation Importance" CVIMPORTANCE = "Relative Importance" CVRULES= "Number of Rules in CV Trees" RATIO = "Ratio of Validation to Training Importance" ;
MPRINT(EM_TREE_SCORE):   run;

NOTE: Variable NSURROGATES is uninitialized.
NOTE: Variable CVIMPORTANCE is uninitialized.
NOTE: Variable CVRULES is uninitialized.
NOTE: There were 27 observations read from the data set EMWS1.TREE4_OUTIMPORT.
NOTE: The data set EMWS1.TREE4_OUTIMPORT has 27 observations and 6 variables.
NOTE: DATA statement used (Total process time):
      real time           0.03 seconds
      cpu time            0.03 seconds
      

MPRINT(EM_REPORT):   data WORK.EM_USER_REPORT;
MPRINT(EM_REPORT):   retain id 0;
MPRINT(EM_REPORT):   id + 1;
MPRINT(EM_REPORT):   length VIEW 8 NAME $32 VALUE $400;
MPRINT(EM_REPORT):   NAME = "KEY";
MPRINT(EM_REPORT):   VALUE = "OUTIMPORT";
MPRINT(EM_REPORT):   VIEW = 0.11822884116239;
MPRINT(EM_REPORT):   output;
MPRINT(EM_REPORT):   NAME = "VIEWTYPE";
MPRINT(EM_REPORT):   VALUE = "DATA";
MPRINT(EM_REPORT):   VIEW = 0.11822884116239;
MPRINT(EM_REPORT):   output;
MPRINT(EM_REPORT):   NAME = "AUTODISPLAY";
MPRINT(EM_REPORT):   VALUE = "N";
MPRINT(EM_REPORT):   VIEW = 0.11822884116239;
MPRINT(EM_REPORT):   output;
MPRINT(EM_REPORT):   NAME = "SPK";
MPRINT(EM_REPORT):   VALUE = "Y";
MPRINT(EM_REPORT):   VIEW = 0.11822884116239;
MPRINT(EM_REPORT):   output;
MPRINT(EM_REPORT):   NAME = "COMPARE";
MPRINT(EM_REPORT):   VALUE = "N";
MPRINT(EM_REPORT):   VIEW = 0.11822884116239;
MPRINT(EM_REPORT):   output;
MPRINT(EM_REPORT):   NAME = "LOCALIZE";
MPRINT(EM_REPORT):   VALUE = "N";
MPRINT(EM_REPORT):   VIEW = 0.11822884116239;
MPRINT(EM_REPORT):   output;
MPRINT(EM_REPORT):   NAME = "EQUALIZEROWX";
MPRINT(EM_REPORT):   VALUE = "N";
MPRINT(EM_REPORT):   VIEW = 0.11822884116239;
MPRINT(EM_REPORT):   output;
MPRINT(EM_REPORT):   NAME = "EQUALIZEROWY";
MPRINT(EM_REPORT):   VALUE = "N";
MPRINT(EM_REPORT):   VIEW = 0.11822884116239;
MPRINT(EM_REPORT):   output;
MPRINT(EM_REPORT):   NAME = "EQUALIZECOLX";
MPRINT(EM_REPORT):   VALUE = "N";
MPRINT(EM_REPORT):   VIEW = 0.11822884116239;
MPRINT(EM_REPORT):   output;
MPRINT(EM_REPORT):   NAME = "EQUALIZECOLY";
MPRINT(EM_REPORT):   VALUE = "N";
MPRINT(EM_REPORT):   VIEW = 0.11822884116239;
MPRINT(EM_REPORT):   output;
MPRINT(EM_REPORT):   NAME = "NROWS";
MPRINT(EM_REPORT):   VALUE = "";
MPRINT(EM_REPORT):   VIEW = 0.11822884116239;
MPRINT(EM_REPORT):   output;
MPRINT(EM_REPORT):   NAME = "NCOLS";
MPRINT(EM_REPORT):   VALUE = "";
MPRINT(EM_REPORT):   VIEW = 0.11822884116239;
MPRINT(EM_REPORT):   output;
MPRINT(EM_REPORT):   NAME = "DISCRETEX";
MPRINT(EM_REPORT):   VALUE = "";
MPRINT(EM_REPORT):   VIEW = 0.11822884116239;
MPRINT(EM_REPORT):   output;
MPRINT(EM_REPORT):   NAME = "DISCRETEY";
MPRINT(EM_REPORT):   VALUE = "";
MPRINT(EM_REPORT):   VIEW = 0.11822884116239;
MPRINT(EM_REPORT):   output;
MPRINT(EM_REPORT):   NAME = "LATTICEX";
MPRINT(EM_REPORT):   VALUE = "";
MPRINT(EM_REPORT):   VIEW = 0.11822884116239;
MPRINT(EM_REPORT):   output;
MPRINT(EM_REPORT):   NAME = "LATTICEY";
MPRINT(EM_REPORT):   VALUE = "";
MPRINT(EM_REPORT):   VIEW = 0.11822884116239;
MPRINT(EM_REPORT):   output;
MPRINT(EM_REPORT):   NAME = "LATTICETYPE";
MPRINT(EM_REPORT):   VALUE = "";
MPRINT(EM_REPORT):   VIEW = 0.11822884116239;
MPRINT(EM_REPORT):   output;
MPRINT(EM_REPORT):   NAME = "ABSOLUTEVALUE";
MPRINT(EM_REPORT):   VALUE = "";
MPRINT(EM_REPORT):   VIEW = 0.11822884116239;
MPRINT(EM_REPORT):   output;
MPRINT(EM_REPORT):   NAME = "SORTORDER";
MPRINT(EM_REPORT):   VALUE = "";
MPRINT(EM_REPORT):   VIEW = 0.11822884116239;
MPRINT(EM_REPORT):   output;
MPRINT(EM_REPORT):   NAME = "SORTORDERY";
MPRINT(EM_REPORT):   VALUE = "";
MPRINT(EM_REPORT):   VIEW = 0.11822884116239;
MPRINT(EM_REPORT):   output;
MPRINT(EM_REPORT):   NAME = "ORIENTATION";
MPRINT(EM_REPORT):   VALUE = "";
MPRINT(EM_REPORT):   VIEW = 0.11822884116239;
MPRINT(EM_REPORT):   output;
MPRINT(EM_REPORT):   NAME = "METHOD";
MPRINT(EM_REPORT):   VALUE = "";
MPRINT(EM_REPORT):   VIEW = 0.11822884116239;
MPRINT(EM_REPORT):   output;
MPRINT(EM_REPORT):   NAME = "DIRECTION";
MPRINT(EM_REPORT):   VALUE = "";
MPRINT(EM_REPORT):   VIEW = 0.11822884116239;
MPRINT(EM_REPORT):   output;
MPRINT(EM_REPORT):   NAME = "BYSET";
MPRINT(EM_REPORT):   VALUE = "";
MPRINT(EM_REPORT):   VIEW = 0.11822884116239;
MPRINT(EM_REPORT):   output;
MPRINT(EM_REPORT):   NAME = "RENDERMODE";
MPRINT(EM_REPORT):   VALUE = "";
MPRINT(EM_REPORT):   VIEW = 0.11822884116239;
MPRINT(EM_REPORT):   output;
MPRINT(EM_REPORT):   NAME = "DESCRIPTION";
MPRINT(EM_REPORT):   VALUE = "IMPORTANCE";
MPRINT(EM_REPORT):   VIEW = 0.11822884116239;
MPRINT(EM_REPORT):   output;
MPRINT(EM_REPORT):   NAME = "X";
MPRINT(EM_REPORT):   VALUE = "";
MPRINT(EM_REPORT):   VIEW = 0.11822884116239;
MPRINT(EM_REPORT):   output;
MPRINT(EM_REPORT):   NAME = "EXCLUDEVARS";
MPRINT(EM_REPORT):   VALUE = "";
MPRINT(EM_REPORT):   VIEW = 0.11822884116239;
MPRINT(EM_REPORT):   output;
MPRINT(EM_REPORT):   NAME = "Z";
MPRINT(EM_REPORT):   VALUE = "";
MPRINT(EM_REPORT):   VIEW = 0.11822884116239;
MPRINT(EM_REPORT):   output;
MPRINT(EM_REPORT):   NAME = "YVARS";
MPRINT(EM_REPORT):   VALUE = "";
MPRINT(EM_REPORT):   VIEW = 0.11822884116239;
MPRINT(EM_REPORT):   output;
MPRINT(EM_REPORT):   NAME = "FREQVARS";
MPRINT(EM_REPORT):   VALUE = "";
MPRINT(EM_REPORT):   VIEW = 0.11822884116239;
MPRINT(EM_REPORT):   output;
MPRINT(EM_REPORT):   NAME = "AXIS";
MPRINT(EM_REPORT):   VALUE = "";
MPRINT(EM_REPORT):   VIEW = 0.11822884116239;
MPRINT(EM_REPORT):   output;
MPRINT(EM_REPORT):   NAME = "FREQ";
MPRINT(EM_REPORT):   VALUE = "";
MPRINT(EM_REPORT):   VIEW = 0.11822884116239;
MPRINT(EM_REPORT):   output;
MPRINT(EM_REPORT):   NAME = "GROUP";
MPRINT(EM_REPORT):   VALUE = "";
MPRINT(EM_REPORT):   VIEW = 0.11822884116239;
MPRINT(EM_REPORT):   output;
MPRINT(EM_REPORT):   NAME = "SUBGROUP";
MPRINT(EM_REPORT):   VALUE = "";
MPRINT(EM_REPORT):   VIEW = 0.11822884116239;
MPRINT(EM_REPORT):   output;
MPRINT(EM_REPORT):   NAME = "BLOCK";
MPRINT(EM_REPORT):   VALUE = "MODEL";
MPRINT(EM_REPORT):   VIEW = 0.11822884116239;
MPRINT(EM_REPORT):   output;
MPRINT(EM_REPORT):   NAME = "COLOR";
MPRINT(EM_REPORT):   VALUE = "";
MPRINT(EM_REPORT):   VIEW = 0.11822884116239;
MPRINT(EM_REPORT):   output;
MPRINT(EM_REPORT):   NAME = "COLORINDEX";
MPRINT(EM_REPORT):   VALUE = "";
MPRINT(EM_REPORT):   VIEW = 0.11822884116239;
MPRINT(EM_REPORT):   output;
MPRINT(EM_REPORT):   NAME = "TIPTEXT";
MPRINT(EM_REPORT):   VALUE = "";
MPRINT(EM_REPORT):   VIEW = 0.11822884116239;
MPRINT(EM_REPORT):   output;
MPRINT(EM_REPORT):   NAME = "TIP";
MPRINT(EM_REPORT):   VALUE = "";
MPRINT(EM_REPORT):   VIEW = 0.11822884116239;
MPRINT(EM_REPORT):   output;
MPRINT(EM_REPORT):   NAME = "TOOLTIP";
MPRINT(EM_REPORT):   VALUE = "";
MPRINT(EM_REPORT):   VIEW = 0.11822884116239;
MPRINT(EM_REPORT):   output;
MPRINT(EM_REPORT):   NAME = "REPORTID";
MPRINT(EM_REPORT):   VALUE = "";
MPRINT(EM_REPORT):   VIEW = 0.11822884116239;
MPRINT(EM_REPORT):   output;
MPRINT(EM_REPORT):   NAME = "IDVALUE";
MPRINT(EM_REPORT):   VALUE = "";
MPRINT(EM_REPORT):   VIEW = 0.11822884116239;
MPRINT(EM_REPORT):   output;
MPRINT(EM_REPORT):   NAME = "ID";
MPRINT(EM_REPORT):   VALUE = "";
MPRINT(EM_REPORT):   VIEW = 0.11822884116239;
MPRINT(EM_REPORT):   output;
MPRINT(EM_REPORT):   NAME = "SIZE";
MPRINT(EM_REPORT):   VALUE = "";
MPRINT(EM_REPORT):   VIEW = 0.11822884116239;
MPRINT(EM_REPORT):   output;
MPRINT(EM_REPORT):   NAME = "FROM";
MPRINT(EM_REPORT):   VALUE = "";
MPRINT(EM_REPORT):   VIEW = 0.11822884116239;
MPRINT(EM_REPORT):   output;
MPRINT(EM_REPORT):   NAME = "TO";
MPRINT(EM_REPORT):   VALUE = "";
MPRINT(EM_REPORT):   VIEW = 0.11822884116239;
MPRINT(EM_REPORT):   output;
MPRINT(EM_REPORT):   NAME = "VALUE";
MPRINT(EM_REPORT):   VALUE = "";
MPRINT(EM_REPORT):   VIEW = 0.11822884116239;
MPRINT(EM_REPORT):   output;
MPRINT(EM_REPORT):   NAME = "VIEWS";
MPRINT(EM_REPORT):   VALUE = "";
MPRINT(EM_REPORT):   VIEW = 0.11822884116239;
MPRINT(EM_REPORT):   output;
MPRINT(EM_REPORT):   NAME = "PARENT";
MPRINT(EM_REPORT):   VALUE = "";
MPRINT(EM_REPORT):   VIEW = 0.11822884116239;
MPRINT(EM_REPORT):   output;
MPRINT(EM_REPORT):   NAME = "NODETEXT";
MPRINT(EM_REPORT):   VALUE = "";
MPRINT(EM_REPORT):   VIEW = 0.11822884116239;
MPRINT(EM_REPORT):   output;
MPRINT(EM_REPORT):   NAME = "ABOVETEXT";
MPRINT(EM_REPORT):   VALUE = "";
MPRINT(EM_REPORT):   VIEW = 0.11822884116239;
MPRINT(EM_REPORT):   output;
MPRINT(EM_REPORT):   NAME = "BELOWTEXT";
MPRINT(EM_REPORT):   VALUE = "";
MPRINT(EM_REPORT):   VIEW = 0.11822884116239;
MPRINT(EM_REPORT):   output;
MPRINT(EM_REPORT):   NAME = "NODESIZE";
MPRINT(EM_REPORT):   VALUE = "";
MPRINT(EM_REPORT):   VIEW = 0.11822884116239;
MPRINT(EM_REPORT):   output;
MPRINT(EM_REPORT):   NAME = "STATS";
MPRINT(EM_REPORT):   VALUE = "";
MPRINT(EM_REPORT):   VIEW = 0.11822884116239;
MPRINT(EM_REPORT):   output;
MPRINT(EM_REPORT):   NAME = "CLASSDIST";
MPRINT(EM_REPORT):   VALUE = "";
MPRINT(EM_REPORT):   VIEW = 0.11822884116239;
MPRINT(EM_REPORT):   output;
MPRINT(EM_REPORT):   NAME = "INTDIST";
MPRINT(EM_REPORT):   VALUE = "";
MPRINT(EM_REPORT):   VIEW = 0.11822884116239;
MPRINT(EM_REPORT):   output;
MPRINT(EM_REPORT):   NAME = "FOLDER";
MPRINT(EM_REPORT):   VALUE = "";
MPRINT(EM_REPORT):   VIEW = 0.11822884116239;
MPRINT(EM_REPORT):   output;
MPRINT(EM_REPORT):   NAME = "YPLOTTYPE";
MPRINT(EM_REPORT):   VALUE = "";
MPRINT(EM_REPORT):   VIEW = 0.11822884116239;
MPRINT(EM_REPORT):   output;
MPRINT(EM_REPORT):   NAME = "XREF";
MPRINT(EM_REPORT):   VALUE = "";
MPRINT(EM_REPORT):   VIEW = 0.11822884116239;
MPRINT(EM_REPORT):   output;
MPRINT(EM_REPORT):   NAME = "XREF2";
MPRINT(EM_REPORT):   VALUE = "";
MPRINT(EM_REPORT):   VIEW = 0.11822884116239;
MPRINT(EM_REPORT):   output;
MPRINT(EM_REPORT):   NAME = "YREF";
MPRINT(EM_REPORT):   VALUE = "";
MPRINT(EM_REPORT):   VIEW = 0.11822884116239;
MPRINT(EM_REPORT):   output;
MPRINT(EM_REPORT):   NAME = "Y2REF";
MPRINT(EM_REPORT):   VALUE = "";
MPRINT(EM_REPORT):   VIEW = 0.11822884116239;
MPRINT(EM_REPORT):   output;
MPRINT(EM_REPORT):   NAME = "YREF2";
MPRINT(EM_REPORT):   VALUE = "";
MPRINT(EM_REPORT):   VIEW = 0.11822884116239;
MPRINT(EM_REPORT):   output;
MPRINT(EM_REPORT):   NAME = "Y2REF2";
MPRINT(EM_REPORT):   VALUE = "";
MPRINT(EM_REPORT):   VIEW = 0.11822884116239;
MPRINT(EM_REPORT):   output;
MPRINT(EM_REPORT):   NAME = "GROUPINDEX";
MPRINT(EM_REPORT):   VALUE = "";
MPRINT(EM_REPORT):   VIEW = 0.11822884116239;
MPRINT(EM_REPORT):   output;
MPRINT(EM_REPORT):   NAME = "JOIN";
MPRINT(EM_REPORT):   VALUE = "";
MPRINT(EM_REPORT):   VIEW = 0.11822884116239;
MPRINT(EM_REPORT):   output;
MPRINT(EM_REPORT):   NAME = "XEXCLUDE";
MPRINT(EM_REPORT):   VALUE = "";
MPRINT(EM_REPORT):   VIEW = 0.11822884116239;
MPRINT(EM_REPORT):   output;
MPRINT(EM_REPORT):   NAME = "FREQEXCLUDE";
MPRINT(EM_REPORT):   VALUE = "";
MPRINT(EM_REPORT):   VIEW = 0.11822884116239;
MPRINT(EM_REPORT):   output;
MPRINT(EM_REPORT):   NAME = "YEXCLUDE";
MPRINT(EM_REPORT):   VALUE = "";
MPRINT(EM_REPORT):   VIEW = 0.11822884116239;
MPRINT(EM_REPORT):   output;
MPRINT(EM_REPORT):   NAME = "NAME";
MPRINT(EM_REPORT):   VALUE = "";
MPRINT(EM_REPORT):   VIEW = 0.11822884116239;
MPRINT(EM_REPORT):   output;
MPRINT(EM_REPORT):   NAME = "HEIGHT";
MPRINT(EM_REPORT):   VALUE = "";
MPRINT(EM_REPORT):   VIEW = 0.11822884116239;
MPRINT(EM_REPORT):   output;
MPRINT(EM_REPORT):   NAME = "WIDTH";
MPRINT(EM_REPORT):   VALUE = "";
MPRINT(EM_REPORT):   VIEW = 0.11822884116239;
MPRINT(EM_REPORT):   output;
MPRINT(EM_REPORT):   NAME = "XAXISLABEL";
MPRINT(EM_REPORT):   VALUE = "";
MPRINT(EM_REPORT):   VIEW = 0.11822884116239;
MPRINT(EM_REPORT):   output;
MPRINT(EM_REPORT):   NAME = "Y2AXISLABEL";
MPRINT(EM_REPORT):   VALUE = "";
MPRINT(EM_REPORT):   VIEW = 0.11822884116239;
MPRINT(EM_REPORT):   output;
MPRINT(EM_REPORT):   NAME = "YAXISLABEL";
MPRINT(EM_REPORT):   VALUE = "";
MPRINT(EM_REPORT):   VIEW = 0.11822884116239;
MPRINT(EM_REPORT):   output;
MPRINT(EM_REPORT):   NAME = "DISPLAYXLABEL";
MPRINT(EM_REPORT):   VALUE = "Y";
MPRINT(EM_REPORT):   VIEW = 0.11822884116239;
MPRINT(EM_REPORT):   output;
MPRINT(EM_REPORT):   NAME = "DISPLAYYLABEL";
MPRINT(EM_REPORT):   VALUE = "Y";
MPRINT(EM_REPORT):   VIEW = 0.11822884116239;
MPRINT(EM_REPORT):   output;
MPRINT(EM_REPORT):   NAME = "CHOICETEXT";
MPRINT(EM_REPORT):   VALUE = "";
MPRINT(EM_REPORT):   VIEW = 0.11822884116239;
MPRINT(EM_REPORT):   output;
MPRINT(EM_REPORT):   NAME = "SEGMENTVALUE";
MPRINT(EM_REPORT):   VALUE = "";
MPRINT(EM_REPORT):   VIEW = 0.11822884116239;
MPRINT(EM_REPORT):   output;
MPRINT(EM_REPORT):   NAME = "LOWERBAND";
MPRINT(EM_REPORT):   VALUE = "";
MPRINT(EM_REPORT):   VIEW = 0.11822884116239;
MPRINT(EM_REPORT):   output;
MPRINT(EM_REPORT):   NAME = "UPPERBAND";
MPRINT(EM_REPORT):   VALUE = "";
MPRINT(EM_REPORT):   VIEW = 0.11822884116239;
MPRINT(EM_REPORT):   output;
MPRINT(EM_REPORT):   NAME = "YLINE";
MPRINT(EM_REPORT):   VALUE = "";
MPRINT(EM_REPORT):   VIEW = 0.11822884116239;
MPRINT(EM_REPORT):   output;
MPRINT(EM_REPORT):   NAME = "LINKKEY";
MPRINT(EM_REPORT):   VALUE = "";
MPRINT(EM_REPORT):   VIEW = 0.11822884116239;
MPRINT(EM_REPORT):   output;
MPRINT(EM_REPORT):   NAME = "NODEKEY";
MPRINT(EM_REPORT):   VALUE = "";
MPRINT(EM_REPORT):   VIEW = 0.11822884116239;
MPRINT(EM_REPORT):   output;
MPRINT(EM_REPORT):   NAME = "NODEID";
MPRINT(EM_REPORT):   VALUE = "";
MPRINT(EM_REPORT):   VIEW = 0.11822884116239;
MPRINT(EM_REPORT):   output;
MPRINT(EM_REPORT):   NAME = "NODEVALUE";
MPRINT(EM_REPORT):   VALUE = "";
MPRINT(EM_REPORT):   VIEW = 0.11822884116239;
MPRINT(EM_REPORT):   output;
MPRINT(EM_REPORT):   NAME = "NODECOLOR";
MPRINT(EM_REPORT):   VALUE = "";
MPRINT(EM_REPORT):   VIEW = 0.11822884116239;
MPRINT(EM_REPORT):   output;
MPRINT(EM_REPORT):   NAME = "NODESHAPE";
MPRINT(EM_REPORT):   VALUE = "";
MPRINT(EM_REPORT):   VIEW = 0.11822884116239;
MPRINT(EM_REPORT):   output;
MPRINT(EM_REPORT):   NAME = "NODESHAPEVAR";
MPRINT(EM_REPORT):   VALUE = "";
MPRINT(EM_REPORT):   VIEW = 0.11822884116239;
MPRINT(EM_REPORT):   output;
MPRINT(EM_REPORT):   NAME = "NODELABEL";
MPRINT(EM_REPORT):   VALUE = "";
MPRINT(EM_REPORT):   VIEW = 0.11822884116239;
MPRINT(EM_REPORT):   output;
MPRINT(EM_REPORT):   NAME = "NODETIP";
MPRINT(EM_REPORT):   VALUE = "";
MPRINT(EM_REPORT):   VIEW = 0.11822884116239;
MPRINT(EM_REPORT):   output;
MPRINT(EM_REPORT):   NAME = "LINKID";
MPRINT(EM_REPORT):   VALUE = "";
MPRINT(EM_REPORT):   VIEW = 0.11822884116239;
MPRINT(EM_REPORT):   output;
MPRINT(EM_REPORT):   NAME = "LINKVALUE";
MPRINT(EM_REPORT):   VALUE = "";
MPRINT(EM_REPORT):   VIEW = 0.11822884116239;
MPRINT(EM_REPORT):   output;
MPRINT(EM_REPORT):   NAME = "LINKFROM";
MPRINT(EM_REPORT):   VALUE = "";
MPRINT(EM_REPORT):   VIEW = 0.11822884116239;
MPRINT(EM_REPORT):   output;
MPRINT(EM_REPORT):   NAME = "LINKTO";
MPRINT(EM_REPORT):   VALUE = "";
MPRINT(EM_REPORT):   VIEW = 0.11822884116239;
MPRINT(EM_REPORT):   output;
MPRINT(EM_REPORT):   NAME = "LINKCOLOR";
MPRINT(EM_REPORT):   VALUE = "";
MPRINT(EM_REPORT):   VIEW = 0.11822884116239;
MPRINT(EM_REPORT):   output;
MPRINT(EM_REPORT):   NAME = "LINKWIDTH";
MPRINT(EM_REPORT):   VALUE = "";
MPRINT(EM_REPORT):   VIEW = 0.11822884116239;
MPRINT(EM_REPORT):   output;
MPRINT(EM_REPORT):   NAME = "LINKTIP";
MPRINT(EM_REPORT):   VALUE = "";
MPRINT(EM_REPORT):   VIEW = 0.11822884116239;
MPRINT(EM_REPORT):   output;
MPRINT(EM_REPORT):   NAME = "XFROM";
MPRINT(EM_REPORT):   VALUE = "";
MPRINT(EM_REPORT):   VIEW = 0.11822884116239;
MPRINT(EM_REPORT):   output;
MPRINT(EM_REPORT):   NAME = "XTO";
MPRINT(EM_REPORT):   VALUE = "";
MPRINT(EM_REPORT):   VIEW = 0.11822884116239;
MPRINT(EM_REPORT):   output;
MPRINT(EM_REPORT):   NAME = "YFROM";
MPRINT(EM_REPORT):   VALUE = "";
MPRINT(EM_REPORT):   VIEW = 0.11822884116239;
MPRINT(EM_REPORT):   output;
MPRINT(EM_REPORT):   NAME = "YTO";
MPRINT(EM_REPORT):   VALUE = "";
MPRINT(EM_REPORT):   VIEW = 0.11822884116239;
MPRINT(EM_REPORT):   output;
MPRINT(EM_REPORT):   NAME = "MATRIXVAR";
MPRINT(EM_REPORT):   VALUE = "";
MPRINT(EM_REPORT):   VIEW = 0.11822884116239;
MPRINT(EM_REPORT):   output;
MPRINT(EM_REPORT):   NAME = "RESPONSE";
MPRINT(EM_REPORT):   VALUE = "";
MPRINT(EM_REPORT):   VIEW = 0.11822884116239;
MPRINT(EM_REPORT):   output;
MPRINT(EM_REPORT):   NAME = "SERIES";
MPRINT(EM_REPORT):   VALUE = "";
MPRINT(EM_REPORT):   VIEW = 0.11822884116239;
MPRINT(EM_REPORT):   output;
MPRINT(EM_REPORT):   NAME = "DESCARG";
MPRINT(EM_REPORT):   VALUE = "";
MPRINT(EM_REPORT):   VIEW = 0.11822884116239;
MPRINT(EM_REPORT):   output;
MPRINT(EM_REPORT):   NAME = "SLIDER";
MPRINT(EM_REPORT):   VALUE = "";
MPRINT(EM_REPORT):   VIEW = 0.11822884116239;
MPRINT(EM_REPORT):   output;
MPRINT(EM_REPORT):   NAME = "MarkerSize";
MPRINT(EM_REPORT):   VALUE = "";
MPRINT(EM_REPORT):   VIEW = 0.11822884116239;
MPRINT(EM_REPORT):   output;
MPRINT(EM_REPORT):   NAME = "Marker";
MPRINT(EM_REPORT):   VALUE = "";
MPRINT(EM_REPORT):   VIEW = 0.11822884116239;
MPRINT(EM_REPORT):   output;
MPRINT(EM_REPORT):   NAME = "Y1";
MPRINT(EM_REPORT):   VALUE = "";
MPRINT(EM_REPORT):   VIEW = 0.11822884116239;
MPRINT(EM_REPORT):   output;
MPRINT(EM_REPORT):   NAME = "Y2";
MPRINT(EM_REPORT):   VALUE = "";
MPRINT(EM_REPORT):   VIEW = 0.11822884116239;
MPRINT(EM_REPORT):   output;
MPRINT(EM_REPORT):   NAME = "Y3";
MPRINT(EM_REPORT):   VALUE = "";
MPRINT(EM_REPORT):   VIEW = 0.11822884116239;
MPRINT(EM_REPORT):   output;
MPRINT(EM_REPORT):   NAME = "Y4";
MPRINT(EM_REPORT):   VALUE = "";
MPRINT(EM_REPORT):   VIEW = 0.11822884116239;
MPRINT(EM_REPORT):   output;
MPRINT(EM_REPORT):   NAME = "Y5";
MPRINT(EM_REPORT):   VALUE = "";
MPRINT(EM_REPORT):   VIEW = 0.11822884116239;
MPRINT(EM_REPORT):   output;
MPRINT(EM_REPORT):   NAME = "Y6";
MPRINT(EM_REPORT):   VALUE = "";
MPRINT(EM_REPORT):   VIEW = 0.11822884116239;
MPRINT(EM_REPORT):   output;
MPRINT(EM_REPORT):   NAME = "Y7";
MPRINT(EM_REPORT):   VALUE = "";
MPRINT(EM_REPORT):   VIEW = 0.11822884116239;
MPRINT(EM_REPORT):   output;
MPRINT(EM_REPORT):   NAME = "Y8";
MPRINT(EM_REPORT):   VALUE = "";
MPRINT(EM_REPORT):   VIEW = 0.11822884116239;
MPRINT(EM_REPORT):   output;
MPRINT(EM_REPORT):   NAME = "Y9";
MPRINT(EM_REPORT):   VALUE = "";
MPRINT(EM_REPORT):   VIEW = 0.11822884116239;
MPRINT(EM_REPORT):   output;
MPRINT(EM_REPORT):   NAME = "Y10";
MPRINT(EM_REPORT):   VALUE = "";
MPRINT(EM_REPORT):   VIEW = 0.11822884116239;
MPRINT(EM_REPORT):   output;
MPRINT(EM_REPORT):   NAME = "Y11";
MPRINT(EM_REPORT):   VALUE = "";
MPRINT(EM_REPORT):   VIEW = 0.11822884116239;
MPRINT(EM_REPORT):   output;
MPRINT(EM_REPORT):   NAME = "Y12";
MPRINT(EM_REPORT):   VALUE = "";
MPRINT(EM_REPORT):   VIEW = 0.11822884116239;
MPRINT(EM_REPORT):   output;
MPRINT(EM_REPORT):   NAME = "Y13";
MPRINT(EM_REPORT):   VALUE = "";
MPRINT(EM_REPORT):   VIEW = 0.11822884116239;
MPRINT(EM_REPORT):   output;
MPRINT(EM_REPORT):   NAME = "Y14";
MPRINT(EM_REPORT):   VALUE = "";
MPRINT(EM_REPORT):   VIEW = 0.11822884116239;
MPRINT(EM_REPORT):   output;
MPRINT(EM_REPORT):   NAME = "Y15";
MPRINT(EM_REPORT):   VALUE = "";
MPRINT(EM_REPORT):   VIEW = 0.11822884116239;
MPRINT(EM_REPORT):   output;
MPRINT(EM_REPORT):   NAME = "Y16";
MPRINT(EM_REPORT):   VALUE = "";
MPRINT(EM_REPORT):   VIEW = 0.11822884116239;
MPRINT(EM_REPORT):   output;
MPRINT(EM_REPORT):   NAME = "TITLE";
MPRINT(EM_REPORT):   VALUE = "";
MPRINT(EM_REPORT):   VIEW = 0.11822884116239;
MPRINT(EM_REPORT):   output;
MPRINT(EM_REPORT):   NAME = "LEGEND";
MPRINT(EM_REPORT):   VALUE = "";
MPRINT(EM_REPORT):   VIEW = 0.11822884116239;
MPRINT(EM_REPORT):   output;
MPRINT(EM_REPORT):   NAME = "LEGENDTITLE";
MPRINT(EM_REPORT):   VALUE = "";
MPRINT(EM_REPORT):   VIEW = 0.11822884116239;
MPRINT(EM_REPORT):   output;
MPRINT(EM_REPORT):   NAME = "SHAPE";
MPRINT(EM_REPORT):   VALUE = "";
MPRINT(EM_REPORT):   VIEW = 0.11822884116239;
MPRINT(EM_REPORT):   output;
MPRINT(EM_REPORT):   NAME = "METHOD";
MPRINT(EM_REPORT):   VALUE = "";
MPRINT(EM_REPORT):   VIEW = 0.11822884116239;
MPRINT(EM_REPORT):   output;
MPRINT(EM_REPORT):   NAME = "NOBINMISS";
MPRINT(EM_REPORT):   VALUE = "";
MPRINT(EM_REPORT):   VIEW = 0.11822884116239;
MPRINT(EM_REPORT):   output;
MPRINT(EM_REPORT):   run;

NOTE: The data set WORK.EM_USER_REPORT has 132 observations and 4 variables.
NOTE: DATA statement used (Total process time):
      real time           0.04 seconds
      cpu time            0.04 seconds
      

MPRINT(EM_TREE_SCORE):  ;
MPRINT(MAIN):  ;
MPRINT(EM_DIAGRAM):  ;
MPRINT(EM_DIAGRAM):   *------------------------------------------------------------*;
MPRINT(EM_DIAGRAM):   * End SCORE: Tree4;
MPRINT(EM_DIAGRAM):   *------------------------------------------------------------*;
38788      
38789      *------------------------------------------------------------*;
38790      * End SCORE: Tree4;
38791      *------------------------------------------------------------*;

38792      proc sort data=WORK.EM_METACHANGE;
MPRINT(EM_DIAGRAM):    proc sort data=WORK.EM_METACHANGE;
38793      by key uname;
MPRINT(EM_DIAGRAM):   by key uname;
38794      run;
MPRINT(EM_DIAGRAM):   run;

NOTE: There were 28 observations read from the data set WORK.EM_METACHANGE.
NOTE: The data set WORK.EM_METACHANGE has 28 observations and 9 variables.
NOTE: PROCEDURE SORT used (Total process time):
      real time           0.00 seconds
      cpu time            0.01 seconds
      

38795      filename x "C:\Users\student\OneDrive - Bryant University\Documents\GitHub\Projects_in_R\Assignments\Assignment 3\Workspaces\EMWS1\Tree4\CDELTA_TRAIN.sas";
MPRINT(EM_DIAGRAM):    filename x "C:\Users\student\OneDrive - Bryant University\Documents\GitHub\Projects_in_R\Assignments\Assignment 3\Workspaces\EMWS1\Tree4\CDELTA_TRAIN.sas";
38796      data _null_;
MPRINT(EM_DIAGRAM):   data _null_;
38797      file x;
MPRINT(EM_DIAGRAM):   file x;
38798      put 'if upcase(NAME) = "AREA_SE" then do;';
MPRINT(EM_DIAGRAM):   put 'if upcase(NAME) = "AREA_SE" then do;';
38799      put 'ROLE = "REJECTED";';
MPRINT(EM_DIAGRAM):   put 'ROLE = "REJECTED";';
38800      put 'end;';
MPRINT(EM_DIAGRAM):   put 'end;';
38801      put 'else ';
MPRINT(EM_DIAGRAM):   put 'else ';
38802      put 'if upcase(NAME) = "AREA_WORST" then do;';
MPRINT(EM_DIAGRAM):   put 'if upcase(NAME) = "AREA_WORST" then do;';
38803      put 'ROLE = "REJECTED";';
MPRINT(EM_DIAGRAM):   put 'ROLE = "REJECTED";';
38804      put 'end;';
MPRINT(EM_DIAGRAM):   put 'end;';
38805      put 'else ';
MPRINT(EM_DIAGRAM):   put 'else ';
38806      put 'if upcase(NAME) = "COMPACTNESS_MEAN" then do;';
MPRINT(EM_DIAGRAM):   put 'if upcase(NAME) = "COMPACTNESS_MEAN" then do;';
38807      put 'ROLE = "REJECTED";';
MPRINT(EM_DIAGRAM):   put 'ROLE = "REJECTED";';
38808      put 'end;';
MPRINT(EM_DIAGRAM):   put 'end;';
38809      put 'else ';
MPRINT(EM_DIAGRAM):   put 'else ';
38810      put 'if upcase(NAME) = "COMPACTNESS_SE" then do;';
MPRINT(EM_DIAGRAM):   put 'if upcase(NAME) = "COMPACTNESS_SE" then do;';
38811      put 'ROLE = "REJECTED";';
MPRINT(EM_DIAGRAM):   put 'ROLE = "REJECTED";';
38812      put 'end;';
MPRINT(EM_DIAGRAM):   put 'end;';
38813      put 'else ';
MPRINT(EM_DIAGRAM):   put 'else ';
38814      put 'if upcase(NAME) = "COMPACTNESS_WORST" then do;';
MPRINT(EM_DIAGRAM):   put 'if upcase(NAME) = "COMPACTNESS_WORST" then do;';
38815      put 'ROLE = "REJECTED";';
MPRINT(EM_DIAGRAM):   put 'ROLE = "REJECTED";';
38816      put 'end;';
MPRINT(EM_DIAGRAM):   put 'end;';
38817      put 'else ';
MPRINT(EM_DIAGRAM):   put 'else ';
38818      put 'if upcase(NAME) = "CONCAVE_POINTS_MEAN" then do;';
MPRINT(EM_DIAGRAM):   put 'if upcase(NAME) = "CONCAVE_POINTS_MEAN" then do;';
38819      put 'ROLE = "REJECTED";';
MPRINT(EM_DIAGRAM):   put 'ROLE = "REJECTED";';
38820      put 'end;';
MPRINT(EM_DIAGRAM):   put 'end;';
38821      put 'else ';
MPRINT(EM_DIAGRAM):   put 'else ';
38822      put 'if upcase(NAME) = "CONCAVE_POINTS_SE" then do;';
MPRINT(EM_DIAGRAM):   put 'if upcase(NAME) = "CONCAVE_POINTS_SE" then do;';
38823      put 'ROLE = "REJECTED";';
MPRINT(EM_DIAGRAM):   put 'ROLE = "REJECTED";';
38824      put 'end;';
MPRINT(EM_DIAGRAM):   put 'end;';
38825      put 'else ';
MPRINT(EM_DIAGRAM):   put 'else ';
38826      put 'if upcase(NAME) = "CONCAVE_POINTS_WORST" then do;';
MPRINT(EM_DIAGRAM):   put 'if upcase(NAME) = "CONCAVE_POINTS_WORST" then do;';
38827      put 'ROLE = "REJECTED";';
MPRINT(EM_DIAGRAM):   put 'ROLE = "REJECTED";';
38828      put 'end;';
MPRINT(EM_DIAGRAM):   put 'end;';
38829      put 'else ';
MPRINT(EM_DIAGRAM):   put 'else ';
38830      put 'if upcase(NAME) = "CONCAVITY_MEAN" then do;';
MPRINT(EM_DIAGRAM):   put 'if upcase(NAME) = "CONCAVITY_MEAN" then do;';
38831      put 'ROLE = "REJECTED";';
MPRINT(EM_DIAGRAM):   put 'ROLE = "REJECTED";';
38832      put 'end;';
MPRINT(EM_DIAGRAM):   put 'end;';
38833      put 'else ';
MPRINT(EM_DIAGRAM):   put 'else ';
38834      put 'if upcase(NAME) = "CONCAVITY_SE" then do;';
MPRINT(EM_DIAGRAM):   put 'if upcase(NAME) = "CONCAVITY_SE" then do;';
38835      put 'ROLE = "REJECTED";';
MPRINT(EM_DIAGRAM):   put 'ROLE = "REJECTED";';
38836      put 'end;';
MPRINT(EM_DIAGRAM):   put 'end;';
38837      put 'else ';
MPRINT(EM_DIAGRAM):   put 'else ';
38838      put 'if upcase(NAME) = "CONCAVITY_WORST" then do;';
MPRINT(EM_DIAGRAM):   put 'if upcase(NAME) = "CONCAVITY_WORST" then do;';
38839      put 'ROLE = "REJECTED";';
MPRINT(EM_DIAGRAM):   put 'ROLE = "REJECTED";';
38840      put 'end;';
MPRINT(EM_DIAGRAM):   put 'end;';
38841      put 'else ';
MPRINT(EM_DIAGRAM):   put 'else ';
38842      put 'if upcase(NAME) = "FRACTAL_DIMENSION_MEAN" then do;';
MPRINT(EM_DIAGRAM):   put 'if upcase(NAME) = "FRACTAL_DIMENSION_MEAN" then do;';
38843      put 'ROLE = "REJECTED";';
MPRINT(EM_DIAGRAM):   put 'ROLE = "REJECTED";';
38844      put 'end;';
MPRINT(EM_DIAGRAM):   put 'end;';
38845      put 'else ';
MPRINT(EM_DIAGRAM):   put 'else ';
38846      put 'if upcase(NAME) = "FRACTAL_DIMENSION_SE" then do;';
MPRINT(EM_DIAGRAM):   put 'if upcase(NAME) = "FRACTAL_DIMENSION_SE" then do;';
38847      put 'ROLE = "REJECTED";';
MPRINT(EM_DIAGRAM):   put 'ROLE = "REJECTED";';
38848      put 'end;';
MPRINT(EM_DIAGRAM):   put 'end;';
38849      put 'else ';
MPRINT(EM_DIAGRAM):   put 'else ';
38850      put 'if upcase(NAME) = "FRACTAL_DIMENSION_WORST" then do;';
MPRINT(EM_DIAGRAM):   put 'if upcase(NAME) = "FRACTAL_DIMENSION_WORST" then do;';
38851      put 'ROLE = "REJECTED";';
MPRINT(EM_DIAGRAM):   put 'ROLE = "REJECTED";';
38852      put 'end;';
MPRINT(EM_DIAGRAM):   put 'end;';
38853      put 'else ';
MPRINT(EM_DIAGRAM):   put 'else ';
38854      put 'if upcase(NAME) = "PERIMETER_MEAN" then do;';
MPRINT(EM_DIAGRAM):   put 'if upcase(NAME) = "PERIMETER_MEAN" then do;';
38855      put 'ROLE = "REJECTED";';
MPRINT(EM_DIAGRAM):   put 'ROLE = "REJECTED";';
38856      put 'end;';
MPRINT(EM_DIAGRAM):   put 'end;';
38857      put 'else ';
MPRINT(EM_DIAGRAM):   put 'else ';
38858      put 'if upcase(NAME) = "PERIMETER_SE" then do;';
MPRINT(EM_DIAGRAM):   put 'if upcase(NAME) = "PERIMETER_SE" then do;';
38859      put 'ROLE = "REJECTED";';
MPRINT(EM_DIAGRAM):   put 'ROLE = "REJECTED";';
38860      put 'end;';
MPRINT(EM_DIAGRAM):   put 'end;';
38861      put 'else ';
MPRINT(EM_DIAGRAM):   put 'else ';
38862      put 'if upcase(NAME) = "Q_DIAGNOSISB" then do;';
MPRINT(EM_DIAGRAM):   put 'if upcase(NAME) = "Q_DIAGNOSISB" then do;';
38863      put 'ROLE = "ASSESS";';
MPRINT(EM_DIAGRAM):   put 'ROLE = "ASSESS";';
38864      put 'end;';
MPRINT(EM_DIAGRAM):   put 'end;';
38865      put 'else ';
MPRINT(EM_DIAGRAM):   put 'else ';
38866      put 'if upcase(NAME) = "Q_DIAGNOSISM" then do;';
MPRINT(EM_DIAGRAM):   put 'if upcase(NAME) = "Q_DIAGNOSISM" then do;';
38867      put 'ROLE = "ASSESS";';
MPRINT(EM_DIAGRAM):   put 'ROLE = "ASSESS";';
38868      put 'end;';
MPRINT(EM_DIAGRAM):   put 'end;';
38869      put 'else ';
MPRINT(EM_DIAGRAM):   put 'else ';
38870      put 'if upcase(NAME) = "RADIUS_MEAN" then do;';
MPRINT(EM_DIAGRAM):   put 'if upcase(NAME) = "RADIUS_MEAN" then do;';
38871      put 'ROLE = "REJECTED";';
MPRINT(EM_DIAGRAM):   put 'ROLE = "REJECTED";';
38872      put 'end;';
MPRINT(EM_DIAGRAM):   put 'end;';
38873      put 'else ';
MPRINT(EM_DIAGRAM):   put 'else ';
38874      put 'if upcase(NAME) = "RADIUS_SE" then do;';
MPRINT(EM_DIAGRAM):   put 'if upcase(NAME) = "RADIUS_SE" then do;';
38875      put 'ROLE = "REJECTED";';
MPRINT(EM_DIAGRAM):   put 'ROLE = "REJECTED";';
38876      put 'end;';
MPRINT(EM_DIAGRAM):   put 'end;';
38877      put 'else ';
MPRINT(EM_DIAGRAM):   put 'else ';
38878      put 'if upcase(NAME) = "RADIUS_WORST" then do;';
MPRINT(EM_DIAGRAM):   put 'if upcase(NAME) = "RADIUS_WORST" then do;';
38879      put 'ROLE = "REJECTED";';
MPRINT(EM_DIAGRAM):   put 'ROLE = "REJECTED";';
38880      put 'end;';
MPRINT(EM_DIAGRAM):   put 'end;';
38881      put 'else ';
MPRINT(EM_DIAGRAM):   put 'else ';
38882      put 'if upcase(NAME) = "SMOOTHNESS_MEAN" then do;';
MPRINT(EM_DIAGRAM):   put 'if upcase(NAME) = "SMOOTHNESS_MEAN" then do;';
38883      put 'ROLE = "REJECTED";';
MPRINT(EM_DIAGRAM):   put 'ROLE = "REJECTED";';
38884      put 'end;';
MPRINT(EM_DIAGRAM):   put 'end;';
38885      put 'else ';
MPRINT(EM_DIAGRAM):   put 'else ';
38886      put 'if upcase(NAME) = "SMOOTHNESS_SE" then do;';
MPRINT(EM_DIAGRAM):   put 'if upcase(NAME) = "SMOOTHNESS_SE" then do;';
38887      put 'ROLE = "REJECTED";';
MPRINT(EM_DIAGRAM):   put 'ROLE = "REJECTED";';
38888      put 'end;';
MPRINT(EM_DIAGRAM):   put 'end;';
38889      put 'else ';
MPRINT(EM_DIAGRAM):   put 'else ';
38890      put 'if upcase(NAME) = "SMOOTHNESS_WORST" then do;';
MPRINT(EM_DIAGRAM):   put 'if upcase(NAME) = "SMOOTHNESS_WORST" then do;';
38891      put 'ROLE = "REJECTED";';
MPRINT(EM_DIAGRAM):   put 'ROLE = "REJECTED";';
38892      put 'end;';
MPRINT(EM_DIAGRAM):   put 'end;';
38893      put 'else ';
MPRINT(EM_DIAGRAM):   put 'else ';
38894      put 'if upcase(NAME) = "SYMMETRY_MEAN" then do;';
MPRINT(EM_DIAGRAM):   put 'if upcase(NAME) = "SYMMETRY_MEAN" then do;';
38895      put 'ROLE = "REJECTED";';
MPRINT(EM_DIAGRAM):   put 'ROLE = "REJECTED";';
38896      put 'end;';
MPRINT(EM_DIAGRAM):   put 'end;';
38897      put 'else ';
MPRINT(EM_DIAGRAM):   put 'else ';
38898      put 'if upcase(NAME) = "SYMMETRY_SE" then do;';
MPRINT(EM_DIAGRAM):   put 'if upcase(NAME) = "SYMMETRY_SE" then do;';
38899      put 'ROLE = "REJECTED";';
MPRINT(EM_DIAGRAM):   put 'ROLE = "REJECTED";';
38900      put 'end;';
MPRINT(EM_DIAGRAM):   put 'end;';
38901      put 'else ';
MPRINT(EM_DIAGRAM):   put 'else ';
38902      put 'if upcase(NAME) = "SYMMETRY_WORST" then do;';
MPRINT(EM_DIAGRAM):   put 'if upcase(NAME) = "SYMMETRY_WORST" then do;';
38903      put 'ROLE = "REJECTED";';
MPRINT(EM_DIAGRAM):   put 'ROLE = "REJECTED";';
38904      put 'end;';
MPRINT(EM_DIAGRAM):   put 'end;';
38905      put 'else ';
MPRINT(EM_DIAGRAM):   put 'else ';
38906      put 'if upcase(NAME) = "_NODE_" then do;';
MPRINT(EM_DIAGRAM):   put 'if upcase(NAME) = "_NODE_" then do;';
38907      put 'ROLE = "SEGMENT";';
MPRINT(EM_DIAGRAM):   put 'ROLE = "SEGMENT";';
38908      put 'LEVEL = "NOMINAL";';
MPRINT(EM_DIAGRAM):   put 'LEVEL = "NOMINAL";';
38909      put 'end;';
MPRINT(EM_DIAGRAM):   put 'end;';
38910      run;
MPRINT(EM_DIAGRAM):   run;

NOTE: The file X is:
      Filename=C:\Users\student\OneDrive - Bryant University\Documents\GitHub\Projects_in_R\Assignments\Assignment 3\Workspaces\EMWS1\Tree4\CDELTA_TRAIN.sas,
      RECFM=V,LRECL=32767,File Size (bytes)=0,
      Last Modified=03Oct2026:18:00:10,
      Create Time=03Oct2026:17:54:36

NOTE: 112 records were written to the file X.
      The minimum record length was 4.
      The maximum record length was 52.
NOTE: DATA statement used (Total process time):
      real time           0.00 seconds
      cpu time            0.01 seconds
      

38911      filename x;
MPRINT(EM_DIAGRAM):   filename x;
NOTE: Fileref X has been deassigned.
38912      filename emflow "C:\Users\student\OneDrive - Bryant University\Documents\GitHub\Projects_in_R\Assignments\Assignment 3\Workspaces\EMWS1\Tree4\EMFLOWSCORE.sas";
MPRINT(EM_DIAGRAM):    filename emflow "C:\Users\student\OneDrive - Bryant University\Documents\GitHub\Projects_in_R\Assignments\Assignment 3\Workspaces\EMWS1\Tree4\EMFLOWSCORE.sas";
MPRINT(EM_DIAGRAM):   *------------------------------------------------------------*;
MPRINT(EM_DIAGRAM):   * Tree4: Scoring DATA data;
MPRINT(EM_DIAGRAM):   *------------------------------------------------------------*;
38913      *------------------------------------------------------------*;
38914      * Tree4: Scoring DATA data;
38915      *------------------------------------------------------------*;
38916      data EMWS1.Tree4_TRAIN
38917      / view=EMWS1.Tree4_TRAIN
38918      ;
MPRINT(EM_DIAGRAM):   data EMWS1.Tree4_TRAIN / view=EMWS1.Tree4_TRAIN ;
38919      set EMWS1.Part_TRAIN
38920      ;
MPRINT(EM_DIAGRAM):   set EMWS1.Part_TRAIN ;
38921      %inc emflow;
NOTE: %INCLUDE (level 1) file EMFLOW is file C:\Users\student\OneDrive - Bryant University\Documents\GitHub\Projects_in_R\Assignments\Assignment 3\Workspaces\EMWS1\Tree4\EMFLOWSCORE.sas.
38922     +****************************************************************;
MPRINT(EM_DIAGRAM):   ****************************************************************;
38923     +******             DECISION TREE SCORING CODE             ******;
MPRINT(EM_DIAGRAM):   ****** DECISION TREE SCORING CODE ******;
38924     +****************************************************************;
MPRINT(EM_DIAGRAM):   ****************************************************************;
38925     +
38926     +******         LENGTHS OF NEW CHARACTER VARIABLES         ******;
MPRINT(EM_DIAGRAM):   ****** LENGTHS OF NEW CHARACTER VARIABLES ******;
38927     +LENGTH F_diagnosis  $    1;
MPRINT(EM_DIAGRAM):   LENGTH F_diagnosis $ 1;
38928     +LENGTH I_diagnosis  $    1;
MPRINT(EM_DIAGRAM):   LENGTH I_diagnosis $ 1;
38929     +LENGTH U_diagnosis  $    1;
MPRINT(EM_DIAGRAM):   LENGTH U_diagnosis $ 1;
38930     +LENGTH _WARN_  $    4;
MPRINT(EM_DIAGRAM):   LENGTH _WARN_ $ 4;
38931     +
38932     +******              LABELS FOR NEW VARIABLES              ******;
MPRINT(EM_DIAGRAM):   ****** LABELS FOR NEW VARIABLES ******;
38933     +label _NODE_ = 'Node' ;
MPRINT(EM_DIAGRAM):   label _NODE_ = 'Node' ;
38934     +label _LEAF_ = 'Leaf' ;
MPRINT(EM_DIAGRAM):   label _LEAF_ = 'Leaf' ;
38935     +label P_diagnosisM = 'Predicted: diagnosis=M' ;
MPRINT(EM_DIAGRAM):   label P_diagnosisM = 'Predicted: diagnosis=M' ;
38936     +label P_diagnosisB = 'Predicted: diagnosis=B' ;
MPRINT(EM_DIAGRAM):   label P_diagnosisB = 'Predicted: diagnosis=B' ;
38937     +label Q_diagnosisM = 'Unadjusted P: diagnosis=M' ;
MPRINT(EM_DIAGRAM):   label Q_diagnosisM = 'Unadjusted P: diagnosis=M' ;
38938     +label Q_diagnosisB = 'Unadjusted P: diagnosis=B' ;
MPRINT(EM_DIAGRAM):   label Q_diagnosisB = 'Unadjusted P: diagnosis=B' ;
38939     +label V_diagnosisM = 'Validated: diagnosis=M' ;
MPRINT(EM_DIAGRAM):   label V_diagnosisM = 'Validated: diagnosis=M' ;
38940     +label V_diagnosisB = 'Validated: diagnosis=B' ;
MPRINT(EM_DIAGRAM):   label V_diagnosisB = 'Validated: diagnosis=B' ;
38941     +label R_diagnosisM = 'Residual: diagnosis=M' ;
MPRINT(EM_DIAGRAM):   label R_diagnosisM = 'Residual: diagnosis=M' ;
38942     +label R_diagnosisB = 'Residual: diagnosis=B' ;
MPRINT(EM_DIAGRAM):   label R_diagnosisB = 'Residual: diagnosis=B' ;
38943     +label F_diagnosis = 'From: diagnosis' ;
MPRINT(EM_DIAGRAM):   label F_diagnosis = 'From: diagnosis' ;
38944     +label I_diagnosis = 'Into: diagnosis' ;
MPRINT(EM_DIAGRAM):   label I_diagnosis = 'Into: diagnosis' ;
38945     +label U_diagnosis = 'Unnormalized Into: diagnosis' ;
MPRINT(EM_DIAGRAM):   label U_diagnosis = 'Unnormalized Into: diagnosis' ;
38946     +label _WARN_ = 'Warnings' ;
MPRINT(EM_DIAGRAM):   label _WARN_ = 'Warnings' ;
38947     +
38948     +
38949     +******      TEMPORARY VARIABLES FOR FORMATTED VALUES      ******;
MPRINT(EM_DIAGRAM):   ****** TEMPORARY VARIABLES FOR FORMATTED VALUES ******;
38950     +LENGTH _ARBFMT_1 $      1; DROP _ARBFMT_1;
MPRINT(EM_DIAGRAM):   LENGTH _ARBFMT_1 $ 1;
MPRINT(EM_DIAGRAM):   DROP _ARBFMT_1;
38951     +_ARBFMT_1 = ' '; /* Initialize to avoid warning. */
MPRINT(EM_DIAGRAM):   _ARBFMT_1 = ' ';
38952     +
38953     +
38954     +_ARBFMT_1 = PUT( diagnosis , $1.);
MPRINT(EM_DIAGRAM):   _ARBFMT_1 = PUT( diagnosis , $1.);
38955     + %DMNORMCP( _ARBFMT_1, F_diagnosis );
MPRINT(DMNORMCP):   F_diagnosis=dmnorm(_ARBFMT_1,
MPRINT(DMNORLEN):  32
MPRINT(DMNORMCP):  );
MPRINT(EM_DIAGRAM):  ;
MPRINT(EM_DIAGRAM):   ****** ASSIGN OBSERVATION TO NODE ******;
MPRINT(EM_DIAGRAM):   IF NOT MISSING(perimeter_worst ) AND 107.2 <= perimeter_worst THEN DO;
38956     +
MPRINT(EM_DIAGRAM):   IF NOT MISSING(perimeter_worst ) AND perimeter_worst < 114.6 THEN DO;
38957     +******             ASSIGN OBSERVATION TO NODE             ******;
38958     +IF  NOT MISSING(perimeter_worst ) AND
MPRINT(EM_DIAGRAM):   IF NOT MISSING(area_mean ) AND area_mean < 608.95 THEN DO;
38959     +                 107.2 <= perimeter_worst  THEN DO;
MPRINT(EM_DIAGRAM):   _NODE_ = 10;
38960     +  IF  NOT MISSING(perimeter_worst ) AND
MPRINT(EM_DIAGRAM):   _LEAF_ = 2;
38961     +    perimeter_worst  <                114.6 THEN DO;
MPRINT(EM_DIAGRAM):   P_diagnosisM = 1;
38962     +    IF  NOT MISSING(area_mean ) AND
MPRINT(EM_DIAGRAM):   P_diagnosisB = 0;
38963     +      area_mean  <               608.95 THEN DO;
MPRINT(EM_DIAGRAM):   Q_diagnosisM = 1;
38964     +      _NODE_  =                   10;
MPRINT(EM_DIAGRAM):   Q_diagnosisB = 0;
38965     +      _LEAF_  =                    2;
MPRINT(EM_DIAGRAM):   V_diagnosisM = 1;
38966     +      P_diagnosisM  =                    1;
MPRINT(EM_DIAGRAM):   V_diagnosisB = 0;
38967     +      P_diagnosisB  =                    0;
MPRINT(EM_DIAGRAM):   I_diagnosis = 'M' ;
38968     +      Q_diagnosisM  =                    1;
MPRINT(EM_DIAGRAM):   U_diagnosis = 'M' ;
38969     +      Q_diagnosisB  =                    0;
MPRINT(EM_DIAGRAM):   END;
38970     +      V_diagnosisM  =                    1;
38971     +      V_diagnosisB  =                    0;
MPRINT(EM_DIAGRAM):   ELSE DO;
38972     +      I_diagnosis  = 'M' ;
MPRINT(EM_DIAGRAM):   _NODE_ = 11;
38973     +      U_diagnosis  = 'M' ;
MPRINT(EM_DIAGRAM):   _LEAF_ = 3;
38974     +      END;
MPRINT(EM_DIAGRAM):   P_diagnosisM = 0.3;
38975     +    ELSE DO;
MPRINT(EM_DIAGRAM):   P_diagnosisB = 0.7;
MPRINT(EM_DIAGRAM):   Q_diagnosisM = 0.3;
38976     +      _NODE_  =                   11;
MPRINT(EM_DIAGRAM):   Q_diagnosisB = 0.7;
38977     +      _LEAF_  =                    3;
MPRINT(EM_DIAGRAM):   V_diagnosisM = 0.22222222222222;
38978     +      P_diagnosisM  =                  0.3;
MPRINT(EM_DIAGRAM):   V_diagnosisB = 0.77777777777777;
38979     +      P_diagnosisB  =                  0.7;
MPRINT(EM_DIAGRAM):   I_diagnosis = 'B' ;
38980     +      Q_diagnosisM  =                  0.3;
MPRINT(EM_DIAGRAM):   U_diagnosis = 'B' ;
38981     +      Q_diagnosisB  =                  0.7;
MPRINT(EM_DIAGRAM):   END;
38982     +      V_diagnosisM  =     0.22222222222222;
MPRINT(EM_DIAGRAM):   END;
38983     +      V_diagnosisB  =     0.77777777777777;
38984     +      I_diagnosis  = 'B' ;
MPRINT(EM_DIAGRAM):   ELSE DO;
38985     +      U_diagnosis  = 'B' ;
MPRINT(EM_DIAGRAM):   _NODE_ = 7;
38986     +      END;
MPRINT(EM_DIAGRAM):   _LEAF_ = 4;
38987     +    END;
MPRINT(EM_DIAGRAM):   P_diagnosisM = 1;
38988     +  ELSE DO;
MPRINT(EM_DIAGRAM):   P_diagnosisB = 0;
MPRINT(EM_DIAGRAM):   Q_diagnosisM = 1;
38989     +    _NODE_  =                    7;
MPRINT(EM_DIAGRAM):   Q_diagnosisB = 0;
38990     +    _LEAF_  =                    4;
MPRINT(EM_DIAGRAM):   V_diagnosisM = 0.9090909090909;
38991     +    P_diagnosisM  =                    1;
MPRINT(EM_DIAGRAM):   V_diagnosisB = 0.09090909090909;
38992     +    P_diagnosisB  =                    0;
MPRINT(EM_DIAGRAM):   I_diagnosis = 'M' ;
38993     +    Q_diagnosisM  =                    1;
MPRINT(EM_DIAGRAM):   U_diagnosis = 'M' ;
38994     +    Q_diagnosisB  =                    0;
MPRINT(EM_DIAGRAM):   END;
38995     +    V_diagnosisM  =      0.9090909090909;
MPRINT(EM_DIAGRAM):   END;
38996     +    V_diagnosisB  =     0.09090909090909;
38997     +    I_diagnosis  = 'M' ;
MPRINT(EM_DIAGRAM):   ELSE DO;
38998     +    U_diagnosis  = 'M' ;
MPRINT(EM_DIAGRAM):   _NODE_ = 2;
38999     +    END;
MPRINT(EM_DIAGRAM):   _LEAF_ = 1;
39000     +  END;
MPRINT(EM_DIAGRAM):   P_diagnosisM = 0.04081632653061;
39001     +ELSE DO;
MPRINT(EM_DIAGRAM):   P_diagnosisB = 0.95918367346938;
MPRINT(EM_DIAGRAM):   Q_diagnosisM = 0.04081632653061;
39002     +  _NODE_  =                    2;
MPRINT(EM_DIAGRAM):   Q_diagnosisB = 0.95918367346938;
39003     +  _LEAF_  =                    1;
MPRINT(EM_DIAGRAM):   V_diagnosisM = 0.10280373831775;
39004     +  P_diagnosisM  =     0.04081632653061;
MPRINT(EM_DIAGRAM):   V_diagnosisB = 0.89719626168224;
39005     +  P_diagnosisB  =     0.95918367346938;
MPRINT(EM_DIAGRAM):   I_diagnosis = 'B' ;
39006     +  Q_diagnosisM  =     0.04081632653061;
MPRINT(EM_DIAGRAM):   U_diagnosis = 'B' ;
39007     +  Q_diagnosisB  =     0.95918367346938;
MPRINT(EM_DIAGRAM):   END;
39008     +  V_diagnosisM  =     0.10280373831775;
39009     +  V_diagnosisB  =     0.89719626168224;
MPRINT(EM_DIAGRAM):   ***** RESIDUALS R_ *************;
39010     +  I_diagnosis  = 'B' ;
39011     +  U_diagnosis  = 'B' ;
MPRINT(EM_DIAGRAM):   IF F_diagnosis NE 'M' AND F_diagnosis NE 'B' THEN DO;
39012     +  END;
MPRINT(EM_DIAGRAM):   R_diagnosisM = .;
39013     +
MPRINT(EM_DIAGRAM):   R_diagnosisB = .;
39014     +*****  RESIDUALS R_ *************;
MPRINT(EM_DIAGRAM):   END;
39015     +IF  F_diagnosis  NE 'M'
39016     +AND F_diagnosis  NE 'B'  THEN DO;
MPRINT(EM_DIAGRAM):   ELSE DO;
39017     +        R_diagnosisM  = .;
MPRINT(EM_DIAGRAM):   R_diagnosisM = -P_diagnosisM ;
39018     +        R_diagnosisB  = .;
MPRINT(EM_DIAGRAM):   R_diagnosisB = -P_diagnosisB ;
39019     + END;
MPRINT(EM_DIAGRAM):   SELECT( F_diagnosis );
39020     + ELSE DO;
MPRINT(EM_DIAGRAM):   WHEN( 'M' ) R_diagnosisM = R_diagnosisM +1;
MPRINT(EM_DIAGRAM):   WHEN( 'B' ) R_diagnosisB = R_diagnosisB +1;
39021     +       R_diagnosisM  =  -P_diagnosisM ;
MPRINT(EM_DIAGRAM):   END;
39022     +       R_diagnosisB  =  -P_diagnosisB ;
MPRINT(EM_DIAGRAM):   END;
39023     +       SELECT( F_diagnosis  );
39024     +          WHEN( 'M'  ) R_diagnosisM  = R_diagnosisM  +1;
MPRINT(EM_DIAGRAM):   ****************************************************************;
39025     +          WHEN( 'B'  ) R_diagnosisB  = R_diagnosisB  +1;
MPRINT(EM_DIAGRAM):   ****** END OF DECISION TREE SCORING CODE ******;
39026     +       END;
MPRINT(EM_DIAGRAM):   ****************************************************************;
39027     + END;
39028     +
MPRINT(EM_DIAGRAM):   drop _LEAF_;
39029     +****************************************************************;
39030     +******          END OF DECISION TREE SCORING CODE         ******;
39031     +****************************************************************;
39032     +
39033     +drop _LEAF_;
NOTE: %INCLUDE (level 1) ending.
MPRINT(EM_DIAGRAM):   run;
39034      run;

NOTE: DATA STEP view saved on file EMWS1.TREE4_TRAIN.
NOTE: A stored DATA STEP view cannot run under a different operating system.
NOTE: DATA statement used (Total process time):
      real time           0.05 seconds
      cpu time            0.03 seconds
      

MPRINT(EM_DIAGRAM):   quit;
39035      quit;
39036      filename emflow;
MPRINT(EM_DIAGRAM):   filename emflow;
NOTE: Fileref EMFLOW has been deassigned.
39037      filename emflow "C:\Users\student\OneDrive - Bryant University\Documents\GitHub\Projects_in_R\Assignments\Assignment 3\Workspaces\EMWS1\Tree4\EMFLOWSCORE.sas";
MPRINT(EM_DIAGRAM):    filename emflow "C:\Users\student\OneDrive - Bryant University\Documents\GitHub\Projects_in_R\Assignments\Assignment 3\Workspaces\EMWS1\Tree4\EMFLOWSCORE.sas";
MPRINT(EM_DIAGRAM):   *------------------------------------------------------------*;
MPRINT(EM_DIAGRAM):   * Tree4: Scoring VALIDATE data;
MPRINT(EM_DIAGRAM):   *------------------------------------------------------------*;
39038      *------------------------------------------------------------*;
39039      * Tree4: Scoring VALIDATE data;
39040      *------------------------------------------------------------*;
39041      data EMWS1.Tree4_VALIDATE
39042      / view=EMWS1.Tree4_VALIDATE
39043      ;
MPRINT(EM_DIAGRAM):   data EMWS1.Tree4_VALIDATE / view=EMWS1.Tree4_VALIDATE ;
39044      set EMWS1.Part_VALIDATE
39045      ;
MPRINT(EM_DIAGRAM):   set EMWS1.Part_VALIDATE ;
39046      %inc emflow;
NOTE: %INCLUDE (level 1) file EMFLOW is file C:\Users\student\OneDrive - Bryant University\Documents\GitHub\Projects_in_R\Assignments\Assignment 3\Workspaces\EMWS1\Tree4\EMFLOWSCORE.sas.
39047     +****************************************************************;
MPRINT(EM_DIAGRAM):   ****************************************************************;
39048     +******             DECISION TREE SCORING CODE             ******;
MPRINT(EM_DIAGRAM):   ****** DECISION TREE SCORING CODE ******;
39049     +****************************************************************;
MPRINT(EM_DIAGRAM):   ****************************************************************;
39050     +
39051     +******         LENGTHS OF NEW CHARACTER VARIABLES         ******;
MPRINT(EM_DIAGRAM):   ****** LENGTHS OF NEW CHARACTER VARIABLES ******;
39052     +LENGTH F_diagnosis  $    1;
MPRINT(EM_DIAGRAM):   LENGTH F_diagnosis $ 1;
39053     +LENGTH I_diagnosis  $    1;
MPRINT(EM_DIAGRAM):   LENGTH I_diagnosis $ 1;
39054     +LENGTH U_diagnosis  $    1;
MPRINT(EM_DIAGRAM):   LENGTH U_diagnosis $ 1;
39055     +LENGTH _WARN_  $    4;
MPRINT(EM_DIAGRAM):   LENGTH _WARN_ $ 4;
39056     +
39057     +******              LABELS FOR NEW VARIABLES              ******;
MPRINT(EM_DIAGRAM):   ****** LABELS FOR NEW VARIABLES ******;
39058     +label _NODE_ = 'Node' ;
MPRINT(EM_DIAGRAM):   label _NODE_ = 'Node' ;
39059     +label _LEAF_ = 'Leaf' ;
MPRINT(EM_DIAGRAM):   label _LEAF_ = 'Leaf' ;
39060     +label P_diagnosisM = 'Predicted: diagnosis=M' ;
MPRINT(EM_DIAGRAM):   label P_diagnosisM = 'Predicted: diagnosis=M' ;
39061     +label P_diagnosisB = 'Predicted: diagnosis=B' ;
MPRINT(EM_DIAGRAM):   label P_diagnosisB = 'Predicted: diagnosis=B' ;
39062     +label Q_diagnosisM = 'Unadjusted P: diagnosis=M' ;
MPRINT(EM_DIAGRAM):   label Q_diagnosisM = 'Unadjusted P: diagnosis=M' ;
39063     +label Q_diagnosisB = 'Unadjusted P: diagnosis=B' ;
MPRINT(EM_DIAGRAM):   label Q_diagnosisB = 'Unadjusted P: diagnosis=B' ;
39064     +label V_diagnosisM = 'Validated: diagnosis=M' ;
MPRINT(EM_DIAGRAM):   label V_diagnosisM = 'Validated: diagnosis=M' ;
39065     +label V_diagnosisB = 'Validated: diagnosis=B' ;
MPRINT(EM_DIAGRAM):   label V_diagnosisB = 'Validated: diagnosis=B' ;
39066     +label R_diagnosisM = 'Residual: diagnosis=M' ;
MPRINT(EM_DIAGRAM):   label R_diagnosisM = 'Residual: diagnosis=M' ;
39067     +label R_diagnosisB = 'Residual: diagnosis=B' ;
MPRINT(EM_DIAGRAM):   label R_diagnosisB = 'Residual: diagnosis=B' ;
39068     +label F_diagnosis = 'From: diagnosis' ;
MPRINT(EM_DIAGRAM):   label F_diagnosis = 'From: diagnosis' ;
39069     +label I_diagnosis = 'Into: diagnosis' ;
MPRINT(EM_DIAGRAM):   label I_diagnosis = 'Into: diagnosis' ;
39070     +label U_diagnosis = 'Unnormalized Into: diagnosis' ;
MPRINT(EM_DIAGRAM):   label U_diagnosis = 'Unnormalized Into: diagnosis' ;
39071     +label _WARN_ = 'Warnings' ;
MPRINT(EM_DIAGRAM):   label _WARN_ = 'Warnings' ;
39072     +
39073     +
39074     +******      TEMPORARY VARIABLES FOR FORMATTED VALUES      ******;
MPRINT(EM_DIAGRAM):   ****** TEMPORARY VARIABLES FOR FORMATTED VALUES ******;
39075     +LENGTH _ARBFMT_1 $      1; DROP _ARBFMT_1;
MPRINT(EM_DIAGRAM):   LENGTH _ARBFMT_1 $ 1;
MPRINT(EM_DIAGRAM):   DROP _ARBFMT_1;
39076     +_ARBFMT_1 = ' '; /* Initialize to avoid warning. */
MPRINT(EM_DIAGRAM):   _ARBFMT_1 = ' ';
39077     +
39078     +
39079     +_ARBFMT_1 = PUT( diagnosis , $1.);
MPRINT(EM_DIAGRAM):   _ARBFMT_1 = PUT( diagnosis , $1.);
39080     + %DMNORMCP( _ARBFMT_1, F_diagnosis );
MPRINT(DMNORMCP):   F_diagnosis=dmnorm(_ARBFMT_1,
MPRINT(DMNORLEN):  32
MPRINT(DMNORMCP):  );
MPRINT(EM_DIAGRAM):  ;
39081     +
39082     +******             ASSIGN OBSERVATION TO NODE             ******;
MPRINT(EM_DIAGRAM):   ****** ASSIGN OBSERVATION TO NODE ******;
39083     +IF  NOT MISSING(perimeter_worst ) AND
39084     +                 107.2 <= perimeter_worst  THEN DO;
MPRINT(EM_DIAGRAM):   IF NOT MISSING(perimeter_worst ) AND 107.2 <= perimeter_worst THEN DO;
39085     +  IF  NOT MISSING(perimeter_worst ) AND
39086     +    perimeter_worst  <                114.6 THEN DO;
MPRINT(EM_DIAGRAM):   IF NOT MISSING(perimeter_worst ) AND perimeter_worst < 114.6 THEN DO;
39087     +    IF  NOT MISSING(area_mean ) AND
39088     +      area_mean  <               608.95 THEN DO;
MPRINT(EM_DIAGRAM):   IF NOT MISSING(area_mean ) AND area_mean < 608.95 THEN DO;
39089     +      _NODE_  =                   10;
MPRINT(EM_DIAGRAM):   _NODE_ = 10;
39090     +      _LEAF_  =                    2;
MPRINT(EM_DIAGRAM):   _LEAF_ = 2;
39091     +      P_diagnosisM  =                    1;
MPRINT(EM_DIAGRAM):   P_diagnosisM = 1;
39092     +      P_diagnosisB  =                    0;
MPRINT(EM_DIAGRAM):   P_diagnosisB = 0;
39093     +      Q_diagnosisM  =                    1;
MPRINT(EM_DIAGRAM):   Q_diagnosisM = 1;
39094     +      Q_diagnosisB  =                    0;
MPRINT(EM_DIAGRAM):   Q_diagnosisB = 0;
39095     +      V_diagnosisM  =                    1;
MPRINT(EM_DIAGRAM):   V_diagnosisM = 1;
39096     +      V_diagnosisB  =                    0;
MPRINT(EM_DIAGRAM):   V_diagnosisB = 0;
39097     +      I_diagnosis  = 'M' ;
MPRINT(EM_DIAGRAM):   I_diagnosis = 'M' ;
39098     +      U_diagnosis  = 'M' ;
MPRINT(EM_DIAGRAM):   U_diagnosis = 'M' ;
39099     +      END;
MPRINT(EM_DIAGRAM):   END;
39100     +    ELSE DO;
MPRINT(EM_DIAGRAM):   ELSE DO;
39101     +      _NODE_  =                   11;
MPRINT(EM_DIAGRAM):   _NODE_ = 11;
39102     +      _LEAF_  =                    3;
MPRINT(EM_DIAGRAM):   _LEAF_ = 3;
39103     +      P_diagnosisM  =                  0.3;
MPRINT(EM_DIAGRAM):   P_diagnosisM = 0.3;
39104     +      P_diagnosisB  =                  0.7;
MPRINT(EM_DIAGRAM):   P_diagnosisB = 0.7;
39105     +      Q_diagnosisM  =                  0.3;
MPRINT(EM_DIAGRAM):   Q_diagnosisM = 0.3;
39106     +      Q_diagnosisB  =                  0.7;
MPRINT(EM_DIAGRAM):   Q_diagnosisB = 0.7;
39107     +      V_diagnosisM  =     0.22222222222222;
MPRINT(EM_DIAGRAM):   V_diagnosisM = 0.22222222222222;
39108     +      V_diagnosisB  =     0.77777777777777;
MPRINT(EM_DIAGRAM):   V_diagnosisB = 0.77777777777777;
39109     +      I_diagnosis  = 'B' ;
MPRINT(EM_DIAGRAM):   I_diagnosis = 'B' ;
39110     +      U_diagnosis  = 'B' ;
MPRINT(EM_DIAGRAM):   U_diagnosis = 'B' ;
39111     +      END;
MPRINT(EM_DIAGRAM):   END;
39112     +    END;
MPRINT(EM_DIAGRAM):   END;
39113     +  ELSE DO;
MPRINT(EM_DIAGRAM):   ELSE DO;
39114     +    _NODE_  =                    7;
MPRINT(EM_DIAGRAM):   _NODE_ = 7;
39115     +    _LEAF_  =                    4;
MPRINT(EM_DIAGRAM):   _LEAF_ = 4;
39116     +    P_diagnosisM  =                    1;
MPRINT(EM_DIAGRAM):   P_diagnosisM = 1;
39117     +    P_diagnosisB  =                    0;
MPRINT(EM_DIAGRAM):   P_diagnosisB = 0;
39118     +    Q_diagnosisM  =                    1;
MPRINT(EM_DIAGRAM):   Q_diagnosisM = 1;
39119     +    Q_diagnosisB  =                    0;
MPRINT(EM_DIAGRAM):   Q_diagnosisB = 0;
39120     +    V_diagnosisM  =      0.9090909090909;
MPRINT(EM_DIAGRAM):   V_diagnosisM = 0.9090909090909;
39121     +    V_diagnosisB  =     0.09090909090909;
MPRINT(EM_DIAGRAM):   V_diagnosisB = 0.09090909090909;
39122     +    I_diagnosis  = 'M' ;
MPRINT(EM_DIAGRAM):   I_diagnosis = 'M' ;
39123     +    U_diagnosis  = 'M' ;
MPRINT(EM_DIAGRAM):   U_diagnosis = 'M' ;
39124     +    END;
MPRINT(EM_DIAGRAM):   END;
39125     +  END;
MPRINT(EM_DIAGRAM):   END;
39126     +ELSE DO;
MPRINT(EM_DIAGRAM):   ELSE DO;
39127     +  _NODE_  =                    2;
MPRINT(EM_DIAGRAM):   _NODE_ = 2;
39128     +  _LEAF_  =                    1;
MPRINT(EM_DIAGRAM):   _LEAF_ = 1;
39129     +  P_diagnosisM  =     0.04081632653061;
MPRINT(EM_DIAGRAM):   P_diagnosisM = 0.04081632653061;
39130     +  P_diagnosisB  =     0.95918367346938;
MPRINT(EM_DIAGRAM):   P_diagnosisB = 0.95918367346938;
39131     +  Q_diagnosisM  =     0.04081632653061;
MPRINT(EM_DIAGRAM):   Q_diagnosisM = 0.04081632653061;
39132     +  Q_diagnosisB  =     0.95918367346938;
MPRINT(EM_DIAGRAM):   Q_diagnosisB = 0.95918367346938;
39133     +  V_diagnosisM  =     0.10280373831775;
MPRINT(EM_DIAGRAM):   V_diagnosisM = 0.10280373831775;
39134     +  V_diagnosisB  =     0.89719626168224;
MPRINT(EM_DIAGRAM):   V_diagnosisB = 0.89719626168224;
39135     +  I_diagnosis  = 'B' ;
MPRINT(EM_DIAGRAM):   I_diagnosis = 'B' ;
39136     +  U_diagnosis  = 'B' ;
MPRINT(EM_DIAGRAM):   U_diagnosis = 'B' ;
39137     +  END;
MPRINT(EM_DIAGRAM):   END;
39138     +
39139     +*****  RESIDUALS R_ *************;
MPRINT(EM_DIAGRAM):   ***** RESIDUALS R_ *************;
39140     +IF  F_diagnosis  NE 'M'
39141     +AND F_diagnosis  NE 'B'  THEN DO;
MPRINT(EM_DIAGRAM):   IF F_diagnosis NE 'M' AND F_diagnosis NE 'B' THEN DO;
39142     +        R_diagnosisM  = .;
MPRINT(EM_DIAGRAM):   R_diagnosisM = .;
39143     +        R_diagnosisB  = .;
MPRINT(EM_DIAGRAM):   R_diagnosisB = .;
39144     + END;
MPRINT(EM_DIAGRAM):   END;
39145     + ELSE DO;
MPRINT(EM_DIAGRAM):   ELSE DO;
39146     +       R_diagnosisM  =  -P_diagnosisM ;
MPRINT(EM_DIAGRAM):   R_diagnosisM = -P_diagnosisM ;
39147     +       R_diagnosisB  =  -P_diagnosisB ;
MPRINT(EM_DIAGRAM):   R_diagnosisB = -P_diagnosisB ;
39148     +       SELECT( F_diagnosis  );
MPRINT(EM_DIAGRAM):   SELECT( F_diagnosis );
39149     +          WHEN( 'M'  ) R_diagnosisM  = R_diagnosisM  +1;
MPRINT(EM_DIAGRAM):   WHEN( 'M' ) R_diagnosisM = R_diagnosisM +1;
39150     +          WHEN( 'B'  ) R_diagnosisB  = R_diagnosisB  +1;
MPRINT(EM_DIAGRAM):   WHEN( 'B' ) R_diagnosisB = R_diagnosisB +1;
39151     +       END;
MPRINT(EM_DIAGRAM):   END;
39152     + END;
MPRINT(EM_DIAGRAM):   END;
39153     +
39154     +****************************************************************;
MPRINT(EM_DIAGRAM):   ****************************************************************;
39155     +******          END OF DECISION TREE SCORING CODE         ******;
MPRINT(EM_DIAGRAM):   ****** END OF DECISION TREE SCORING CODE ******;
39156     +****************************************************************;
MPRINT(EM_DIAGRAM):   ****************************************************************;
39157     +
39158     +drop _LEAF_;
MPRINT(EM_DIAGRAM):   drop _LEAF_;
NOTE: %INCLUDE (level 1) ending.
MPRINT(EM_DIAGRAM):   run;
39159      run;

NOTE: DATA STEP view saved on file EMWS1.TREE4_VALIDATE.
NOTE: A stored DATA STEP view cannot run under a different operating system.
NOTE: DATA statement used (Total process time):
      real time           0.01 seconds
      cpu time            0.01 seconds
      

MPRINT(EM_DIAGRAM):   quit;
39160      quit;
39161      filename emflow;
MPRINT(EM_DIAGRAM):   filename emflow;
NOTE: Fileref EMFLOW has been deassigned.
NOTE: View EMWS1.TREE4_TRAIN.VIEW used (Total process time):
      real time           0.05 seconds
      cpu time            0.04 seconds
      
39163      proc sort data=WORK.EM_USER_REPORT;
MPRINT(EM_DIAGRAM):     proc sort data=WORK.EM_USER_REPORT;
39164      by ID VIEW;
MPRINT(EM_DIAGRAM):   by ID VIEW;
39165      run;
MPRINT(EM_DIAGRAM):   run;

NOTE: There were 132 observations read from the data set WORK.EM_USER_REPORT.
NOTE: The data set WORK.EM_USER_REPORT has 132 observations and 4 variables.
NOTE: PROCEDURE SORT used (Total process time):
      real time           0.00 seconds
      cpu time            0.00 seconds
      

39166      *------------------------------------------------------------*;
MPRINT(EM_DIAGRAM):    *------------------------------------------------------------*;
39167      * Tree4: Computing metadata for TRAIN data;
MPRINT(EM_DIAGRAM):   * Tree4: Computing metadata for TRAIN data;
39168      *------------------------------------------------------------*;
MPRINT(EM_DIAGRAM):   *------------------------------------------------------------*;

NOTE: View EMWS1.TREE4_TRAIN.VIEW used (Total process time):
      real time           0.04 seconds
      cpu time            0.04 seconds
      
MPRINT(EM_DIAGRAM):    *------------------------------------------------------------*;
MPRINT(EM_DIAGRAM):   * &nodeid: Computing Metadata for TRAIN data;
MPRINT(EM_DIAGRAM):   *------------------------------------------------------------*;
MPRINT(EM_DIAGRAM):   filename _delta "C:\Users\student\OneDrive - Bryant University\Documents\GitHub\Projects_in_R\Assignments\Assignment 3\Workspaces\EMWS1\Tree4\CDELTA_TRAIN.sas";
MPRINT(EMADVISECOLUMNS):   proc display c=sashelp.emmeta.advisecolumns.scl;
MPRINT(EMADVISECOLUMNS):   run;
MPRINT(EMADVISECOLUMNS):    options validvarname=any;
MPRINT(EMADVISECOLUMNS):   proc contents data=EMWS1.Tree4_TRAIN out=_tempAdvisor noprint;
MPRINT(EMADVISECOLUMNS):   run;
MPRINT(EMADVISECOLUMNS):   options validvarname=V7;
MPRINT(EMADVISECOLUMNS):    data _null_;
MPRINT(EMADVISECOLUMNS):   dsid = open('EMWS1.Tree4_TRAIN');
MPRINT(EMADVISECOLUMNS):   call symput('_dsidTable', strip(put(dsid, best.)));
MPRINT(EMADVISECOLUMNS):   if dsid then do;
MPRINT(EMADVISECOLUMNS):   call symput('_engineTable', attrc(dsid, 'ENGINE'));
MPRINT(EMADVISECOLUMNS):   dsid = close(dsid);
MPRINT(EMADVISECOLUMNS):   end;
MPRINT(EMADVISECOLUMNS):   run;
MPRINT(EMADVISECOLUMNS):    proc contents data=EMWS1.Tree4_TRAIN out=WORK.M02DW6XE noprint;
MPRINT(EMADVISECOLUMNS):   run;
MPRINT(EMADVISECOLUMNS):    data WORK.M02DW6XE;
MPRINT(EMADVISECOLUMNS):   length NAME $ 64 TYPE $ 1 LABEL $ 200 FORMAT $ 36 INFORMAT $36 INDEX $ 1 INDEXTYPE $ 9;
MPRINT(EMADVISECOLUMNS):   label NAME =;
MPRINT(EMADVISECOLUMNS):   set WORK.M02DW6XE(keep=name type length label format formatl formatd informat informl informd idxusage rename=(type=itype));
MPRINT(EMADVISECOLUMNS):   if itype = 1 then type = 'N';
MPRINT(EMADVISECOLUMNS):   else type = 'C';
MPRINT(EMADVISECOLUMNS):   if formatl > 0 then do;
MPRINT(EMADVISECOLUMNS):   if format ne '' then do;
MPRINT(EMADVISECOLUMNS):   if type='N' then format = strip(format)!!strip(put(formatl, best12.))!!'.'!!strip(put(formatd, best12.));
MPRINT(EMADVISECOLUMNS):   else format = strip(format)!!strip(put(formatl, best12.))!!'.';
MPRINT(EMADVISECOLUMNS):   end;
MPRINT(EMADVISECOLUMNS):   else format = strip(put(formatl, best12.))!!'.'!!strip(put(formatd, best12.));
MPRINT(EMADVISECOLUMNS):   end;
MPRINT(EMADVISECOLUMNS):   else if format ne '' then format = strip(format)!!'.';
MPRINT(EMADVISECOLUMNS):   if informl > 0 then do;
MPRINT(EMADVISECOLUMNS):   if informat ne ' ' then do;
MPRINT(EMADVISECOLUMNS):   if type='N' then informat = strip(informat)!!strip(put(informl, best12.))!!'.'!!strip(put(informd, best12.));
MPRINT(EMADVISECOLUMNS):   else informat = strip(informat)!!strip(put(informl, best12.))!!'.';
MPRINT(EMADVISECOLUMNS):   end;
MPRINT(EMADVISECOLUMNS):   else informat = strip(put(informl, best12.))!!'.'!!strip(put(informd, best12.));
MPRINT(EMADVISECOLUMNS):   end;
MPRINT(EMADVISECOLUMNS):   else if informat ne '' then informat = strip(informat)!!'.';
MPRINT(EMADVISECOLUMNS):   if idxusage = 'NONE' then index ="N";
MPRINT(EMADVISECOLUMNS):   else index = "Y";
MPRINT(EMADVISECOLUMNS):   indextype = idxusage;
MPRINT(EMADVISECOLUMNS):   drop idxusage itype formatl formatd informl informd;
MPRINT(EMADVISECOLUMNS):   run;
MPRINT(EMADVISECOLUMNS):    data WORK.M02DW6XE;
MPRINT(EMADVISECOLUMNS):   length UNAME $64;
MPRINT(EMADVISECOLUMNS):   set WORK.M02DW6XE;
MPRINT(EMADVISECOLUMNS):   UNAME = upcase(NAME);
MPRINT(EMADVISECOLUMNS):   run;
MPRINT(EMADVISECOLUMNS):    proc sort data=WORK.M22NXIYP NOTHREADS;
MPRINT(EMADVISECOLUMNS):   by UNAME;
MPRINT(EMADVISECOLUMNS):   run;
MPRINT(EMADVISECOLUMNS):    data WORK.M22NXIYP;
MPRINT(EMADVISECOLUMNS):   drop UNAME;
MPRINT(EMADVISECOLUMNS):   set WORK.M22NXIYP;
MPRINT(EMADVISECOLUMNS):   run;
MPRINT(EMADVISECOLUMNS):    data WORK.M1WHS05L(keep=NAME ATTR);
MPRINT(EMADVISECOLUMNS):   length ATTR $ 20;
MPRINT(EMADVISECOLUMNS):   set WORK.M22NXIYP;
MPRINT(EMADVISECOLUMNS):   if level ne "INTERVAL" then do;
MPRINT(EMADVISECOLUMNS):   if order = ' ' then do;
MPRINT(EMADVISECOLUMNS):   attr = 'ORDER';
MPRINT(EMADVISECOLUMNS):   output;
MPRINT(EMADVISECOLUMNS):   end;
MPRINT(EMADVISECOLUMNS):   end;
MPRINT(EMADVISECOLUMNS):   if format ne ' ' and formattype = ' ' then do;
MPRINT(EMADVISECOLUMNS):   attr = 'FORMATTYPE';
MPRINT(EMADVISECOLUMNS):   output;
MPRINT(EMADVISECOLUMNS):   end;
MPRINT(EMADVISECOLUMNS):   if role = ' ' then do;
MPRINT(EMADVISECOLUMNS):   attr = 'ROLE';
MPRINT(EMADVISECOLUMNS):   output;
MPRINT(EMADVISECOLUMNS):   end;
MPRINT(EMADVISECOLUMNS):   if level = ' ' then do;
MPRINT(EMADVISECOLUMNS):   attr = 'LEVEL';
MPRINT(EMADVISECOLUMNS):   output;
MPRINT(EMADVISECOLUMNS):   end;
MPRINT(EMADVISECOLUMNS):   if type = ' ' then do;
MPRINT(EMADVISECOLUMNS):   attr = 'TYPE';
MPRINT(EMADVISECOLUMNS):   output;
MPRINT(EMADVISECOLUMNS):   end;
MPRINT(EMADVISECOLUMNS):   if index = ' ' then do;
MPRINT(EMADVISECOLUMNS):   attr = 'INDEX';
MPRINT(EMADVISECOLUMNS):   output;
MPRINT(EMADVISECOLUMNS):   end;
MPRINT(EMADVISECOLUMNS):   if report = ' ' then do;
MPRINT(EMADVISECOLUMNS):   attr = 'REPORT';
MPRINT(EMADVISECOLUMNS):   output;
MPRINT(EMADVISECOLUMNS):   end;
MPRINT(EMADVISECOLUMNS):   run;
MPRINT(EMADVISECOLUMNS):   proc sort NOTHREADS;
MPRINT(EMADVISECOLUMNS):   by attr;
MPRINT(EMADVISECOLUMNS):   run;
MPRINT(EMADVISECOLUMNS):    data WORK.M22NXIYP;
MPRINT(EMADVISECOLUMNS):   length NAME $64 ROLE $ 32 LEVEL $ 10 ORDER $ 8 CREATOR $32 FORMATTYPE $ 10 FAMILY $ 10 LOWERLIMIT 8 UPPERLIMIT 8 REPORT $1 DISTRIBUTION $ 20 COMMENT $64;
MPRINT(EMADVISECOLUMNS):   length levelAssigned 8 roleAssigned 8 PRICE 8;
MPRINT(EMADVISECOLUMNS):   set WORK.M22NXIYP;
MPRINT(EMADVISECOLUMNS):   if formattype = ' ' then do;
MPRINT(EMADVISECOLUMNS):   if format ne ' ' then do;
MPRINT(EMADVISECOLUMNS):   if type = 'N' then do;
MPRINT(EMADVISECOLUMNS):   pos = indexc(format,'.1234567890');
MPRINT(EMADVISECOLUMNS):   if pos > 1 then tempfmt = substr(format,1, pos-1);
MPRINT(EMADVISECOLUMNS):   else tempfmt = ' ';
MPRINT(EMADVISECOLUMNS):   flen = length(tempfmt);
MPRINT(EMADVISECOLUMNS):   select;
MPRINT(EMADVISECOLUMNS):   when(tempfmt in ("DATE" "DAY" "DDMMYY" "DOWNAME" "JULDAY" "JULIAN" "MMDDYY" "MMDDYYD" "MMDDYYC" "MMDDYYN" "MMDDYYP" "MMDDYYS" "MONNAME" "MONTH" "MONYY" "NENGO" "QTR" "QTRR" "WEEKDATE" "WEEKDATX" "WEEKDAY" "WORDDATE" "WORDDATX" 
"YEAR" "YYMMDD" "YYMON" "YYMMDDC" "YYMMDDD" "YYMMDDN" "YYMMDDP" "YYMMDDS" "EURDFDE" "NJDATE" "NLDATE" "EURDFDD" "EURDFDWN" "EURDFMN" "EURDFMY" "EURDFWK" "EURDFWKX" "EURDFWDX" "EURDFDN" "EURDFDE" )) formattype = 'DATE';
MPRINT(EMADVISECOLUMNS):   when(tempfmt in ("DATETIME" "EURDFDT" "TOD" )) formattype = "DATETIME";
MPRINT(EMADVISECOLUMNS):   when(tempfmt in ("HHMM" "HOUR" "MMSS" "TIME" "TIMEAMPM" )) formattype = "TIME";
MPRINT(EMADVISECOLUMNS):   when(tempfmt in ("COMMA" "COMMAX" "DOLLAR" "DOLLARX" "E" "FRACT" "NEGPAREN" "PERCENT")) formattype="QUANTITY";
MPRINT(EMADVISECOLUMNS):   when(tempfmt in ("BINARY" "HEX" "IB" "OCTAL" "PD" "PIB" "PK" "RB" "SSN" "Z" "ZD")) formattype = "CODING";
MPRINT(EMADVISECOLUMNS):   otherwise do;
MPRINT(EMADVISECOLUMNS):   formattype = "USER";
MPRINT(EMADVISECOLUMNS):   if compress(tempfmt, '0123456789.', '') = '' then formattype='NUM';
MPRINT(EMADVISECOLUMNS):   else if substr(tempfmt, 1, 6)='NLDATE' then formattype = "DATE";
MPRINT(EMADVISECOLUMNS):   else if substr(tempfmt, 1, 6)='NLDATM' then formattype = "DATETIME";
MPRINT(EMADVISECOLUMNS):   else if substr(tempfmt, 1, 4)='NLTIM' then formattype = "TIME";
MPRINT(EMADVISECOLUMNS):   else if flen >= 4 then do;
MPRINT(EMADVISECOLUMNS):   str = substr(tempfmt,1,4);
MPRINT(EMADVISECOLUMNS):   if str in ("MMYY" "YYMM" "YYQR") then formattype ="DATE";
MPRINT(EMADVISECOLUMNS):   else if str = "S370" then formattype = "CODING";
MPRINT(EMADVISECOLUMNS):   else if str = "BEST" then formattype = "NUM";
MPRINT(EMADVISECOLUMNS):   drop str;
MPRINT(EMADVISECOLUMNS):   end;
MPRINT(EMADVISECOLUMNS):   else if flen >=3 and substr(tempfmt,1,3) = "YYQ" then formatType = "DATE";
MPRINT(EMADVISECOLUMNS):   end;
MPRINT(EMADVISECOLUMNS):   end;
MPRINT(EMADVISECOLUMNS):   drop flen tempfmt pos;
MPRINT(EMADVISECOLUMNS):   end;
MPRINT(EMADVISECOLUMNS):   else do;
MPRINT(EMADVISECOLUMNS):   formatType = "CATEGORY";
MPRINT(EMADVISECOLUMNS):   end;
MPRINT(EMADVISECOLUMNS):   end;
MPRINT(EMADVISECOLUMNS):   if formatType = "NUM" then do;
MPRINT(EMADVISECOLUMNS):   if index = "Y" then formatType = "DISCRETE";
MPRINT(EMADVISECOLUMNS):   else formatType = "QUANTITY";
MPRINT(EMADVISECOLUMNS):   end;
MPRINT(EMADVISECOLUMNS):   end;
MPRINT(EMADVISECOLUMNS):   if level = ' ' then do;
MPRINT(EMADVISECOLUMNS):   if formatType in ("CATEGORY", "CODING", "ID") or type = "C" then level = "NOMINAL";
MPRINT(EMADVISECOLUMNS):   else level = "INTERVAL";
MPRINT(EMADVISECOLUMNS):   levelAssigned = 1;
MPRINT(EMADVISECOLUMNS):   end;
MPRINT(EMADVISECOLUMNS):   else level = upcase(level);
MPRINT(EMADVISECOLUMNS):   if role = ' ' then do;
MPRINT(EMADVISECOLUMNS):   length name_prefix $8 _uname $64;
MPRINT(EMADVISECOLUMNS):   drop name_prefix _uname _freqflag;
MPRINT(EMADVISECOLUMNS):   retain _freqflag;
MPRINT(EMADVISECOLUMNS):   if LENGTH> 80 then ROLE = 'TEXT';
MPRINT(EMADVISECOLUMNS):   _uname = upcase(NAME);
MPRINT(EMADVISECOLUMNS):   select(_uname);
MPRINT(EMADVISECOLUMNS):   when('_PARTIND_') do;
MPRINT(EMADVISECOLUMNS):   ROLE = 'ID';
MPRINT(EMADVISECOLUMNS):   LEVEL = 'NOMINAL';
MPRINT(EMADVISECOLUMNS):   end;
MPRINT(EMADVISECOLUMNS):   when('_WARN_') ROLE = 'ASSESS';
MPRINT(EMADVISECOLUMNS):   when('EM_SEGMENT') do;
MPRINT(EMADVISECOLUMNS):   ROLE = 'SEGMENT';
MPRINT(EMADVISECOLUMNS):   LEVEL = 'NOMINAL';
MPRINT(EMADVISECOLUMNS):   end;
MPRINT(EMADVISECOLUMNS):   when('_NODE_') do;
MPRINT(EMADVISECOLUMNS):   ROLE = 'SEGMENT';
MPRINT(EMADVISECOLUMNS):   LEVEL = 'NOMINAL';
MPRINT(EMADVISECOLUMNS):   end;
MPRINT(EMADVISECOLUMNS):   when('EM_CLASSTARGET') ROLE = 'ASSESS';
MPRINT(EMADVISECOLUMNS):   when('EM_VALUETARGET') ROLE = 'ASSESS';
MPRINT(EMADVISECOLUMNS):   when('EM_PREDICTION') ROLE = 'PREDICT';
MPRINT(EMADVISECOLUMNS):   when('EM_PROBABILITY') ROLE = 'PREDICT';
MPRINT(EMADVISECOLUMNS):   when('EM_EVENTPROBABILITY') ROLE = 'PREDICT';
MPRINT(EMADVISECOLUMNS):   when('EM_CLASSIFICATION') ROLE = 'CLASSIFICATION';
MPRINT(EMADVISECOLUMNS):   when('EM_DECISION') ROLE = 'DECISION';
MPRINT(EMADVISECOLUMNS):   when('EM_PROFIT') ROLE = 'ASSESS';
MPRINT(EMADVISECOLUMNS):   when('EM_LOSS') ROLE = 'ASSESS';
MPRINT(EMADVISECOLUMNS):   when('EM_ROI') ROLE = 'ASSESS';
MPRINT(EMADVISECOLUMNS):   when('URI') ROLE = 'URL';
MPRINT(EMADVISECOLUMNS):   when('FILTERED') ROLE = 'TEXTLOC';
MPRINT(EMADVISECOLUMNS):   otherwise do;
MPRINT(EMADVISECOLUMNS):   if upcase(NAME) =: 'ZIP' then do;
MPRINT(EMADVISECOLUMNS):   ROLE = 'REJECTED';
MPRINT(EMADVISECOLUMNS):   LEVEL = 'NOMINAL';
MPRINT(EMADVISECOLUMNS):   COMMENT = 'Rejected by: Exceed the maximum class level of %s';
MPRINT(EMADVISECOLUMNS):   end;
MPRINT(EMADVISECOLUMNS):   else if upcase(NAME) in('FREQ', 'FREQUENCY') then do;
MPRINT(EMADVISECOLUMNS):   ROLE = 'FREQ';
MPRINT(EMADVISECOLUMNS):   if TYPE = 'C' then ROLE = 'INPUT';
MPRINT(EMADVISECOLUMNS):   else if _freqflag =1 then ROLE='REJECTED';
MPRINT(EMADVISECOLUMNS):   end;
MPRINT(EMADVISECOLUMNS):   else do;
MPRINT(EMADVISECOLUMNS):   name_prefix = scan(_uname, 1, '_');
MPRINT(EMADVISECOLUMNS):   if scan(_uname, 2, '_') = '' then name_prefix='';
MPRINT(EMADVISECOLUMNS):   if name_prefix in('F', 'I', 'U') then do;
MPRINT(EMADVISECOLUMNS):   ROLE = 'CLASSIFICATION';
MPRINT(EMADVISECOLUMNS):   LEVEL = 'NOMINAL';
MPRINT(EMADVISECOLUMNS):   end;
MPRINT(EMADVISECOLUMNS):   else if name_prefix in('Q') then ROLE = 'ASSESS';
MPRINT(EMADVISECOLUMNS):   else if name_prefix in('P', 'V') then ROLE = 'PREDICT';
MPRINT(EMADVISECOLUMNS):   else if name_prefix in('R', 'RS', 'RT', 'RD', 'RDS', 'RDT', 'RA', 'RAS', 'RAT') then ROLE = 'RESIDUAL';
MPRINT(EMADVISECOLUMNS):   else if name_prefix ='D' then do;
MPRINT(EMADVISECOLUMNS):   ROLE = 'DECISION';
MPRINT(EMADVISECOLUMNS):   LEVEL = 'NOMINAL';
MPRINT(EMADVISECOLUMNS):   end;
MPRINT(EMADVISECOLUMNS):   else if name_prefix ='B' then do;
MPRINT(EMADVISECOLUMNS):   ROLE = 'SEGMENT';
MPRINT(EMADVISECOLUMNS):   LEVEL = 'NOMINAL';
MPRINT(EMADVISECOLUMNS):   end;
MPRINT(EMADVISECOLUMNS):   else if name_prefix in('EP', 'BP', 'CP', 'EL', 'CL', 'BL', 'ROI', 'IC') then ROLE = 'ASSESS';
MPRINT(EMADVISECOLUMNS):   else do;
MPRINT(EMADVISECOLUMNS):   array _ROLE_ (19) $32 _TEMPORARY_ ('ASSESS','CLASSIFICATION','CENSOR', 'COST', 'CROSSID', 'DECISION', 'ID','INPUT', 'LABEL', 'MISSING','PREDICT','REFERRER','REJECTED', 'RESIDUAL','SEGMENT', 'SEQUENCE','TARGET', 'TEXT', 'TIMEID');
MPRINT(EMADVISECOLUMNS):   drop _found_ i;
MPRINT(EMADVISECOLUMNS):   _found_=0;
MPRINT(EMADVISECOLUMNS):   do i=1 to 19 until(_found_=1);
MPRINT(EMADVISECOLUMNS):   if index(_uname, trim(_ROLE_{i}))=1 then do;
MPRINT(EMADVISECOLUMNS):   ROLE=_ROLE_{i};
MPRINT(EMADVISECOLUMNS):   if ROLE = 'ID' then LEVEL = 'NOMINAL';
MPRINT(EMADVISECOLUMNS):   else if ROLE = 'SEGMENT' then LEVEL = 'NOMINAL';
MPRINT(EMADVISECOLUMNS):   else if ROLE = 'TIMEID' and TYPE='N' then LEVEL = 'INTERVAL';
MPRINT(EMADVISECOLUMNS):   _found_=1;
MPRINT(EMADVISECOLUMNS):   end;
MPRINT(EMADVISECOLUMNS):   end;
MPRINT(EMADVISECOLUMNS):   if length(_uname)>2 then do;
MPRINT(EMADVISECOLUMNS):   if substr(reverse(trim(_uname)), 1, 3) = 'DI_' then do;
MPRINT(EMADVISECOLUMNS):   ROLE = 'ID';
MPRINT(EMADVISECOLUMNS):   LEVEL = 'NOMINAL';
MPRINT(EMADVISECOLUMNS):   end;
MPRINT(EMADVISECOLUMNS):   end;
MPRINT(EMADVISECOLUMNS):   end;
MPRINT(EMADVISECOLUMNS):   end;
MPRINT(EMADVISECOLUMNS):   end;
MPRINT(EMADVISECOLUMNS):   end;
MPRINT(EMADVISECOLUMNS):   if ROLE='FREQ' then _freqflag=1;
MPRINT(EMADVISECOLUMNS):   else if ROLE = 'CLASSIFICATION' then LEVEL = 'NOMINAL';
MPRINT(EMADVISECOLUMNS):   if symexist('RATEMKG_ROLE') then do;
MPRINT(EMADVISECOLUMNS):   if upcase(symget('RATEMKG_ROLE')) in('Y', 'YES') then do;
MPRINT(EMADVISECOLUMNS):   if _uname =: 'POLICY' then ROLE = 'POLICYID';
MPRINT(EMADVISECOLUMNS):   else if _uname in ('PARTITION', '_PARTIND_') then ROLE = 'PARTITION';
MPRINT(EMADVISECOLUMNS):   else if type = 'N' then do;
MPRINT(EMADVISECOLUMNS):   if _uname = 'EXPOSURE' then ROLE = 'EXPOSURE';
MPRINT(EMADVISECOLUMNS):   else if _uname = 'YEAR' then ROLE = 'YEAR';
MPRINT(EMADVISECOLUMNS):   else if _uname = 'WEIGHT' then ROLE = 'WEIGHT';
MPRINT(EMADVISECOLUMNS):   else if _uname = 'OFFSET' then ROLE = 'OFFSET';
MPRINT(EMADVISECOLUMNS):   end;
MPRINT(EMADVISECOLUMNS):   end;
MPRINT(EMADVISECOLUMNS):   end;
MPRINT(EMADVISECOLUMNS):   end;
MPRINT(EMADVISECOLUMNS):   if role = ' ' then do;
MPRINT(EMADVISECOLUMNS):   if formattype in('DATE', 'DATETIME', 'TIME') then role = 'TIMEID';
MPRINT(EMADVISECOLUMNS):   else role = 'INPUT';
MPRINT(EMADVISECOLUMNS):   roleAssigned = 1;
MPRINT(EMADVISECOLUMNS):   end;
MPRINT(EMADVISECOLUMNS):   else role = upcase(role);
MPRINT(EMADVISECOLUMNS):   if REPORT = '' then REPORT = 'N';
MPRINT(EMADVISECOLUMNS):   if symexist('dmwb_product') then do;
MPRINT(EMADVISECOLUMNS):   if upcase(symget('dmwb_product')) = 'FACTORYMINER_DATASOURCE' then do;
MPRINT(EMADVISECOLUMNS):   if ROLE ^in('INPUT', 'TARGET', 'REJECTED', 'SEGMENT', 'FREQ', 'ID', 'KEY') then ROLE='REJECTED';
MPRINT(EMADVISECOLUMNS):   end;
MPRINT(EMADVISECOLUMNS):   end;
MPRINT(EMADVISECOLUMNS):   run;
MPRINT(EMADVISECOLUMNS):    data WORK.M22NXIYP;
MPRINT(EMADVISECOLUMNS):   set WORK.M22NXIYP;
MPRINT(EMADVISECOLUMNS):   label NAME = "Variable Name" TYPE = "Type" ROLE = "Role" LEVEL= "Measurement Level" ORDER= "Order" CREATOR= "Creator" FORMATTYPE= "Format Type" FAMILY= "Family" DISTRIBUTION= "Distribution" PRICE= "Price" LOWERLIMIT= "Lower 
limit" UPPERLIMIT= "Upper Limit" REPORT= "Report" COMMENT= "Comment" INDEX= "Index" INDEXTYPE= "IndexType" LABEL= "Label" LENGTH= "Length";
MPRINT(EMADVISECOLUMNS):   drop levelAssigned roleAssigned;
MPRINT(EMADVISECOLUMNS):   run;
MPRINT(EMADVISECOLUMNS):   
MPRINT(EM_DIAGRAM):  ;
MPRINT(EM_DIAGRAM):   proc sort data=WORK.COLUMNMETA;
MPRINT(EM_DIAGRAM):   by NAME;
MPRINT(EM_DIAGRAM):   run;
MPRINT(EM_DIAGRAM):   *------------------------------------------------------------*;
MPRINT(EM_DIAGRAM):   * &nodeid: Merge incoming metadata;
MPRINT(EM_DIAGRAM):   *------------------------------------------------------------*;
MPRINT(EM_DIAGRAM):   proc contents data=EMWS1.Part_TRAIN noprint out=_temp2(keep=NAME);
MPRINT(EM_DIAGRAM):   run;
MPRINT(EM_DIAGRAM):   proc sort data=_temp2;
MPRINT(EM_DIAGRAM):   by NAME;
MPRINT(EM_DIAGRAM):   run;
MPRINT(EM_DIAGRAM):   proc sort data=EMWS1.Part_CMeta_TRAIN out=_temp;
MPRINT(EM_DIAGRAM):   by NAME;
MPRINT(EM_DIAGRAM):   run;
MPRINT(EM_DIAGRAM):   data EMWS1.Tree4_CMeta_TRAIN;
MPRINT(EM_DIAGRAM):   merge WORK.COLUMNMETA(in=_a) _temp2(in=_b) _temp(drop=FORMAT INFORMAT LENGTH INDEX INDEXTYPE in=_c) end=_eof_;
MPRINT(EM_DIAGRAM):   by NAME;
MPRINT(EM_DIAGRAM):   if (^_a and _b) or (^_c and _a and _b) then delete;
MPRINT(EM_DIAGRAM):   if ^_b then CREATOR = "Tree4";
MPRINT(EM_DIAGRAM):   length model $200;
MPRINT(EM_DIAGRAM):   label MODEL = "Model Node";
MPRINT(EM_DIAGRAM):   select(upcase(name));
MPRINT(EM_DIAGRAM):   when("DIAGNOSIS") model = "Tree4";
MPRINT(EM_DIAGRAM):   when('');
MPRINT(EM_DIAGRAM):   otherwise;
MPRINT(EM_DIAGRAM):   end;
MPRINT(EM_DIAGRAM):   *------------------------------------------------------------*;
MPRINT(EM_DIAGRAM):   * Tree4: Apply Delta Code;
MPRINT(EM_DIAGRAM):   *------------------------------------------------------------*;
MPRINT(EM_DIAGRAM):   if upcase(NAME) = "AREA_SE" then do;
MPRINT(EM_DIAGRAM):   ROLE = "REJECTED";
MPRINT(EM_DIAGRAM):   end;
MPRINT(EM_DIAGRAM):   else if upcase(NAME) = "AREA_WORST" then do;
MPRINT(EM_DIAGRAM):   ROLE = "REJECTED";
MPRINT(EM_DIAGRAM):   end;
MPRINT(EM_DIAGRAM):   else if upcase(NAME) = "COMPACTNESS_MEAN" then do;
MPRINT(EM_DIAGRAM):   ROLE = "REJECTED";
MPRINT(EM_DIAGRAM):   end;
MPRINT(EM_DIAGRAM):   else if upcase(NAME) = "COMPACTNESS_SE" then do;
MPRINT(EM_DIAGRAM):   ROLE = "REJECTED";
MPRINT(EM_DIAGRAM):   end;
MPRINT(EM_DIAGRAM):   else if upcase(NAME) = "COMPACTNESS_WORST" then do;
MPRINT(EM_DIAGRAM):   ROLE = "REJECTED";
MPRINT(EM_DIAGRAM):   end;
MPRINT(EM_DIAGRAM):   else if upcase(NAME) = "CONCAVE_POINTS_MEAN" then do;
MPRINT(EM_DIAGRAM):   ROLE = "REJECTED";
MPRINT(EM_DIAGRAM):   end;
MPRINT(EM_DIAGRAM):   else if upcase(NAME) = "CONCAVE_POINTS_SE" then do;
MPRINT(EM_DIAGRAM):   ROLE = "REJECTED";
MPRINT(EM_DIAGRAM):   end;
MPRINT(EM_DIAGRAM):   else if upcase(NAME) = "CONCAVE_POINTS_WORST" then do;
MPRINT(EM_DIAGRAM):   ROLE = "REJECTED";
MPRINT(EM_DIAGRAM):   end;
MPRINT(EM_DIAGRAM):   else if upcase(NAME) = "CONCAVITY_MEAN" then do;
MPRINT(EM_DIAGRAM):   ROLE = "REJECTED";
MPRINT(EM_DIAGRAM):   end;
MPRINT(EM_DIAGRAM):   else if upcase(NAME) = "CONCAVITY_SE" then do;
MPRINT(EM_DIAGRAM):   ROLE = "REJECTED";
MPRINT(EM_DIAGRAM):   end;
MPRINT(EM_DIAGRAM):   else if upcase(NAME) = "CONCAVITY_WORST" then do;
MPRINT(EM_DIAGRAM):   ROLE = "REJECTED";
MPRINT(EM_DIAGRAM):   end;
MPRINT(EM_DIAGRAM):   else if upcase(NAME) = "FRACTAL_DIMENSION_MEAN" then do;
MPRINT(EM_DIAGRAM):   ROLE = "REJECTED";
MPRINT(EM_DIAGRAM):   end;
MPRINT(EM_DIAGRAM):   else if upcase(NAME) = "FRACTAL_DIMENSION_SE" then do;
MPRINT(EM_DIAGRAM):   ROLE = "REJECTED";
MPRINT(EM_DIAGRAM):   end;
MPRINT(EM_DIAGRAM):   else if upcase(NAME) = "FRACTAL_DIMENSION_WORST" then do;
MPRINT(EM_DIAGRAM):   ROLE = "REJECTED";
MPRINT(EM_DIAGRAM):   end;
MPRINT(EM_DIAGRAM):   else if upcase(NAME) = "PERIMETER_MEAN" then do;
MPRINT(EM_DIAGRAM):   ROLE = "REJECTED";
MPRINT(EM_DIAGRAM):   end;
MPRINT(EM_DIAGRAM):   else if upcase(NAME) = "PERIMETER_SE" then do;
MPRINT(EM_DIAGRAM):   ROLE = "REJECTED";
MPRINT(EM_DIAGRAM):   end;
MPRINT(EM_DIAGRAM):   else if upcase(NAME) = "Q_DIAGNOSISB" then do;
MPRINT(EM_DIAGRAM):   ROLE = "ASSESS";
MPRINT(EM_DIAGRAM):   end;
MPRINT(EM_DIAGRAM):   else if upcase(NAME) = "Q_DIAGNOSISM" then do;
MPRINT(EM_DIAGRAM):   ROLE = "ASSESS";
MPRINT(EM_DIAGRAM):   end;
MPRINT(EM_DIAGRAM):   else if upcase(NAME) = "RADIUS_MEAN" then do;
MPRINT(EM_DIAGRAM):   ROLE = "REJECTED";
MPRINT(EM_DIAGRAM):   end;
MPRINT(EM_DIAGRAM):   else if upcase(NAME) = "RADIUS_SE" then do;
MPRINT(EM_DIAGRAM):   ROLE = "REJECTED";
MPRINT(EM_DIAGRAM):   end;
MPRINT(EM_DIAGRAM):   else if upcase(NAME) = "RADIUS_WORST" then do;
MPRINT(EM_DIAGRAM):   ROLE = "REJECTED";
MPRINT(EM_DIAGRAM):   end;
MPRINT(EM_DIAGRAM):   else if upcase(NAME) = "SMOOTHNESS_MEAN" then do;
MPRINT(EM_DIAGRAM):   ROLE = "REJECTED";
MPRINT(EM_DIAGRAM):   end;
MPRINT(EM_DIAGRAM):   else if upcase(NAME) = "SMOOTHNESS_SE" then do;
MPRINT(EM_DIAGRAM):   ROLE = "REJECTED";
MPRINT(EM_DIAGRAM):   end;
MPRINT(EM_DIAGRAM):   else if upcase(NAME) = "SMOOTHNESS_WORST" then do;
MPRINT(EM_DIAGRAM):   ROLE = "REJECTED";
MPRINT(EM_DIAGRAM):   end;
MPRINT(EM_DIAGRAM):   else if upcase(NAME) = "SYMMETRY_MEAN" then do;
MPRINT(EM_DIAGRAM):   ROLE = "REJECTED";
MPRINT(EM_DIAGRAM):   end;
MPRINT(EM_DIAGRAM):   else if upcase(NAME) = "SYMMETRY_SE" then do;
MPRINT(EM_DIAGRAM):   ROLE = "REJECTED";
MPRINT(EM_DIAGRAM):   end;
MPRINT(EM_DIAGRAM):   else if upcase(NAME) = "SYMMETRY_WORST" then do;
MPRINT(EM_DIAGRAM):   ROLE = "REJECTED";
MPRINT(EM_DIAGRAM):   end;
MPRINT(EM_DIAGRAM):   else if upcase(NAME) = "_NODE_" then do;
MPRINT(EM_DIAGRAM):   ROLE = "SEGMENT";
MPRINT(EM_DIAGRAM):   LEVEL = "NOMINAL";
MPRINT(EM_DIAGRAM):   end;
MPRINT(EM_DIAGRAM):   run;
MPRINT(EM_DIAGRAM):   filename _delta;
39625      data EMWS1.Tree4_EMINFO;
MPRINT(EM_DIAGRAM):    data EMWS1.Tree4_EMINFO;
39626      length TARGET KEY $32 DATA $43;
MPRINT(EM_DIAGRAM):   length TARGET KEY $32 DATA $43;
39627      input TARGET KEY DATA $;
MPRINT(EM_DIAGRAM):   input TARGET KEY DATA $;
39628      cards;
MPRINT(EM_DIAGRAM):   cards;

NOTE: The data set EMWS1.TREE4_EMINFO has 3 observations and 3 variables.
NOTE: DATA statement used (Total process time):
      real time           0.00 seconds
      cpu time            0.01 seconds
      

MPRINT(EM_DIAGRAM):   run;
39632      run;
39633      proc sort data = EMWS1.Tree4_EMINFO NOTHREADS;
MPRINT(EM_DIAGRAM):   proc sort data = EMWS1.Tree4_EMINFO NOTHREADS;
39634      by TARGET KEY;
MPRINT(EM_DIAGRAM):   by TARGET KEY;
39635      run;
MPRINT(EM_DIAGRAM):   run;

NOTE: There were 3 observations read from the data set EMWS1.TREE4_EMINFO.
NOTE: The data set EMWS1.TREE4_EMINFO has 3 observations and 3 variables.
NOTE: PROCEDURE SORT used (Total process time):
      real time           0.04 seconds
      cpu time            0.01 seconds
      

NOTE: View EMWS1.TREE4_TRAIN.VIEW used (Total process time):
      real time           0.04 seconds
      cpu time            0.03 seconds
      
NOTE: View EMWS1.TREE4_VALIDATE.VIEW used (Total process time):
      real time           0.03 seconds
      cpu time            0.03 seconds
      
MPRINT(EM_DIAGRAM):    proc printto;
MPRINT(EM_DIAGRAM):   run;
