MPRINT(EM_DIAGRAM):    data _null_;
MPRINT(EM_DIAGRAM):   call symput('NLDATE', strip(put(date(), NLDATE.)));
MPRINT(EM_DIAGRAM):   call symput('NLTIME', strip(put(datetime(), NLTIME.)));
MPRINT(EM_DIAGRAM):   run;
MPRINT(EM_DIAGRAM):   data _null_;
MPRINT(EM_DIAGRAM):   nldate= sasmsg("sashelp.dmine", "log_date_note", 'N', "October 03, 2026" );
MPRINT(EM_DIAGRAM):   nltime= sasmsg("sashelp.dmine", "log_time_note", 'N', "18:25:29" );
MPRINT(EM_DIAGRAM):   put "*------------------------------------------------------------*";
MPRINT(EM_DIAGRAM):   put "* Report Log";
MPRINT(EM_DIAGRAM):   put nldate;
MPRINT(EM_DIAGRAM):   put nltime;
MPRINT(EM_DIAGRAM):   put "*------------------------------------------------------------*";
MPRINT(EM_DIAGRAM):   run;
*------------------------------------------------------------*
* Report Log
Date:                October 03, 2026
Time:                18:25:29
*------------------------------------------------------------*
MPRINT(EM_DIAGRAM):    filename O1SLK8P1 "C:\Users\student\OneDrive - Bryant University\Documents\GitHub\Projects_in_R\Assignments\Assignment 3\Workspaces\EMWS1\Tree7\EMREPORT.out" encoding="UTF-8" NOBOM;
MPRINT(EM_DIAGRAM):   proc printto print=O1SLK8P1 new;
MPRINT(EM_DIAGRAM):   run;
51409      data EMWS1.Tree7_EMOUTFIT;
MPRINT(EM_DIAGRAM):    data EMWS1.Tree7_EMOUTFIT;
51410      set EMWS1.Tree7_EMOUTFIT;
MPRINT(EM_DIAGRAM):   set EMWS1.Tree7_EMOUTFIT;
51411      length TargetLabel $200;
MPRINT(EM_DIAGRAM):   length TargetLabel $200;
51412      label targetLabel = "%sysfunc(sasmsg(sashelp.dmine, meta_targetlabel_vlabel, NOQUOTE))";
MPRINT(EM_DIAGRAM):   label targetLabel = "Target Label";
51413      run;
MPRINT(EM_DIAGRAM):   run;

NOTE: Variable TargetLabel is uninitialized.
NOTE: There were 1 observations read from the data set EMWS1.TREE7_EMOUTFIT.
NOTE: The data set EMWS1.TREE7_EMOUTFIT has 1 observations and 17 variables.
NOTE: DATA statement used (Total process time):
      real time           0.02 seconds
      cpu time            0.00 seconds
      

51414      proc sort data=EMWS1.Tree7_EMREPORTFIT nothreads;
MPRINT(EM_DIAGRAM):    proc sort data=EMWS1.Tree7_EMREPORTFIT nothreads;
51415      by TARGET;
MPRINT(EM_DIAGRAM):   by TARGET;
51416      run;
MPRINT(EM_DIAGRAM):   run;

NOTE: There were 8 observations read from the data set EMWS1.TREE7_EMREPORTFIT.
NOTE: The data set EMWS1.TREE7_EMREPORTFIT has 8 observations and 7 variables.
NOTE: PROCEDURE SORT used (Total process time):
      real time           0.04 seconds
      cpu time            0.01 seconds
      

51417      %let _EMwarndup = 0;
51418      %let _EMtargetdup =;
51419      %let _EMASEtargetdup =;
51420      data _null_;
MPRINT(EM_DIAGRAM):    data _null_;
51421      set EMWS1.Tree7_EMOUTFIT;
MPRINT(EM_DIAGRAM):   set EMWS1.Tree7_EMOUTFIT;
51422      if .<_ASE_<0.000001 then do;
MPRINT(EM_DIAGRAM):   if .<_ASE_<0.000001 then do;
51423      call symput('_EMwarndup', '1');
MPRINT(EM_DIAGRAM):   call symput('_EMwarndup', '1');
51424      call symput('_EMtargetdup', target);
MPRINT(EM_DIAGRAM):   call symput('_EMtargetdup', target);
51425      call symput('_EMASEtargetdup', put(_ASE_, best.));
MPRINT(EM_DIAGRAM):   call symput('_EMASEtargetdup', put(_ASE_, best.));
51426      end;
MPRINT(EM_DIAGRAM):   end;
51427      run;
MPRINT(EM_DIAGRAM):   run;

NOTE: There were 1 observations read from the data set EMWS1.TREE7_EMOUTFIT.
NOTE: DATA statement used (Total process time):
      real time           0.00 seconds
      cpu time            0.01 seconds
      

51428      %let EMEXCEPTIONSTRING=;
51429      *------------------------------------------------------------*;
MPRINT(EM_DIAGRAM):    *------------------------------------------------------------*;
51430      * REPORT: Tree7;
MPRINT(EM_DIAGRAM):   * REPORT: Tree7;
51431      *------------------------------------------------------------*;
MPRINT(EM_DIAGRAM):   *------------------------------------------------------------*;
51432      %let EM_ACTION = REPORT;
51433      %let syscc = 0;
51434      %macro main;
51435      
51436        %if %upcase(&EM_ACTION) = CREATE %then %do;
51437          filename temp catalog 'sashelp.emmodl.tree_create.source';
51438          %include temp;
51439          filename temp;
51440      
51441          %em_tree_create;
51442        %end;
51443      
51444         %else
51445         %if %upcase(&EM_ACTION) = TRAIN %then %do;
51446      
51447             filename temp catalog 'sashelp.emmodl.tree_train.source';
51448             %include temp;
51449             filename temp;
51450             %em_tree_train;
51451         %end;
51452      
51453        %else
51454        %if %upcase(&EM_ACTION) = SCORE %then %do;
51455          filename temp catalog 'sashelp.emmodl.tree_score.source';
51456          %include temp;
51457          filename temp;
51458      
51459          %em_tree_score;
51460      
51461        %end;
51462      
51463        %else
51464        %if %upcase(&EM_ACTION) = REPORT %then %do;
51465      
51466             filename temp catalog 'sashelp.emmodl.tree_report.source';
51467             %include temp;
51468             filename temp;
51469      
51470             %em_tree_report;
51471         %end;
51472      
51473        %else
51474        %if %upcase(&EM_ACTION) = OPENINT %then %do;
51475      
51476             filename temp catalog 'sashelp.emmodl.tree_actions.source';
51477             %include temp;
51478             filename temp;
51479             %EM_TREE_OPENTREEVIEWER;
51480      
51481         %end;
51482      
51483        %else
51484        %if %upcase(&EM_ACTION) = CLOSEINT %then %do;
51485      
51486             filename temp catalog 'sashelp.emmodl.tree_actions.source';
51487             %include temp;
51488             filename temp;
51489             %EM_TREE_CLOSETREEVIEWER;
51490      
51491         %end;
51492      
51493      
51494         %doendm:
51495      %mend main;
51496      
51497      %main;
MPRINT(EM_DIAGRAM):    
MPRINT(MAIN):   filename temp catalog 'sashelp.emmodl.tree_report.source';
NOTE: %INCLUDE (level 1) file TEMP is file SASHELP.EMMODL.TREE_REPORT.SOURCE.
51499     +%macro em_tree_makePlotDs( multipleTar= );
51501     +  %EM_GETNAME(key=OUTSTATS, type=DATA);
51502     +  %EM_GETNAME(key=OUTNODES, type=DATA);
51503     +  %EM_GETNAME(key=TREE_PLOT, type=DATA);
51504     +  %EM_GETNAME(key=OUTRULES, type=DATA);
51506     +  /* determine if validation statistics will be displayed */
51507     +  %let validflag=N;
51508     +  %if "&EM_PROPERTY_SHOWVALID" eq "Y" %then %do;
51509     +    /* determine if validation data exists */
51510     +    %if &validexist AND ("&EM_PROPERTY_CV" ne "Y") %then %do;
51511     +      %let validflag=Y;
51512     +    %end;
51513     +  %end;
51515     +   /* retrieve name of decmeta even in presence of multiple targets */
51516     +   %let decmeta = ;
51517     +   %if &EM_DEC_DECMETA eq %then %do;
51518     +     data _Target;
51519     +       set &em_data_variableset;
51520     +       where ROLE='TARGET' and USE in('D', 'Y');
51521     +       keep NAME;
51522     +     run;
51523     +     proc sort data=_Target;
51524     +       by NAME;
51525     +     run;
51526     +     proc sort data=EM_TARGETDECINFO;
51527     +       by TARGET;
51528     +     run;
51529     +     data _Target;
51530     +       merge _Target(in=_a) EM_TARGETDECINFO(rename=(TARGET=NAME) );
51531     +       by NAME;
51532     +       if _a then do;
51533     +         call symput('decmeta', trim(DECMETA));
51534     +       end;
51535     +     run;
51536     +     proc delete data=_Target;run;
51537     +   %end;
51538     +   %else %let decmeta = &EM_DEC_DECMETA;
51541     +  /* retrieve targetEvent from decmeta */
51542     +  %let targetEvent=;
51543     +  %if "%EM_TARGET_LEVEL" ne "INTERVAL" %then %do;
51544     +    %if %sysfunc(exist(&DECMETA)) %then %do;
51545     +      data _null_;
51546     +       set &DECMETA(where=(_TYPE_="TARGET"));
51547     +       call symput('targetEvent', strip(tranwrd(EVENT,'"','""')));
51548     +      run;
51549     +    %end;
51550     +  %end;
51552     +  /* retrieve predicted var for targetEvent from decmeta */
51553     +  %let predTarget=;
51554     +  %let predLvl=;
51555     +  %if "%EM_TARGET_LEVEL" ne "INTERVAL" %then %do;
51556     +    %if %sysfunc(exist(&DECMETA)) %then %do;
51557     +      data _null_;
51558     +       set &DECMETA(where=(_TYPE_="PREDICTED" AND LEVEL="&targetEvent"));
51559     +       call symput('predTarget', strip(VARIABLE));
51560     +       call symput('predLvl', strip(LEVEL));
51561     +      run;
51562     +    %end;
51563     +  %end;
51564     +  %else %do;
51565     +    %if %sysfunc(exist(&DECMETA)) %then %do;
51566     +      data _null_;
51567     +       set &DECMETA(where=(_TYPE_="PREDICTED"));
51568     +       call symput('predTarget', strip(VARIABLE));
51569     +      run;
51570     +    %end;
51571     +  %end;
51573     +  /* create BelowText value */
51574     +  data belowtext;
51575     +    set &EM_USER_OUTRULES(where=(ROLE="PRIMARY" AND STAT="VARIABLE") rename=(character_value=belowtext));
51576     +    keep node belowtext;
51577     +  run;
51579     +  /* replace belowtext with variable label if it exists */
51580     +  data belowtext2;
51581     +    set &EM_USER_OUTRULES(where=(ROLE="PRIMARY" AND STAT="LABEL") rename=(character_value=belowtextlbl));
51582     +    keep node belowtextlbl;
51583     +  run;
51585     +  proc sort data=belowtext; by node; run;
51586     +  proc sort data=belowtext2; by node; run;
51588     +  data belowtext;
51589     +    merge belowtext belowtext2(in=_a);
51590     +    by node;
51591     +    if _a then belowtext=belowtextlbl;
51592     +    keep node belowtext;
51593     +  run;
51595     +  /* create AboveText value */
51596     +  data abovetext;
51597     +    set &EM_USER_OUTRULES(where=(ROLE="PRIMARY" AND STAT in ("INTERVAL", "ORDINAL", "NOMINAL")) );
51598     +  run;
51599     +  proc sort data=abovetext; by node numeric_value; run;
51601     +  %let sp_precision = %sysevalf(1 / 10**&EM_PROPERTY_SPLITPRECISION);
51602     +  data abovetext;
51603     +    set abovetext(rename=(node=parent));
51604     +    by parent numeric_value;
51605     +    retain abovetext tempstring flag branch origval origchar ;
51606     +    length abovetext $256;
51607     +    length tempstring origchar $64;
51609     +    if STAT in ("INTERVAL", "ORDINAL") then do;
51610     +      if first.parent then do;
51611     +        if missing(character_value) then do;
51612     +          numeric_value = round(numeric_value, &sp_precision);
51613     +          abovetext = "< "||strip(NUMERIC_VALUE);
51614     +          branch = 1;
51615     +          origval = numeric_value;
51616     +          output;
51617     +        end;
51618     +        else do;
51619     +          abovetext = "< "||strip(CHARACTER_VALUE);
51620     +          branch = 1;
51621     +          origchar = character_value;
51622     +          output;
51623     +        end;
51625     +        if first.parent AND last.parent then do;
51626     +          if missing(character_value) then do;
51627     +            numeric_value = round(numeric_value, &sp_precision);
51628     +            branch = branch + 1;
51629     +            abovetext = ">= "||strip(NUMERIC_VALUE);
51630     +            output;
51631     +          end;
51632     +          else do;
51633     +            branch = branch + 1;
51634     +            abovetext = ">= "||strip(CHARACTER_VALUE);
51635     +            output;
51636     +          end;
51637     +        end;
51638     +      end;
51639     +      else if last.parent then do;
51640     +        if ( missing(character_value) AND (origval ne numeric_value)) or ( ^missing(character_value) AND (origchar ne character_value)) then do;
51641     +          if missing(character_value) then do;
51642     +            numeric_value = round(numeric_value, &sp_precision);
51643     +            abovetext= "[ "||strip(origval)||", "|| strip(numeric_value)||" )";
51644     +          end;
51645     +          else do;
51646     +            abovetext= ">= "||strip(origchar)||" AND < "|| strip(character_value);
51647     +          end;
51648     +          branch = branch + 1;
51649     +          output;
51651     +          if missing(character_value) then do;
51652     +            numeric_value = round(numeric_value, &sp_precision);
51653     +            abovetext = ">= "||strip(NUMERIC_VALUE);
51654     +          end;
51655     +          else do;
51656     +            abovetext = ">= "||strip(CHARACTER_VALUE);
51657     +          end;
51658     +          branch = branch + 1;
51659     +          output;
51660     +        end;
51661     +        else do;
51662     +          if missing(character_value) then do;
51663     +            numeric_value = round(numeric_value, &sp_precision);
51664     +            abovetext = ">= "||strip(NUMERIC_VALUE);
51665     +          end;
51666     +          else do;
51667     +            abovetext = ">= "||strip(CHARACTER_VALUE);
51668     +          end;
51669     +          branch = branch + 1;
51670     +          output;
51671     +        end;
51672     +      end;
51673     +      else do;
51674     +        if ( missing(character_value) AND (origval ne numeric_value)) or ( ^missing(character_value) AND (origchar ne character_value)) then do;
51675     +          if missing(character_value) then do;
51676     +            numeric_value = round(numeric_value,&sp_precision);
51677     +            abovetext= "[ "||strip(origval)||", "|| strip(numeric_value)||" )";
51678     +            origval = numeric_value;
51679     +          end;
51680     +          else do;
51681     +            abovetext= ">= "||strip(origchar)||" AND < "|| strip(character_value);
51682     +            origchar = character_value;
51683     +          end;
51684     +          branch = branch + 1;
51685     +          output;
51687     +        end;
51688     +        else do;
51689     +          if missing(character_value) then do;
51690     +            numeric_value = round(numeric_value, &sp_precision);
51691     +            abovetext = ">= "||strip(NUMERIC_VALUE);
51692     +            origval = numeric_value;
51693     +          end;
51694     +          else do;
51695     +            abovetext = ">= "||strip(CHARACTER_VALUE);
51696     +            origval = character_value;
51697     +          end;
51698     +          branch = branch + 1;
51699     +          output;
51700     +        end;
51701     +      end;
51702     +    end;
51703     +    else do;
51704     +       if first.numeric_value then do;
51705     +         flag = 0;
51706     +         abovetext = strip(CHARACTER_VALUE);
51707     +         branch = numeric_value;
51708     +         if first.numeric_value AND last.numeric_value then do;
51709     +           output;
51710     +         end;
51711     +       end;
51712     +       else if last.numeric_value then do;
51713     +         if flag=0 then do;
51714     +           tempstring = strip(abovetext)||", "||strip(CHARACTER_VALUE);
51715     +           length = length(strip(tempstring));
51716     +           if length < 32 then do;
51717     +             abovetext = strip(tempstring);
51718     +           end;
51719     +           else do;
51720     +             abovetext = strip(abovetext)||", ...";
51721     +             flag = 1;
51722     +           end;
51723     +         end;
51724     +         branch = numeric_value;
51725     +         output;
51726     +       end;
51727     +       else do;
51728     +         if flag=0 then do;
51729     +           tempstring = strip(abovetext)||", "||strip(CHARACTER_VALUE);
51730     +           length = length(strip(tempstring));
51731     +           if length < 32 then do;
51732     +             abovetext = strip(tempstring);
51733     +           end;
51734     +           else do;
51735     +             abovetext = strip(abovetext)||", ...";
51736     +             flag=1;
51737     +           end;
51738     +         end;
51739     +         branch = numeric_value;
51740     +       end;
51741     +    end;
51742     +    keep parent branch abovetext;
51743     +  run;
51745     +  /* Missing value to abovetext */
51746     +  data tempmissing;
51747     +    set &EM_USER_OUTRULES;
51748     +    if ((ROLE="PRIMARY") AND (STAT in ("MISSING")));
51749     +    rename node=parent numeric_value=branch character_value=misschar;
51750     +  run;
51753     +  proc sort data=abovetext; by parent branch; run;
51754     +  proc sort data=tempmissing; by parent branch; run;
51755     +  proc sort data=&EM_USER_OUTNODES out=tempoutnodes; by parent branch; run;
51757     +  data tempoutnodes;
51758     +    merge abovetext tempoutNodes(drop=abovetext) tempmissing(in=_a);
51759     +    by parent branch;
51760     +    length traintotal validtotal 8;
51761     +    retain traintotal validtotal;
51763     +    if _a then do;
51764     +      if ^MISSING(abovetext) then do;
51765     +        abovetext= strip(abovetext)||" %sysfunc(sasmsg(sashelp.dmine, tree_ormiss_vlabel, noquote))";
51766     +      end;
51767     +      else do;
51768     +        abovetext = " %sysfunc(sasmsg(sashelp.dmine, tree_missonly_vlabel, noquote))";
51769     +      end;
51770     +    end;
51771     +    if MISSING(abovetext) then abovetext="%sysfunc(sasmsg(sashelp.dmine, tree_nonmiss_vlabel, noquote))";
51773     +    if node=1 then do;
51774     +      traintotal = N;
51775     +      validtotal=VN;
51776     +    end;
51778     +    drop role rank stat misschar belowtext;
51779     +  run;
51780     +  proc sort data=tempoutnodes; by node; run;
51781     +  proc sort data=belowtext; by node; run;
51783     +  data tempoutnodes;
51784     +    merge tempoutnodes belowtext;
51785     +    by node;
51787     +  run;
51789     +  /* determine if adjusted counts exists; if so, use these vs true counts */
51790     +  %let adjusted = N;
51791     +  %let npriors = 0;
51792     +  data _null_ ;
51793     +    set &EM_USER_outstats(where=(STATNAME="NPRIORS")) end=eof ;
51794     +    if eof then do ;
51795     +      call symput("npriors" , strip(put(_N_,best.))) ;
51796     +    end;
51797     +  run;
51798     +  %if &npriors gt 0 %then %let adjusted=Y;
51801     +  /* create a table with targetUsed and targetLevel columns for each node */
51802     +  data temptarmeta;
51803     +    set &EM_DATA_VARIABLESET(where=(ROLE='TARGET' AND LEVEL^='ORDINAL'
51804     +    %if &multipleTar eq N %then %do;
51805     +      AND USE in ('D', 'Y')
51806     +    %end;
51807     +    ));
51808     +    length TARGET $32;
51809     +    Target=name;
51810     +    keep target level;
51811     +  run;
51813     +  %if &multipleTar eq Y %then %do;
51814     +    data temptargetused;
51815     +      set &EM_USER_OUTSTATS(where=(STATNAME="TARGET"));
51816     +      keep node target;
51817     +    run;
51818     +    proc sort data=temptargetused; by target; run;
51819     +    proc sort data=temptarmeta; by target; run;
51820     +    data temptargetused;
51821     +      merge temptargetused(in=_a) temptarmeta(in=_b rename=(level=tarlevel));
51822     +      by target;
51823     +      if _a and _b;
51824     +    run;
51825     +  %end;
51826     +  %else %do;
51827     +    data temptargetused;
51828     +      set &EM_USER_OUTSTATS;
51829     +      length target $32 tarlevel $10;
51830     +      target="%EM_TARGET";
51831     +      tarlevel="%EM_TARGET_LEVEL";
51832     +      keep node target tarlevel;
51833     +    run;
51834     +    proc sort data=temptargetused nodupkey; by node; run;
51835     +  %end;
51837     +  /* merge this information back into outstats, keeping only stats for the target used in the tree */
51838     +  proc sort data=&EM_USER_OUTSTATS out=tempoutstats; by node; run;
51839     +  proc sort data=temptargetused; by node; run;
51842     +  /* create tables for all interval targets as well as all class targets */
51843     +  data tempinterval tempclass;
51844     +    merge tempoutstats temptargetused( rename=(target=targetused));
51845     +    by node;
51846     +    %if "&multipleTar" eq "Y" %then %do;
51847     +      if ((missing(Target)) OR (target=targetused ));
51848     +    %end;
51850     +    if tarlevel="INTERVAL" then output tempinterval;
51851     +    else output tempclass;
51852     +  run;
51854     +  /* initialize intTarget and classTarget flags */
51855     +  %let em_intNobs =0;
51856     +  %let em_classNobs = 0;
51857     +  %let em_intTarget= N;
51858     +  %let em_classTarget= N;
51860     +  proc sql;
51861     +    reset noprint;
51862     +    select count(*) into :em_intNobs from tempinterval;
51863     +  quit;
51864     +  proc sql;
51865     +    reset noprint;
51866     +    select count(*) into :em_classNobs from tempclass;
51867     +  quit;
51869     +  %if &em_intNobs gt 0 %then %let em_intTarget=Y;
51870     +  %if &em_classNobs gt 0 %then %let em_classTarget=Y;
51872     +  /* retrieve all information for interval targets */
51873     +  %if &em_intTarget eq Y %then %do;
51875     +    /* determine if leaf variable exists */
51876     +    %let dsid=%sysfunc(open(tempinterval,i));
51877     +    %let leafexists=%sysfunc(varnum(&dsid,LEAF));
51878     +    %let rc=%sysfunc(close(&dsid));
51880     +    proc transpose data=tempinterval
51881     +      %if &leafexists %then %do;
51882     +        (drop=leaf)
51883     +      %end;
51884     +      %if &validexist %then %do;
51885     +       out=tempinterval(keep=NODE N VALID: N PREDICTION VALID: PREDICTION RASE VALID: RASE rename=(VALID__N=VN VALID__PREDICTION=VPREDICTION VALID__RASE=VRASE)) ;
51886     +      %end;
51887     +      %else %do;
51888     +         out=tempinterval(keep=NODE N PREDICTION RASE ) ;
51889     +      %end;
51890     +      by node;
51891     +      id statname;
51892     +    run;
51893     +    data tempinterval;
51894     +      set tempinterval;
51895     +      if missing(N) then delete;
51896     +    run;
51897     +  %end;
51899     +  /* retrieve all information for class targets */
51900     +  %if &em_classTarget eq Y %then %do;
51901     +    proc sort data=tempclass; by node category; run;
51902     +    %if &validflag eq N %then %do;
51903     +      data tempn(keep=NODE STATVALUE) temppredict(Keep=NODE CATEGORY) tempprob(keep=NODE STATVALUE CATEGORY TARGET )
51904     +           tempprofit(KEEP=NODE STATVALUE CATEGORY  ) temploss(KEEP=NODE STATVALUE CATEGORY  );
51905     +    %end;
51906     +    %else %do;
51907     +     data tempn(keep=NODE STATVALUE STATNAME) temppredict(Keep=NODE CATEGORY) tempprob(keep=NODE STATVALUE CATEGORY TARGET ) tempvprob(keep=NODE STATVALUE CATEGORY TARGET )
51908     +          tempprofit(KEEP=NODE STATVALUE STATNAME CATEGORY ) temploss(KEEP=NODE STATVALUE STATNAME CATEGORY );
51909     +    %end;
51910     +      set tempclass;
51912     +      %if &validflag eq N %then %do;
51913     +        %if "&adjusted" eq "N" %then %do;
51914     +          if statname="N" then output tempn;
51915     +        %end;
51916     +        %else %do;
51917     +          if statname="NPRIORS" then output tempn;
51918     +        %end;
51919     +        else if statname="PREDICTION" then output temppredict;
51920     +        else if statname="PROBABILITY" then output tempprob;
51921     +        else if statname="ALTERNATIVE PROFIT" then output tempprofit;
51922     +        else if statname="ALTERNATIVE LOSS" then output temploss;
51923     +      %end;
51924     +      %else %do;
51925     +        %if "&adjusted" eq "N" %then %do;
51926     +          if ((statname="N") OR (statname="VALID: N")) then output tempn;
51927     +        %end;
51928     +        %else %do;
51929     +          if ((statname="NPRIORS") or (statname="VALID: NPRIORS") ) then output tempn;
51930     +        %end;
51931     +        else if statname="PREDICTION" then output temppredict;
51932     +        else if statname="PROBABILITY" then output tempprob;
51933     +        else if statname="VALID: PROBABILITY" then output tempvprob;
51934     +        else if ((statname="ALTERNATIVE PROFIT") or (statname="VALID: ALTERNATIVE PROFIT")) then output tempprofit;
51935     +        else if ((statname="ALTERNATIVE LOSS") OR (statname="VALID: ALTERNATIVE LOSS")) then output temploss;
51936     +      %end;
51937     +    run;
51940     +    /* determine if profit/loss exists in tempprofit */
51941     +    %let em_profitflag=0;
51942     +    %let em_lossflag=0;
51943     +    proc sql;
51944     +      reset noprint;
51945     +      select count(*) into :em_profitflag from tempprofit;
51946     +    quit;
51947     +    proc sql;
51948     +      reset noprint;
51949     +      select count(*) into :em_lossflag from temploss;
51950     +    quit;
51952     +    %if &validFlag eq Y %then %do;
51953     +      proc transpose data=tempn
51954     +        %if "&adjusted" eq "N" %then %do;
51955     +           out=tempn(keep=node N VALID__N rename=(VALID__N=VN));
51956     +        %end;
51957     +        %else %do;
51958     +           out=tempn(keep=node NPRIORS VALID__NPRIORS rename=( VALID__NPRIORS=VNPRIORS));
51959     +        %end;
51960     +        by node;
51961     +        id statname;
51962     +      run;
51963     +      %if &em_profitflag ne 0 %then %do;
51964     +        proc transpose data=tempprofit out=tempprofit;
51965     +          by node category;
51966     +          id statname ;
51967     +        run;
51968     +      %end;
51969     +      %if &em_lossflag ne 0 %then %do;
51970     +        proc transpose data=temploss out=temploss;
51971     +          by node category;
51972     +          id statname ;
51973     +        run;
51974     +      %end;
51975     +      data tempprob;
51976     +        merge tempprob tempvprob(rename=(statvalue=vstatvalue));
51977     +        by node
51978     +        %if &multipleTar eq Y %then %do;
51979     +          target
51980     +        %end;
51981     +        category;
51982     +      run;
51983     +    %end;
51985     +    /* store percentcorrect value */
51986     +    data temppredict;
51987     +      merge tempprob temppredict(in=_a);
51988     +      by node category;
51989     +      if _a then do;
51990     +        percentCorrect = statvalue;
51991     +        %if &validFlag eq Y %then %do;
51992     +          vpercentCorrect= vstatvalue;
51993     +        %end;
51994     +      end;
51995     +      label percentCorrect="%sysfunc(sasmsg(sashelp.dmine, rpt_percentcorrect_vlabel, noquote))"
51996     +      %if &validFlag eq Y %then %do;
51997     +         vpercentCorrect="%sysfunc(sasmsg(sashelp.dmine, rpt_vpercentcorrect_vlabel, noquote))"
51998     +      %end;
51999     +      ;
52000     +      if missing(percentCorrect) then delete;
52001     +      drop target;
52002     +    run;
52004     +    /* build profittext */
52005     +    %if ((&em_profitflag ne 0) OR (&em_lossflag ne 0)) %then %do;
52006     +      data tempprofittext(keep= node profittext profitloss);
52007     +        length profittext $800 profitloss 8.;
52008     +        retain profittext profitloss;
52010     +        merge tempprob
52011     +        %if &em_profitflag ne 0 %then %do;
52012     +          tempprofit
52013     +        %end;
52014     +        %else %if &em_lossflag ne 0 %then %do;
52015     +          temploss
52016     +        %end;
52017     +        ;
52018     +        by node category;
52020     +        /* EVENT ONLY IS NOT AVAILABLE FOR MULTIPLE TARGETS AS ONLY PRIMARY TARGET IS IN EM_TARGETDECINFO TO RETRIEVE EVENT LEVEL */
52021     +        %let profittype = &EM_PROPERTY_PROFITLOSS;
52022     +        %if ((&multipleTar eq Y) AND ("&EM_PROPERTY_PROFITLOSS" eq "EVENT"))  %then %do;
52023     +          %let profittype = ALL;
52024     +        %end;
52026     +        /* create the profitloss variable for nodecolor if selected */
52027     +        label profitloss="%sysfunc(sasmsg(sashelp.dmine, rpt_profitloss_vlabel, noquote))";
52029     +        %if "&profittype" eq "ALL" %then %do;
52030     +          if strip(CATEGORY)="&targetEvent" then do;
52031     +            profitloss=statvalue;
52032     +          end;
52033     +          if first.node then do;
52034     +            %if &validFlag eq N %then %do;
52035     +             %if &em_profitflag ne 0 %then %do;
52036     +                 profittext="%sysfunc(sasmsg(sashelp.dmine, rpt_profit_vlabel, noquote )): "||strip(CATEGORY)||": "||"09"x||put(STATVALUE, 14.&EM_PROPERTY_SPLITPRECISION);
52037     +             %end;
52038     +             %if &em_lossflag ne 0 %then %do;
52039     +                 profittext="%sysfunc(sasmsg(sashelp.dmine, rpt_loss_vlabel, noquote )): "||strip(CATEGORY)||": "||"09"x||put(STATVALUE, 14.&EM_PROPERTY_SPLITPRECISION);
52040     +             %end;
52041     +            %end;
52042     +            %else %do;
52043     +             %if &em_profitflag ne 0 %then %do;
52044     +                profittext="%sysfunc(sasmsg(sashelp.dmine, rpt_profit_vlabel, noquote )): "||strip(CATEGORY)||": "||"09"x||put(ALTERNATIVE_PROFIT, 14.&EM_PROPERTY_SPLITPRECISION)||"09"x||put(VALID__ALTERNATIVE_PROFIT,
52044    !+14.&EM_PROPERTY_SPLITPRECISION);
52045     +             %end;
52046     +             %if &em_lossflag ne 0 %then %do;
52047     +                profittext="%sysfunc(sasmsg(sashelp.dmine, rpt_loss_vlabel, noquote )): "||strip(CATEGORY)||": "||"09"x||put(ALTERNATIVE_LOSS, 14.&EM_PROPERTY_SPLITPRECISION)||"09"x||put(VALID__ALTERNATIVE_LOSS, 14.&EM_PROPERTY_SPLITPRECISION);
52048     +             %end;
52049     +            %end;
52050     +          end;
52051     +          else if last.node then do;
52052     +            %if &validFlag eq N %then %do;
52053     +             %if &em_profitflag ne 0 %then %do;
52054     +                 profittext=strip(profittext)||"0A"x||"%sysfunc(sasmsg(sashelp.dmine, rpt_profit_vlabel, noquote )): "||strip(CATEGORY)||": "||"09"x||put(STATVALUE, 14.&EM_PROPERTY_SPLITPRECISION);
52055     +             %end;
52056     +             %if &em_lossflag ne 0 %then %do;
52057     +                 profittext=strip(profittext)||"0A"x||"%sysfunc(sasmsg(sashelp.dmine, rpt_loss_vlabel, noquote )): "||strip(CATEGORY)||": "||"09"x||put(STATVALUE, 14.&EM_PROPERTY_SPLITPRECISION);
52058     +             %end;
52059     +             /*if CATEGORY="&targetEvent" then do;
52060     +               profitloss=statvalue;
52061     +             end;*/
52062     +            %end;
52063     +            %else %do;
52064     +             %if &em_profitflag ne 0 %then %do;
52065     +                profittext=strip(profittext)||"0A"x||"%sysfunc(sasmsg(sashelp.dmine, rpt_profit_vlabel, noquote )): "||strip(CATEGORY)||": "||"09"x||put(ALTERNATIVE_PROFIT, 14.&EM_PROPERTY_SPLITPRECISION)||"09"x||put(VALID__ALTERNATIVE_PROFIT,
52065    !+14.&EM_PROPERTY_SPLITPRECISION);
52066     +                if CATEGORY="&targetEvent" then do;
52067     +                 profitloss=ALTERNATIVE_PROFIT;
52068     +                end;
52069     +             %end;
52070     +             %if &em_lossflag ne 0 %then %do;
52071     +                profittext=strip(profittext)||"0A"x||"%sysfunc(sasmsg(sashelp.dmine, rpt_loss_vlabel, noquote )): "||strip(CATEGORY)||": "||"09"x||put(ALTERNATIVE_LOSS, 14.&EM_PROPERTY_SPLITPRECISION)||"09"x||put(VALID__ALTERNATIVE_LOSS,
52071    !+14.&EM_PROPERTY_SPLITPRECISION);
52072     +                if CATEGORY="&targetEvent" then do;
52073     +                  profitloss=ALTERNATIVE_LOSS;
52074     +                end;
52075     +             %end;
52076     +            %end;
52077     +            output;
52078     +          end;
52079     +          else do;
52080     +            %if &validFlag eq N %then %do;
52081     +             %if &em_profitflag ne 0 %then %do;
52082     +                 profittext=strip(profittext)||"0A"x||"%sysfunc(sasmsg(sashelp.dmine, rpt_profit_vlabel, noquote )): "||strip(CATEGORY)||": "||"09"x||put(STATVALUE, 14.&EM_PROPERTY_SPLITPRECISION);
52083     +             %end;
52084     +             %if &em_lossflag ne 0 %then %do;
52085     +                 profittext=strip(profittext)||"0A"x||"%sysfunc(sasmsg(sashelp.dmine, rpt_loss_vlabel, noquote )): "||strip(CATEGORY)||": "||"09"x||put(STATVALUE, 14.&EM_PROPERTY_SPLITPRECISION);
52086     +             %end;
52087     +            %end;
52088     +            %else %do;
52089     +             %if &em_profitflag ne 0 %then %do;
52090     +                profittext=strip(profittext)||"0A"x||"%sysfunc(sasmsg(sashelp.dmine, rpt_profit_vlabel, noquote )): "||strip(CATEGORY)||": "||"09"x||put(ALTERNATIVE_PROFIT, 14.&EM_PROPERTY_SPLITPRECISION)||"09"x||put(VALID__ALTERNATIVE_PROFIT,
52090    !+14.&EM_PROPERTY_SPLITPRECISION);
52091     +             %end;
52092     +             %if &em_lossflag ne 0 %then %do;
52093     +                profittext=strip(profittext)||"0A"x||"%sysfunc(sasmsg(sashelp.dmine, rpt_loss_vlabel, noquote )): "||strip(CATEGORY)||": "||"09"x||put(ALTERNATIVE_LOSS, 14.&EM_PROPERTY_SPLITPRECISION)||"09"x||put(VALID__ALTERNATIVE_LOSS,
52093    !+14.&EM_PROPERTY_SPLITPRECISION);
52094     +             %end;
52095     +            %end;
52096     +          end;
52097     +        %end;
52098     +        %else %if (("&profittype" eq "EVENT") AND ("&targetEvent" ne "" )) %then %do;
52099     +          if strip(CATEGORY) = "&targetevent" then do;
52100     +            %if &validFlag eq N %then %do;
52101     +             %if &em_profitflag ne 0 %then %do;
52102     +                 profittext="%sysfunc(sasmsg(sashelp.dmine, rpt_profit_vlabel, noquote )): "||strip(CATEGORY)||": "||"09"x||put(STATVALUE, 14.&EM_PROPERTY_SPLITPRECISION);
52103     +             %end;
52104     +             %if &em_lossflag ne 0 %then %do;
52105     +                 profittext="%sysfunc(sasmsg(sashelp.dmine, rpt_loss_vlabel, noquote )): "||strip(CATEGORY)||": "||"09"x||put(STATVALUE, 14.&EM_PROPERTY_SPLITPRECISION);
52106     +             %end;
52107     +             profitloss=statvalue;
52108     +            %end;
52109     +            %else %do;
52110     +             %if &em_profitflag ne 0 %then %do;
52111     +                profittext="%sysfunc(sasmsg(sashelp.dmine, rpt_profit_vlabel, noquote )): "||strip(CATEGORY)||": "||"09"x||put(ALTERNATIVE_PROFIT, 14.&EM_PROPERTY_SPLITPRECISION)||"09"x||put(VALID__ALTERNATIVE_PROFIT,
52111    !+14.&EM_PROPERTY_SPLITPRECISION);
52112     +                profitloss=ALTERNATIVE_PROFIT;
52113     +             %end;
52114     +             %if &em_lossflag ne 0 %then %do;
52115     +                profittext="%sysfunc(sasmsg(sashelp.dmine, rpt_loss_vlabel, noquote )): "||strip(CATEGORY)||": "||"09"x||put(ALTERNATIVE_LOSS, 14.&EM_PROPERTY_SPLITPRECISION)||"09"x||put(VALID__ALTERNATIVE_LOSS, 14.&EM_PROPERTY_SPLITPRECISION);
52116     +                profitloss=ALTERNATIVE_LOSS;
52117     +             %end;
52118     +            %end;
52119     +            output;
52120     +          end;
52121     +        %end;
52122     +        %else %if (("&profittype" eq "NONE") AND ("&targetEvent" ne "" )) %then %do;
52123     +          if strip(CATEGORY) = "&targetevent" then do;
52124     +            %if &validFlag eq N %then %do;
52125     +             profitloss=statvalue;
52126     +            %end;
52127     +            %else %do;
52128     +             %if &em_profitflag ne 0 %then %do;
52129     +                profitloss=ALTERNATIVE_PROFIT;
52130     +             %end;
52131     +             %if &em_lossflag ne 0 %then %do;
52132     +                profitloss=ALTERNATIVE_LOSS;
52133     +             %end;
52134     +            %end;
52135     +            output;
52136     +          end;
52137     +        %end;
52138     +      run;
52139     +    %end;
52141     +    data tempprob(keep= node probtext);
52142     +      length probtext $800;
52143     +      retain probtext;
52144     +      set tempprob ;
52145     +      by node;
52147     +      /* EVENT ONLY IS NOT AVAILABLE FOR MULTIPLE TARGETS AS ONLY PRIMARY TARGET IS IN EM_TARGETDECINFO TO RETRIEVE EVENT LEVEL */
52148     +      %let probtype = &EM_PROPERTY_TARGET;
52149     +      %if ((&multipleTar eq Y) AND ("&EM_PROPERTY_TARGET" eq "EVENT"))  %then %do;
52150     +        %let probtype = ALL;
52151     +      %end;
52153     +      %if "&probtype" eq "ALL" %then %do;
52154     +        if first.node then do;
52155     +          %if &validFlag eq N %then %do;
52156     +            probtext=strip(CATEGORY)||": "||"09"x||put(statvalue, percent10.2);
52157     +          %end;
52158     +          %else %do;
52159     +            probtext=strip(CATEGORY)||": "||"09"x||put(statvalue, percent10.2)||"09"x||put(vstatvalue, percent10.2);
52160     +          %end;
52161     +        end;
52162     +        else if last.node then do;
52163     +          %if &validFlag eq N %then %do;
52164     +            probtext=strip(probtext)||"0A"x||strip(CATEGORY)||": "||"09"x||put(statvalue, percent10.2);
52165     +          %end;
52166     +          %else %do;
52167     +            probtext=strip(probtext)||"0A"x||strip(CATEGORY)||": "||"09"x||put(statvalue, percent10.2)||"09"x||put(vstatvalue, percent10.2);
52168     +          %end;
52169     +          output;
52170     +        end;
52171     +        else do;
52172     +          %if &validFlag eq N %then %do;
52173     +            probtext=strip(probtext)||"0A"x||strip(CATEGORY)||": "||"09"x||put(statvalue, percent10.2);
52174     +          %end;
52175     +          %else %do;
52176     +            probtext=strip(probtext)||"0A"x||strip(CATEGORY)||": "||"09"x||put(statvalue, percent10.2)||"09"x||put(vstatvalue, percent10.2);
52177     +          %end;
52178     +        end;
52179     +      %end;
52180     +      %else %if (("&probtype" eq "EVENT") AND ("&targetEvent" ne "" )) %then %do;
52181     +        if strip(CATEGORY) = "&targetevent" then do;
52182     +          %if &validFlag eq N %then %do;
52183     +            probtext=strip(CATEGORY)||": "||"09"x||put(statvalue, percent10.2);
52184     +          %end;
52185     +          %else %do;
52186     +            probtext=strip(CATEGORY)||": "||"09"x||put(statvalue, percent10.2)||"09"x||put(vstatvalue, percent10.2);
52187     +          %end;
52188     +          output;
52189     +        end;
52190     +      %end;
52191     +      %else %if "&probtype" eq "NONE" %then %do;
52192     +        if last.node then do;
52193     +          output;
52194     +        end;
52195     +      %end;
52196     +    run;
52197     +  %end;
52199     +  proc sort data=tempoutnodes out=tempoutnodes; by node; run;
52201     +  %let oldexists=0;
52202     +  %if %sysfunc(exist(&EM_USER_TREE_PLOT)) %then %do;
52203     +     data old_tree_plot;
52204     +        set &EM_USER_TREE_PLOT(keep=node nodecolor);
52205     +        rename nodecolor=oldnodecolor;
52206     +     run;
52208     +     proc sort data=old_tree_plot;
52209     +        by node;
52210     +     run;
52212     +     %let oldexists=1;
52213     +  %end;
52215     +  data &EM_USER_TREE_PLOT;
52216     +    length textall $800;
52217     +    merge tempoutnodes temptargetused
52219     +    %if &em_intTarget eq Y %then %do;
52220     +      tempinterval
52221     +    %end;
52223     +    %if &em_classTarget eq Y %then %do;
52225     +      %if &validFlag eq N %then %do;
52226     +        tempn(rename=(statvalue=N))
52227     +      %end;
52228     +      %else %do;
52229     +        tempn
52230     +      %end;
52232     +      temppredict tempprob
52234     +      %if ((&em_profitflag ne 0) OR (&em_lossflag ne 0)) %then %do;
52235     +        tempprofittext
52236     +      %end;
52237     +    %end;
52238     +    ;
52239     +    by node;
52241     +    /* build nodetext based on user selection */
52242     +    textall="";
52244     +    %if &em_intTarget eq Y %then %do;
52245     +    if tarlevel="INTERVAL" then do;
52246     +      /* Nodeid */
52247     +      %if "&EM_PROPERTY_SHOWNODEID" eq "Y" %then %do;
52248     +        textall=strip(textall)||"0A"x||"%sysfunc(sasmsg(sashelp.dmine, rpt_nodeId_vlabel, noquote )): "||"09"x||strip(Node);
52249     +      %end;
52251     +      /* Target identifier if multiple targets are used */
52252     +      %if "&multipleTar" eq "Y" %then %do;
52253     +        textall=strip(textall)||"0A"x||"%sysfunc(sasmsg(sashelp.dmine, rpt_target_title, noquote, )) "||"09"x||strip(target);
52254     +      %end;
52256     +      %if &validFlag eq Y %then %do;
52257     +         /* Column labels displayed in validflag eq Y only */
52258     +         %if (("&EM_PROPERTY_AVG" eq "Y") OR ("&EM_PROPERTY_RASE" eq "Y") OR ("&EM_PROPERTY_COUNT" eq "Y")) %then %do;
52259     +           textall=strip(textall)||"0A"x||"%sysfunc(sasmsg(sashelp.dmine, rpt_rptstatistic_vlabel, noquote)) "||"09"x||"%sysfunc(sasmsg(sashelp.dmine, rpt_train_vlabel , noquote ))" ||"09"x|| "%sysfunc(sasmsg(sashelp.dmine, rpt_validate_vlabel ,
52259    !+ noquote ))";
52260     +         %end;
52262     +         /* Average values */
52263     +         %if "&EM_PROPERTY_AVG" eq "Y" %then %do;
52264     +           textall=strip(textall)||"0A"x||"%sysfunc(sasmsg(sashelp.dmine, rpt_average_vlabel, noquote)): "||"09"x||put(PREDICTION, 14.&EM_PROPERTY_SPLITPRECISION)||"09"x||put(VPREDICTION, 14.&EM_PROPERTY_SPLITPRECISION);
52265     +         %end;
52267     +         /* RASE */
52268     +         %if "&EM_PROPERTY_RASE" eq "Y" %then %do;
52269     +           textall=strip(textall)||"0A"x||"%sysfunc(sasmsg(sashelp.dmine, rpt_rase_vlabel, noquote)): "||"09"x||put(RASE, 14.&EM_PROPERTY_SPLITPRECISION)||"09"x||put(VRASE, 14.&EM_PROPERTY_SPLITPRECISION);
52270     +         %end;
52272     +         /* Count */
52273     +         %if "&EM_PROPERTY_COUNT" eq "Y" %then %do;
52274     +           textall=strip(textall)||"0A"x||" %sysfunc(sasmsg(sashelp.dmine, rpt_rptcount_vlabel, noquote )): "||"09"x||strip(N)||"09"x||strip(VN);
52275     +         %end;
52276     +      %end;
52277     +      %else %do;
52278     +         /* Average values */
52279     +         %if "&EM_PROPERTY_AVG" eq "Y" %then %do;
52280     +           textall=strip(textall)||"0A"x||"%sysfunc(sasmsg(sashelp.dmine, rpt_average_vlabel, noquote)): "||"09"x||put(PREDICTION, 14.&EM_PROPERTY_SPLITPRECISION);
52281     +         %end;
52283     +         /* RASE */
52284     +         %if "&EM_PROPERTY_RASE" eq "Y" %then %do;
52285     +           textall=strip(textall)||"0A"x||"%sysfunc(sasmsg(sashelp.dmine, rpt_rase_vlabel, noquote)): "||"09"x||put(RASE, 14.&EM_PROPERTY_SPLITPRECISION);
52286     +         %end;
52288     +         /* Count */
52289     +         %if "&EM_PROPERTY_COUNT" eq "Y" %then %do;
52290     +           textall=strip(textall)||"0A"x||" %sysfunc(sasmsg(sashelp.dmine, rpt_rptcount_vlabel, noquote )): "||"09"x||strip(N);
52291     +         %end;
52292     +      %end;
52294     +      /* nodecolor */
52295     +      %if "&EM_PROPERTY_INTCOLORBY" eq "AVG" %then %do;
52296     +        nodecolor=PREDICTION;
52297     +      %end;
52298     +      %else %if "&EM_PROPERTY_INTCOLORBY" eq "RASE" %then %do;
52299     +        nodecolor=RASE;
52300     +      %end;
52301     +      %else %if "&EM_PROPERTY_INTCOLORBY" eq "SINGLE" %then %do;
52302     +        nodecolor=1;
52303     +      %end;
52305     +    end;
52306     +    %end;
52307     +    %if &em_classTarget eq Y %then %do;
52308     +    if tarlevel^="INTERVAL" then  do;
52310     +      /* Nodeid */
52311     +      %if "&EM_PROPERTY_SHOWNODEID" eq "Y" %then %do;
52312     +        textall=strip(textall)||"0A"x||"%sysfunc(sasmsg(sashelp.dmine, rpt_nodeId_vlabel, noquote )): "||"09"x||strip(Node);
52313     +      %end;
52314     +      /* Target identifier if multiple targets are used */
52315     +      %if "&multipleTar" eq "Y" %then %do;
52316     +        textall=strip(textall)||"0A"x||"%sysfunc(sasmsg(sashelp.dmine, rpt_target_title, noquote, )) "||"09"x||strip(target);
52317     +      %end;
52319     +      /* Predicted values */
52320     +      %if "&EM_PROPERTY_PRED" eq "Y" %then %do;
52321     +        textall=strip(textall)||"0A"x||"%sysfunc(sasmsg(sashelp.dmine, rpt_pls_score_predvalue, noquote, )): "||"09"x||strip(CATEGORY);
52322     +      %end;
52324     +      /* Column labels displayed in validflag eq Y only */
52325     +      %if "&ValidFlag" eq "Y" %then %do;
52326     +        %if (("&EM_PROPERTY_TARGET" ne "NONE") OR ("&EM_PROPERTY_PROFITLOSS" ne "NONE") OR ("&EM_PROPERTY_PERCENTCORRECT" eq "Y") OR ("&EM_PROPERTY_COUNT" eq "Y")) %then %do;
52327     +           textall=strip(textall)||"0A"x||"%sysfunc(sasmsg(sashelp.dmine, rpt_rptstatistic_vlabel, noquote)) "||"09"x||"%sysfunc(sasmsg(sashelp.dmine, rpt_train_vlabel , noquote ))" ||"09"x|| "%sysfunc(sasmsg(sashelp.dmine, rpt_validate_vlabel ,
52327    !+ noquote ))";
52328     +        %end;
52329     +      %end;
52331     +      /* Target Values */
52332     +      %if "&EM_PROPERTY_TARGET" ne "NONE" %then %do;
52333     +        textall=strip(textall)||"0A"x||strip(probtext);
52334     +      %end;
52336     +      /* include profit or loss for all target levels */
52337     +      %if ( "&EM_PROPERTY_PROFITLOSS" ne "NONE" AND ((&em_profitflag ne 0) OR (&em_lossflag ne 0))) %then %do;
52338     +        textall=strip(textall)||"0A"x||strip(profittext);
52339     +      %end;
52341     +      %if &validFlag eq N %then %do;
52342     +        /* Percent Correct */
52343     +        %if "&EM_PROPERTY_PERCENTCORRECT" eq "Y" %then %do;
52344     +          textall=strip(textall)||"0A"x||"Percent Correct: "||"09"x||strip(put(percentcorrect, percent10.2));
52345     +        %end;
52347     +         /* Count */
52348     +         %if "&EM_PROPERTY_COUNT" eq "Y" %then %do;
52349     +          %if "&adjusted" eq "N" %then %do;
52350     +            textall=strip(textall)||"0A"x||" %sysfunc(sasmsg(sashelp.dmine, rpt_rptcount_vlabel, noquote )): "||"09"x||strip(put(N, best12.));
52351     +          %end;
52352     +          %else %do;
52353     +            textall=strip(textall)||"0A"x||" %sysfunc(sasmsg(sashelp.dmine, rpt_rptcount_vlabel, noquote )): "||"09"x||strip(put(NPRIORS, 15.&EM_PROPERTY_SPLITPRECISION));
52354     +          %end;
52355     +         %end;
52356     +      %end;
52357     +      %else %do;
52358     +        /* Percent Correct */
52359     +        %if "&EM_PROPERTY_PERCENTCORRECT" eq "Y" %then %do;
52360     +          textall=strip(textall)||"0A"x||"Percent Correct: "||"09"x||strip(put(percentcorrect, percent10.2))||"09"x||strip(put(vpercentcorrect, percent10.2));
52361     +        %end;
52363     +         /* Count */
52364     +         %if "&EM_PROPERTY_COUNT" eq "Y" %then %do;
52365     +          %if "&adjusted" eq "N" %then %do;
52366     +           textall=strip(textall)||"0A"x||" %sysfunc(sasmsg(sashelp.dmine, rpt_rptcount_vlabel, noquote )): "||"09"x||strip(put(N, best12.))||"09"x||strip(put(VN, best12.));
52367     +          %end;
52368     +          %else %do;
52369     +           textall=strip(textall)||"0A"x||" %sysfunc(sasmsg(sashelp.dmine, rpt_rptcount_vlabel, noquote )): "||"09"x||strip(put(NPRIORS,15.&EM_PROPERTY_SPLITPRECISION))||"09"x||strip(put(VNPRIORS,15.&EM_PROPERTY_SPLITPRECISION));
52370     +          %end;
52371     +         %end;
52372     +      %end;
52374     +      /* nodecolor */
52375     +      %if "&EM_PROPERTY_CLASSCOLORBY" eq "PERCENTEVENT" %then %do;
52376     +       %if &multipleTar ne Y %then %do;
52377     +        nodecolor=&predTarget;
52378     +       %end;
52379     +       %else %do;
52380     +         nodecolor=percentcorrect;
52381     +       %end;
52382     +      %end;
52383     +      %else %if "&EM_PROPERTY_CLASSCOLORBY" eq "PERCENTCORRECT" %then %do;
52384     +        nodecolor=percentcorrect;
52385     +      %end;
52386     +      %else %if "&EM_PROPERTY_CLASSCOLORBY" eq "SINGLE" %then %do;
52387     +        nodecolor=1;
52388     +      %end;
52389     +      %else %if "&EM_PROPERTY_CLASSCOLORBY" eq "PROFITLOSS" %then %do;
52390     +        %if ((&em_profitflag eq 0) AND (&em_lossflag eq 0)) %then %do;
52391     +          nodecolor=percentcorrect;
52392     +        %end;
52393     +        %else %do;
52394     +          nodecolor=profitloss;
52395     +        %end;
52396     +      %end;
52398     +    end;
52399     +    %end;
52400     +    %if &em_intTarget eq Y %then %do;
52401     +     drop  PREDICTION  TARGET TARLEVEL
52402     +     %if &ValidFlag eq Y %then %do;
52403     +         VPREDICTION
52404     +     %end;
52405     +     ;
52406     +    %end;
52407     +    %if &em_classTarget eq Y %then %do;
52408     +     drop CATEGORY PROBTEXT  TARGET TARLEVEL STATVALUE
52409     +     %if &ValidFlag eq Y %then %do;
52410     +         VSTATVALUE
52411     +     %end;
52412     +     ;
52413     +    %end;
52415     +  run;
52417     +  /* add leaf index information to plotds - based on primary target only*/
52418     +  %if "%EM_TARGET_LEVEL" ne "INTERVAL" %then %do;
52419     +    data tempprob(keep=node statname statvalue rename=(statvalue=&predTarget));
52420     +      set &EM_USER_OUTSTATS;
52421     +      if ((statname="PROBABILITY"
52422     +      %if &validexist %then %do;
52423     +       or statname="VALID: PROBABILITY"
52424     +      %end;
52425     +      ) AND (CATEGORY="&TARGETEVENT")
52426     +      %if "&multipleTar" eq "Y" %then %do;
52427     +        AND (Target="%EM_TARGET")
52428     +      %end;
52429     +      );
52430     +    run;
52432     +    %if &validexist %then %do;
52433     +      proc sort data=tempprob; by node; run;
52434     +      %let vpredTarget = V%substr(&predTarget, 2);
52435     +      proc transpose data=tempprob out=tempprob(keep=NODE PROBABILITY VALID__PROBABILITY rename=(PROBABILITY=&predTarget VALID__PROBABILITY=&vpredTarget));
52436     +         by node;
52437     +         id statname;
52438     +      run;
52439     +    %end;
52440     +  %end;
52441     +  %else %do;
52442     +    data tempprob(keep=node statname statvalue rename=(statvalue=&predTarget));
52443     +      set &EM_USER_OUTSTATS;
52444     +      if ((statname="PREDICTION"
52445     +      %if &validexist %then %do;
52446     +       or statname="VALID: PREDICTION"
52447     +      %end;
52448     +      )
52449     +      %if "&multipleTar" eq "Y" %then %do;
52450     +        AND (Target="%EM_TARGET")
52451     +      %end;
52452     +      );
52453     +    run;
52454     +    %if &validexist %then %do;
52455     +      proc sort data=tempprob; by node; run;
52456     +      %let vpredTarget = V%substr(&predTarget, 2);
52457     +      proc transpose data=tempprob out=tempprob(keep=NODE PREDICTION VALID__PREDICTION rename=(PREDICTION=&predTarget VALID__PREDICTION=&vpredTarget));
52458     +         by node;
52459     +         id statname;
52460     +      run;
52461     +    %end;
52462     +  %end;
52464     +  proc sort data=tempprob; by node; run;
52465     +  data tempoutnodes;
52466     +    merge tempoutnodes tempprob;
52467     +    by node;
52468     +  run;
52470     +  proc sort data=tempoutnodes out=tempnodes; by descending &predTarget; run;
52471     +  data tempnodes;
52472     +    retain traintotal validtotal;
52473     +    set tempnodes(where=(leaf ne . ));
52474     +    tprob=round(&predTarget, .01);
52475     +    %if "%EM_TARGET_LEVEL" ne "INTERVAL" %then %do;
52476     +      percevent_train=round(tprob*100, .01);
52477     +    %end;
52478     +    %else %do;
52479     +      percevent_train=tprob;
52480     +    %end;
52482     +    perc_train=round((n/traintotal)*100, 0.01);
52483     +    /* leafwidth already has a *10 multiplier */
52484     +    if missing(perc_train) then perc_train = round(linkwidth*10, 0.01);
52486     +    %if &validexist %then %do;
52487     +      %let vpredTarget = V%substr(&predTarget,2);
52488     +      vprob=round(&vpredTarget, .01);
52489     +      %if "%EM_TARGET_LEVEL" ne "INTERVAL" %then %do;
52490     +        percevent_valid=round(vprob*100, .01);
52491     +      %end;
52492     +      %else %do;
52493     +        percevent_valid=vprob;
52494     +      %end;
52495     +      perc_valid=round((vn/validtotal)*100, .01);
52496     +    %end;
52498     +    index=_N_;
52499     +    keep node index tprob perc_train percevent_train
52500     +    %if &validexist %then %do;
52501     +        vprob percevent_valid perc_valid
52502     +    %end;
52503     +    ;
52504     +  run;
52505     +  proc sort data=tempnodes; by node; run;
52506     +  data &EM_USER_TREE_PLOT;
52507     +    merge &EM_USER_TREE_PLOT tempnodes %if &oldexists %then old_tree_plot;;
52508     +    by node;
52509     +    if missing(node) then delete;
52510     +    %if &oldexists %then %do;
52511     +      if missing(nodecolor) then nodecolor=oldnodecolor;
52512     +      drop oldnodecolor;
52513     +    %end;
52514     +    abovetext = compbl(abovetext);
52516     +    /* add variable labels */
52517     +    label textall      = "%sysfunc(sasmsg(sashelp.dmine, rpt_textall_vlabel, noquote))"
52518     +          parent       = "%sysfunc(sasmsg(sashelp.dmine, rpt_parentId_vlabel, noquote))"
52519     +          node         = "%sysfunc(sasmsg(sashelp.dmine, rpt_nodeid_vlabel, noquote))"
52520     +          abovetext    = "%sysfunc(sasmsg(sashelp.dmine, rpt_abovetext_vlabel, noquote))"
52521     +          traintotal   = "%sysfunc(sasmsg(sashelp.dmine, rpt_traintotal_vlabel, noquote))"
52522     +          nodecolor    = "%sysfunc(sasmsg(sashelp.dmine, rpt_nodecolor_vlabel, noquote))"
52524     +          %if "%EM_TARGET_LEVEL" ne "INTERVAL" %then %do;
52525     +            tprob        = "%sysfunc(sasmsg(sashelp.dmine, rpt_prob_vlabel, noquote, %nrbquote(&targetEvent)))"
52526     +            percevent_train = "%sysfunc(sasmsg(sashelp.dmine, rpt_percevent_train_vlabel, noquote))"
52527     +            perc_train      = "%sysfunc(sasmsg(sashelp.dmine, rpt_perc_train_vlabel, noquote))"
52528     +          %end;
52529     +          %else %do;
52530     +            tprob           = "%sysfunc(sasmsg(sashelp.dmine, rpt_average_vlabel, noquote))"
52531     +            percevent_train = "%sysfunc(sasmsg(sashelp.dmine, rpt_perc_int_train_vlabel, noquote))"
52532     +            perc_train = "%sysfunc(sasmsg(sashelp.dmine, rpt_perc_train_vlabel, noquote))"
52533     +          %end;
52534     +          index           = "%sysfunc(sasmsg(sashelp.dmine, meta_index_vlabel, noquote))"
52536     +          validtotal      = "%sysfunc(sasmsg(sashelp.dmine, rpt_validtotal_vlabel, noquote))"
52537     +          VN              = "%sysfunc(sasmsg(sashelp.dmine, rpt_validn_vlabel, noquote))"
52538     +          %if "%EM_TARGET_LEVEL" ne "INTERVAL" %then %do;
52539     +            vprob           = "%sysfunc(sasmsg(sashelp.dmine, rpt_vprob_vlabel, noquote, %nrbquote(&targetEvent)))"
52540     +            perc_valid      = "%sysfunc(sasmsg(sashelp.dmine, rpt_perc_valid_vlabel, noquote))"
52541     +            percevent_valid = "%sysfunc(sasmsg(sashelp.dmine, rpt_percevent_valid_vlabel, noquote))"
52542     +          %end;
52543     +          %else %do;
52544     +            vprob           = "%sysfunc(sasmsg(sashelp.dmine, rpt_validaverage_vlabel, noquote))"
52545     +            perc_valid = "%sysfunc(sasmsg(sashelp.dmine, rpt_perc_valid_vlabel, noquote))"
52546     +            percevent_valid = "%sysfunc(sasmsg(sashelp.dmine, rpt_perc_int_valid_vlabel, noquote))"
52547     +          %end;
52548     +    ;
52549     +  run;
52551     +  /* delete temporary tables */
52552     +  proc datasets lib=work nolist;
52553     +    delete abovetext belowtext tempoutnodes tempmissing temp tempnodes tempstats;
52554     +  run;
52556     +%mend em_tree_makePlotDs;
52560     +%macro em_tree_report;
52562     +   /* report properties */
52563     +   %em_checkmacro(name=EM_PROPERTY_Precision, value=4, global=Y);
52564     +   %em_checkmacro(name=EM_PROPERTY_SplitPrecision, value=4, global=Y);
52565     +   %em_checkmacro(name=EM_PROPERTY_ClassColorBy, value=PERCENTCORRECT, global=Y);
52566     +   %em_checkmacro(name=EM_PROPERTY_IntColorBy, value=AVG, global=Y);
52567     +   %em_checkmacro(name=EM_PROPERTY_ShowNodeId, value=Y, global=Y);
52568     +   %em_checkmacro(name=EM_PROPERTY_ShowValid, value=Y, global=Y);
52569     +   %em_checkmacro(name=EM_PROPERTY_Pred, value=N, global=Y);
52570     +   %em_checkmacro(name=EM_PROPERTY_Target, value=ALL, global=Y);
52571     +   %em_checkmacro(name=EM_PROPERTY_Count, value=Y, global=Y);
52572     +   %em_checkmacro(name=EM_PROPERTY_PercentCorrect, value=N, global=Y);
52573     +   %em_checkmacro(name=EM_PROPERTY_ProfitLoss, value=NONE, global=Y);
52574     +   %em_checkmacro(name=EM_PROPERTY_AVG, value=Y, global=Y);
52575     +   %em_checkmacro(name=EM_PROPERTY_RASE, value=N, global=Y);
52577     +   %let validexist=0;
52578     +   %if (("&EM_IMPORT_VALIDATE" ne "") AND (%sysfunc(exist(&EM_IMPORT_VALIDATE)) or %sysfunc(exist(&EM_IMPORT_VALIDATE,VIEW)))) %then %do;
52579     +     %let validexist=1;
52580     +   %end;
52582     +   /* determine if multiple targets will be processed */
52583     +   %let em_tree_multipleTargets=N;
52584     +   %let em_tree_numTarget=1;
52585     +   %if "&EM_PROPERTY_USEMULTIPLETARGET" eq "Y" %then %do;
52586     +      /* determine if there are any ordinal target variables - if so, multiple targets are not supported */
52587     +      %if &EM_NUM_ORDINAL_TARGET gt 0 %then %do;
52588     +         %let em_tree_multipleTargets=N;
52589     +      %end;
52590     +      %else %do;
52591     +        data _null_;
52592     +          set &EM_DATA_VARIABLESET(where=(ROLE='TARGET' AND LEVEL^='ORDINAL')) end=eof;
52593     +          if eof then
52594     +            call symput('em_tree_numTarget', strip(put(_N_, BEST.)));
52595     +        run;
52597     +        %if &em_tree_numTarget gt 1 %then %do;
52598     +           %let em_tree_multipleTargets=Y;
52599     +        %end;
52600     +     %end;
52601     +   %end;
52603     +  %if "&em_tree_multipleTargets" eq "N" %then %do;
52605     +   /* variable importance */
52606     +   %EM_GETNAME(key=OUTIMPORT, type=DATA);
52607     +   %if %sysfunc(exist(&EM_USER_OUTIMPORT)) eq 1 %then %do;
52609     +     /* determine if vars exists - properties could indicate they are they but freeze=Y would mean the node wasn't retrained */
52610     +     /* and the columns may not be generated                                                                                 */
52611     +     %let em_tree_cvexists=;
52612     +     %let em_tree_surrexists=.;
52613     +     data _null_;
52614     +       set &EM_USER_OUTIMPORT (obs=2) end=eof;
52615     +       if eof then do ;
52616     +        call symput("em_tree_cvexists" , strip(put(cvimportance,best.))) ;
52617     +        call symput("em_tree_surrexists", strip(put(nsurrogates, best.)));
52618     +       end;
52619     +     run;
52621     +     data &EM_USER_OUTIMPORT;
52622     +         set &EM_USER_OUTIMPORT;
52623     +         /* format columns based on Precison value specified */
52624     +         format importance 15.&EM_PROPERTY_PRECISION
52625     +              %if &validexist %then %do;
52626     +                vimportance ratio 15.&EM_PROPERTY_PRECISION
52627     +              %end;
52628     +              %if "&EM_TREE_CVEXISTS" ne "." %then %do;
52629     +                cvimportance vimportance ratio 15.&EM_PROPERTY_PRECISION
52630     +              %end;
52631     +         ;
52632     +     run;
52634     +     title10 "%sysfunc(sasmsg(sashelp.dmine, rpt_variableImportance_title  , NOQUOTE))";
52635     +     proc print data=&EM_USER_OUTIMPORT
52636     +        %if "&EM_TREE_SURREXISTS" ne "." %then %do;
52637     +          (where=((nrules>0) OR (nsurrogates>0)))
52638     +        %end;
52639     +        %else %do;
52640     +           (where=(nrules>0))
52641     +        %end;
52642     +        label noobs
52643     +        ;
52644     +     run;
52645     +     title10;
52647     +   %end;
52649     +   /* Sequence */
52650     +   %EM_GETNAME(key=OUTSEQ, type=DATA);
52651     +   %EM_GETNAME(key=OUTOBSIMP, type=DATA);
52652     +   data _null_ ;
52653     +      set &EM_USER_outseq (obs=2) end=eof ;
52654     +      if eof then do ;
52655     +        call symput("em_tree_xase" , strip(put(_XASE_,best.))) ;
52656     +        call symput("em_tree_vase" , strip(put(_VASE_, best.)));
52657     +        call symput("em_tree_seq"  , strip(put(_SEQUENCE_, best.)));
52658     +        call symput("em_tree_vseq"  , strip(put(_VSEQUENCE_, best.)));
52659     +        call symput("em_tree_aprof" , strip(put(_APROF_, best.)));
52660     +        call symput("em_tree_aloss" , strip(put(_ALOSS_, best.)));
52661     +        call symput("em_tree_prior" , strip(put(_PASE_, best.)));
52662     +      end;
52663     +    run;
52665     +   %if %sysfunc(exist(&EM_USER_OUTSEQ)) eq 1 %then %do;
52666     +      data &EM_USER_OUTSEQ;
52667     +      %if (("&EM_PROPERTY_CV" eq "Y") AND ("&em_tree_xase" ne ".")) %then %do;
52668     +        set &EM_USER_OUTSEQ(rename=(_XASE_=_VASE_ _XMAX_=_VMAX_ _XSSE_=_VSSE_ _XRASE_=_VRASE_
52669     +        %if "%EM_TARGET_LEVEL" ne "INTERVAL" %then %do;
52670     +           _XMISC_=_VMISC_
52671     +        %end;
52672     +        %if "&em_tree_aprof" ne "."  %then %do;
52673     +           _XAPROF_=_VAPROF_
52674     +           _XPROF_ = _VPROF_
52675     +        %end;
52676     +        %if "&em_tree_aloss" ne "."  %then %do;
52677     +           _XALOSS_=_VALOSS_
52678     +        %end;
52679     +        %if "&EM_TREE_PRIOR" ne "." %then %do;
52680     +           _XPASE_ = _VPASE_
52681     +           _XPMISC_ = _VPMISC_
52682     +        %end;
52684     +        ));
52685     +     %end;
52686     +     %else %do;
52687     +        set &EM_USER_OUTSEQ;
52688     +     %end;
52690     +     format _ASE_  _ASSESS_ _MAX_ _SSE_ _RASE_  15.&EM_PROPERTY_PRECISION
52691     +         %if "%EM_TARGET_LEVEL" ne "INTERVAL" %then %do;
52692     +            _MISC_   15.&EM_PROPERTY_PRECISION
52693     +         %end;
52694     +         %if "&EM_TREE_PRIOR" ne "." %then %do;
52695     +            _PASE_  15.&EM_PROPERTY_PRECISION
52696     +            _PMISC_ 15.&EM_PROPERTY_PRECISION
52697     +         %end;
52698     +         %if (("&EM_PROPERTY_CV" eq "Y") AND (("&em_tree_xase" ne ".") or ("&em_tree_vase" ne "."))) %then %do;
52699     +            _VASE_  _VASSESS_ _VMAX_ _VSSE_ _VRASE_ _COST_COMPLEXITY_ 15.&EM_PROPERTY_PRECISION
52700     +            %if "%EM_TARGET_LEVEL" ne "INTERVAL" %then %do;
52701     +               _VMISC_ 15.&EM_PROPERTY_PRECISION
52702     +            %end;
52703     +            %if "&EM_TREE_PRIOR" ne "." %then %do;
52704     +              _VPASE_  15.&EM_PROPERTY_PRECISION
52705     +              _VPMISC_ 15.&EM_PROPERTY_PRECISION
52706     +            %end;
52707     +         %end;
52708     +         %if (("&EM_PROPERTY_CV" eq "N") AND &validexist) %then %do;
52709     +            _VASE_  _VASSESS_ _VMAX_ _VSSE_ _VRASE_  15.&EM_PROPERTY_PRECISION
52710     +            %if "%EM_TARGET_LEVEL" ne "INTERVAL" %then %do;
52711     +               _VMISC_ 15.&EM_PROPERTY_PRECISION
52712     +            %end;
52713     +         %end;
52714     +         %if "&em_tree_seq" ne "." %then %do;
52715     +           _SEQUENCE_ 15.&EM_PROPERTY_PRECISION
52716     +         %end;
52717     +         %if "&em_tree_vseq" ne "." %then %do;
52718     +           _VSEQUENCE_  15.&EM_PROPERTY_PRECISION
52719     +         %end;
52720     +         %if "&em_tree_aprof" ne "." %then %do;
52721     +           _APROF_ 15.&EM_PROPERTY_PRECISION
52722     +           _PROF_ 15.&EM_PROPERTY_PRECISION
52723     +           %if (("&EM_PROPERTY_CV" eq "Y") OR &validexist) %then %do;
52724     +             _VAPROF_ 15.&EM_PROPERTY_PRECISION
52725     +             _VPROF_ 15.&EM_PROPERTY_PRECISION
52726     +           %end;
52727     +         %end;
52728     +         %else %if "&em_tree_aloss" ne "." %then %do;
52729     +           _ALOSS_  15.&EM_PROPERTY_PRECISION
52730     +           %if (("&EM_PROPERTY_CV" eq "Y") OR &validexist) %then %do;
52731     +             _VALOSS_ 15.&EM_PROPERTY_PRECISION
52732     +           %end;
52733     +         %end;
52734     +      ;
52735     +    run;
52736     +   %end;
52738     +   /* Observation Based Importance */
52739     +   %if (  ("&EM_PROPERTY_OBSIMPORTANCE" eq "Y") AND ( %sysfunc(exist(&EM_USER_OUTOBSIMP)) eq 1)) %then %do;
52741     +      /* need to check for 0 obs */
52742     +      %let dsid = %sysfunc(open(&EM_USER_OUTOBSIMP));
52743     +      %let onobs=%sysfunc(attrn(&dsid,NOBS));
52744     +      %let rc=%sysfunc(close(&dsid));
52746     +      %if &onobs %then %do;
52747     +         proc sort data=&EM_USER_OUTOBSIMP; by _INPUT1_; run;
52748     +         proc sort data=&em_data_variableset out=_tempvars; by NAME; run;
52750     +         data &EM_USER_OUTOBSIMP;
52751     +           merge _tempvars(rename=(NAME=_INPUT1_) keep=NAME LABEL) &EM_USER_OUTOBSIMP(in=_a)  ;
52752     +           if _a;
52753     +           by _INPUT1_;
52754     +           format  _ASE_ _MAX_ _SSE_ _RASE_ 15.&EM_PROPERTY_PRECISION
52755     +                   %if "%EM_TARGET_LEVEL" ne "INTERVAL" %then %do;
52756     +                     _MISC_ 15.&EM_PROPERTY_PRECISION
52757     +                   %end;
52758     +                   ;
52759     +         run;
52760     +         %EM_REPORT(key=OUTOBSIMP, viewtype=DATA, block=MODEL, description=OBSIMPFIT, autodisplay=N);
52761     +      %end;
52762     +   %end;
52764     +  %end;
52766     +  /* create dataset to support tree diagram and icicle plot */
52767     +  %EM_GETNAME(key=TREE_PLOT, type=DATA);
52768     +  %em_tree_makePlotDs(multipleTar = &em_tree_multipleTargets);
52770     +  /* display tree diagram */
52771     +  %em_report(key=TREE_PLOT, viewtype=DTree, id=NODE, parent=PARENT, nodetext=NODETEXT, tipText=TEXTALL, abovetext=ABOVETEXT, belowText=BELOWTEXT,
52772     +             nodesize=N, nodecolor=NODECOLOR, linkwidth=LINKWIDTH,  block=MODEL, description=TREE, autodisplay=Y);
52774     +  /* display icicle diagram */
52775     +  %em_report(key=TREE_PLOT, viewtype=Icicle, id=NODE, parent=PARENT, nodetext=NODETEXT, tipText=TEXTALL,
52776     +             nodesize=N, nodecolor=NODECOLOR, block=MODEL, description=ICICLE, autodisplay=Y);
52778     +  /* Leaf Statistics Plot */
52779     +  %em_report(key=TREE_PLOT, viewtype=AREABAR, x=NODE, y=PERCEVENT_TRAIN, WIDTH=PERC_TRAIN,block=MODEL, description=VARWIDTH, autodisplay=N);
52781     +  /* print leaf information to output window */
52782     +  %if %sysfunc(exist(&EM_USER_TREE_PLOT)) eq 1 %then %do;
52784     +     proc sort data=&EM_USER_TREE_PLOT out=t;
52785     +       by descending N;
52786     +     run;
52788     +     /* determine if vn is present in the data -- combinations of decisions/partition/cv cause the proc not to generate this stat */
52789     +     %local vn;
52790     +     data _null_;
52791     +       set t (obs=2) end=eof;
52792     +       if eof then do;
52793     +         call symput("vn", strip(put(vn, best.)));
52794     +       end;
52795     +     run;
52797     +     data t;
52798     +       set t;
52799     +       label N="%sysfunc(sasmsg(sashelp.dmine, rpt_trainingobs_vlabel  , NOQUOTE))"
52800     +             DEPTH="%sysfunc(sasmsg(sashelp.dmine, rpt_depth_vlabel  , NOQUOTE))"
52801     +       %if "%EM_TARGET_LEVEL" eq "INTERVAL" %then %do;
52802     +            tprob = "%sysfunc(sasmsg(sashelp.dmine, rpt_trainaverage_vlabel  , NOQUOTE))"
52803     +            RASE="%sysfunc(sasmsg(sashelp.dmine, rpt_trainrase_vlabel  , NOQUOTE))"
52804     +       %end;
52805     +       %if (("&EM_IMPORT_VALIDATE" ne "") AND (%sysfunc(exist(&EM_IMPORT_VALIDATE)) eq 1)) %then %do;
52806     +            VN="%sysfunc(sasmsg(sashelp.dmine, rpt_validobs_vlabel  , NOQUOTE))"
52807     +           %if "%EM_TARGET_LEVEL" eq "INTERVAL" %then %do;
52808     +              vprob = "%sysfunc(sasmsg(sashelp.dmine, rpt_validaverage_vlabel  , NOQUOTE))"
52809     +              VRASE="%sysfunc(sasmsg(sashelp.dmine, rpt_validrase_vlabel  , NOQUOTE))"
52810     +          %end;
52811     +       %end;
52812     +       ;
52813     +     run;
52815     +     /* determine if rase is found in t */
52816     +    %let dsid=%sysfunc(open(t,i));
52817     +    %let raseexists=%sysfunc(varnum(&dsid,RASE));
52818     +    %let rc=%sysfunc(close(&dsid));
52820     +     title10 "%sysfunc(sasmsg(sashelp.dmine, rpt_treeleafreport_title  , NOQUOTE))";
52821     +     proc print data=t noobs label;
52822     +       where tprob ne .;
52823     +       var node depth N tprob
52824     +       %if (("&EM_IMPORT_VALIDATE" ne "") AND (%sysfunc(exist(&EM_IMPORT_VALIDATE)) eq 1)) %then %do;
52825     +         %if "&vn" ne "." %then %do;
52826     +           VN
52827     +         %end;
52828     +         vprob
52829     +       %end;
52830     +       %if &raseexists %then %do;
52831     +            RASE
52832     +            %if ( ("&EM_IMPORT_VALIDATE" ne "") AND (%sysfunc(exist(&EM_IMPORT_VALIDATE)) eq 1) AND ("&EM_PROPERTY_CV" eq "N")) %then %do;
52833     +              VRASE
52834     +            %end;
52835     +       %end;
52836     +       ;
52837     +     run;
52838     +     title10;
52839     +  %end;
52841     +  /* create plots that are done during training of node */
52842     +  /* display iterative plot, including reference line */
52843     +  %if "&em_Tree_multipleTargets" eq "N" %then %do;
52844     +   /* %if &nleaves eq  %then %do; */
52845     +      %EM_GETNAME(key=OUTTOPOLOGY, type=DATA);
52846     +      data _null_;
52847     +        set &EM_USER_OUTTOPOLOGY end=eof;
52848     +        if eof then do;
52849     +          call symput('nleaves', LEAF);
52850     +        end;
52851     +      run;
52852     +   /* %end; */
52854     +    %EM_REPORT(KEY=OUTSEQ, VIEWTYPE=ITERATIONPLOT, block=MODEL,  X=_NW_, XRef=&Nleaves, autodisplay=N, Description=SUBTREE);
52855     +    /*%EM_REPORT(view=1, Y=_ASE_); */
52856     +  %end;
52858     +  /* display leaf statistics */
52859     +  %EM_REPORT(KEY=TREE_PLOT, VIEWTYPE=RESPONSEBAR, block=MODEL, view=1, X=INDEX, Y1=tprob, y2=vprob, where=%nrbquote(INDEX ne .), autodisplay=Y, Description=LEAFSTATS);
52861     +  /* stats by node if multiple targets = Y */
52862     +  %EM_GETNAME(key=OUTSTATS, type=DATA);
52863     +  %if "&em_tree_multipleTargets" eq "Y" %then %do;
52864     +    data &EM_USER_OUTSTATS;
52865     +      set &EM_USER_OUTSTATS;
52867     +     * if STATNAME="TARGET" then delete;
52868     +     * if STATNAME="PREDICTION" and STATVALUE=. then delete;
52869     +      drop leaf;
52870     +    run;
52871     +    %EM_REPORT(key=OUTSTATS, viewtype=DATA, block=MODEL, description=OUTSTATS, autodisplay=N);
52873     +  %end;
52874     +  %else %do;
52875     +    /* add outstats and outdescribe to spk but not results */
52876     +    %EM_REPORT(viewtype=, key=OUTSTATS);
52877     +  %end;
52879     +%mend em_tree_report;
NOTE: %INCLUDE (level 1) ending.
MPRINT(MAIN):   filename temp;
NOTE: Fileref TEMP has been deassigned.
MPRINT(EM_TREE_REPORT):  ;
MPRINT(EM_TREE_REPORT):  ;
MPRINT(EM_TREE_REPORT):  ;
MPRINT(EM_TREE_REPORT):  ;
MPRINT(EM_TREE_REPORT):  ;
MPRINT(EM_TREE_REPORT):  ;
MPRINT(EM_TREE_REPORT):  ;
MPRINT(EM_TREE_REPORT):  ;
MPRINT(EM_TREE_REPORT):  ;
MPRINT(EM_TREE_REPORT):  ;
MPRINT(EM_TREE_REPORT):  ;
MPRINT(EM_TREE_REPORT):  ;
MPRINT(EM_TREE_REPORT):  ;
MPRINT(EM_TREE_REPORT):  ;
MPRINT(EM_TREE_REPORT):   data _null_;
MPRINT(EM_TREE_REPORT):   set EMWS1.Tree7_OUTIMPORT (obs=2) end=eof;
MPRINT(EM_TREE_REPORT):   if eof then do ;
MPRINT(EM_TREE_REPORT):   call symput("em_tree_cvexists" , strip(put(cvimportance,best.))) ;
MPRINT(EM_TREE_REPORT):   call symput("em_tree_surrexists", strip(put(nsurrogates, best.)));
MPRINT(EM_TREE_REPORT):   end;
MPRINT(EM_TREE_REPORT):   run;

NOTE: Variable cvimportance is uninitialized.
NOTE: Variable nsurrogates is uninitialized.
NOTE: There were 2 observations read from the data set EMWS1.TREE7_OUTIMPORT.
NOTE: DATA statement used (Total process time):
      real time           0.00 seconds
      cpu time            0.01 seconds
      

MPRINT(EM_TREE_REPORT):   data EMWS1.Tree7_OUTIMPORT;
MPRINT(EM_TREE_REPORT):   set EMWS1.Tree7_OUTIMPORT;
MPRINT(EM_TREE_REPORT):   format importance 15.4 vimportance ratio 15.4 ;
MPRINT(EM_TREE_REPORT):   run;

NOTE: There were 27 observations read from the data set EMWS1.TREE7_OUTIMPORT.
NOTE: The data set EMWS1.TREE7_OUTIMPORT has 27 observations and 6 variables.
NOTE: DATA statement used (Total process time):
      real time           0.00 seconds
      cpu time            0.00 seconds
      

MPRINT(EM_TREE_REPORT):   title10 "Variable Importance";
MPRINT(EM_TREE_REPORT):   proc print data=EMWS1.Tree7_OUTIMPORT (where=(nrules>0)) label noobs ;
MPRINT(EM_TREE_REPORT):   run;

NOTE: There were 3 observations read from the data set EMWS1.TREE7_OUTIMPORT.
      WHERE nrules>0;
NOTE: The PROCEDURE PRINT printed page 17.
NOTE: PROCEDURE PRINT used (Total process time):
      real time           0.01 seconds
      cpu time            0.00 seconds
      

MPRINT(EM_TREE_REPORT):   title10;
MPRINT(EM_TREE_REPORT):  ;
MPRINT(EM_TREE_REPORT):  ;
MPRINT(EM_TREE_REPORT):   data _null_ ;
MPRINT(EM_TREE_REPORT):   set EMWS1.Tree7_OUTSEQ (obs=2) end=eof ;
MPRINT(EM_TREE_REPORT):   if eof then do ;
MPRINT(EM_TREE_REPORT):   call symput("em_tree_xase" , strip(put(_XASE_,best.))) ;
MPRINT(EM_TREE_REPORT):   call symput("em_tree_vase" , strip(put(_VASE_, best.)));
MPRINT(EM_TREE_REPORT):   call symput("em_tree_seq" , strip(put(_SEQUENCE_, best.)));
MPRINT(EM_TREE_REPORT):   call symput("em_tree_vseq" , strip(put(_VSEQUENCE_, best.)));
MPRINT(EM_TREE_REPORT):   call symput("em_tree_aprof" , strip(put(_APROF_, best.)));
MPRINT(EM_TREE_REPORT):   call symput("em_tree_aloss" , strip(put(_ALOSS_, best.)));
MPRINT(EM_TREE_REPORT):   call symput("em_tree_prior" , strip(put(_PASE_, best.)));
MPRINT(EM_TREE_REPORT):   end;
MPRINT(EM_TREE_REPORT):   run;

NOTE: Variable _XASE_ is uninitialized.
NOTE: Variable _SEQUENCE_ is uninitialized.
NOTE: Variable _VSEQUENCE_ is uninitialized.
NOTE: Variable _APROF_ is uninitialized.
NOTE: Variable _ALOSS_ is uninitialized.
NOTE: Variable _PASE_ is uninitialized.
NOTE: There were 2 observations read from the data set EMWS1.TREE7_OUTSEQ.
NOTE: DATA statement used (Total process time):
      real time           0.00 seconds
      cpu time            0.01 seconds
      

MPRINT(EM_TREE_REPORT):   data EMWS1.Tree7_OUTSEQ;
MPRINT(EM_TREE_REPORT):   set EMWS1.Tree7_OUTSEQ;
MPRINT(EM_TREE_REPORT):   format _ASE_ _ASSESS_ _MAX_ _SSE_ _RASE_ 15.4
MPRINT(EM_TREE_REPORT):   _MISC_ 15.4 _VASE_ _VASSESS_ _VMAX_ _VSSE_ _VRASE_ 15.4
MPRINT(EM_TREE_REPORT):   _VMISC_ 15.4 ;
MPRINT(EM_TREE_REPORT):   run;

NOTE: There were 8 observations read from the data set EMWS1.TREE7_OUTSEQ.
NOTE: The data set EMWS1.TREE7_OUTSEQ has 8 observations and 20 variables.
NOTE: DATA statement used (Total process time):
      real time           0.02 seconds
      cpu time            0.01 seconds
      

MPRINT(EM_TREE_REPORT):  ;
MPRINT(EM_TREE_MAKEPLOTDS):  ;
MPRINT(EM_TREE_MAKEPLOTDS):  ;
MPRINT(EM_TREE_MAKEPLOTDS):  ;
MPRINT(EM_TREE_MAKEPLOTDS):  ;
MPRINT(EM_TREE_MAKEPLOTDS):   data _null_;
MPRINT(EM_TREE_MAKEPLOTDS):   set EMWS1.Tree7_diagnosis_DM(where=(_TYPE_="TARGET"));
MPRINT(EM_TREE_MAKEPLOTDS):   call symput('targetEvent', strip(tranwrd(EVENT,'"','""')));
MPRINT(EM_TREE_MAKEPLOTDS):   run;

NOTE: There were 1 observations read from the data set EMWS1.TREE7_DIAGNOSIS_DM.
      WHERE _TYPE_='TARGET';
NOTE: DATA statement used (Total process time):
      real time           0.00 seconds
      cpu time            0.00 seconds
      

MPRINT(EM_TREE_MAKEPLOTDS):   data _null_;
MPRINT(EM_TREE_MAKEPLOTDS):   set EMWS1.Tree7_diagnosis_DM(where=(_TYPE_="PREDICTED" AND LEVEL="M"));
MPRINT(EM_TREE_MAKEPLOTDS):   call symput('predTarget', strip(VARIABLE));
MPRINT(EM_TREE_MAKEPLOTDS):   call symput('predLvl', strip(LEVEL));
MPRINT(EM_TREE_MAKEPLOTDS):   run;

NOTE: There were 1 observations read from the data set EMWS1.TREE7_DIAGNOSIS_DM.
      WHERE (_TYPE_='PREDICTED') and (LEVEL='M');
NOTE: DATA statement used (Total process time):
      real time           0.00 seconds
      cpu time            0.00 seconds
      

MPRINT(EM_TREE_MAKEPLOTDS):   data belowtext;
MPRINT(EM_TREE_MAKEPLOTDS):   set EMWS1.Tree7_OUTRULES(where=(ROLE="PRIMARY" AND STAT="VARIABLE") rename=(character_value=belowtext));
MPRINT(EM_TREE_MAKEPLOTDS):   keep node belowtext;
MPRINT(EM_TREE_MAKEPLOTDS):   run;

NOTE: There were 4 observations read from the data set EMWS1.TREE7_OUTRULES.
      WHERE (ROLE='PRIMARY') and (STAT='VARIABLE');
NOTE: The data set WORK.BELOWTEXT has 4 observations and 2 variables.
NOTE: DATA statement used (Total process time):
      real time           0.01 seconds
      cpu time            0.01 seconds
      

MPRINT(EM_TREE_MAKEPLOTDS):   data belowtext2;
MPRINT(EM_TREE_MAKEPLOTDS):   set EMWS1.Tree7_OUTRULES(where=(ROLE="PRIMARY" AND STAT="LABEL") rename=(character_value=belowtextlbl));
MPRINT(EM_TREE_MAKEPLOTDS):   keep node belowtextlbl;
MPRINT(EM_TREE_MAKEPLOTDS):   run;

NOTE: There were 1 observations read from the data set EMWS1.TREE7_OUTRULES.
      WHERE (ROLE='PRIMARY') and (STAT='LABEL');
NOTE: The data set WORK.BELOWTEXT2 has 1 observations and 2 variables.
NOTE: DATA statement used (Total process time):
      real time           0.01 seconds
      cpu time            0.00 seconds
      

MPRINT(EM_TREE_MAKEPLOTDS):   proc sort data=belowtext;
MPRINT(EM_TREE_MAKEPLOTDS):   by node;
MPRINT(EM_TREE_MAKEPLOTDS):   run;

NOTE: There were 4 observations read from the data set WORK.BELOWTEXT.
NOTE: The data set WORK.BELOWTEXT has 4 observations and 2 variables.
NOTE: PROCEDURE SORT used (Total process time):
      real time           0.01 seconds
      cpu time            0.01 seconds
      

MPRINT(EM_TREE_MAKEPLOTDS):   proc sort data=belowtext2;
MPRINT(EM_TREE_MAKEPLOTDS):   by node;
MPRINT(EM_TREE_MAKEPLOTDS):   run;

NOTE: There were 1 observations read from the data set WORK.BELOWTEXT2.
NOTE: The data set WORK.BELOWTEXT2 has 1 observations and 2 variables.
NOTE: PROCEDURE SORT used (Total process time):
      real time           0.02 seconds
      cpu time            0.01 seconds
      

MPRINT(EM_TREE_MAKEPLOTDS):   data belowtext;
MPRINT(EM_TREE_MAKEPLOTDS):   merge belowtext belowtext2(in=_a);
MPRINT(EM_TREE_MAKEPLOTDS):   by node;
MPRINT(EM_TREE_MAKEPLOTDS):   if _a then belowtext=belowtextlbl;
MPRINT(EM_TREE_MAKEPLOTDS):   keep node belowtext;
MPRINT(EM_TREE_MAKEPLOTDS):   run;

NOTE: There were 4 observations read from the data set WORK.BELOWTEXT.
NOTE: There were 1 observations read from the data set WORK.BELOWTEXT2.
NOTE: The data set WORK.BELOWTEXT has 4 observations and 2 variables.
NOTE: DATA statement used (Total process time):
      real time           0.03 seconds
      cpu time            0.00 seconds
      

MPRINT(EM_TREE_MAKEPLOTDS):   data abovetext;
MPRINT(EM_TREE_MAKEPLOTDS):   set EMWS1.Tree7_OUTRULES(where=(ROLE="PRIMARY" AND STAT in ("INTERVAL", "ORDINAL", "NOMINAL")) );
MPRINT(EM_TREE_MAKEPLOTDS):   run;

NOTE: There were 4 observations read from the data set EMWS1.TREE7_OUTRULES.
      WHERE (ROLE='PRIMARY') and STAT in ('INTERVAL', 'NOMINAL', 'ORDINAL');
NOTE: The data set WORK.ABOVETEXT has 4 observations and 6 variables.
NOTE: DATA statement used (Total process time):
      real time           0.01 seconds
      cpu time            0.01 seconds
      

MPRINT(EM_TREE_MAKEPLOTDS):   proc sort data=abovetext;
MPRINT(EM_TREE_MAKEPLOTDS):   by node numeric_value;
MPRINT(EM_TREE_MAKEPLOTDS):   run;

NOTE: There were 4 observations read from the data set WORK.ABOVETEXT.
NOTE: The data set WORK.ABOVETEXT has 4 observations and 6 variables.
NOTE: PROCEDURE SORT used (Total process time):
      real time           0.04 seconds
      cpu time            0.01 seconds
      

MPRINT(EM_TREE_MAKEPLOTDS):   data abovetext;
MPRINT(EM_TREE_MAKEPLOTDS):   set abovetext(rename=(node=parent));
MPRINT(EM_TREE_MAKEPLOTDS):   by parent numeric_value;
MPRINT(EM_TREE_MAKEPLOTDS):   retain abovetext tempstring flag branch origval origchar ;
MPRINT(EM_TREE_MAKEPLOTDS):   length abovetext $256;
MPRINT(EM_TREE_MAKEPLOTDS):   length tempstring origchar $64;
MPRINT(EM_TREE_MAKEPLOTDS):   if STAT in ("INTERVAL", "ORDINAL") then do;
MPRINT(EM_TREE_MAKEPLOTDS):   if first.parent then do;
MPRINT(EM_TREE_MAKEPLOTDS):   if missing(character_value) then do;
MPRINT(EM_TREE_MAKEPLOTDS):   numeric_value = round(numeric_value, 0.0001);
MPRINT(EM_TREE_MAKEPLOTDS):   abovetext = "< "||strip(NUMERIC_VALUE);
MPRINT(EM_TREE_MAKEPLOTDS):   branch = 1;
MPRINT(EM_TREE_MAKEPLOTDS):   origval = numeric_value;
MPRINT(EM_TREE_MAKEPLOTDS):   output;
MPRINT(EM_TREE_MAKEPLOTDS):   end;
MPRINT(EM_TREE_MAKEPLOTDS):   else do;
MPRINT(EM_TREE_MAKEPLOTDS):   abovetext = "< "||strip(CHARACTER_VALUE);
MPRINT(EM_TREE_MAKEPLOTDS):   branch = 1;
MPRINT(EM_TREE_MAKEPLOTDS):   origchar = character_value;
MPRINT(EM_TREE_MAKEPLOTDS):   output;
MPRINT(EM_TREE_MAKEPLOTDS):   end;
MPRINT(EM_TREE_MAKEPLOTDS):   if first.parent AND last.parent then do;
MPRINT(EM_TREE_MAKEPLOTDS):   if missing(character_value) then do;
MPRINT(EM_TREE_MAKEPLOTDS):   numeric_value = round(numeric_value, 0.0001);
MPRINT(EM_TREE_MAKEPLOTDS):   branch = branch + 1;
MPRINT(EM_TREE_MAKEPLOTDS):   abovetext = ">= "||strip(NUMERIC_VALUE);
MPRINT(EM_TREE_MAKEPLOTDS):   output;
MPRINT(EM_TREE_MAKEPLOTDS):   end;
MPRINT(EM_TREE_MAKEPLOTDS):   else do;
MPRINT(EM_TREE_MAKEPLOTDS):   branch = branch + 1;
MPRINT(EM_TREE_MAKEPLOTDS):   abovetext = ">= "||strip(CHARACTER_VALUE);
MPRINT(EM_TREE_MAKEPLOTDS):   output;
MPRINT(EM_TREE_MAKEPLOTDS):   end;
MPRINT(EM_TREE_MAKEPLOTDS):   end;
MPRINT(EM_TREE_MAKEPLOTDS):   end;
MPRINT(EM_TREE_MAKEPLOTDS):   else if last.parent then do;
MPRINT(EM_TREE_MAKEPLOTDS):   if ( missing(character_value) AND (origval ne numeric_value)) or ( ^missing(character_value) AND (origchar ne character_value)) then do;
MPRINT(EM_TREE_MAKEPLOTDS):   if missing(character_value) then do;
MPRINT(EM_TREE_MAKEPLOTDS):   numeric_value = round(numeric_value, 0.0001);
MPRINT(EM_TREE_MAKEPLOTDS):   abovetext= "[ "||strip(origval)||", "|| strip(numeric_value)||" )";
MPRINT(EM_TREE_MAKEPLOTDS):   end;
MPRINT(EM_TREE_MAKEPLOTDS):   else do;
MPRINT(EM_TREE_MAKEPLOTDS):   abovetext= ">= "||strip(origchar)||" AND < "|| strip(character_value);
MPRINT(EM_TREE_MAKEPLOTDS):   end;
MPRINT(EM_TREE_MAKEPLOTDS):   branch = branch + 1;
MPRINT(EM_TREE_MAKEPLOTDS):   output;
MPRINT(EM_TREE_MAKEPLOTDS):   if missing(character_value) then do;
MPRINT(EM_TREE_MAKEPLOTDS):   numeric_value = round(numeric_value, 0.0001);
MPRINT(EM_TREE_MAKEPLOTDS):   abovetext = ">= "||strip(NUMERIC_VALUE);
MPRINT(EM_TREE_MAKEPLOTDS):   end;
MPRINT(EM_TREE_MAKEPLOTDS):   else do;
MPRINT(EM_TREE_MAKEPLOTDS):   abovetext = ">= "||strip(CHARACTER_VALUE);
MPRINT(EM_TREE_MAKEPLOTDS):   end;
MPRINT(EM_TREE_MAKEPLOTDS):   branch = branch + 1;
MPRINT(EM_TREE_MAKEPLOTDS):   output;
MPRINT(EM_TREE_MAKEPLOTDS):   end;
MPRINT(EM_TREE_MAKEPLOTDS):   else do;
MPRINT(EM_TREE_MAKEPLOTDS):   if missing(character_value) then do;
MPRINT(EM_TREE_MAKEPLOTDS):   numeric_value = round(numeric_value, 0.0001);
MPRINT(EM_TREE_MAKEPLOTDS):   abovetext = ">= "||strip(NUMERIC_VALUE);
MPRINT(EM_TREE_MAKEPLOTDS):   end;
MPRINT(EM_TREE_MAKEPLOTDS):   else do;
MPRINT(EM_TREE_MAKEPLOTDS):   abovetext = ">= "||strip(CHARACTER_VALUE);
MPRINT(EM_TREE_MAKEPLOTDS):   end;
MPRINT(EM_TREE_MAKEPLOTDS):   branch = branch + 1;
MPRINT(EM_TREE_MAKEPLOTDS):   output;
MPRINT(EM_TREE_MAKEPLOTDS):   end;
MPRINT(EM_TREE_MAKEPLOTDS):   end;
MPRINT(EM_TREE_MAKEPLOTDS):   else do;
MPRINT(EM_TREE_MAKEPLOTDS):   if ( missing(character_value) AND (origval ne numeric_value)) or ( ^missing(character_value) AND (origchar ne character_value)) then do;
MPRINT(EM_TREE_MAKEPLOTDS):   if missing(character_value) then do;
MPRINT(EM_TREE_MAKEPLOTDS):   numeric_value = round(numeric_value,0.0001);
MPRINT(EM_TREE_MAKEPLOTDS):   abovetext= "[ "||strip(origval)||", "|| strip(numeric_value)||" )";
MPRINT(EM_TREE_MAKEPLOTDS):   origval = numeric_value;
MPRINT(EM_TREE_MAKEPLOTDS):   end;
MPRINT(EM_TREE_MAKEPLOTDS):   else do;
MPRINT(EM_TREE_MAKEPLOTDS):   abovetext= ">= "||strip(origchar)||" AND < "|| strip(character_value);
MPRINT(EM_TREE_MAKEPLOTDS):   origchar = character_value;
MPRINT(EM_TREE_MAKEPLOTDS):   end;
MPRINT(EM_TREE_MAKEPLOTDS):   branch = branch + 1;
MPRINT(EM_TREE_MAKEPLOTDS):   output;
MPRINT(EM_TREE_MAKEPLOTDS):   end;
MPRINT(EM_TREE_MAKEPLOTDS):   else do;
MPRINT(EM_TREE_MAKEPLOTDS):   if missing(character_value) then do;
MPRINT(EM_TREE_MAKEPLOTDS):   numeric_value = round(numeric_value, 0.0001);
MPRINT(EM_TREE_MAKEPLOTDS):   abovetext = ">= "||strip(NUMERIC_VALUE);
MPRINT(EM_TREE_MAKEPLOTDS):   origval = numeric_value;
MPRINT(EM_TREE_MAKEPLOTDS):   end;
MPRINT(EM_TREE_MAKEPLOTDS):   else do;
MPRINT(EM_TREE_MAKEPLOTDS):   abovetext = ">= "||strip(CHARACTER_VALUE);
MPRINT(EM_TREE_MAKEPLOTDS):   origval = character_value;
MPRINT(EM_TREE_MAKEPLOTDS):   end;
MPRINT(EM_TREE_MAKEPLOTDS):   branch = branch + 1;
MPRINT(EM_TREE_MAKEPLOTDS):   output;
MPRINT(EM_TREE_MAKEPLOTDS):   end;
MPRINT(EM_TREE_MAKEPLOTDS):   end;
MPRINT(EM_TREE_MAKEPLOTDS):   end;
MPRINT(EM_TREE_MAKEPLOTDS):   else do;
MPRINT(EM_TREE_MAKEPLOTDS):   if first.numeric_value then do;
MPRINT(EM_TREE_MAKEPLOTDS):   flag = 0;
MPRINT(EM_TREE_MAKEPLOTDS):   abovetext = strip(CHARACTER_VALUE);
MPRINT(EM_TREE_MAKEPLOTDS):   branch = numeric_value;
MPRINT(EM_TREE_MAKEPLOTDS):   if first.numeric_value AND last.numeric_value then do;
MPRINT(EM_TREE_MAKEPLOTDS):   output;
MPRINT(EM_TREE_MAKEPLOTDS):   end;
MPRINT(EM_TREE_MAKEPLOTDS):   end;
MPRINT(EM_TREE_MAKEPLOTDS):   else if last.numeric_value then do;
MPRINT(EM_TREE_MAKEPLOTDS):   if flag=0 then do;
MPRINT(EM_TREE_MAKEPLOTDS):   tempstring = strip(abovetext)||", "||strip(CHARACTER_VALUE);
MPRINT(EM_TREE_MAKEPLOTDS):   length = length(strip(tempstring));
MPRINT(EM_TREE_MAKEPLOTDS):   if length < 32 then do;
MPRINT(EM_TREE_MAKEPLOTDS):   abovetext = strip(tempstring);
MPRINT(EM_TREE_MAKEPLOTDS):   end;
MPRINT(EM_TREE_MAKEPLOTDS):   else do;
MPRINT(EM_TREE_MAKEPLOTDS):   abovetext = strip(abovetext)||", ...";
MPRINT(EM_TREE_MAKEPLOTDS):   flag = 1;
MPRINT(EM_TREE_MAKEPLOTDS):   end;
MPRINT(EM_TREE_MAKEPLOTDS):   end;
MPRINT(EM_TREE_MAKEPLOTDS):   branch = numeric_value;
MPRINT(EM_TREE_MAKEPLOTDS):   output;
MPRINT(EM_TREE_MAKEPLOTDS):   end;
MPRINT(EM_TREE_MAKEPLOTDS):   else do;
MPRINT(EM_TREE_MAKEPLOTDS):   if flag=0 then do;
MPRINT(EM_TREE_MAKEPLOTDS):   tempstring = strip(abovetext)||", "||strip(CHARACTER_VALUE);
MPRINT(EM_TREE_MAKEPLOTDS):   length = length(strip(tempstring));
MPRINT(EM_TREE_MAKEPLOTDS):   if length < 32 then do;
MPRINT(EM_TREE_MAKEPLOTDS):   abovetext = strip(tempstring);
MPRINT(EM_TREE_MAKEPLOTDS):   end;
MPRINT(EM_TREE_MAKEPLOTDS):   else do;
MPRINT(EM_TREE_MAKEPLOTDS):   abovetext = strip(abovetext)||", ...";
MPRINT(EM_TREE_MAKEPLOTDS):   flag=1;
MPRINT(EM_TREE_MAKEPLOTDS):   end;
MPRINT(EM_TREE_MAKEPLOTDS):   end;
MPRINT(EM_TREE_MAKEPLOTDS):   branch = numeric_value;
MPRINT(EM_TREE_MAKEPLOTDS):   end;
MPRINT(EM_TREE_MAKEPLOTDS):   end;
MPRINT(EM_TREE_MAKEPLOTDS):   keep parent branch abovetext;
MPRINT(EM_TREE_MAKEPLOTDS):   run;

NOTE: Numeric values have been converted to character values at the places given by: (Line):(Column).
      172:103   221:136   264:102   264:125   296:104   330:104   372:103   372:126   415:104   
NOTE: Character values have been converted to numeric values at the places given by: (Line):(Column).
      431:99   
NOTE: There were 4 observations read from the data set WORK.ABOVETEXT.
NOTE: The data set WORK.ABOVETEXT has 8 observations and 3 variables.
NOTE: DATA statement used (Total process time):
      real time           0.02 seconds
      cpu time            0.00 seconds
      

MPRINT(EM_TREE_MAKEPLOTDS):   data tempmissing;
MPRINT(EM_TREE_MAKEPLOTDS):   set EMWS1.Tree7_OUTRULES;
MPRINT(EM_TREE_MAKEPLOTDS):   if ((ROLE="PRIMARY") AND (STAT in ("MISSING")));
MPRINT(EM_TREE_MAKEPLOTDS):   rename node=parent numeric_value=branch character_value=misschar;
MPRINT(EM_TREE_MAKEPLOTDS):   run;

NOTE: There were 146 observations read from the data set EMWS1.TREE7_OUTRULES.
NOTE: The data set WORK.TEMPMISSING has 4 observations and 6 variables.
NOTE: DATA statement used (Total process time):
      real time           0.01 seconds
      cpu time            0.01 seconds
      

MPRINT(EM_TREE_MAKEPLOTDS):   proc sort data=abovetext;
MPRINT(EM_TREE_MAKEPLOTDS):   by parent branch;
MPRINT(EM_TREE_MAKEPLOTDS):   run;

NOTE: There were 8 observations read from the data set WORK.ABOVETEXT.
NOTE: The data set WORK.ABOVETEXT has 8 observations and 3 variables.
NOTE: PROCEDURE SORT used (Total process time):
      real time           0.02 seconds
      cpu time            0.00 seconds
      

MPRINT(EM_TREE_MAKEPLOTDS):   proc sort data=tempmissing;
MPRINT(EM_TREE_MAKEPLOTDS):   by parent branch;
MPRINT(EM_TREE_MAKEPLOTDS):   run;

NOTE: There were 4 observations read from the data set WORK.TEMPMISSING.
NOTE: The data set WORK.TEMPMISSING has 4 observations and 6 variables.
NOTE: PROCEDURE SORT used (Total process time):
      real time           0.01 seconds
      cpu time            0.00 seconds
      

MPRINT(EM_TREE_MAKEPLOTDS):   proc sort data=EMWS1.Tree7_OUTNODES out=tempoutnodes;
MPRINT(EM_TREE_MAKEPLOTDS):   by parent branch;
MPRINT(EM_TREE_MAKEPLOTDS):   run;

NOTE: There were 9 observations read from the data set EMWS1.TREE7_OUTNODES.
NOTE: The data set WORK.TEMPOUTNODES has 9 observations and 24 variables.
NOTE: PROCEDURE SORT used (Total process time):
      real time           0.02 seconds
      cpu time            0.03 seconds
      

MPRINT(EM_TREE_MAKEPLOTDS):   data tempoutnodes;
MPRINT(EM_TREE_MAKEPLOTDS):   merge abovetext tempoutNodes(drop=abovetext) tempmissing(in=_a);
MPRINT(EM_TREE_MAKEPLOTDS):   by parent branch;
MPRINT(EM_TREE_MAKEPLOTDS):   length traintotal validtotal 8;
MPRINT(EM_TREE_MAKEPLOTDS):   retain traintotal validtotal;
MPRINT(EM_TREE_MAKEPLOTDS):   if _a then do;
MPRINT(EM_TREE_MAKEPLOTDS):   if ^MISSING(abovetext) then do;
MPRINT(EM_TREE_MAKEPLOTDS):   abovetext= strip(abovetext)||" Or Missing";
MPRINT(EM_TREE_MAKEPLOTDS):   end;
MPRINT(EM_TREE_MAKEPLOTDS):   else do;
MPRINT(EM_TREE_MAKEPLOTDS):   abovetext = " Missing Values Only";
MPRINT(EM_TREE_MAKEPLOTDS):   end;
MPRINT(EM_TREE_MAKEPLOTDS):   end;
MPRINT(EM_TREE_MAKEPLOTDS):   if MISSING(abovetext) then abovetext="Non-Missing Values";
MPRINT(EM_TREE_MAKEPLOTDS):   if node=1 then do;
MPRINT(EM_TREE_MAKEPLOTDS):   traintotal = N;
MPRINT(EM_TREE_MAKEPLOTDS):   validtotal=VN;
MPRINT(EM_TREE_MAKEPLOTDS):   end;
MPRINT(EM_TREE_MAKEPLOTDS):   drop role rank stat misschar belowtext;
MPRINT(EM_TREE_MAKEPLOTDS):   run;

NOTE: There were 8 observations read from the data set WORK.ABOVETEXT.
NOTE: There were 9 observations read from the data set WORK.TEMPOUTNODES.
NOTE: There were 4 observations read from the data set WORK.TEMPMISSING.
NOTE: The data set WORK.TEMPOUTNODES has 9 observations and 25 variables.
NOTE: DATA statement used (Total process time):
      real time           0.04 seconds
      cpu time            0.01 seconds
      

MPRINT(EM_TREE_MAKEPLOTDS):   proc sort data=tempoutnodes;
MPRINT(EM_TREE_MAKEPLOTDS):   by node;
MPRINT(EM_TREE_MAKEPLOTDS):   run;

NOTE: There were 9 observations read from the data set WORK.TEMPOUTNODES.
NOTE: The data set WORK.TEMPOUTNODES has 9 observations and 25 variables.
NOTE: PROCEDURE SORT used (Total process time):
      real time           0.04 seconds
      cpu time            0.03 seconds
      

MPRINT(EM_TREE_MAKEPLOTDS):   proc sort data=belowtext;
MPRINT(EM_TREE_MAKEPLOTDS):   by node;
MPRINT(EM_TREE_MAKEPLOTDS):   run;

NOTE: There were 4 observations read from the data set WORK.BELOWTEXT.
NOTE: The data set WORK.BELOWTEXT has 4 observations and 2 variables.
NOTE: PROCEDURE SORT used (Total process time):
      real time           0.02 seconds
      cpu time            0.03 seconds
      

MPRINT(EM_TREE_MAKEPLOTDS):   data tempoutnodes;
MPRINT(EM_TREE_MAKEPLOTDS):   merge tempoutnodes belowtext;
MPRINT(EM_TREE_MAKEPLOTDS):   by node;
MPRINT(EM_TREE_MAKEPLOTDS):   run;

NOTE: There were 9 observations read from the data set WORK.TEMPOUTNODES.
NOTE: There were 4 observations read from the data set WORK.BELOWTEXT.
NOTE: The data set WORK.TEMPOUTNODES has 9 observations and 26 variables.
NOTE: DATA statement used (Total process time):
      real time           0.02 seconds
      cpu time            0.01 seconds
      

MPRINT(EM_TREE_MAKEPLOTDS):   data _null_ ;
MPRINT(EM_TREE_MAKEPLOTDS):   set EMWS1.Tree7_OUTSTATS(where=(STATNAME="NPRIORS")) end=eof ;
MPRINT(EM_TREE_MAKEPLOTDS):   if eof then do ;
MPRINT(EM_TREE_MAKEPLOTDS):   call symput("npriors" , strip(put(_N_,best.))) ;
MPRINT(EM_TREE_MAKEPLOTDS):   end;
MPRINT(EM_TREE_MAKEPLOTDS):   run;

NOTE: There were 0 observations read from the data set EMWS1.TREE7_OUTSTATS.
      WHERE STATNAME='NPRIORS';
NOTE: DATA statement used (Total process time):
      real time           0.00 seconds
      cpu time            0.00 seconds
      

MPRINT(EM_TREE_MAKEPLOTDS):   data temptarmeta;
MPRINT(EM_TREE_MAKEPLOTDS):   set EMWS1.Tree7_VariableSet(where=(ROLE='TARGET' AND LEVEL^='ORDINAL' AND USE in ('D', 'Y') ));
MPRINT(EM_TREE_MAKEPLOTDS):   length TARGET $32;
MPRINT(EM_TREE_MAKEPLOTDS):   Target=name;
MPRINT(EM_TREE_MAKEPLOTDS):   keep target level;
MPRINT(EM_TREE_MAKEPLOTDS):   run;

NOTE: There were 1 observations read from the data set EMWS1.TREE7_VARIABLESET.
      WHERE (ROLE='TARGET') and (LEVEL not = 'ORDINAL') and USE in ('D', 'Y');
NOTE: The data set WORK.TEMPTARMETA has 1 observations and 2 variables.
NOTE: DATA statement used (Total process time):
      real time           0.01 seconds
      cpu time            0.01 seconds
      

MPRINT(EM_TREE_MAKEPLOTDS):   data temptargetused;
MPRINT(EM_TREE_MAKEPLOTDS):   set EMWS1.Tree7_OUTSTATS;
MPRINT(EM_TREE_MAKEPLOTDS):   length target $32 tarlevel $10;
MPRINT(EM_TREE_MAKEPLOTDS):   target=
MPRINT(EM_TREE_MAKEPLOTDS):  "diagnosis";
MPRINT(EM_TREE_MAKEPLOTDS):   tarlevel=
MPRINT(EM_TREE_MAKEPLOTDS):  "BINARY";
MPRINT(EM_TREE_MAKEPLOTDS):   keep node target tarlevel;
MPRINT(EM_TREE_MAKEPLOTDS):   run;

NOTE: There were 63 observations read from the data set EMWS1.TREE7_OUTSTATS.
NOTE: The data set WORK.TEMPTARGETUSED has 63 observations and 3 variables.
NOTE: DATA statement used (Total process time):
      real time           0.01 seconds
      cpu time            0.01 seconds
      

MPRINT(EM_TREE_MAKEPLOTDS):   proc sort data=temptargetused nodupkey;
MPRINT(EM_TREE_MAKEPLOTDS):   by node;
MPRINT(EM_TREE_MAKEPLOTDS):   run;

NOTE: There were 63 observations read from the data set WORK.TEMPTARGETUSED.
NOTE: 54 observations with duplicate key values were deleted.
NOTE: The data set WORK.TEMPTARGETUSED has 9 observations and 3 variables.
NOTE: PROCEDURE SORT used (Total process time):
      real time           0.03 seconds
      cpu time            0.01 seconds
      

MPRINT(EM_TREE_MAKEPLOTDS):   proc sort data=EMWS1.Tree7_OUTSTATS out=tempoutstats;
MPRINT(EM_TREE_MAKEPLOTDS):   by node;
MPRINT(EM_TREE_MAKEPLOTDS):   run;

NOTE: There were 63 observations read from the data set EMWS1.TREE7_OUTSTATS.
NOTE: The data set WORK.TEMPOUTSTATS has 63 observations and 5 variables.
NOTE: PROCEDURE SORT used (Total process time):
      real time           0.01 seconds
      cpu time            0.01 seconds
      

MPRINT(EM_TREE_MAKEPLOTDS):   proc sort data=temptargetused;
MPRINT(EM_TREE_MAKEPLOTDS):   by node;
MPRINT(EM_TREE_MAKEPLOTDS):   run;

NOTE: Input data set is already sorted, no sorting done.
NOTE: PROCEDURE SORT used (Total process time):
      real time           0.00 seconds
      cpu time            0.00 seconds
      

MPRINT(EM_TREE_MAKEPLOTDS):   data tempinterval tempclass;
MPRINT(EM_TREE_MAKEPLOTDS):   merge tempoutstats temptargetused( rename=(target=targetused));
MPRINT(EM_TREE_MAKEPLOTDS):   by node;
MPRINT(EM_TREE_MAKEPLOTDS):   if tarlevel="INTERVAL" then output tempinterval;
MPRINT(EM_TREE_MAKEPLOTDS):   else output tempclass;
MPRINT(EM_TREE_MAKEPLOTDS):   run;

NOTE: There were 63 observations read from the data set WORK.TEMPOUTSTATS.
NOTE: There were 9 observations read from the data set WORK.TEMPTARGETUSED.
NOTE: The data set WORK.TEMPINTERVAL has 0 observations and 7 variables.
NOTE: The data set WORK.TEMPCLASS has 63 observations and 7 variables.
NOTE: DATA statement used (Total process time):
      real time           0.02 seconds
      cpu time            0.01 seconds
      

MPRINT(EM_TREE_MAKEPLOTDS):   proc sql;
MPRINT(EM_TREE_MAKEPLOTDS):   reset noprint;
MPRINT(EM_TREE_MAKEPLOTDS):   select count(*) into :em_intNobs from tempinterval;
MPRINT(EM_TREE_MAKEPLOTDS):   quit;
NOTE: PROCEDURE SQL used (Total process time):
      real time           0.02 seconds
      cpu time            0.00 seconds
      

MPRINT(EM_TREE_MAKEPLOTDS):   proc sql;
MPRINT(EM_TREE_MAKEPLOTDS):   reset noprint;
MPRINT(EM_TREE_MAKEPLOTDS):   select count(*) into :em_classNobs from tempclass;
MPRINT(EM_TREE_MAKEPLOTDS):   quit;
NOTE: PROCEDURE SQL used (Total process time):
      real time           0.00 seconds
      cpu time            0.00 seconds
      

MPRINT(EM_TREE_MAKEPLOTDS):   proc sort data=tempclass;
MPRINT(EM_TREE_MAKEPLOTDS):   by node category;
MPRINT(EM_TREE_MAKEPLOTDS):   run;

NOTE: There were 63 observations read from the data set WORK.TEMPCLASS.
NOTE: The data set WORK.TEMPCLASS has 63 observations and 7 variables.
NOTE: PROCEDURE SORT used (Total process time):
      real time           0.01 seconds
      cpu time            0.01 seconds
      

MPRINT(EM_TREE_MAKEPLOTDS):   data tempn(keep=NODE STATVALUE STATNAME) temppredict(Keep=NODE CATEGORY) tempprob(keep=NODE STATVALUE CATEGORY TARGET ) tempvprob(keep=NODE STATVALUE CATEGORY TARGET ) tempprofit(KEEP=NODE STATVALUE STATNAME CATEGORY ) 
temploss(KEEP=NODE STATVALUE STATNAME CATEGORY );
MPRINT(EM_TREE_MAKEPLOTDS):   set tempclass;
MPRINT(EM_TREE_MAKEPLOTDS):   if ((statname="N") OR (statname="VALID: N")) then output tempn;
MPRINT(EM_TREE_MAKEPLOTDS):   else if statname="PREDICTION" then output temppredict;
MPRINT(EM_TREE_MAKEPLOTDS):   else if statname="PROBABILITY" then output tempprob;
MPRINT(EM_TREE_MAKEPLOTDS):   else if statname="VALID: PROBABILITY" then output tempvprob;
MPRINT(EM_TREE_MAKEPLOTDS):   else if ((statname="ALTERNATIVE PROFIT") or (statname="VALID: ALTERNATIVE PROFIT")) then output tempprofit;
MPRINT(EM_TREE_MAKEPLOTDS):   else if ((statname="ALTERNATIVE LOSS") OR (statname="VALID: ALTERNATIVE LOSS")) then output temploss;
MPRINT(EM_TREE_MAKEPLOTDS):   run;

WARNING: The variable TARGET in the DROP, KEEP, or RENAME list has never been referenced.
WARNING: The variable TARGET in the DROP, KEEP, or RENAME list has never been referenced.
NOTE: There were 63 observations read from the data set WORK.TEMPCLASS.
NOTE: The data set WORK.TEMPN has 18 observations and 3 variables.
NOTE: The data set WORK.TEMPPREDICT has 9 observations and 2 variables.
NOTE: The data set WORK.TEMPPROB has 18 observations and 3 variables.
NOTE: The data set WORK.TEMPVPROB has 18 observations and 3 variables.
NOTE: The data set WORK.TEMPPROFIT has 0 observations and 4 variables.
NOTE: The data set WORK.TEMPLOSS has 0 observations and 4 variables.
NOTE: DATA statement used (Total process time):
      real time           0.09 seconds
      cpu time            0.06 seconds
      

MPRINT(EM_TREE_MAKEPLOTDS):   proc sql;
MPRINT(EM_TREE_MAKEPLOTDS):   reset noprint;
MPRINT(EM_TREE_MAKEPLOTDS):   select count(*) into :em_profitflag from tempprofit;
MPRINT(EM_TREE_MAKEPLOTDS):   quit;
NOTE: PROCEDURE SQL used (Total process time):
      real time           0.01 seconds
      cpu time            0.00 seconds
      

MPRINT(EM_TREE_MAKEPLOTDS):   proc sql;
MPRINT(EM_TREE_MAKEPLOTDS):   reset noprint;
MPRINT(EM_TREE_MAKEPLOTDS):   select count(*) into :em_lossflag from temploss;
MPRINT(EM_TREE_MAKEPLOTDS):   quit;
NOTE: PROCEDURE SQL used (Total process time):
      real time           0.00 seconds
      cpu time            0.00 seconds
      

MPRINT(EM_TREE_MAKEPLOTDS):   proc transpose data=tempn out=tempn(keep=node N VALID__N rename=(VALID__N=VN));
MPRINT(EM_TREE_MAKEPLOTDS):   by node;
MPRINT(EM_TREE_MAKEPLOTDS):   id statname;
MPRINT(EM_TREE_MAKEPLOTDS):   run;

NOTE: There were 18 observations read from the data set WORK.TEMPN.
NOTE: The data set WORK.TEMPN has 9 observations and 3 variables.
NOTE: PROCEDURE TRANSPOSE used (Total process time):
      real time           0.05 seconds
      cpu time            0.01 seconds
      

MPRINT(EM_TREE_MAKEPLOTDS):   data tempprob;
MPRINT(EM_TREE_MAKEPLOTDS):   merge tempprob tempvprob(rename=(statvalue=vstatvalue));
MPRINT(EM_TREE_MAKEPLOTDS):   by node category;
MPRINT(EM_TREE_MAKEPLOTDS):   run;

NOTE: There were 18 observations read from the data set WORK.TEMPPROB.
NOTE: There were 18 observations read from the data set WORK.TEMPVPROB.
NOTE: The data set WORK.TEMPPROB has 18 observations and 4 variables.
NOTE: DATA statement used (Total process time):
      real time           0.02 seconds
      cpu time            0.03 seconds
      

MPRINT(EM_TREE_MAKEPLOTDS):   data temppredict;
MPRINT(EM_TREE_MAKEPLOTDS):   merge tempprob temppredict(in=_a);
MPRINT(EM_TREE_MAKEPLOTDS):   by node category;
MPRINT(EM_TREE_MAKEPLOTDS):   if _a then do;
MPRINT(EM_TREE_MAKEPLOTDS):   percentCorrect = statvalue;
MPRINT(EM_TREE_MAKEPLOTDS):   vpercentCorrect= vstatvalue;
MPRINT(EM_TREE_MAKEPLOTDS):   end;
MPRINT(EM_TREE_MAKEPLOTDS):   label percentCorrect= "Percent Correct" vpercentCorrect= "Valid Percent Correct" ;
MPRINT(EM_TREE_MAKEPLOTDS):   if missing(percentCorrect) then delete;
MPRINT(EM_TREE_MAKEPLOTDS):   drop target;
MPRINT(EM_TREE_MAKEPLOTDS):   run;

WARNING: The variable target in the DROP, KEEP, or RENAME list has never been referenced.
NOTE: There were 18 observations read from the data set WORK.TEMPPROB.
NOTE: There were 9 observations read from the data set WORK.TEMPPREDICT.
NOTE: The data set WORK.TEMPPREDICT has 9 observations and 6 variables.
NOTE: DATA statement used (Total process time):
      real time           0.02 seconds
      cpu time            0.03 seconds
      

MPRINT(EM_TREE_MAKEPLOTDS):   data tempprob(keep= node probtext);
MPRINT(EM_TREE_MAKEPLOTDS):   length probtext $800;
MPRINT(EM_TREE_MAKEPLOTDS):   retain probtext;
MPRINT(EM_TREE_MAKEPLOTDS):   set tempprob ;
MPRINT(EM_TREE_MAKEPLOTDS):   by node;
MPRINT(EM_TREE_MAKEPLOTDS):   if first.node then do;
MPRINT(EM_TREE_MAKEPLOTDS):   probtext=strip(CATEGORY)||": "||"09"x||put(statvalue, percent10.2)||"09"x||put(vstatvalue, percent10.2);
MPRINT(EM_TREE_MAKEPLOTDS):   end;
MPRINT(EM_TREE_MAKEPLOTDS):   else if last.node then do;
MPRINT(EM_TREE_MAKEPLOTDS):   probtext=strip(probtext)||"0A"x||strip(CATEGORY)||": "||"09"x||put(statvalue, percent10.2)||"09"x||put(vstatvalue, percent10.2);
MPRINT(EM_TREE_MAKEPLOTDS):   output;
MPRINT(EM_TREE_MAKEPLOTDS):   end;
MPRINT(EM_TREE_MAKEPLOTDS):   else do;
MPRINT(EM_TREE_MAKEPLOTDS):   probtext=strip(probtext)||"0A"x||strip(CATEGORY)||": "||"09"x||put(statvalue, percent10.2)||"09"x||put(vstatvalue, percent10.2);
MPRINT(EM_TREE_MAKEPLOTDS):   end;
MPRINT(EM_TREE_MAKEPLOTDS):   run;

NOTE: There were 18 observations read from the data set WORK.TEMPPROB.
NOTE: The data set WORK.TEMPPROB has 9 observations and 2 variables.
NOTE: DATA statement used (Total process time):
      real time           0.00 seconds
      cpu time            0.00 seconds
      

MPRINT(EM_TREE_MAKEPLOTDS):   proc sort data=tempoutnodes out=tempoutnodes;
MPRINT(EM_TREE_MAKEPLOTDS):   by node;
MPRINT(EM_TREE_MAKEPLOTDS):   run;

NOTE: There were 9 observations read from the data set WORK.TEMPOUTNODES.
NOTE: The data set WORK.TEMPOUTNODES has 9 observations and 26 variables.
NOTE: PROCEDURE SORT used (Total process time):
      real time           0.01 seconds
      cpu time            0.03 seconds
      

MPRINT(EM_TREE_MAKEPLOTDS):   data EMWS1.Tree7_TREE_PLOT;
MPRINT(EM_TREE_MAKEPLOTDS):   length textall $800;
MPRINT(EM_TREE_MAKEPLOTDS):   merge tempoutnodes temptargetused tempn temppredict tempprob ;
MPRINT(EM_TREE_MAKEPLOTDS):   by node;
MPRINT(EM_TREE_MAKEPLOTDS):   textall="";
MPRINT(EM_TREE_MAKEPLOTDS):   if tarlevel^="INTERVAL" then do;
MPRINT(EM_TREE_MAKEPLOTDS):   textall=strip(textall)||"0A"x||"Node Id: "||"09"x||strip(Node);
MPRINT(EM_TREE_MAKEPLOTDS):   textall=strip(textall)||"0A"x||"Statistic "||"09"x||"Train" ||"09"x|| "Validation";
MPRINT(EM_TREE_MAKEPLOTDS):   textall=strip(textall)||"0A"x||strip(probtext);
MPRINT(EM_TREE_MAKEPLOTDS):   textall=strip(textall)||"0A"x||" Count: "||"09"x||strip(put(N, best12.))||"09"x||strip(put(VN, best12.));
MPRINT(EM_TREE_MAKEPLOTDS):   nodecolor=percentcorrect;
MPRINT(EM_TREE_MAKEPLOTDS):   end;
MPRINT(EM_TREE_MAKEPLOTDS):   drop CATEGORY PROBTEXT TARGET TARLEVEL STATVALUE VSTATVALUE ;
MPRINT(EM_TREE_MAKEPLOTDS):   run;

NOTE: Numeric values have been converted to character values at the places given by: (Line):(Column).
      1141:196   
NOTE: There were 9 observations read from the data set WORK.TEMPOUTNODES.
NOTE: There were 9 observations read from the data set WORK.TEMPTARGETUSED.
NOTE: There were 9 observations read from the data set WORK.TEMPN.
NOTE: There were 9 observations read from the data set WORK.TEMPPREDICT.
NOTE: There were 9 observations read from the data set WORK.TEMPPROB.
NOTE: The data set EMWS1.TREE7_TREE_PLOT has 9 observations and 30 variables.
NOTE: DATA statement used (Total process time):
      real time           0.05 seconds
      cpu time            0.03 seconds
      

MPRINT(EM_TREE_MAKEPLOTDS):   data tempprob(keep=node statname statvalue rename=(statvalue=P_diagnosisM));
MPRINT(EM_TREE_MAKEPLOTDS):   set EMWS1.Tree7_OUTSTATS;
MPRINT(EM_TREE_MAKEPLOTDS):   if ((statname="PROBABILITY" or statname="VALID: PROBABILITY" ) AND (CATEGORY="M") );
MPRINT(EM_TREE_MAKEPLOTDS):   run;

NOTE: There were 63 observations read from the data set EMWS1.TREE7_OUTSTATS.
NOTE: The data set WORK.TEMPPROB has 18 observations and 3 variables.
NOTE: DATA statement used (Total process time):
      real time           0.01 seconds
      cpu time            0.01 seconds
      

MPRINT(EM_TREE_MAKEPLOTDS):   proc sort data=tempprob;
MPRINT(EM_TREE_MAKEPLOTDS):   by node;
MPRINT(EM_TREE_MAKEPLOTDS):   run;

NOTE: There were 18 observations read from the data set WORK.TEMPPROB.
NOTE: The data set WORK.TEMPPROB has 18 observations and 3 variables.
NOTE: PROCEDURE SORT used (Total process time):
      real time           0.02 seconds
      cpu time            0.01 seconds
      

MPRINT(EM_TREE_MAKEPLOTDS):   proc transpose data=tempprob out=tempprob(keep=NODE PROBABILITY VALID__PROBABILITY rename=(PROBABILITY=P_diagnosisM VALID__PROBABILITY=V_diagnosisM));
MPRINT(EM_TREE_MAKEPLOTDS):   by node;
MPRINT(EM_TREE_MAKEPLOTDS):   id statname;
MPRINT(EM_TREE_MAKEPLOTDS):   run;

NOTE: There were 18 observations read from the data set WORK.TEMPPROB.
NOTE: The data set WORK.TEMPPROB has 9 observations and 3 variables.
NOTE: PROCEDURE TRANSPOSE used (Total process time):
      real time           0.06 seconds
      cpu time            0.01 seconds
      

MPRINT(EM_TREE_MAKEPLOTDS):   proc sort data=tempprob;
MPRINT(EM_TREE_MAKEPLOTDS):   by node;
MPRINT(EM_TREE_MAKEPLOTDS):   run;

NOTE: There were 9 observations read from the data set WORK.TEMPPROB.
NOTE: The data set WORK.TEMPPROB has 9 observations and 3 variables.
NOTE: PROCEDURE SORT used (Total process time):
      real time           0.04 seconds
      cpu time            0.03 seconds
      

MPRINT(EM_TREE_MAKEPLOTDS):   data tempoutnodes;
MPRINT(EM_TREE_MAKEPLOTDS):   merge tempoutnodes tempprob;
MPRINT(EM_TREE_MAKEPLOTDS):   by node;
MPRINT(EM_TREE_MAKEPLOTDS):   run;

NOTE: There were 9 observations read from the data set WORK.TEMPOUTNODES.
NOTE: There were 9 observations read from the data set WORK.TEMPPROB.
NOTE: The data set WORK.TEMPOUTNODES has 9 observations and 26 variables.
NOTE: DATA statement used (Total process time):
      real time           0.02 seconds
      cpu time            0.00 seconds
      

MPRINT(EM_TREE_MAKEPLOTDS):   proc sort data=tempoutnodes out=tempnodes;
MPRINT(EM_TREE_MAKEPLOTDS):   by descending P_diagnosisM;
MPRINT(EM_TREE_MAKEPLOTDS):   run;

NOTE: There were 9 observations read from the data set WORK.TEMPOUTNODES.
NOTE: The data set WORK.TEMPNODES has 9 observations and 26 variables.
NOTE: PROCEDURE SORT used (Total process time):
      real time           0.03 seconds
      cpu time            0.01 seconds
      

MPRINT(EM_TREE_MAKEPLOTDS):   data tempnodes;
MPRINT(EM_TREE_MAKEPLOTDS):   retain traintotal validtotal;
MPRINT(EM_TREE_MAKEPLOTDS):   set tempnodes(where=(leaf ne . ));
MPRINT(EM_TREE_MAKEPLOTDS):   tprob=round(P_diagnosisM, .01);
MPRINT(EM_TREE_MAKEPLOTDS):   percevent_train=round(tprob*100, .01);
MPRINT(EM_TREE_MAKEPLOTDS):   perc_train=round((n/traintotal)*100, 0.01);
MPRINT(EM_TREE_MAKEPLOTDS):   if missing(perc_train) then perc_train = round(linkwidth*10, 0.01);
MPRINT(EM_TREE_MAKEPLOTDS):   vprob=round(V_diagnosisM, .01);
MPRINT(EM_TREE_MAKEPLOTDS):   percevent_valid=round(vprob*100, .01);
MPRINT(EM_TREE_MAKEPLOTDS):   perc_valid=round((vn/validtotal)*100, .01);
MPRINT(EM_TREE_MAKEPLOTDS):   index=_N_;
MPRINT(EM_TREE_MAKEPLOTDS):   keep node index tprob perc_train percevent_train vprob percevent_valid perc_valid ;
MPRINT(EM_TREE_MAKEPLOTDS):   run;

NOTE: There were 5 observations read from the data set WORK.TEMPNODES.
      WHERE leaf not = .;
NOTE: The data set WORK.TEMPNODES has 5 observations and 8 variables.
NOTE: DATA statement used (Total process time):
      real time           0.01 seconds
      cpu time            0.00 seconds
      

MPRINT(EM_TREE_MAKEPLOTDS):   proc sort data=tempnodes;
MPRINT(EM_TREE_MAKEPLOTDS):   by node;
MPRINT(EM_TREE_MAKEPLOTDS):   run;

NOTE: There were 5 observations read from the data set WORK.TEMPNODES.
NOTE: The data set WORK.TEMPNODES has 5 observations and 8 variables.
NOTE: PROCEDURE SORT used (Total process time):
      real time           0.03 seconds
      cpu time            0.00 seconds
      

MPRINT(EM_TREE_MAKEPLOTDS):   data EMWS1.Tree7_TREE_PLOT;
MPRINT(EM_TREE_MAKEPLOTDS):   merge EMWS1.Tree7_TREE_PLOT tempnodes;
MPRINT(EM_TREE_MAKEPLOTDS):   by node;
MPRINT(EM_TREE_MAKEPLOTDS):   if missing(node) then delete;
MPRINT(EM_TREE_MAKEPLOTDS):   abovetext = compbl(abovetext);
MPRINT(EM_TREE_MAKEPLOTDS):   label textall = "All Text" parent = "Parent Id" node = "Node Id" abovetext = "Above Text" traintotal = "Train Total" nodecolor =
MPRINT(EM_TREE_MAKEPLOTDS):   "Node Color" tprob = "Training Percent M" percevent_train = "Event Percentage" perc_train = "Percent Cases" index = "Index" validtotal = "Valid Total" VN =
MPRINT(EM_TREE_MAKEPLOTDS):   "Valid: Number of Observations" vprob = "Validation Percent M" perc_valid = "Valid: Percent Cases" percevent_valid = "Valid: Event Percentage" ;
MPRINT(EM_TREE_MAKEPLOTDS):   run;

NOTE: There were 9 observations read from the data set EMWS1.TREE7_TREE_PLOT.
NOTE: There were 5 observations read from the data set WORK.TEMPNODES.
NOTE: The data set EMWS1.TREE7_TREE_PLOT has 9 observations and 37 variables.
NOTE: DATA statement used (Total process time):
      real time           0.09 seconds
      cpu time            0.07 seconds
      

MPRINT(EM_TREE_MAKEPLOTDS):   proc datasets lib=work nolist;
MPRINT(EM_TREE_MAKEPLOTDS):   delete abovetext belowtext tempoutnodes tempmissing temp tempnodes tempstats;
MPRINT(EM_TREE_MAKEPLOTDS):   run;

NOTE: The file WORK.TEMP (memtype=DATA) was not found, but appears on a DELETE statement.
NOTE: The file WORK.TEMPSTATS (memtype=DATA) was not found, but appears on a DELETE statement.
NOTE: Deleting WORK.ABOVETEXT (memtype=DATA).
NOTE: Deleting WORK.BELOWTEXT (memtype=DATA).
NOTE: Deleting WORK.TEMPOUTNODES (memtype=DATA).
NOTE: Deleting WORK.TEMPMISSING (memtype=DATA).
NOTE: Deleting WORK.TEMPNODES (memtype=DATA).
MPRINT(EM_TREE_REPORT):  ;

NOTE: PROCEDURE DATASETS used (Total process time):
      real time           0.03 seconds
      cpu time            0.03 seconds
      

MPRINT(EM_REPORT):   data WORK.EM_USER_REPORT;
MPRINT(EM_REPORT):   retain id 0;
MPRINT(EM_REPORT):   id + 1;
MPRINT(EM_REPORT):   length VIEW 8 NAME $32 VALUE $400;
MPRINT(EM_REPORT):   NAME = "KEY";
MPRINT(EM_REPORT):   VALUE = "TREE_PLOT";
MPRINT(EM_REPORT):   VIEW = 0.35882125113104;
MPRINT(EM_REPORT):   output;
MPRINT(EM_REPORT):   NAME = "VIEWTYPE";
MPRINT(EM_REPORT):   VALUE = "DTree";
MPRINT(EM_REPORT):   VIEW = 0.35882125113104;
MPRINT(EM_REPORT):   output;
MPRINT(EM_REPORT):   NAME = "AUTODISPLAY";
MPRINT(EM_REPORT):   VALUE = "Y";
MPRINT(EM_REPORT):   VIEW = 0.35882125113104;
MPRINT(EM_REPORT):   output;
MPRINT(EM_REPORT):   NAME = "SPK";
MPRINT(EM_REPORT):   VALUE = "Y";
MPRINT(EM_REPORT):   VIEW = 0.35882125113104;
MPRINT(EM_REPORT):   output;
MPRINT(EM_REPORT):   NAME = "COMPARE";
MPRINT(EM_REPORT):   VALUE = "N";
MPRINT(EM_REPORT):   VIEW = 0.35882125113104;
MPRINT(EM_REPORT):   output;
MPRINT(EM_REPORT):   NAME = "LOCALIZE";
MPRINT(EM_REPORT):   VALUE = "N";
MPRINT(EM_REPORT):   VIEW = 0.35882125113104;
MPRINT(EM_REPORT):   output;
MPRINT(EM_REPORT):   NAME = "EQUALIZEROWX";
MPRINT(EM_REPORT):   VALUE = "N";
MPRINT(EM_REPORT):   VIEW = 0.35882125113104;
MPRINT(EM_REPORT):   output;
MPRINT(EM_REPORT):   NAME = "EQUALIZEROWY";
MPRINT(EM_REPORT):   VALUE = "N";
MPRINT(EM_REPORT):   VIEW = 0.35882125113104;
MPRINT(EM_REPORT):   output;
MPRINT(EM_REPORT):   NAME = "EQUALIZECOLX";
MPRINT(EM_REPORT):   VALUE = "N";
MPRINT(EM_REPORT):   VIEW = 0.35882125113104;
MPRINT(EM_REPORT):   output;
MPRINT(EM_REPORT):   NAME = "EQUALIZECOLY";
MPRINT(EM_REPORT):   VALUE = "N";
MPRINT(EM_REPORT):   VIEW = 0.35882125113104;
MPRINT(EM_REPORT):   output;
MPRINT(EM_REPORT):   NAME = "NROWS";
MPRINT(EM_REPORT):   VALUE = "";
MPRINT(EM_REPORT):   VIEW = 0.35882125113104;
MPRINT(EM_REPORT):   output;
MPRINT(EM_REPORT):   NAME = "NCOLS";
MPRINT(EM_REPORT):   VALUE = "";
MPRINT(EM_REPORT):   VIEW = 0.35882125113104;
MPRINT(EM_REPORT):   output;
MPRINT(EM_REPORT):   NAME = "DISCRETEX";
MPRINT(EM_REPORT):   VALUE = "";
MPRINT(EM_REPORT):   VIEW = 0.35882125113104;
MPRINT(EM_REPORT):   output;
MPRINT(EM_REPORT):   NAME = "DISCRETEY";
MPRINT(EM_REPORT):   VALUE = "";
MPRINT(EM_REPORT):   VIEW = 0.35882125113104;
MPRINT(EM_REPORT):   output;
MPRINT(EM_REPORT):   NAME = "LATTICEX";
MPRINT(EM_REPORT):   VALUE = "";
MPRINT(EM_REPORT):   VIEW = 0.35882125113104;
MPRINT(EM_REPORT):   output;
MPRINT(EM_REPORT):   NAME = "LATTICEY";
MPRINT(EM_REPORT):   VALUE = "";
MPRINT(EM_REPORT):   VIEW = 0.35882125113104;
MPRINT(EM_REPORT):   output;
MPRINT(EM_REPORT):   NAME = "LATTICETYPE";
MPRINT(EM_REPORT):   VALUE = "";
MPRINT(EM_REPORT):   VIEW = 0.35882125113104;
MPRINT(EM_REPORT):   output;
MPRINT(EM_REPORT):   NAME = "ABSOLUTEVALUE";
MPRINT(EM_REPORT):   VALUE = "";
MPRINT(EM_REPORT):   VIEW = 0.35882125113104;
MPRINT(EM_REPORT):   output;
MPRINT(EM_REPORT):   NAME = "SORTORDER";
MPRINT(EM_REPORT):   VALUE = "";
MPRINT(EM_REPORT):   VIEW = 0.35882125113104;
MPRINT(EM_REPORT):   output;
MPRINT(EM_REPORT):   NAME = "SORTORDERY";
MPRINT(EM_REPORT):   VALUE = "";
MPRINT(EM_REPORT):   VIEW = 0.35882125113104;
MPRINT(EM_REPORT):   output;
MPRINT(EM_REPORT):   NAME = "ORIENTATION";
MPRINT(EM_REPORT):   VALUE = "";
MPRINT(EM_REPORT):   VIEW = 0.35882125113104;
MPRINT(EM_REPORT):   output;
MPRINT(EM_REPORT):   NAME = "METHOD";
MPRINT(EM_REPORT):   VALUE = "";
MPRINT(EM_REPORT):   VIEW = 0.35882125113104;
MPRINT(EM_REPORT):   output;
MPRINT(EM_REPORT):   NAME = "DIRECTION";
MPRINT(EM_REPORT):   VALUE = "";
MPRINT(EM_REPORT):   VIEW = 0.35882125113104;
MPRINT(EM_REPORT):   output;
MPRINT(EM_REPORT):   NAME = "BYSET";
MPRINT(EM_REPORT):   VALUE = "";
MPRINT(EM_REPORT):   VIEW = 0.35882125113104;
MPRINT(EM_REPORT):   output;
MPRINT(EM_REPORT):   NAME = "RENDERMODE";
MPRINT(EM_REPORT):   VALUE = "";
MPRINT(EM_REPORT):   VIEW = 0.35882125113104;
MPRINT(EM_REPORT):   output;
MPRINT(EM_REPORT):   NAME = "DESCRIPTION";
MPRINT(EM_REPORT):   VALUE = "TREE";
MPRINT(EM_REPORT):   VIEW = 0.35882125113104;
MPRINT(EM_REPORT):   output;
MPRINT(EM_REPORT):   NAME = "X";
MPRINT(EM_REPORT):   VALUE = "";
MPRINT(EM_REPORT):   VIEW = 0.35882125113104;
MPRINT(EM_REPORT):   output;
MPRINT(EM_REPORT):   NAME = "EXCLUDEVARS";
MPRINT(EM_REPORT):   VALUE = "";
MPRINT(EM_REPORT):   VIEW = 0.35882125113104;
MPRINT(EM_REPORT):   output;
MPRINT(EM_REPORT):   NAME = "Z";
MPRINT(EM_REPORT):   VALUE = "";
MPRINT(EM_REPORT):   VIEW = 0.35882125113104;
MPRINT(EM_REPORT):   output;
MPRINT(EM_REPORT):   NAME = "YVARS";
MPRINT(EM_REPORT):   VALUE = "";
MPRINT(EM_REPORT):   VIEW = 0.35882125113104;
MPRINT(EM_REPORT):   output;
MPRINT(EM_REPORT):   NAME = "FREQVARS";
MPRINT(EM_REPORT):   VALUE = "";
MPRINT(EM_REPORT):   VIEW = 0.35882125113104;
MPRINT(EM_REPORT):   output;
MPRINT(EM_REPORT):   NAME = "AXIS";
MPRINT(EM_REPORT):   VALUE = "";
MPRINT(EM_REPORT):   VIEW = 0.35882125113104;
MPRINT(EM_REPORT):   output;
MPRINT(EM_REPORT):   NAME = "FREQ";
MPRINT(EM_REPORT):   VALUE = "";
MPRINT(EM_REPORT):   VIEW = 0.35882125113104;
MPRINT(EM_REPORT):   output;
MPRINT(EM_REPORT):   NAME = "GROUP";
MPRINT(EM_REPORT):   VALUE = "";
MPRINT(EM_REPORT):   VIEW = 0.35882125113104;
MPRINT(EM_REPORT):   output;
MPRINT(EM_REPORT):   NAME = "SUBGROUP";
MPRINT(EM_REPORT):   VALUE = "";
MPRINT(EM_REPORT):   VIEW = 0.35882125113104;
MPRINT(EM_REPORT):   output;
MPRINT(EM_REPORT):   NAME = "BLOCK";
MPRINT(EM_REPORT):   VALUE = "MODEL";
MPRINT(EM_REPORT):   VIEW = 0.35882125113104;
MPRINT(EM_REPORT):   output;
MPRINT(EM_REPORT):   NAME = "COLOR";
MPRINT(EM_REPORT):   VALUE = "";
MPRINT(EM_REPORT):   VIEW = 0.35882125113104;
MPRINT(EM_REPORT):   output;
MPRINT(EM_REPORT):   NAME = "COLORINDEX";
MPRINT(EM_REPORT):   VALUE = "";
MPRINT(EM_REPORT):   VIEW = 0.35882125113104;
MPRINT(EM_REPORT):   output;
MPRINT(EM_REPORT):   NAME = "TIPTEXT";
MPRINT(EM_REPORT):   VALUE = "TEXTALL";
MPRINT(EM_REPORT):   VIEW = 0.35882125113104;
MPRINT(EM_REPORT):   output;
MPRINT(EM_REPORT):   NAME = "TIP";
MPRINT(EM_REPORT):   VALUE = "";
MPRINT(EM_REPORT):   VIEW = 0.35882125113104;
MPRINT(EM_REPORT):   output;
MPRINT(EM_REPORT):   NAME = "TOOLTIP";
MPRINT(EM_REPORT):   VALUE = "";
MPRINT(EM_REPORT):   VIEW = 0.35882125113104;
MPRINT(EM_REPORT):   output;
MPRINT(EM_REPORT):   NAME = "REPORTID";
MPRINT(EM_REPORT):   VALUE = "";
MPRINT(EM_REPORT):   VIEW = 0.35882125113104;
MPRINT(EM_REPORT):   output;
MPRINT(EM_REPORT):   NAME = "IDVALUE";
MPRINT(EM_REPORT):   VALUE = "";
MPRINT(EM_REPORT):   VIEW = 0.35882125113104;
MPRINT(EM_REPORT):   output;
MPRINT(EM_REPORT):   NAME = "ID";
MPRINT(EM_REPORT):   VALUE = "NODE";
MPRINT(EM_REPORT):   VIEW = 0.35882125113104;
MPRINT(EM_REPORT):   output;
MPRINT(EM_REPORT):   NAME = "SIZE";
MPRINT(EM_REPORT):   VALUE = "";
MPRINT(EM_REPORT):   VIEW = 0.35882125113104;
MPRINT(EM_REPORT):   output;
MPRINT(EM_REPORT):   NAME = "FROM";
MPRINT(EM_REPORT):   VALUE = "";
MPRINT(EM_REPORT):   VIEW = 0.35882125113104;
MPRINT(EM_REPORT):   output;
MPRINT(EM_REPORT):   NAME = "TO";
MPRINT(EM_REPORT):   VALUE = "";
MPRINT(EM_REPORT):   VIEW = 0.35882125113104;
MPRINT(EM_REPORT):   output;
MPRINT(EM_REPORT):   NAME = "VALUE";
MPRINT(EM_REPORT):   VALUE = "";
MPRINT(EM_REPORT):   VIEW = 0.35882125113104;
MPRINT(EM_REPORT):   output;
MPRINT(EM_REPORT):   NAME = "VIEWS";
MPRINT(EM_REPORT):   VALUE = "";
MPRINT(EM_REPORT):   VIEW = 0.35882125113104;
MPRINT(EM_REPORT):   output;
MPRINT(EM_REPORT):   NAME = "PARENT";
MPRINT(EM_REPORT):   VALUE = "PARENT";
MPRINT(EM_REPORT):   VIEW = 0.35882125113104;
MPRINT(EM_REPORT):   output;
MPRINT(EM_REPORT):   NAME = "NODETEXT";
MPRINT(EM_REPORT):   VALUE = "NODETEXT";
MPRINT(EM_REPORT):   VIEW = 0.35882125113104;
MPRINT(EM_REPORT):   output;
MPRINT(EM_REPORT):   NAME = "ABOVETEXT";
MPRINT(EM_REPORT):   VALUE = "ABOVETEXT";
MPRINT(EM_REPORT):   VIEW = 0.35882125113104;
MPRINT(EM_REPORT):   output;
MPRINT(EM_REPORT):   NAME = "BELOWTEXT";
MPRINT(EM_REPORT):   VALUE = "BELOWTEXT";
MPRINT(EM_REPORT):   VIEW = 0.35882125113104;
MPRINT(EM_REPORT):   output;
MPRINT(EM_REPORT):   NAME = "NODESIZE";
MPRINT(EM_REPORT):   VALUE = "N";
MPRINT(EM_REPORT):   VIEW = 0.35882125113104;
MPRINT(EM_REPORT):   output;
MPRINT(EM_REPORT):   NAME = "STATS";
MPRINT(EM_REPORT):   VALUE = "";
MPRINT(EM_REPORT):   VIEW = 0.35882125113104;
MPRINT(EM_REPORT):   output;
MPRINT(EM_REPORT):   NAME = "CLASSDIST";
MPRINT(EM_REPORT):   VALUE = "";
MPRINT(EM_REPORT):   VIEW = 0.35882125113104;
MPRINT(EM_REPORT):   output;
MPRINT(EM_REPORT):   NAME = "INTDIST";
MPRINT(EM_REPORT):   VALUE = "";
MPRINT(EM_REPORT):   VIEW = 0.35882125113104;
MPRINT(EM_REPORT):   output;
MPRINT(EM_REPORT):   NAME = "FOLDER";
MPRINT(EM_REPORT):   VALUE = "";
MPRINT(EM_REPORT):   VIEW = 0.35882125113104;
MPRINT(EM_REPORT):   output;
MPRINT(EM_REPORT):   NAME = "YPLOTTYPE";
MPRINT(EM_REPORT):   VALUE = "";
MPRINT(EM_REPORT):   VIEW = 0.35882125113104;
MPRINT(EM_REPORT):   output;
MPRINT(EM_REPORT):   NAME = "XREF";
MPRINT(EM_REPORT):   VALUE = "";
MPRINT(EM_REPORT):   VIEW = 0.35882125113104;
MPRINT(EM_REPORT):   output;
MPRINT(EM_REPORT):   NAME = "XREF2";
MPRINT(EM_REPORT):   VALUE = "";
MPRINT(EM_REPORT):   VIEW = 0.35882125113104;
MPRINT(EM_REPORT):   output;
MPRINT(EM_REPORT):   NAME = "YREF";
MPRINT(EM_REPORT):   VALUE = "";
MPRINT(EM_REPORT):   VIEW = 0.35882125113104;
MPRINT(EM_REPORT):   output;
MPRINT(EM_REPORT):   NAME = "Y2REF";
MPRINT(EM_REPORT):   VALUE = "";
MPRINT(EM_REPORT):   VIEW = 0.35882125113104;
MPRINT(EM_REPORT):   output;
MPRINT(EM_REPORT):   NAME = "YREF2";
MPRINT(EM_REPORT):   VALUE = "";
MPRINT(EM_REPORT):   VIEW = 0.35882125113104;
MPRINT(EM_REPORT):   output;
MPRINT(EM_REPORT):   NAME = "Y2REF2";
MPRINT(EM_REPORT):   VALUE = "";
MPRINT(EM_REPORT):   VIEW = 0.35882125113104;
MPRINT(EM_REPORT):   output;
MPRINT(EM_REPORT):   NAME = "GROUPINDEX";
MPRINT(EM_REPORT):   VALUE = "";
MPRINT(EM_REPORT):   VIEW = 0.35882125113104;
MPRINT(EM_REPORT):   output;
MPRINT(EM_REPORT):   NAME = "JOIN";
MPRINT(EM_REPORT):   VALUE = "";
MPRINT(EM_REPORT):   VIEW = 0.35882125113104;
MPRINT(EM_REPORT):   output;
MPRINT(EM_REPORT):   NAME = "XEXCLUDE";
MPRINT(EM_REPORT):   VALUE = "";
MPRINT(EM_REPORT):   VIEW = 0.35882125113104;
MPRINT(EM_REPORT):   output;
MPRINT(EM_REPORT):   NAME = "FREQEXCLUDE";
MPRINT(EM_REPORT):   VALUE = "";
MPRINT(EM_REPORT):   VIEW = 0.35882125113104;
MPRINT(EM_REPORT):   output;
MPRINT(EM_REPORT):   NAME = "YEXCLUDE";
MPRINT(EM_REPORT):   VALUE = "";
MPRINT(EM_REPORT):   VIEW = 0.35882125113104;
MPRINT(EM_REPORT):   output;
MPRINT(EM_REPORT):   NAME = "NAME";
MPRINT(EM_REPORT):   VALUE = "";
MPRINT(EM_REPORT):   VIEW = 0.35882125113104;
MPRINT(EM_REPORT):   output;
MPRINT(EM_REPORT):   NAME = "HEIGHT";
MPRINT(EM_REPORT):   VALUE = "";
MPRINT(EM_REPORT):   VIEW = 0.35882125113104;
MPRINT(EM_REPORT):   output;
MPRINT(EM_REPORT):   NAME = "WIDTH";
MPRINT(EM_REPORT):   VALUE = "";
MPRINT(EM_REPORT):   VIEW = 0.35882125113104;
MPRINT(EM_REPORT):   output;
MPRINT(EM_REPORT):   NAME = "XAXISLABEL";
MPRINT(EM_REPORT):   VALUE = "";
MPRINT(EM_REPORT):   VIEW = 0.35882125113104;
MPRINT(EM_REPORT):   output;
MPRINT(EM_REPORT):   NAME = "Y2AXISLABEL";
MPRINT(EM_REPORT):   VALUE = "";
MPRINT(EM_REPORT):   VIEW = 0.35882125113104;
MPRINT(EM_REPORT):   output;
MPRINT(EM_REPORT):   NAME = "YAXISLABEL";
MPRINT(EM_REPORT):   VALUE = "";
MPRINT(EM_REPORT):   VIEW = 0.35882125113104;
MPRINT(EM_REPORT):   output;
MPRINT(EM_REPORT):   NAME = "DISPLAYXLABEL";
MPRINT(EM_REPORT):   VALUE = "Y";
MPRINT(EM_REPORT):   VIEW = 0.35882125113104;
MPRINT(EM_REPORT):   output;
MPRINT(EM_REPORT):   NAME = "DISPLAYYLABEL";
MPRINT(EM_REPORT):   VALUE = "Y";
MPRINT(EM_REPORT):   VIEW = 0.35882125113104;
MPRINT(EM_REPORT):   output;
MPRINT(EM_REPORT):   NAME = "CHOICETEXT";
MPRINT(EM_REPORT):   VALUE = "";
MPRINT(EM_REPORT):   VIEW = 0.35882125113104;
MPRINT(EM_REPORT):   output;
MPRINT(EM_REPORT):   NAME = "SEGMENTVALUE";
MPRINT(EM_REPORT):   VALUE = "";
MPRINT(EM_REPORT):   VIEW = 0.35882125113104;
MPRINT(EM_REPORT):   output;
MPRINT(EM_REPORT):   NAME = "LOWERBAND";
MPRINT(EM_REPORT):   VALUE = "";
MPRINT(EM_REPORT):   VIEW = 0.35882125113104;
MPRINT(EM_REPORT):   output;
MPRINT(EM_REPORT):   NAME = "UPPERBAND";
MPRINT(EM_REPORT):   VALUE = "";
MPRINT(EM_REPORT):   VIEW = 0.35882125113104;
MPRINT(EM_REPORT):   output;
MPRINT(EM_REPORT):   NAME = "YLINE";
MPRINT(EM_REPORT):   VALUE = "";
MPRINT(EM_REPORT):   VIEW = 0.35882125113104;
MPRINT(EM_REPORT):   output;
MPRINT(EM_REPORT):   NAME = "LINKKEY";
MPRINT(EM_REPORT):   VALUE = "";
MPRINT(EM_REPORT):   VIEW = 0.35882125113104;
MPRINT(EM_REPORT):   output;
MPRINT(EM_REPORT):   NAME = "NODEKEY";
MPRINT(EM_REPORT):   VALUE = "";
MPRINT(EM_REPORT):   VIEW = 0.35882125113104;
MPRINT(EM_REPORT):   output;
MPRINT(EM_REPORT):   NAME = "NODEID";
MPRINT(EM_REPORT):   VALUE = "";
MPRINT(EM_REPORT):   VIEW = 0.35882125113104;
MPRINT(EM_REPORT):   output;
MPRINT(EM_REPORT):   NAME = "NODEVALUE";
MPRINT(EM_REPORT):   VALUE = "";
MPRINT(EM_REPORT):   VIEW = 0.35882125113104;
MPRINT(EM_REPORT):   output;
MPRINT(EM_REPORT):   NAME = "NODECOLOR";
MPRINT(EM_REPORT):   VALUE = "NODECOLOR";
MPRINT(EM_REPORT):   VIEW = 0.35882125113104;
MPRINT(EM_REPORT):   output;
MPRINT(EM_REPORT):   NAME = "NODESHAPE";
MPRINT(EM_REPORT):   VALUE = "";
MPRINT(EM_REPORT):   VIEW = 0.35882125113104;
MPRINT(EM_REPORT):   output;
MPRINT(EM_REPORT):   NAME = "NODESHAPEVAR";
MPRINT(EM_REPORT):   VALUE = "";
MPRINT(EM_REPORT):   VIEW = 0.35882125113104;
MPRINT(EM_REPORT):   output;
MPRINT(EM_REPORT):   NAME = "NODELABEL";
MPRINT(EM_REPORT):   VALUE = "";
MPRINT(EM_REPORT):   VIEW = 0.35882125113104;
MPRINT(EM_REPORT):   output;
MPRINT(EM_REPORT):   NAME = "NODETIP";
MPRINT(EM_REPORT):   VALUE = "";
MPRINT(EM_REPORT):   VIEW = 0.35882125113104;
MPRINT(EM_REPORT):   output;
MPRINT(EM_REPORT):   NAME = "LINKID";
MPRINT(EM_REPORT):   VALUE = "";
MPRINT(EM_REPORT):   VIEW = 0.35882125113104;
MPRINT(EM_REPORT):   output;
MPRINT(EM_REPORT):   NAME = "LINKVALUE";
MPRINT(EM_REPORT):   VALUE = "";
MPRINT(EM_REPORT):   VIEW = 0.35882125113104;
MPRINT(EM_REPORT):   output;
MPRINT(EM_REPORT):   NAME = "LINKFROM";
MPRINT(EM_REPORT):   VALUE = "";
MPRINT(EM_REPORT):   VIEW = 0.35882125113104;
MPRINT(EM_REPORT):   output;
MPRINT(EM_REPORT):   NAME = "LINKTO";
MPRINT(EM_REPORT):   VALUE = "";
MPRINT(EM_REPORT):   VIEW = 0.35882125113104;
MPRINT(EM_REPORT):   output;
MPRINT(EM_REPORT):   NAME = "LINKCOLOR";
MPRINT(EM_REPORT):   VALUE = "";
MPRINT(EM_REPORT):   VIEW = 0.35882125113104;
MPRINT(EM_REPORT):   output;
MPRINT(EM_REPORT):   NAME = "LINKWIDTH";
MPRINT(EM_REPORT):   VALUE = "LINKWIDTH";
MPRINT(EM_REPORT):   VIEW = 0.35882125113104;
MPRINT(EM_REPORT):   output;
MPRINT(EM_REPORT):   NAME = "LINKTIP";
MPRINT(EM_REPORT):   VALUE = "";
MPRINT(EM_REPORT):   VIEW = 0.35882125113104;
MPRINT(EM_REPORT):   output;
MPRINT(EM_REPORT):   NAME = "XFROM";
MPRINT(EM_REPORT):   VALUE = "";
MPRINT(EM_REPORT):   VIEW = 0.35882125113104;
MPRINT(EM_REPORT):   output;
MPRINT(EM_REPORT):   NAME = "XTO";
MPRINT(EM_REPORT):   VALUE = "";
MPRINT(EM_REPORT):   VIEW = 0.35882125113104;
MPRINT(EM_REPORT):   output;
MPRINT(EM_REPORT):   NAME = "YFROM";
MPRINT(EM_REPORT):   VALUE = "";
MPRINT(EM_REPORT):   VIEW = 0.35882125113104;
MPRINT(EM_REPORT):   output;
MPRINT(EM_REPORT):   NAME = "YTO";
MPRINT(EM_REPORT):   VALUE = "";
MPRINT(EM_REPORT):   VIEW = 0.35882125113104;
MPRINT(EM_REPORT):   output;
MPRINT(EM_REPORT):   NAME = "MATRIXVAR";
MPRINT(EM_REPORT):   VALUE = "";
MPRINT(EM_REPORT):   VIEW = 0.35882125113104;
MPRINT(EM_REPORT):   output;
MPRINT(EM_REPORT):   NAME = "RESPONSE";
MPRINT(EM_REPORT):   VALUE = "";
MPRINT(EM_REPORT):   VIEW = 0.35882125113104;
MPRINT(EM_REPORT):   output;
MPRINT(EM_REPORT):   NAME = "SERIES";
MPRINT(EM_REPORT):   VALUE = "";
MPRINT(EM_REPORT):   VIEW = 0.35882125113104;
MPRINT(EM_REPORT):   output;
MPRINT(EM_REPORT):   NAME = "DESCARG";
MPRINT(EM_REPORT):   VALUE = "";
MPRINT(EM_REPORT):   VIEW = 0.35882125113104;
MPRINT(EM_REPORT):   output;
MPRINT(EM_REPORT):   NAME = "SLIDER";
MPRINT(EM_REPORT):   VALUE = "";
MPRINT(EM_REPORT):   VIEW = 0.35882125113104;
MPRINT(EM_REPORT):   output;
MPRINT(EM_REPORT):   NAME = "MarkerSize";
MPRINT(EM_REPORT):   VALUE = "";
MPRINT(EM_REPORT):   VIEW = 0.35882125113104;
MPRINT(EM_REPORT):   output;
MPRINT(EM_REPORT):   NAME = "Marker";
MPRINT(EM_REPORT):   VALUE = "";
MPRINT(EM_REPORT):   VIEW = 0.35882125113104;
MPRINT(EM_REPORT):   output;
MPRINT(EM_REPORT):   NAME = "Y1";
MPRINT(EM_REPORT):   VALUE = "";
MPRINT(EM_REPORT):   VIEW = 0.35882125113104;
MPRINT(EM_REPORT):   output;
MPRINT(EM_REPORT):   NAME = "Y2";
MPRINT(EM_REPORT):   VALUE = "";
MPRINT(EM_REPORT):   VIEW = 0.35882125113104;
MPRINT(EM_REPORT):   output;
MPRINT(EM_REPORT):   NAME = "Y3";
MPRINT(EM_REPORT):   VALUE = "";
MPRINT(EM_REPORT):   VIEW = 0.35882125113104;
MPRINT(EM_REPORT):   output;
MPRINT(EM_REPORT):   NAME = "Y4";
MPRINT(EM_REPORT):   VALUE = "";
MPRINT(EM_REPORT):   VIEW = 0.35882125113104;
MPRINT(EM_REPORT):   output;
MPRINT(EM_REPORT):   NAME = "Y5";
MPRINT(EM_REPORT):   VALUE = "";
MPRINT(EM_REPORT):   VIEW = 0.35882125113104;
MPRINT(EM_REPORT):   output;
MPRINT(EM_REPORT):   NAME = "Y6";
MPRINT(EM_REPORT):   VALUE = "";
MPRINT(EM_REPORT):   VIEW = 0.35882125113104;
MPRINT(EM_REPORT):   output;
MPRINT(EM_REPORT):   NAME = "Y7";
MPRINT(EM_REPORT):   VALUE = "";
MPRINT(EM_REPORT):   VIEW = 0.35882125113104;
MPRINT(EM_REPORT):   output;
MPRINT(EM_REPORT):   NAME = "Y8";
MPRINT(EM_REPORT):   VALUE = "";
MPRINT(EM_REPORT):   VIEW = 0.35882125113104;
MPRINT(EM_REPORT):   output;
MPRINT(EM_REPORT):   NAME = "Y9";
MPRINT(EM_REPORT):   VALUE = "";
MPRINT(EM_REPORT):   VIEW = 0.35882125113104;
MPRINT(EM_REPORT):   output;
MPRINT(EM_REPORT):   NAME = "Y10";
MPRINT(EM_REPORT):   VALUE = "";
MPRINT(EM_REPORT):   VIEW = 0.35882125113104;
MPRINT(EM_REPORT):   output;
MPRINT(EM_REPORT):   NAME = "Y11";
MPRINT(EM_REPORT):   VALUE = "";
MPRINT(EM_REPORT):   VIEW = 0.35882125113104;
MPRINT(EM_REPORT):   output;
MPRINT(EM_REPORT):   NAME = "Y12";
MPRINT(EM_REPORT):   VALUE = "";
MPRINT(EM_REPORT):   VIEW = 0.35882125113104;
MPRINT(EM_REPORT):   output;
MPRINT(EM_REPORT):   NAME = "Y13";
MPRINT(EM_REPORT):   VALUE = "";
MPRINT(EM_REPORT):   VIEW = 0.35882125113104;
MPRINT(EM_REPORT):   output;
MPRINT(EM_REPORT):   NAME = "Y14";
MPRINT(EM_REPORT):   VALUE = "";
MPRINT(EM_REPORT):   VIEW = 0.35882125113104;
MPRINT(EM_REPORT):   output;
MPRINT(EM_REPORT):   NAME = "Y15";
MPRINT(EM_REPORT):   VALUE = "";
MPRINT(EM_REPORT):   VIEW = 0.35882125113104;
MPRINT(EM_REPORT):   output;
MPRINT(EM_REPORT):   NAME = "Y16";
MPRINT(EM_REPORT):   VALUE = "";
MPRINT(EM_REPORT):   VIEW = 0.35882125113104;
MPRINT(EM_REPORT):   output;
MPRINT(EM_REPORT):   NAME = "TITLE";
MPRINT(EM_REPORT):   VALUE = "";
MPRINT(EM_REPORT):   VIEW = 0.35882125113104;
MPRINT(EM_REPORT):   output;
MPRINT(EM_REPORT):   NAME = "LEGEND";
MPRINT(EM_REPORT):   VALUE = "";
MPRINT(EM_REPORT):   VIEW = 0.35882125113104;
MPRINT(EM_REPORT):   output;
MPRINT(EM_REPORT):   NAME = "LEGENDTITLE";
MPRINT(EM_REPORT):   VALUE = "";
MPRINT(EM_REPORT):   VIEW = 0.35882125113104;
MPRINT(EM_REPORT):   output;
MPRINT(EM_REPORT):   NAME = "SHAPE";
MPRINT(EM_REPORT):   VALUE = "";
MPRINT(EM_REPORT):   VIEW = 0.35882125113104;
MPRINT(EM_REPORT):   output;
MPRINT(EM_REPORT):   NAME = "METHOD";
MPRINT(EM_REPORT):   VALUE = "";
MPRINT(EM_REPORT):   VIEW = 0.35882125113104;
MPRINT(EM_REPORT):   output;
MPRINT(EM_REPORT):   NAME = "NOBINMISS";
MPRINT(EM_REPORT):   VALUE = "";
MPRINT(EM_REPORT):   VIEW = 0.35882125113104;
MPRINT(EM_REPORT):   output;
MPRINT(EM_REPORT):   run;

NOTE: The data set WORK.EM_USER_REPORT has 132 observations and 4 variables.
NOTE: DATA statement used (Total process time):
      real time           0.04 seconds
      cpu time            0.04 seconds
      

MPRINT(EM_TREE_REPORT):  ;
MPRINT(EM_REPORT):   data WORK.EM_USER_REPORT;
MPRINT(EM_REPORT):   set WORK.EM_USER_REPORT end=eof;
MPRINT(EM_REPORT):   output;
MPRINT(EM_REPORT):   if eof then do;
MPRINT(EM_REPORT):   id+1;
MPRINT(EM_REPORT):   NAME = "KEY";
MPRINT(EM_REPORT):   VALUE = "TREE_PLOT";
MPRINT(EM_REPORT):   VIEW = 0.96345331704404;
MPRINT(EM_REPORT):   output;
MPRINT(EM_REPORT):   NAME = "VIEWTYPE";
MPRINT(EM_REPORT):   VALUE = "Icicle";
MPRINT(EM_REPORT):   VIEW = 0.96345331704404;
MPRINT(EM_REPORT):   output;
MPRINT(EM_REPORT):   NAME = "AUTODISPLAY";
MPRINT(EM_REPORT):   VALUE = "Y";
MPRINT(EM_REPORT):   VIEW = 0.96345331704404;
MPRINT(EM_REPORT):   output;
MPRINT(EM_REPORT):   NAME = "SPK";
MPRINT(EM_REPORT):   VALUE = "Y";
MPRINT(EM_REPORT):   VIEW = 0.96345331704404;
MPRINT(EM_REPORT):   output;
MPRINT(EM_REPORT):   NAME = "COMPARE";
MPRINT(EM_REPORT):   VALUE = "N";
MPRINT(EM_REPORT):   VIEW = 0.96345331704404;
MPRINT(EM_REPORT):   output;
MPRINT(EM_REPORT):   NAME = "LOCALIZE";
MPRINT(EM_REPORT):   VALUE = "N";
MPRINT(EM_REPORT):   VIEW = 0.96345331704404;
MPRINT(EM_REPORT):   output;
MPRINT(EM_REPORT):   NAME = "EQUALIZEROWX";
MPRINT(EM_REPORT):   VALUE = "N";
MPRINT(EM_REPORT):   VIEW = 0.96345331704404;
MPRINT(EM_REPORT):   output;
MPRINT(EM_REPORT):   NAME = "EQUALIZEROWY";
MPRINT(EM_REPORT):   VALUE = "N";
MPRINT(EM_REPORT):   VIEW = 0.96345331704404;
MPRINT(EM_REPORT):   output;
MPRINT(EM_REPORT):   NAME = "EQUALIZECOLX";
MPRINT(EM_REPORT):   VALUE = "N";
MPRINT(EM_REPORT):   VIEW = 0.96345331704404;
MPRINT(EM_REPORT):   output;
MPRINT(EM_REPORT):   NAME = "EQUALIZECOLY";
MPRINT(EM_REPORT):   VALUE = "N";
MPRINT(EM_REPORT):   VIEW = 0.96345331704404;
MPRINT(EM_REPORT):   output;
MPRINT(EM_REPORT):   NAME = "NROWS";
MPRINT(EM_REPORT):   VALUE = "";
MPRINT(EM_REPORT):   VIEW = 0.96345331704404;
MPRINT(EM_REPORT):   output;
MPRINT(EM_REPORT):   NAME = "NCOLS";
MPRINT(EM_REPORT):   VALUE = "";
MPRINT(EM_REPORT):   VIEW = 0.96345331704404;
MPRINT(EM_REPORT):   output;
MPRINT(EM_REPORT):   NAME = "DISCRETEX";
MPRINT(EM_REPORT):   VALUE = "";
MPRINT(EM_REPORT):   VIEW = 0.96345331704404;
MPRINT(EM_REPORT):   output;
MPRINT(EM_REPORT):   NAME = "DISCRETEY";
MPRINT(EM_REPORT):   VALUE = "";
MPRINT(EM_REPORT):   VIEW = 0.96345331704404;
MPRINT(EM_REPORT):   output;
MPRINT(EM_REPORT):   NAME = "LATTICEX";
MPRINT(EM_REPORT):   VALUE = "";
MPRINT(EM_REPORT):   VIEW = 0.96345331704404;
MPRINT(EM_REPORT):   output;
MPRINT(EM_REPORT):   NAME = "LATTICEY";
MPRINT(EM_REPORT):   VALUE = "";
MPRINT(EM_REPORT):   VIEW = 0.96345331704404;
MPRINT(EM_REPORT):   output;
MPRINT(EM_REPORT):   NAME = "LATTICETYPE";
MPRINT(EM_REPORT):   VALUE = "";
MPRINT(EM_REPORT):   VIEW = 0.96345331704404;
MPRINT(EM_REPORT):   output;
MPRINT(EM_REPORT):   NAME = "ABSOLUTEVALUE";
MPRINT(EM_REPORT):   VALUE = "";
MPRINT(EM_REPORT):   VIEW = 0.96345331704404;
MPRINT(EM_REPORT):   output;
MPRINT(EM_REPORT):   NAME = "SORTORDER";
MPRINT(EM_REPORT):   VALUE = "";
MPRINT(EM_REPORT):   VIEW = 0.96345331704404;
MPRINT(EM_REPORT):   output;
MPRINT(EM_REPORT):   NAME = "SORTORDERY";
MPRINT(EM_REPORT):   VALUE = "";
MPRINT(EM_REPORT):   VIEW = 0.96345331704404;
MPRINT(EM_REPORT):   output;
MPRINT(EM_REPORT):   NAME = "ORIENTATION";
MPRINT(EM_REPORT):   VALUE = "";
MPRINT(EM_REPORT):   VIEW = 0.96345331704404;
MPRINT(EM_REPORT):   output;
MPRINT(EM_REPORT):   NAME = "METHOD";
MPRINT(EM_REPORT):   VALUE = "";
MPRINT(EM_REPORT):   VIEW = 0.96345331704404;
MPRINT(EM_REPORT):   output;
MPRINT(EM_REPORT):   NAME = "DIRECTION";
MPRINT(EM_REPORT):   VALUE = "";
MPRINT(EM_REPORT):   VIEW = 0.96345331704404;
MPRINT(EM_REPORT):   output;
MPRINT(EM_REPORT):   NAME = "BYSET";
MPRINT(EM_REPORT):   VALUE = "";
MPRINT(EM_REPORT):   VIEW = 0.96345331704404;
MPRINT(EM_REPORT):   output;
MPRINT(EM_REPORT):   NAME = "RENDERMODE";
MPRINT(EM_REPORT):   VALUE = "";
MPRINT(EM_REPORT):   VIEW = 0.96345331704404;
MPRINT(EM_REPORT):   output;
MPRINT(EM_REPORT):   NAME = "DESCRIPTION";
MPRINT(EM_REPORT):   VALUE = "ICICLE";
MPRINT(EM_REPORT):   VIEW = 0.96345331704404;
MPRINT(EM_REPORT):   output;
MPRINT(EM_REPORT):   NAME = "X";
MPRINT(EM_REPORT):   VALUE = "";
MPRINT(EM_REPORT):   VIEW = 0.96345331704404;
MPRINT(EM_REPORT):   output;
MPRINT(EM_REPORT):   NAME = "EXCLUDEVARS";
MPRINT(EM_REPORT):   VALUE = "";
MPRINT(EM_REPORT):   VIEW = 0.96345331704404;
MPRINT(EM_REPORT):   output;
MPRINT(EM_REPORT):   NAME = "Z";
MPRINT(EM_REPORT):   VALUE = "";
MPRINT(EM_REPORT):   VIEW = 0.96345331704404;
MPRINT(EM_REPORT):   output;
MPRINT(EM_REPORT):   NAME = "YVARS";
MPRINT(EM_REPORT):   VALUE = "";
MPRINT(EM_REPORT):   VIEW = 0.96345331704404;
MPRINT(EM_REPORT):   output;
MPRINT(EM_REPORT):   NAME = "FREQVARS";
MPRINT(EM_REPORT):   VALUE = "";
MPRINT(EM_REPORT):   VIEW = 0.96345331704404;
MPRINT(EM_REPORT):   output;
MPRINT(EM_REPORT):   NAME = "AXIS";
MPRINT(EM_REPORT):   VALUE = "";
MPRINT(EM_REPORT):   VIEW = 0.96345331704404;
MPRINT(EM_REPORT):   output;
MPRINT(EM_REPORT):   NAME = "FREQ";
MPRINT(EM_REPORT):   VALUE = "";
MPRINT(EM_REPORT):   VIEW = 0.96345331704404;
MPRINT(EM_REPORT):   output;
MPRINT(EM_REPORT):   NAME = "GROUP";
MPRINT(EM_REPORT):   VALUE = "";
MPRINT(EM_REPORT):   VIEW = 0.96345331704404;
MPRINT(EM_REPORT):   output;
MPRINT(EM_REPORT):   NAME = "SUBGROUP";
MPRINT(EM_REPORT):   VALUE = "";
MPRINT(EM_REPORT):   VIEW = 0.96345331704404;
MPRINT(EM_REPORT):   output;
MPRINT(EM_REPORT):   NAME = "BLOCK";
MPRINT(EM_REPORT):   VALUE = "MODEL";
MPRINT(EM_REPORT):   VIEW = 0.96345331704404;
MPRINT(EM_REPORT):   output;
MPRINT(EM_REPORT):   NAME = "COLOR";
MPRINT(EM_REPORT):   VALUE = "";
MPRINT(EM_REPORT):   VIEW = 0.96345331704404;
MPRINT(EM_REPORT):   output;
MPRINT(EM_REPORT):   NAME = "COLORINDEX";
MPRINT(EM_REPORT):   VALUE = "";
MPRINT(EM_REPORT):   VIEW = 0.96345331704404;
MPRINT(EM_REPORT):   output;
MPRINT(EM_REPORT):   NAME = "TIPTEXT";
MPRINT(EM_REPORT):   VALUE = "TEXTALL";
MPRINT(EM_REPORT):   VIEW = 0.96345331704404;
MPRINT(EM_REPORT):   output;
MPRINT(EM_REPORT):   NAME = "TIP";
MPRINT(EM_REPORT):   VALUE = "";
MPRINT(EM_REPORT):   VIEW = 0.96345331704404;
MPRINT(EM_REPORT):   output;
MPRINT(EM_REPORT):   NAME = "TOOLTIP";
MPRINT(EM_REPORT):   VALUE = "";
MPRINT(EM_REPORT):   VIEW = 0.96345331704404;
MPRINT(EM_REPORT):   output;
MPRINT(EM_REPORT):   NAME = "REPORTID";
MPRINT(EM_REPORT):   VALUE = "";
MPRINT(EM_REPORT):   VIEW = 0.96345331704404;
MPRINT(EM_REPORT):   output;
MPRINT(EM_REPORT):   NAME = "IDVALUE";
MPRINT(EM_REPORT):   VALUE = "";
MPRINT(EM_REPORT):   VIEW = 0.96345331704404;
MPRINT(EM_REPORT):   output;
MPRINT(EM_REPORT):   NAME = "ID";
MPRINT(EM_REPORT):   VALUE = "NODE";
MPRINT(EM_REPORT):   VIEW = 0.96345331704404;
MPRINT(EM_REPORT):   output;
MPRINT(EM_REPORT):   NAME = "SIZE";
MPRINT(EM_REPORT):   VALUE = "";
MPRINT(EM_REPORT):   VIEW = 0.96345331704404;
MPRINT(EM_REPORT):   output;
MPRINT(EM_REPORT):   NAME = "FROM";
MPRINT(EM_REPORT):   VALUE = "";
MPRINT(EM_REPORT):   VIEW = 0.96345331704404;
MPRINT(EM_REPORT):   output;
MPRINT(EM_REPORT):   NAME = "TO";
MPRINT(EM_REPORT):   VALUE = "";
MPRINT(EM_REPORT):   VIEW = 0.96345331704404;
MPRINT(EM_REPORT):   output;
MPRINT(EM_REPORT):   NAME = "VALUE";
MPRINT(EM_REPORT):   VALUE = "";
MPRINT(EM_REPORT):   VIEW = 0.96345331704404;
MPRINT(EM_REPORT):   output;
MPRINT(EM_REPORT):   NAME = "VIEWS";
MPRINT(EM_REPORT):   VALUE = "";
MPRINT(EM_REPORT):   VIEW = 0.96345331704404;
MPRINT(EM_REPORT):   output;
MPRINT(EM_REPORT):   NAME = "PARENT";
MPRINT(EM_REPORT):   VALUE = "PARENT";
MPRINT(EM_REPORT):   VIEW = 0.96345331704404;
MPRINT(EM_REPORT):   output;
MPRINT(EM_REPORT):   NAME = "NODETEXT";
MPRINT(EM_REPORT):   VALUE = "NODETEXT";
MPRINT(EM_REPORT):   VIEW = 0.96345331704404;
MPRINT(EM_REPORT):   output;
MPRINT(EM_REPORT):   NAME = "ABOVETEXT";
MPRINT(EM_REPORT):   VALUE = "";
MPRINT(EM_REPORT):   VIEW = 0.96345331704404;
MPRINT(EM_REPORT):   output;
MPRINT(EM_REPORT):   NAME = "BELOWTEXT";
MPRINT(EM_REPORT):   VALUE = "";
MPRINT(EM_REPORT):   VIEW = 0.96345331704404;
MPRINT(EM_REPORT):   output;
MPRINT(EM_REPORT):   NAME = "NODESIZE";
MPRINT(EM_REPORT):   VALUE = "N";
MPRINT(EM_REPORT):   VIEW = 0.96345331704404;
MPRINT(EM_REPORT):   output;
MPRINT(EM_REPORT):   NAME = "STATS";
MPRINT(EM_REPORT):   VALUE = "";
MPRINT(EM_REPORT):   VIEW = 0.96345331704404;
MPRINT(EM_REPORT):   output;
MPRINT(EM_REPORT):   NAME = "CLASSDIST";
MPRINT(EM_REPORT):   VALUE = "";
MPRINT(EM_REPORT):   VIEW = 0.96345331704404;
MPRINT(EM_REPORT):   output;
MPRINT(EM_REPORT):   NAME = "INTDIST";
MPRINT(EM_REPORT):   VALUE = "";
MPRINT(EM_REPORT):   VIEW = 0.96345331704404;
MPRINT(EM_REPORT):   output;
MPRINT(EM_REPORT):   NAME = "FOLDER";
MPRINT(EM_REPORT):   VALUE = "";
MPRINT(EM_REPORT):   VIEW = 0.96345331704404;
MPRINT(EM_REPORT):   output;
MPRINT(EM_REPORT):   NAME = "YPLOTTYPE";
MPRINT(EM_REPORT):   VALUE = "";
MPRINT(EM_REPORT):   VIEW = 0.96345331704404;
MPRINT(EM_REPORT):   output;
MPRINT(EM_REPORT):   NAME = "XREF";
MPRINT(EM_REPORT):   VALUE = "";
MPRINT(EM_REPORT):   VIEW = 0.96345331704404;
MPRINT(EM_REPORT):   output;
MPRINT(EM_REPORT):   NAME = "XREF2";
MPRINT(EM_REPORT):   VALUE = "";
MPRINT(EM_REPORT):   VIEW = 0.96345331704404;
MPRINT(EM_REPORT):   output;
MPRINT(EM_REPORT):   NAME = "YREF";
MPRINT(EM_REPORT):   VALUE = "";
MPRINT(EM_REPORT):   VIEW = 0.96345331704404;
MPRINT(EM_REPORT):   output;
MPRINT(EM_REPORT):   NAME = "Y2REF";
MPRINT(EM_REPORT):   VALUE = "";
MPRINT(EM_REPORT):   VIEW = 0.96345331704404;
MPRINT(EM_REPORT):   output;
MPRINT(EM_REPORT):   NAME = "YREF2";
MPRINT(EM_REPORT):   VALUE = "";
MPRINT(EM_REPORT):   VIEW = 0.96345331704404;
MPRINT(EM_REPORT):   output;
MPRINT(EM_REPORT):   NAME = "Y2REF2";
MPRINT(EM_REPORT):   VALUE = "";
MPRINT(EM_REPORT):   VIEW = 0.96345331704404;
MPRINT(EM_REPORT):   output;
MPRINT(EM_REPORT):   NAME = "GROUPINDEX";
MPRINT(EM_REPORT):   VALUE = "";
MPRINT(EM_REPORT):   VIEW = 0.96345331704404;
MPRINT(EM_REPORT):   output;
MPRINT(EM_REPORT):   NAME = "JOIN";
MPRINT(EM_REPORT):   VALUE = "";
MPRINT(EM_REPORT):   VIEW = 0.96345331704404;
MPRINT(EM_REPORT):   output;
MPRINT(EM_REPORT):   NAME = "XEXCLUDE";
MPRINT(EM_REPORT):   VALUE = "";
MPRINT(EM_REPORT):   VIEW = 0.96345331704404;
MPRINT(EM_REPORT):   output;
MPRINT(EM_REPORT):   NAME = "FREQEXCLUDE";
MPRINT(EM_REPORT):   VALUE = "";
MPRINT(EM_REPORT):   VIEW = 0.96345331704404;
MPRINT(EM_REPORT):   output;
MPRINT(EM_REPORT):   NAME = "YEXCLUDE";
MPRINT(EM_REPORT):   VALUE = "";
MPRINT(EM_REPORT):   VIEW = 0.96345331704404;
MPRINT(EM_REPORT):   output;
MPRINT(EM_REPORT):   NAME = "NAME";
MPRINT(EM_REPORT):   VALUE = "";
MPRINT(EM_REPORT):   VIEW = 0.96345331704404;
MPRINT(EM_REPORT):   output;
MPRINT(EM_REPORT):   NAME = "HEIGHT";
MPRINT(EM_REPORT):   VALUE = "";
MPRINT(EM_REPORT):   VIEW = 0.96345331704404;
MPRINT(EM_REPORT):   output;
MPRINT(EM_REPORT):   NAME = "WIDTH";
MPRINT(EM_REPORT):   VALUE = "";
MPRINT(EM_REPORT):   VIEW = 0.96345331704404;
MPRINT(EM_REPORT):   output;
MPRINT(EM_REPORT):   NAME = "XAXISLABEL";
MPRINT(EM_REPORT):   VALUE = "";
MPRINT(EM_REPORT):   VIEW = 0.96345331704404;
MPRINT(EM_REPORT):   output;
MPRINT(EM_REPORT):   NAME = "Y2AXISLABEL";
MPRINT(EM_REPORT):   VALUE = "";
MPRINT(EM_REPORT):   VIEW = 0.96345331704404;
MPRINT(EM_REPORT):   output;
MPRINT(EM_REPORT):   NAME = "YAXISLABEL";
MPRINT(EM_REPORT):   VALUE = "";
MPRINT(EM_REPORT):   VIEW = 0.96345331704404;
MPRINT(EM_REPORT):   output;
MPRINT(EM_REPORT):   NAME = "DISPLAYXLABEL";
MPRINT(EM_REPORT):   VALUE = "Y";
MPRINT(EM_REPORT):   VIEW = 0.96345331704404;
MPRINT(EM_REPORT):   output;
MPRINT(EM_REPORT):   NAME = "DISPLAYYLABEL";
MPRINT(EM_REPORT):   VALUE = "Y";
MPRINT(EM_REPORT):   VIEW = 0.96345331704404;
MPRINT(EM_REPORT):   output;
MPRINT(EM_REPORT):   NAME = "CHOICETEXT";
MPRINT(EM_REPORT):   VALUE = "";
MPRINT(EM_REPORT):   VIEW = 0.96345331704404;
MPRINT(EM_REPORT):   output;
MPRINT(EM_REPORT):   NAME = "SEGMENTVALUE";
MPRINT(EM_REPORT):   VALUE = "";
MPRINT(EM_REPORT):   VIEW = 0.96345331704404;
MPRINT(EM_REPORT):   output;
MPRINT(EM_REPORT):   NAME = "LOWERBAND";
MPRINT(EM_REPORT):   VALUE = "";
MPRINT(EM_REPORT):   VIEW = 0.96345331704404;
MPRINT(EM_REPORT):   output;
MPRINT(EM_REPORT):   NAME = "UPPERBAND";
MPRINT(EM_REPORT):   VALUE = "";
MPRINT(EM_REPORT):   VIEW = 0.96345331704404;
MPRINT(EM_REPORT):   output;
MPRINT(EM_REPORT):   NAME = "YLINE";
MPRINT(EM_REPORT):   VALUE = "";
MPRINT(EM_REPORT):   VIEW = 0.96345331704404;
MPRINT(EM_REPORT):   output;
MPRINT(EM_REPORT):   NAME = "LINKKEY";
MPRINT(EM_REPORT):   VALUE = "";
MPRINT(EM_REPORT):   VIEW = 0.96345331704404;
MPRINT(EM_REPORT):   output;
MPRINT(EM_REPORT):   NAME = "NODEKEY";
MPRINT(EM_REPORT):   VALUE = "";
MPRINT(EM_REPORT):   VIEW = 0.96345331704404;
MPRINT(EM_REPORT):   output;
MPRINT(EM_REPORT):   NAME = "NODEID";
MPRINT(EM_REPORT):   VALUE = "";
MPRINT(EM_REPORT):   VIEW = 0.96345331704404;
MPRINT(EM_REPORT):   output;
MPRINT(EM_REPORT):   NAME = "NODEVALUE";
MPRINT(EM_REPORT):   VALUE = "";
MPRINT(EM_REPORT):   VIEW = 0.96345331704404;
MPRINT(EM_REPORT):   output;
MPRINT(EM_REPORT):   NAME = "NODECOLOR";
MPRINT(EM_REPORT):   VALUE = "NODECOLOR";
MPRINT(EM_REPORT):   VIEW = 0.96345331704404;
MPRINT(EM_REPORT):   output;
MPRINT(EM_REPORT):   NAME = "NODESHAPE";
MPRINT(EM_REPORT):   VALUE = "";
MPRINT(EM_REPORT):   VIEW = 0.96345331704404;
MPRINT(EM_REPORT):   output;
MPRINT(EM_REPORT):   NAME = "NODESHAPEVAR";
MPRINT(EM_REPORT):   VALUE = "";
MPRINT(EM_REPORT):   VIEW = 0.96345331704404;
MPRINT(EM_REPORT):   output;
MPRINT(EM_REPORT):   NAME = "NODELABEL";
MPRINT(EM_REPORT):   VALUE = "";
MPRINT(EM_REPORT):   VIEW = 0.96345331704404;
MPRINT(EM_REPORT):   output;
MPRINT(EM_REPORT):   NAME = "NODETIP";
MPRINT(EM_REPORT):   VALUE = "";
MPRINT(EM_REPORT):   VIEW = 0.96345331704404;
MPRINT(EM_REPORT):   output;
MPRINT(EM_REPORT):   NAME = "LINKID";
MPRINT(EM_REPORT):   VALUE = "";
MPRINT(EM_REPORT):   VIEW = 0.96345331704404;
MPRINT(EM_REPORT):   output;
MPRINT(EM_REPORT):   NAME = "LINKVALUE";
MPRINT(EM_REPORT):   VALUE = "";
MPRINT(EM_REPORT):   VIEW = 0.96345331704404;
MPRINT(EM_REPORT):   output;
MPRINT(EM_REPORT):   NAME = "LINKFROM";
MPRINT(EM_REPORT):   VALUE = "";
MPRINT(EM_REPORT):   VIEW = 0.96345331704404;
MPRINT(EM_REPORT):   output;
MPRINT(EM_REPORT):   NAME = "LINKTO";
MPRINT(EM_REPORT):   VALUE = "";
MPRINT(EM_REPORT):   VIEW = 0.96345331704404;
MPRINT(EM_REPORT):   output;
MPRINT(EM_REPORT):   NAME = "LINKCOLOR";
MPRINT(EM_REPORT):   VALUE = "";
MPRINT(EM_REPORT):   VIEW = 0.96345331704404;
MPRINT(EM_REPORT):   output;
MPRINT(EM_REPORT):   NAME = "LINKWIDTH";
MPRINT(EM_REPORT):   VALUE = "";
MPRINT(EM_REPORT):   VIEW = 0.96345331704404;
MPRINT(EM_REPORT):   output;
MPRINT(EM_REPORT):   NAME = "LINKTIP";
MPRINT(EM_REPORT):   VALUE = "";
MPRINT(EM_REPORT):   VIEW = 0.96345331704404;
MPRINT(EM_REPORT):   output;
MPRINT(EM_REPORT):   NAME = "XFROM";
MPRINT(EM_REPORT):   VALUE = "";
MPRINT(EM_REPORT):   VIEW = 0.96345331704404;
MPRINT(EM_REPORT):   output;
MPRINT(EM_REPORT):   NAME = "XTO";
MPRINT(EM_REPORT):   VALUE = "";
MPRINT(EM_REPORT):   VIEW = 0.96345331704404;
MPRINT(EM_REPORT):   output;
MPRINT(EM_REPORT):   NAME = "YFROM";
MPRINT(EM_REPORT):   VALUE = "";
MPRINT(EM_REPORT):   VIEW = 0.96345331704404;
MPRINT(EM_REPORT):   output;
MPRINT(EM_REPORT):   NAME = "YTO";
MPRINT(EM_REPORT):   VALUE = "";
MPRINT(EM_REPORT):   VIEW = 0.96345331704404;
MPRINT(EM_REPORT):   output;
MPRINT(EM_REPORT):   NAME = "MATRIXVAR";
MPRINT(EM_REPORT):   VALUE = "";
MPRINT(EM_REPORT):   VIEW = 0.96345331704404;
MPRINT(EM_REPORT):   output;
MPRINT(EM_REPORT):   NAME = "RESPONSE";
MPRINT(EM_REPORT):   VALUE = "";
MPRINT(EM_REPORT):   VIEW = 0.96345331704404;
MPRINT(EM_REPORT):   output;
MPRINT(EM_REPORT):   NAME = "SERIES";
MPRINT(EM_REPORT):   VALUE = "";
MPRINT(EM_REPORT):   VIEW = 0.96345331704404;
MPRINT(EM_REPORT):   output;
MPRINT(EM_REPORT):   NAME = "DESCARG";
MPRINT(EM_REPORT):   VALUE = "";
MPRINT(EM_REPORT):   VIEW = 0.96345331704404;
MPRINT(EM_REPORT):   output;
MPRINT(EM_REPORT):   NAME = "SLIDER";
MPRINT(EM_REPORT):   VALUE = "";
MPRINT(EM_REPORT):   VIEW = 0.96345331704404;
MPRINT(EM_REPORT):   output;
MPRINT(EM_REPORT):   NAME = "MarkerSize";
MPRINT(EM_REPORT):   VALUE = "";
MPRINT(EM_REPORT):   VIEW = 0.96345331704404;
MPRINT(EM_REPORT):   output;
MPRINT(EM_REPORT):   NAME = "Marker";
MPRINT(EM_REPORT):   VALUE = "";
MPRINT(EM_REPORT):   VIEW = 0.96345331704404;
MPRINT(EM_REPORT):   output;
MPRINT(EM_REPORT):   NAME = "Y1";
MPRINT(EM_REPORT):   VALUE = "";
MPRINT(EM_REPORT):   VIEW = 0.96345331704404;
MPRINT(EM_REPORT):   output;
MPRINT(EM_REPORT):   NAME = "Y2";
MPRINT(EM_REPORT):   VALUE = "";
MPRINT(EM_REPORT):   VIEW = 0.96345331704404;
MPRINT(EM_REPORT):   output;
MPRINT(EM_REPORT):   NAME = "Y3";
MPRINT(EM_REPORT):   VALUE = "";
MPRINT(EM_REPORT):   VIEW = 0.96345331704404;
MPRINT(EM_REPORT):   output;
MPRINT(EM_REPORT):   NAME = "Y4";
MPRINT(EM_REPORT):   VALUE = "";
MPRINT(EM_REPORT):   VIEW = 0.96345331704404;
MPRINT(EM_REPORT):   output;
MPRINT(EM_REPORT):   NAME = "Y5";
MPRINT(EM_REPORT):   VALUE = "";
MPRINT(EM_REPORT):   VIEW = 0.96345331704404;
MPRINT(EM_REPORT):   output;
MPRINT(EM_REPORT):   NAME = "Y6";
MPRINT(EM_REPORT):   VALUE = "";
MPRINT(EM_REPORT):   VIEW = 0.96345331704404;
MPRINT(EM_REPORT):   output;
MPRINT(EM_REPORT):   NAME = "Y7";
MPRINT(EM_REPORT):   VALUE = "";
MPRINT(EM_REPORT):   VIEW = 0.96345331704404;
MPRINT(EM_REPORT):   output;
MPRINT(EM_REPORT):   NAME = "Y8";
MPRINT(EM_REPORT):   VALUE = "";
MPRINT(EM_REPORT):   VIEW = 0.96345331704404;
MPRINT(EM_REPORT):   output;
MPRINT(EM_REPORT):   NAME = "Y9";
MPRINT(EM_REPORT):   VALUE = "";
MPRINT(EM_REPORT):   VIEW = 0.96345331704404;
MPRINT(EM_REPORT):   output;
MPRINT(EM_REPORT):   NAME = "Y10";
MPRINT(EM_REPORT):   VALUE = "";
MPRINT(EM_REPORT):   VIEW = 0.96345331704404;
MPRINT(EM_REPORT):   output;
MPRINT(EM_REPORT):   NAME = "Y11";
MPRINT(EM_REPORT):   VALUE = "";
MPRINT(EM_REPORT):   VIEW = 0.96345331704404;
MPRINT(EM_REPORT):   output;
MPRINT(EM_REPORT):   NAME = "Y12";
MPRINT(EM_REPORT):   VALUE = "";
MPRINT(EM_REPORT):   VIEW = 0.96345331704404;
MPRINT(EM_REPORT):   output;
MPRINT(EM_REPORT):   NAME = "Y13";
MPRINT(EM_REPORT):   VALUE = "";
MPRINT(EM_REPORT):   VIEW = 0.96345331704404;
MPRINT(EM_REPORT):   output;
MPRINT(EM_REPORT):   NAME = "Y14";
MPRINT(EM_REPORT):   VALUE = "";
MPRINT(EM_REPORT):   VIEW = 0.96345331704404;
MPRINT(EM_REPORT):   output;
MPRINT(EM_REPORT):   NAME = "Y15";
MPRINT(EM_REPORT):   VALUE = "";
MPRINT(EM_REPORT):   VIEW = 0.96345331704404;
MPRINT(EM_REPORT):   output;
MPRINT(EM_REPORT):   NAME = "Y16";
MPRINT(EM_REPORT):   VALUE = "";
MPRINT(EM_REPORT):   VIEW = 0.96345331704404;
MPRINT(EM_REPORT):   output;
MPRINT(EM_REPORT):   NAME = "TITLE";
MPRINT(EM_REPORT):   VALUE = "";
MPRINT(EM_REPORT):   VIEW = 0.96345331704404;
MPRINT(EM_REPORT):   output;
MPRINT(EM_REPORT):   NAME = "LEGEND";
MPRINT(EM_REPORT):   VALUE = "";
MPRINT(EM_REPORT):   VIEW = 0.96345331704404;
MPRINT(EM_REPORT):   output;
MPRINT(EM_REPORT):   NAME = "LEGENDTITLE";
MPRINT(EM_REPORT):   VALUE = "";
MPRINT(EM_REPORT):   VIEW = 0.96345331704404;
MPRINT(EM_REPORT):   output;
MPRINT(EM_REPORT):   NAME = "SHAPE";
MPRINT(EM_REPORT):   VALUE = "";
MPRINT(EM_REPORT):   VIEW = 0.96345331704404;
MPRINT(EM_REPORT):   output;
MPRINT(EM_REPORT):   NAME = "METHOD";
MPRINT(EM_REPORT):   VALUE = "";
MPRINT(EM_REPORT):   VIEW = 0.96345331704404;
MPRINT(EM_REPORT):   output;
MPRINT(EM_REPORT):   NAME = "NOBINMISS";
MPRINT(EM_REPORT):   VALUE = "";
MPRINT(EM_REPORT):   VIEW = 0.96345331704404;
MPRINT(EM_REPORT):   output;
MPRINT(EM_REPORT):   end;
MPRINT(EM_REPORT):   run;

NOTE: There were 132 observations read from the data set WORK.EM_USER_REPORT.
NOTE: The data set WORK.EM_USER_REPORT has 264 observations and 4 variables.
NOTE: DATA statement used (Total process time):
      real time           0.06 seconds
      cpu time            0.03 seconds
      

MPRINT(EM_TREE_REPORT):  ;
MPRINT(EM_REPORT):   data WORK.EM_USER_REPORT;
MPRINT(EM_REPORT):   set WORK.EM_USER_REPORT end=eof;
MPRINT(EM_REPORT):   output;
MPRINT(EM_REPORT):   if eof then do;
MPRINT(EM_REPORT):   id+1;
MPRINT(EM_REPORT):   NAME = "KEY";
MPRINT(EM_REPORT):   VALUE = "TREE_PLOT";
MPRINT(EM_REPORT):   VIEW = 0.90777594405588;
MPRINT(EM_REPORT):   output;
MPRINT(EM_REPORT):   NAME = "VIEWTYPE";
MPRINT(EM_REPORT):   VALUE = "AREABAR";
MPRINT(EM_REPORT):   VIEW = 0.90777594405588;
MPRINT(EM_REPORT):   output;
MPRINT(EM_REPORT):   NAME = "AUTODISPLAY";
MPRINT(EM_REPORT):   VALUE = "N";
MPRINT(EM_REPORT):   VIEW = 0.90777594405588;
MPRINT(EM_REPORT):   output;
MPRINT(EM_REPORT):   NAME = "SPK";
MPRINT(EM_REPORT):   VALUE = "Y";
MPRINT(EM_REPORT):   VIEW = 0.90777594405588;
MPRINT(EM_REPORT):   output;
MPRINT(EM_REPORT):   NAME = "COMPARE";
MPRINT(EM_REPORT):   VALUE = "N";
MPRINT(EM_REPORT):   VIEW = 0.90777594405588;
MPRINT(EM_REPORT):   output;
MPRINT(EM_REPORT):   NAME = "LOCALIZE";
MPRINT(EM_REPORT):   VALUE = "N";
MPRINT(EM_REPORT):   VIEW = 0.90777594405588;
MPRINT(EM_REPORT):   output;
MPRINT(EM_REPORT):   NAME = "EQUALIZEROWX";
MPRINT(EM_REPORT):   VALUE = "N";
MPRINT(EM_REPORT):   VIEW = 0.90777594405588;
MPRINT(EM_REPORT):   output;
MPRINT(EM_REPORT):   NAME = "EQUALIZEROWY";
MPRINT(EM_REPORT):   VALUE = "N";
MPRINT(EM_REPORT):   VIEW = 0.90777594405588;
MPRINT(EM_REPORT):   output;
MPRINT(EM_REPORT):   NAME = "EQUALIZECOLX";
MPRINT(EM_REPORT):   VALUE = "N";
MPRINT(EM_REPORT):   VIEW = 0.90777594405588;
MPRINT(EM_REPORT):   output;
MPRINT(EM_REPORT):   NAME = "EQUALIZECOLY";
MPRINT(EM_REPORT):   VALUE = "N";
MPRINT(EM_REPORT):   VIEW = 0.90777594405588;
MPRINT(EM_REPORT):   output;
MPRINT(EM_REPORT):   NAME = "NROWS";
MPRINT(EM_REPORT):   VALUE = "";
MPRINT(EM_REPORT):   VIEW = 0.90777594405588;
MPRINT(EM_REPORT):   output;
MPRINT(EM_REPORT):   NAME = "NCOLS";
MPRINT(EM_REPORT):   VALUE = "";
MPRINT(EM_REPORT):   VIEW = 0.90777594405588;
MPRINT(EM_REPORT):   output;
MPRINT(EM_REPORT):   NAME = "DISCRETEX";
MPRINT(EM_REPORT):   VALUE = "";
MPRINT(EM_REPORT):   VIEW = 0.90777594405588;
MPRINT(EM_REPORT):   output;
MPRINT(EM_REPORT):   NAME = "DISCRETEY";
MPRINT(EM_REPORT):   VALUE = "";
MPRINT(EM_REPORT):   VIEW = 0.90777594405588;
MPRINT(EM_REPORT):   output;
MPRINT(EM_REPORT):   NAME = "LATTICEX";
MPRINT(EM_REPORT):   VALUE = "";
MPRINT(EM_REPORT):   VIEW = 0.90777594405588;
MPRINT(EM_REPORT):   output;
MPRINT(EM_REPORT):   NAME = "LATTICEY";
MPRINT(EM_REPORT):   VALUE = "";
MPRINT(EM_REPORT):   VIEW = 0.90777594405588;
MPRINT(EM_REPORT):   output;
MPRINT(EM_REPORT):   NAME = "LATTICETYPE";
MPRINT(EM_REPORT):   VALUE = "";
MPRINT(EM_REPORT):   VIEW = 0.90777594405588;
MPRINT(EM_REPORT):   output;
MPRINT(EM_REPORT):   NAME = "ABSOLUTEVALUE";
MPRINT(EM_REPORT):   VALUE = "";
MPRINT(EM_REPORT):   VIEW = 0.90777594405588;
MPRINT(EM_REPORT):   output;
MPRINT(EM_REPORT):   NAME = "SORTORDER";
MPRINT(EM_REPORT):   VALUE = "";
MPRINT(EM_REPORT):   VIEW = 0.90777594405588;
MPRINT(EM_REPORT):   output;
MPRINT(EM_REPORT):   NAME = "SORTORDERY";
MPRINT(EM_REPORT):   VALUE = "";
MPRINT(EM_REPORT):   VIEW = 0.90777594405588;
MPRINT(EM_REPORT):   output;
MPRINT(EM_REPORT):   NAME = "ORIENTATION";
MPRINT(EM_REPORT):   VALUE = "";
MPRINT(EM_REPORT):   VIEW = 0.90777594405588;
MPRINT(EM_REPORT):   output;
MPRINT(EM_REPORT):   NAME = "METHOD";
MPRINT(EM_REPORT):   VALUE = "";
MPRINT(EM_REPORT):   VIEW = 0.90777594405588;
MPRINT(EM_REPORT):   output;
MPRINT(EM_REPORT):   NAME = "DIRECTION";
MPRINT(EM_REPORT):   VALUE = "";
MPRINT(EM_REPORT):   VIEW = 0.90777594405588;
MPRINT(EM_REPORT):   output;
MPRINT(EM_REPORT):   NAME = "BYSET";
MPRINT(EM_REPORT):   VALUE = "";
MPRINT(EM_REPORT):   VIEW = 0.90777594405588;
MPRINT(EM_REPORT):   output;
MPRINT(EM_REPORT):   NAME = "RENDERMODE";
MPRINT(EM_REPORT):   VALUE = "";
MPRINT(EM_REPORT):   VIEW = 0.90777594405588;
MPRINT(EM_REPORT):   output;
MPRINT(EM_REPORT):   NAME = "DESCRIPTION";
MPRINT(EM_REPORT):   VALUE = "VARWIDTH";
MPRINT(EM_REPORT):   VIEW = 0.90777594405588;
MPRINT(EM_REPORT):   output;
MPRINT(EM_REPORT):   NAME = "X";
MPRINT(EM_REPORT):   VALUE = "NODE";
MPRINT(EM_REPORT):   VIEW = 0.90777594405588;
MPRINT(EM_REPORT):   output;
MPRINT(EM_REPORT):   NAME = "EXCLUDEVARS";
MPRINT(EM_REPORT):   VALUE = "";
MPRINT(EM_REPORT):   VIEW = 0.90777594405588;
MPRINT(EM_REPORT):   output;
MPRINT(EM_REPORT):   NAME = "Y";
MPRINT(EM_REPORT):   VALUE = "PERCEVENT_TRAIN";
MPRINT(EM_REPORT):   VIEW = 0.90777594405588;
MPRINT(EM_REPORT):   output;
MPRINT(EM_REPORT):   NAME = "Z";
MPRINT(EM_REPORT):   VALUE = "";
MPRINT(EM_REPORT):   VIEW = 0.90777594405588;
MPRINT(EM_REPORT):   output;
MPRINT(EM_REPORT):   NAME = "YVARS";
MPRINT(EM_REPORT):   VALUE = "";
MPRINT(EM_REPORT):   VIEW = 0.90777594405588;
MPRINT(EM_REPORT):   output;
MPRINT(EM_REPORT):   NAME = "FREQVARS";
MPRINT(EM_REPORT):   VALUE = "";
MPRINT(EM_REPORT):   VIEW = 0.90777594405588;
MPRINT(EM_REPORT):   output;
MPRINT(EM_REPORT):   NAME = "AXIS";
MPRINT(EM_REPORT):   VALUE = "";
MPRINT(EM_REPORT):   VIEW = 0.90777594405588;
MPRINT(EM_REPORT):   output;
MPRINT(EM_REPORT):   NAME = "FREQ";
MPRINT(EM_REPORT):   VALUE = "";
MPRINT(EM_REPORT):   VIEW = 0.90777594405588;
MPRINT(EM_REPORT):   output;
MPRINT(EM_REPORT):   NAME = "GROUP";
MPRINT(EM_REPORT):   VALUE = "";
MPRINT(EM_REPORT):   VIEW = 0.90777594405588;
MPRINT(EM_REPORT):   output;
MPRINT(EM_REPORT):   NAME = "SUBGROUP";
MPRINT(EM_REPORT):   VALUE = "";
MPRINT(EM_REPORT):   VIEW = 0.90777594405588;
MPRINT(EM_REPORT):   output;
MPRINT(EM_REPORT):   NAME = "BLOCK";
MPRINT(EM_REPORT):   VALUE = "MODEL";
MPRINT(EM_REPORT):   VIEW = 0.90777594405588;
MPRINT(EM_REPORT):   output;
MPRINT(EM_REPORT):   NAME = "COLOR";
MPRINT(EM_REPORT):   VALUE = "";
MPRINT(EM_REPORT):   VIEW = 0.90777594405588;
MPRINT(EM_REPORT):   output;
MPRINT(EM_REPORT):   NAME = "COLORINDEX";
MPRINT(EM_REPORT):   VALUE = "";
MPRINT(EM_REPORT):   VIEW = 0.90777594405588;
MPRINT(EM_REPORT):   output;
MPRINT(EM_REPORT):   NAME = "TIPTEXT";
MPRINT(EM_REPORT):   VALUE = "";
MPRINT(EM_REPORT):   VIEW = 0.90777594405588;
MPRINT(EM_REPORT):   output;
MPRINT(EM_REPORT):   NAME = "TIP";
MPRINT(EM_REPORT):   VALUE = "";
MPRINT(EM_REPORT):   VIEW = 0.90777594405588;
MPRINT(EM_REPORT):   output;
MPRINT(EM_REPORT):   NAME = "TOOLTIP";
MPRINT(EM_REPORT):   VALUE = "";
MPRINT(EM_REPORT):   VIEW = 0.90777594405588;
MPRINT(EM_REPORT):   output;
MPRINT(EM_REPORT):   NAME = "REPORTID";
MPRINT(EM_REPORT):   VALUE = "";
MPRINT(EM_REPORT):   VIEW = 0.90777594405588;
MPRINT(EM_REPORT):   output;
MPRINT(EM_REPORT):   NAME = "IDVALUE";
MPRINT(EM_REPORT):   VALUE = "";
MPRINT(EM_REPORT):   VIEW = 0.90777594405588;
MPRINT(EM_REPORT):   output;
MPRINT(EM_REPORT):   NAME = "ID";
MPRINT(EM_REPORT):   VALUE = "";
MPRINT(EM_REPORT):   VIEW = 0.90777594405588;
MPRINT(EM_REPORT):   output;
MPRINT(EM_REPORT):   NAME = "SIZE";
MPRINT(EM_REPORT):   VALUE = "";
MPRINT(EM_REPORT):   VIEW = 0.90777594405588;
MPRINT(EM_REPORT):   output;
MPRINT(EM_REPORT):   NAME = "FROM";
MPRINT(EM_REPORT):   VALUE = "";
MPRINT(EM_REPORT):   VIEW = 0.90777594405588;
MPRINT(EM_REPORT):   output;
MPRINT(EM_REPORT):   NAME = "TO";
MPRINT(EM_REPORT):   VALUE = "";
MPRINT(EM_REPORT):   VIEW = 0.90777594405588;
MPRINT(EM_REPORT):   output;
MPRINT(EM_REPORT):   NAME = "VALUE";
MPRINT(EM_REPORT):   VALUE = "";
MPRINT(EM_REPORT):   VIEW = 0.90777594405588;
MPRINT(EM_REPORT):   output;
MPRINT(EM_REPORT):   NAME = "VIEWS";
MPRINT(EM_REPORT):   VALUE = "";
MPRINT(EM_REPORT):   VIEW = 0.90777594405588;
MPRINT(EM_REPORT):   output;
MPRINT(EM_REPORT):   NAME = "PARENT";
MPRINT(EM_REPORT):   VALUE = "";
MPRINT(EM_REPORT):   VIEW = 0.90777594405588;
MPRINT(EM_REPORT):   output;
MPRINT(EM_REPORT):   NAME = "NODETEXT";
MPRINT(EM_REPORT):   VALUE = "";
MPRINT(EM_REPORT):   VIEW = 0.90777594405588;
MPRINT(EM_REPORT):   output;
MPRINT(EM_REPORT):   NAME = "ABOVETEXT";
MPRINT(EM_REPORT):   VALUE = "";
MPRINT(EM_REPORT):   VIEW = 0.90777594405588;
MPRINT(EM_REPORT):   output;
MPRINT(EM_REPORT):   NAME = "BELOWTEXT";
MPRINT(EM_REPORT):   VALUE = "";
MPRINT(EM_REPORT):   VIEW = 0.90777594405588;
MPRINT(EM_REPORT):   output;
MPRINT(EM_REPORT):   NAME = "NODESIZE";
MPRINT(EM_REPORT):   VALUE = "";
MPRINT(EM_REPORT):   VIEW = 0.90777594405588;
MPRINT(EM_REPORT):   output;
MPRINT(EM_REPORT):   NAME = "STATS";
MPRINT(EM_REPORT):   VALUE = "";
MPRINT(EM_REPORT):   VIEW = 0.90777594405588;
MPRINT(EM_REPORT):   output;
MPRINT(EM_REPORT):   NAME = "CLASSDIST";
MPRINT(EM_REPORT):   VALUE = "";
MPRINT(EM_REPORT):   VIEW = 0.90777594405588;
MPRINT(EM_REPORT):   output;
MPRINT(EM_REPORT):   NAME = "INTDIST";
MPRINT(EM_REPORT):   VALUE = "";
MPRINT(EM_REPORT):   VIEW = 0.90777594405588;
MPRINT(EM_REPORT):   output;
MPRINT(EM_REPORT):   NAME = "FOLDER";
MPRINT(EM_REPORT):   VALUE = "";
MPRINT(EM_REPORT):   VIEW = 0.90777594405588;
MPRINT(EM_REPORT):   output;
MPRINT(EM_REPORT):   NAME = "YPLOTTYPE";
MPRINT(EM_REPORT):   VALUE = "";
MPRINT(EM_REPORT):   VIEW = 0.90777594405588;
MPRINT(EM_REPORT):   output;
MPRINT(EM_REPORT):   NAME = "XREF";
MPRINT(EM_REPORT):   VALUE = "";
MPRINT(EM_REPORT):   VIEW = 0.90777594405588;
MPRINT(EM_REPORT):   output;
MPRINT(EM_REPORT):   NAME = "XREF2";
MPRINT(EM_REPORT):   VALUE = "";
MPRINT(EM_REPORT):   VIEW = 0.90777594405588;
MPRINT(EM_REPORT):   output;
MPRINT(EM_REPORT):   NAME = "YREF";
MPRINT(EM_REPORT):   VALUE = "";
MPRINT(EM_REPORT):   VIEW = 0.90777594405588;
MPRINT(EM_REPORT):   output;
MPRINT(EM_REPORT):   NAME = "Y2REF";
MPRINT(EM_REPORT):   VALUE = "";
MPRINT(EM_REPORT):   VIEW = 0.90777594405588;
MPRINT(EM_REPORT):   output;
MPRINT(EM_REPORT):   NAME = "YREF2";
MPRINT(EM_REPORT):   VALUE = "";
MPRINT(EM_REPORT):   VIEW = 0.90777594405588;
MPRINT(EM_REPORT):   output;
MPRINT(EM_REPORT):   NAME = "Y2REF2";
MPRINT(EM_REPORT):   VALUE = "";
MPRINT(EM_REPORT):   VIEW = 0.90777594405588;
MPRINT(EM_REPORT):   output;
MPRINT(EM_REPORT):   NAME = "GROUPINDEX";
MPRINT(EM_REPORT):   VALUE = "";
MPRINT(EM_REPORT):   VIEW = 0.90777594405588;
MPRINT(EM_REPORT):   output;
MPRINT(EM_REPORT):   NAME = "JOIN";
MPRINT(EM_REPORT):   VALUE = "";
MPRINT(EM_REPORT):   VIEW = 0.90777594405588;
MPRINT(EM_REPORT):   output;
MPRINT(EM_REPORT):   NAME = "XEXCLUDE";
MPRINT(EM_REPORT):   VALUE = "";
MPRINT(EM_REPORT):   VIEW = 0.90777594405588;
MPRINT(EM_REPORT):   output;
MPRINT(EM_REPORT):   NAME = "FREQEXCLUDE";
MPRINT(EM_REPORT):   VALUE = "";
MPRINT(EM_REPORT):   VIEW = 0.90777594405588;
MPRINT(EM_REPORT):   output;
MPRINT(EM_REPORT):   NAME = "YEXCLUDE";
MPRINT(EM_REPORT):   VALUE = "";
MPRINT(EM_REPORT):   VIEW = 0.90777594405588;
MPRINT(EM_REPORT):   output;
MPRINT(EM_REPORT):   NAME = "NAME";
MPRINT(EM_REPORT):   VALUE = "";
MPRINT(EM_REPORT):   VIEW = 0.90777594405588;
MPRINT(EM_REPORT):   output;
MPRINT(EM_REPORT):   NAME = "HEIGHT";
MPRINT(EM_REPORT):   VALUE = "";
MPRINT(EM_REPORT):   VIEW = 0.90777594405588;
MPRINT(EM_REPORT):   output;
MPRINT(EM_REPORT):   NAME = "WIDTH";
MPRINT(EM_REPORT):   VALUE = "PERC_TRAIN";
MPRINT(EM_REPORT):   VIEW = 0.90777594405588;
MPRINT(EM_REPORT):   output;
MPRINT(EM_REPORT):   NAME = "XAXISLABEL";
MPRINT(EM_REPORT):   VALUE = "";
MPRINT(EM_REPORT):   VIEW = 0.90777594405588;
MPRINT(EM_REPORT):   output;
MPRINT(EM_REPORT):   NAME = "Y2AXISLABEL";
MPRINT(EM_REPORT):   VALUE = "";
MPRINT(EM_REPORT):   VIEW = 0.90777594405588;
MPRINT(EM_REPORT):   output;
MPRINT(EM_REPORT):   NAME = "YAXISLABEL";
MPRINT(EM_REPORT):   VALUE = "";
MPRINT(EM_REPORT):   VIEW = 0.90777594405588;
MPRINT(EM_REPORT):   output;
MPRINT(EM_REPORT):   NAME = "DISPLAYXLABEL";
MPRINT(EM_REPORT):   VALUE = "Y";
MPRINT(EM_REPORT):   VIEW = 0.90777594405588;
MPRINT(EM_REPORT):   output;
MPRINT(EM_REPORT):   NAME = "DISPLAYYLABEL";
MPRINT(EM_REPORT):   VALUE = "Y";
MPRINT(EM_REPORT):   VIEW = 0.90777594405588;
MPRINT(EM_REPORT):   output;
MPRINT(EM_REPORT):   NAME = "CHOICETEXT";
MPRINT(EM_REPORT):   VALUE = "";
MPRINT(EM_REPORT):   VIEW = 0.90777594405588;
MPRINT(EM_REPORT):   output;
MPRINT(EM_REPORT):   NAME = "SEGMENTVALUE";
MPRINT(EM_REPORT):   VALUE = "";
MPRINT(EM_REPORT):   VIEW = 0.90777594405588;
MPRINT(EM_REPORT):   output;
MPRINT(EM_REPORT):   NAME = "LOWERBAND";
MPRINT(EM_REPORT):   VALUE = "";
MPRINT(EM_REPORT):   VIEW = 0.90777594405588;
MPRINT(EM_REPORT):   output;
MPRINT(EM_REPORT):   NAME = "UPPERBAND";
MPRINT(EM_REPORT):   VALUE = "";
MPRINT(EM_REPORT):   VIEW = 0.90777594405588;
MPRINT(EM_REPORT):   output;
MPRINT(EM_REPORT):   NAME = "YLINE";
MPRINT(EM_REPORT):   VALUE = "";
MPRINT(EM_REPORT):   VIEW = 0.90777594405588;
MPRINT(EM_REPORT):   output;
MPRINT(EM_REPORT):   NAME = "LINKKEY";
MPRINT(EM_REPORT):   VALUE = "";
MPRINT(EM_REPORT):   VIEW = 0.90777594405588;
MPRINT(EM_REPORT):   output;
MPRINT(EM_REPORT):   NAME = "NODEKEY";
MPRINT(EM_REPORT):   VALUE = "";
MPRINT(EM_REPORT):   VIEW = 0.90777594405588;
MPRINT(EM_REPORT):   output;
MPRINT(EM_REPORT):   NAME = "NODEID";
MPRINT(EM_REPORT):   VALUE = "";
MPRINT(EM_REPORT):   VIEW = 0.90777594405588;
MPRINT(EM_REPORT):   output;
MPRINT(EM_REPORT):   NAME = "NODEVALUE";
MPRINT(EM_REPORT):   VALUE = "";
MPRINT(EM_REPORT):   VIEW = 0.90777594405588;
MPRINT(EM_REPORT):   output;
MPRINT(EM_REPORT):   NAME = "NODECOLOR";
MPRINT(EM_REPORT):   VALUE = "";
MPRINT(EM_REPORT):   VIEW = 0.90777594405588;
MPRINT(EM_REPORT):   output;
MPRINT(EM_REPORT):   NAME = "NODESHAPE";
MPRINT(EM_REPORT):   VALUE = "";
MPRINT(EM_REPORT):   VIEW = 0.90777594405588;
MPRINT(EM_REPORT):   output;
MPRINT(EM_REPORT):   NAME = "NODESHAPEVAR";
MPRINT(EM_REPORT):   VALUE = "";
MPRINT(EM_REPORT):   VIEW = 0.90777594405588;
MPRINT(EM_REPORT):   output;
MPRINT(EM_REPORT):   NAME = "NODELABEL";
MPRINT(EM_REPORT):   VALUE = "";
MPRINT(EM_REPORT):   VIEW = 0.90777594405588;
MPRINT(EM_REPORT):   output;
MPRINT(EM_REPORT):   NAME = "NODETIP";
MPRINT(EM_REPORT):   VALUE = "";
MPRINT(EM_REPORT):   VIEW = 0.90777594405588;
MPRINT(EM_REPORT):   output;
MPRINT(EM_REPORT):   NAME = "LINKID";
MPRINT(EM_REPORT):   VALUE = "";
MPRINT(EM_REPORT):   VIEW = 0.90777594405588;
MPRINT(EM_REPORT):   output;
MPRINT(EM_REPORT):   NAME = "LINKVALUE";
MPRINT(EM_REPORT):   VALUE = "";
MPRINT(EM_REPORT):   VIEW = 0.90777594405588;
MPRINT(EM_REPORT):   output;
MPRINT(EM_REPORT):   NAME = "LINKFROM";
MPRINT(EM_REPORT):   VALUE = "";
MPRINT(EM_REPORT):   VIEW = 0.90777594405588;
MPRINT(EM_REPORT):   output;
MPRINT(EM_REPORT):   NAME = "LINKTO";
MPRINT(EM_REPORT):   VALUE = "";
MPRINT(EM_REPORT):   VIEW = 0.90777594405588;
MPRINT(EM_REPORT):   output;
MPRINT(EM_REPORT):   NAME = "LINKCOLOR";
MPRINT(EM_REPORT):   VALUE = "";
MPRINT(EM_REPORT):   VIEW = 0.90777594405588;
MPRINT(EM_REPORT):   output;
MPRINT(EM_REPORT):   NAME = "LINKWIDTH";
MPRINT(EM_REPORT):   VALUE = "";
MPRINT(EM_REPORT):   VIEW = 0.90777594405588;
MPRINT(EM_REPORT):   output;
MPRINT(EM_REPORT):   NAME = "LINKTIP";
MPRINT(EM_REPORT):   VALUE = "";
MPRINT(EM_REPORT):   VIEW = 0.90777594405588;
MPRINT(EM_REPORT):   output;
MPRINT(EM_REPORT):   NAME = "XFROM";
MPRINT(EM_REPORT):   VALUE = "";
MPRINT(EM_REPORT):   VIEW = 0.90777594405588;
MPRINT(EM_REPORT):   output;
MPRINT(EM_REPORT):   NAME = "XTO";
MPRINT(EM_REPORT):   VALUE = "";
MPRINT(EM_REPORT):   VIEW = 0.90777594405588;
MPRINT(EM_REPORT):   output;
MPRINT(EM_REPORT):   NAME = "YFROM";
MPRINT(EM_REPORT):   VALUE = "";
MPRINT(EM_REPORT):   VIEW = 0.90777594405588;
MPRINT(EM_REPORT):   output;
MPRINT(EM_REPORT):   NAME = "YTO";
MPRINT(EM_REPORT):   VALUE = "";
MPRINT(EM_REPORT):   VIEW = 0.90777594405588;
MPRINT(EM_REPORT):   output;
MPRINT(EM_REPORT):   NAME = "MATRIXVAR";
MPRINT(EM_REPORT):   VALUE = "";
MPRINT(EM_REPORT):   VIEW = 0.90777594405588;
MPRINT(EM_REPORT):   output;
MPRINT(EM_REPORT):   NAME = "RESPONSE";
MPRINT(EM_REPORT):   VALUE = "";
MPRINT(EM_REPORT):   VIEW = 0.90777594405588;
MPRINT(EM_REPORT):   output;
MPRINT(EM_REPORT):   NAME = "SERIES";
MPRINT(EM_REPORT):   VALUE = "";
MPRINT(EM_REPORT):   VIEW = 0.90777594405588;
MPRINT(EM_REPORT):   output;
MPRINT(EM_REPORT):   NAME = "DESCARG";
MPRINT(EM_REPORT):   VALUE = "";
MPRINT(EM_REPORT):   VIEW = 0.90777594405588;
MPRINT(EM_REPORT):   output;
MPRINT(EM_REPORT):   NAME = "SLIDER";
MPRINT(EM_REPORT):   VALUE = "";
MPRINT(EM_REPORT):   VIEW = 0.90777594405588;
MPRINT(EM_REPORT):   output;
MPRINT(EM_REPORT):   NAME = "MarkerSize";
MPRINT(EM_REPORT):   VALUE = "";
MPRINT(EM_REPORT):   VIEW = 0.90777594405588;
MPRINT(EM_REPORT):   output;
MPRINT(EM_REPORT):   NAME = "Marker";
MPRINT(EM_REPORT):   VALUE = "";
MPRINT(EM_REPORT):   VIEW = 0.90777594405588;
MPRINT(EM_REPORT):   output;
MPRINT(EM_REPORT):   NAME = "Y1";
MPRINT(EM_REPORT):   VALUE = "";
MPRINT(EM_REPORT):   VIEW = 0.90777594405588;
MPRINT(EM_REPORT):   output;
MPRINT(EM_REPORT):   NAME = "Y2";
MPRINT(EM_REPORT):   VALUE = "";
MPRINT(EM_REPORT):   VIEW = 0.90777594405588;
MPRINT(EM_REPORT):   output;
MPRINT(EM_REPORT):   NAME = "Y3";
MPRINT(EM_REPORT):   VALUE = "";
MPRINT(EM_REPORT):   VIEW = 0.90777594405588;
MPRINT(EM_REPORT):   output;
MPRINT(EM_REPORT):   NAME = "Y4";
MPRINT(EM_REPORT):   VALUE = "";
MPRINT(EM_REPORT):   VIEW = 0.90777594405588;
MPRINT(EM_REPORT):   output;
MPRINT(EM_REPORT):   NAME = "Y5";
MPRINT(EM_REPORT):   VALUE = "";
MPRINT(EM_REPORT):   VIEW = 0.90777594405588;
MPRINT(EM_REPORT):   output;
MPRINT(EM_REPORT):   NAME = "Y6";
MPRINT(EM_REPORT):   VALUE = "";
MPRINT(EM_REPORT):   VIEW = 0.90777594405588;
MPRINT(EM_REPORT):   output;
MPRINT(EM_REPORT):   NAME = "Y7";
MPRINT(EM_REPORT):   VALUE = "";
MPRINT(EM_REPORT):   VIEW = 0.90777594405588;
MPRINT(EM_REPORT):   output;
MPRINT(EM_REPORT):   NAME = "Y8";
MPRINT(EM_REPORT):   VALUE = "";
MPRINT(EM_REPORT):   VIEW = 0.90777594405588;
MPRINT(EM_REPORT):   output;
MPRINT(EM_REPORT):   NAME = "Y9";
MPRINT(EM_REPORT):   VALUE = "";
MPRINT(EM_REPORT):   VIEW = 0.90777594405588;
MPRINT(EM_REPORT):   output;
MPRINT(EM_REPORT):   NAME = "Y10";
MPRINT(EM_REPORT):   VALUE = "";
MPRINT(EM_REPORT):   VIEW = 0.90777594405588;
MPRINT(EM_REPORT):   output;
MPRINT(EM_REPORT):   NAME = "Y11";
MPRINT(EM_REPORT):   VALUE = "";
MPRINT(EM_REPORT):   VIEW = 0.90777594405588;
MPRINT(EM_REPORT):   output;
MPRINT(EM_REPORT):   NAME = "Y12";
MPRINT(EM_REPORT):   VALUE = "";
MPRINT(EM_REPORT):   VIEW = 0.90777594405588;
MPRINT(EM_REPORT):   output;
MPRINT(EM_REPORT):   NAME = "Y13";
MPRINT(EM_REPORT):   VALUE = "";
MPRINT(EM_REPORT):   VIEW = 0.90777594405588;
MPRINT(EM_REPORT):   output;
MPRINT(EM_REPORT):   NAME = "Y14";
MPRINT(EM_REPORT):   VALUE = "";
MPRINT(EM_REPORT):   VIEW = 0.90777594405588;
MPRINT(EM_REPORT):   output;
MPRINT(EM_REPORT):   NAME = "Y15";
MPRINT(EM_REPORT):   VALUE = "";
MPRINT(EM_REPORT):   VIEW = 0.90777594405588;
MPRINT(EM_REPORT):   output;
MPRINT(EM_REPORT):   NAME = "Y16";
MPRINT(EM_REPORT):   VALUE = "";
MPRINT(EM_REPORT):   VIEW = 0.90777594405588;
MPRINT(EM_REPORT):   output;
MPRINT(EM_REPORT):   NAME = "TITLE";
MPRINT(EM_REPORT):   VALUE = "";
MPRINT(EM_REPORT):   VIEW = 0.90777594405588;
MPRINT(EM_REPORT):   output;
MPRINT(EM_REPORT):   NAME = "LEGEND";
MPRINT(EM_REPORT):   VALUE = "";
MPRINT(EM_REPORT):   VIEW = 0.90777594405588;
MPRINT(EM_REPORT):   output;
MPRINT(EM_REPORT):   NAME = "LEGENDTITLE";
MPRINT(EM_REPORT):   VALUE = "";
MPRINT(EM_REPORT):   VIEW = 0.90777594405588;
MPRINT(EM_REPORT):   output;
MPRINT(EM_REPORT):   NAME = "SHAPE";
MPRINT(EM_REPORT):   VALUE = "";
MPRINT(EM_REPORT):   VIEW = 0.90777594405588;
MPRINT(EM_REPORT):   output;
MPRINT(EM_REPORT):   NAME = "METHOD";
MPRINT(EM_REPORT):   VALUE = "";
MPRINT(EM_REPORT):   VIEW = 0.90777594405588;
MPRINT(EM_REPORT):   output;
MPRINT(EM_REPORT):   NAME = "NOBINMISS";
MPRINT(EM_REPORT):   VALUE = "";
MPRINT(EM_REPORT):   VIEW = 0.90777594405588;
MPRINT(EM_REPORT):   output;
MPRINT(EM_REPORT):   end;
MPRINT(EM_REPORT):   run;

NOTE: There were 264 observations read from the data set WORK.EM_USER_REPORT.
NOTE: The data set WORK.EM_USER_REPORT has 397 observations and 4 variables.
NOTE: DATA statement used (Total process time):
      real time           0.05 seconds
      cpu time            0.04 seconds
      

MPRINT(EM_TREE_REPORT):  ;
MPRINT(EM_TREE_REPORT):   proc sort data=EMWS1.Tree7_TREE_PLOT out=t;
MPRINT(EM_TREE_REPORT):   by descending N;
MPRINT(EM_TREE_REPORT):   run;

NOTE: There were 9 observations read from the data set EMWS1.TREE7_TREE_PLOT.
NOTE: The data set WORK.T has 9 observations and 37 variables.
NOTE: PROCEDURE SORT used (Total process time):
      real time           0.01 seconds
      cpu time            0.01 seconds
      

MPRINT(EM_TREE_REPORT):   data _null_;
MPRINT(EM_TREE_REPORT):   set t (obs=2) end=eof;
MPRINT(EM_TREE_REPORT):   if eof then do;
MPRINT(EM_TREE_REPORT):   call symput("vn", strip(put(vn, best.)));
MPRINT(EM_TREE_REPORT):   end;
MPRINT(EM_TREE_REPORT):   run;

NOTE: There were 2 observations read from the data set WORK.T.
NOTE: DATA statement used (Total process time):
      real time           0.02 seconds
      cpu time            0.03 seconds
      

MPRINT(EM_TREE_REPORT):   data t;
MPRINT(EM_TREE_REPORT):   set t;
MPRINT(EM_TREE_REPORT):   label N= "Training Observations" DEPTH=
MPRINT(EM_TREE_REPORT):   "Depth" VN=
MPRINT(EM_TREE_REPORT):   "Validation Observations" ;
MPRINT(EM_TREE_REPORT):   run;

NOTE: There were 9 observations read from the data set WORK.T.
NOTE: The data set WORK.T has 9 observations and 37 variables.
NOTE: DATA statement used (Total process time):
      real time           0.03 seconds
      cpu time            0.01 seconds
      

MPRINT(EM_TREE_REPORT):   title10 "Tree Leaf Report";
MPRINT(EM_TREE_REPORT):   proc print data=t noobs label;
MPRINT(EM_TREE_REPORT):   where tprob ne .;
MPRINT(EM_TREE_REPORT):   var node depth N tprob VN vprob ;
MPRINT(EM_TREE_REPORT):   run;

NOTE: There were 5 observations read from the data set WORK.T.
      WHERE tprob not = .;
NOTE: The PROCEDURE PRINT printed page 18.
NOTE: PROCEDURE PRINT used (Total process time):
      real time           0.00 seconds
      cpu time            0.00 seconds
      

MPRINT(EM_TREE_REPORT):   title10;
MPRINT(EM_TREE_REPORT):  ;
MPRINT(EM_TREE_REPORT):   data _null_;
MPRINT(EM_TREE_REPORT):   set EMWS1.Tree7_OUTTOPOLOGY end=eof;
MPRINT(EM_TREE_REPORT):   if eof then do;
MPRINT(EM_TREE_REPORT):   call symput('nleaves', LEAF);
MPRINT(EM_TREE_REPORT):   end;
MPRINT(EM_TREE_REPORT):   run;

NOTE: Numeric values have been converted to character values at the places given by: (Line):(Column).
      306:141   
NOTE: There were 9 observations read from the data set EMWS1.TREE7_OUTTOPOLOGY.
NOTE: DATA statement used (Total process time):
      real time           0.00 seconds
      cpu time            0.00 seconds
      

MPRINT(EM_REPORT):   data WORK.EM_USER_REPORT;
MPRINT(EM_REPORT):   set WORK.EM_USER_REPORT end=eof;
MPRINT(EM_REPORT):   output;
MPRINT(EM_REPORT):   if eof then do;
MPRINT(EM_REPORT):   id+1;
MPRINT(EM_REPORT):   NAME = "KEY";
MPRINT(EM_REPORT):   VALUE = "OUTSEQ";
MPRINT(EM_REPORT):   VIEW = 0.4137125068408;
MPRINT(EM_REPORT):   output;
MPRINT(EM_REPORT):   NAME = "VIEWTYPE";
MPRINT(EM_REPORT):   VALUE = "ITERATIONPLOT";
MPRINT(EM_REPORT):   VIEW = 0.4137125068408;
MPRINT(EM_REPORT):   output;
MPRINT(EM_REPORT):   NAME = "AUTODISPLAY";
MPRINT(EM_REPORT):   VALUE = "N";
MPRINT(EM_REPORT):   VIEW = 0.4137125068408;
MPRINT(EM_REPORT):   output;
MPRINT(EM_REPORT):   NAME = "SPK";
MPRINT(EM_REPORT):   VALUE = "Y";
MPRINT(EM_REPORT):   VIEW = 0.4137125068408;
MPRINT(EM_REPORT):   output;
MPRINT(EM_REPORT):   NAME = "COMPARE";
MPRINT(EM_REPORT):   VALUE = "N";
MPRINT(EM_REPORT):   VIEW = 0.4137125068408;
MPRINT(EM_REPORT):   output;
MPRINT(EM_REPORT):   NAME = "LOCALIZE";
MPRINT(EM_REPORT):   VALUE = "N";
MPRINT(EM_REPORT):   VIEW = 0.4137125068408;
MPRINT(EM_REPORT):   output;
MPRINT(EM_REPORT):   NAME = "EQUALIZEROWX";
MPRINT(EM_REPORT):   VALUE = "N";
MPRINT(EM_REPORT):   VIEW = 0.4137125068408;
MPRINT(EM_REPORT):   output;
MPRINT(EM_REPORT):   NAME = "EQUALIZEROWY";
MPRINT(EM_REPORT):   VALUE = "N";
MPRINT(EM_REPORT):   VIEW = 0.4137125068408;
MPRINT(EM_REPORT):   output;
MPRINT(EM_REPORT):   NAME = "EQUALIZECOLX";
MPRINT(EM_REPORT):   VALUE = "N";
MPRINT(EM_REPORT):   VIEW = 0.4137125068408;
MPRINT(EM_REPORT):   output;
MPRINT(EM_REPORT):   NAME = "EQUALIZECOLY";
MPRINT(EM_REPORT):   VALUE = "N";
MPRINT(EM_REPORT):   VIEW = 0.4137125068408;
MPRINT(EM_REPORT):   output;
MPRINT(EM_REPORT):   NAME = "NROWS";
MPRINT(EM_REPORT):   VALUE = "";
MPRINT(EM_REPORT):   VIEW = 0.4137125068408;
MPRINT(EM_REPORT):   output;
MPRINT(EM_REPORT):   NAME = "NCOLS";
MPRINT(EM_REPORT):   VALUE = "";
MPRINT(EM_REPORT):   VIEW = 0.4137125068408;
MPRINT(EM_REPORT):   output;
MPRINT(EM_REPORT):   NAME = "DISCRETEX";
MPRINT(EM_REPORT):   VALUE = "";
MPRINT(EM_REPORT):   VIEW = 0.4137125068408;
MPRINT(EM_REPORT):   output;
MPRINT(EM_REPORT):   NAME = "DISCRETEY";
MPRINT(EM_REPORT):   VALUE = "";
MPRINT(EM_REPORT):   VIEW = 0.4137125068408;
MPRINT(EM_REPORT):   output;
MPRINT(EM_REPORT):   NAME = "LATTICEX";
MPRINT(EM_REPORT):   VALUE = "";
MPRINT(EM_REPORT):   VIEW = 0.4137125068408;
MPRINT(EM_REPORT):   output;
MPRINT(EM_REPORT):   NAME = "LATTICEY";
MPRINT(EM_REPORT):   VALUE = "";
MPRINT(EM_REPORT):   VIEW = 0.4137125068408;
MPRINT(EM_REPORT):   output;
MPRINT(EM_REPORT):   NAME = "LATTICETYPE";
MPRINT(EM_REPORT):   VALUE = "";
MPRINT(EM_REPORT):   VIEW = 0.4137125068408;
MPRINT(EM_REPORT):   output;
MPRINT(EM_REPORT):   NAME = "ABSOLUTEVALUE";
MPRINT(EM_REPORT):   VALUE = "";
MPRINT(EM_REPORT):   VIEW = 0.4137125068408;
MPRINT(EM_REPORT):   output;
MPRINT(EM_REPORT):   NAME = "SORTORDER";
MPRINT(EM_REPORT):   VALUE = "";
MPRINT(EM_REPORT):   VIEW = 0.4137125068408;
MPRINT(EM_REPORT):   output;
MPRINT(EM_REPORT):   NAME = "SORTORDERY";
MPRINT(EM_REPORT):   VALUE = "";
MPRINT(EM_REPORT):   VIEW = 0.4137125068408;
MPRINT(EM_REPORT):   output;
MPRINT(EM_REPORT):   NAME = "ORIENTATION";
MPRINT(EM_REPORT):   VALUE = "";
MPRINT(EM_REPORT):   VIEW = 0.4137125068408;
MPRINT(EM_REPORT):   output;
MPRINT(EM_REPORT):   NAME = "METHOD";
MPRINT(EM_REPORT):   VALUE = "";
MPRINT(EM_REPORT):   VIEW = 0.4137125068408;
MPRINT(EM_REPORT):   output;
MPRINT(EM_REPORT):   NAME = "DIRECTION";
MPRINT(EM_REPORT):   VALUE = "";
MPRINT(EM_REPORT):   VIEW = 0.4137125068408;
MPRINT(EM_REPORT):   output;
MPRINT(EM_REPORT):   NAME = "BYSET";
MPRINT(EM_REPORT):   VALUE = "";
MPRINT(EM_REPORT):   VIEW = 0.4137125068408;
MPRINT(EM_REPORT):   output;
MPRINT(EM_REPORT):   NAME = "RENDERMODE";
MPRINT(EM_REPORT):   VALUE = "";
MPRINT(EM_REPORT):   VIEW = 0.4137125068408;
MPRINT(EM_REPORT):   output;
MPRINT(EM_REPORT):   NAME = "DESCRIPTION";
MPRINT(EM_REPORT):   VALUE = "SUBTREE";
MPRINT(EM_REPORT):   VIEW = 0.4137125068408;
MPRINT(EM_REPORT):   output;
MPRINT(EM_REPORT):   NAME = "X";
MPRINT(EM_REPORT):   VALUE = "_NW_";
MPRINT(EM_REPORT):   VIEW = 0.4137125068408;
MPRINT(EM_REPORT):   output;
MPRINT(EM_REPORT):   NAME = "EXCLUDEVARS";
MPRINT(EM_REPORT):   VALUE = "";
MPRINT(EM_REPORT):   VIEW = 0.4137125068408;
MPRINT(EM_REPORT):   output;
MPRINT(EM_REPORT):   NAME = "Z";
MPRINT(EM_REPORT):   VALUE = "";
MPRINT(EM_REPORT):   VIEW = 0.4137125068408;
MPRINT(EM_REPORT):   output;
MPRINT(EM_REPORT):   NAME = "YVARS";
MPRINT(EM_REPORT):   VALUE = "";
MPRINT(EM_REPORT):   VIEW = 0.4137125068408;
MPRINT(EM_REPORT):   output;
MPRINT(EM_REPORT):   NAME = "FREQVARS";
MPRINT(EM_REPORT):   VALUE = "";
MPRINT(EM_REPORT):   VIEW = 0.4137125068408;
MPRINT(EM_REPORT):   output;
MPRINT(EM_REPORT):   NAME = "AXIS";
MPRINT(EM_REPORT):   VALUE = "";
MPRINT(EM_REPORT):   VIEW = 0.4137125068408;
MPRINT(EM_REPORT):   output;
MPRINT(EM_REPORT):   NAME = "FREQ";
MPRINT(EM_REPORT):   VALUE = "";
MPRINT(EM_REPORT):   VIEW = 0.4137125068408;
MPRINT(EM_REPORT):   output;
MPRINT(EM_REPORT):   NAME = "GROUP";
MPRINT(EM_REPORT):   VALUE = "";
MPRINT(EM_REPORT):   VIEW = 0.4137125068408;
MPRINT(EM_REPORT):   output;
MPRINT(EM_REPORT):   NAME = "SUBGROUP";
MPRINT(EM_REPORT):   VALUE = "";
MPRINT(EM_REPORT):   VIEW = 0.4137125068408;
MPRINT(EM_REPORT):   output;
MPRINT(EM_REPORT):   NAME = "BLOCK";
MPRINT(EM_REPORT):   VALUE = "MODEL";
MPRINT(EM_REPORT):   VIEW = 0.4137125068408;
MPRINT(EM_REPORT):   output;
MPRINT(EM_REPORT):   NAME = "COLOR";
MPRINT(EM_REPORT):   VALUE = "";
MPRINT(EM_REPORT):   VIEW = 0.4137125068408;
MPRINT(EM_REPORT):   output;
MPRINT(EM_REPORT):   NAME = "COLORINDEX";
MPRINT(EM_REPORT):   VALUE = "";
MPRINT(EM_REPORT):   VIEW = 0.4137125068408;
MPRINT(EM_REPORT):   output;
MPRINT(EM_REPORT):   NAME = "TIPTEXT";
MPRINT(EM_REPORT):   VALUE = "";
MPRINT(EM_REPORT):   VIEW = 0.4137125068408;
MPRINT(EM_REPORT):   output;
MPRINT(EM_REPORT):   NAME = "TIP";
MPRINT(EM_REPORT):   VALUE = "";
MPRINT(EM_REPORT):   VIEW = 0.4137125068408;
MPRINT(EM_REPORT):   output;
MPRINT(EM_REPORT):   NAME = "TOOLTIP";
MPRINT(EM_REPORT):   VALUE = "";
MPRINT(EM_REPORT):   VIEW = 0.4137125068408;
MPRINT(EM_REPORT):   output;
MPRINT(EM_REPORT):   NAME = "REPORTID";
MPRINT(EM_REPORT):   VALUE = "";
MPRINT(EM_REPORT):   VIEW = 0.4137125068408;
MPRINT(EM_REPORT):   output;
MPRINT(EM_REPORT):   NAME = "IDVALUE";
MPRINT(EM_REPORT):   VALUE = "";
MPRINT(EM_REPORT):   VIEW = 0.4137125068408;
MPRINT(EM_REPORT):   output;
MPRINT(EM_REPORT):   NAME = "ID";
MPRINT(EM_REPORT):   VALUE = "";
MPRINT(EM_REPORT):   VIEW = 0.4137125068408;
MPRINT(EM_REPORT):   output;
MPRINT(EM_REPORT):   NAME = "SIZE";
MPRINT(EM_REPORT):   VALUE = "";
MPRINT(EM_REPORT):   VIEW = 0.4137125068408;
MPRINT(EM_REPORT):   output;
MPRINT(EM_REPORT):   NAME = "FROM";
MPRINT(EM_REPORT):   VALUE = "";
MPRINT(EM_REPORT):   VIEW = 0.4137125068408;
MPRINT(EM_REPORT):   output;
MPRINT(EM_REPORT):   NAME = "TO";
MPRINT(EM_REPORT):   VALUE = "";
MPRINT(EM_REPORT):   VIEW = 0.4137125068408;
MPRINT(EM_REPORT):   output;
MPRINT(EM_REPORT):   NAME = "VALUE";
MPRINT(EM_REPORT):   VALUE = "";
MPRINT(EM_REPORT):   VIEW = 0.4137125068408;
MPRINT(EM_REPORT):   output;
MPRINT(EM_REPORT):   NAME = "VIEWS";
MPRINT(EM_REPORT):   VALUE = "";
MPRINT(EM_REPORT):   VIEW = 0.4137125068408;
MPRINT(EM_REPORT):   output;
MPRINT(EM_REPORT):   NAME = "PARENT";
MPRINT(EM_REPORT):   VALUE = "";
MPRINT(EM_REPORT):   VIEW = 0.4137125068408;
MPRINT(EM_REPORT):   output;
MPRINT(EM_REPORT):   NAME = "NODETEXT";
MPRINT(EM_REPORT):   VALUE = "";
MPRINT(EM_REPORT):   VIEW = 0.4137125068408;
MPRINT(EM_REPORT):   output;
MPRINT(EM_REPORT):   NAME = "ABOVETEXT";
MPRINT(EM_REPORT):   VALUE = "";
MPRINT(EM_REPORT):   VIEW = 0.4137125068408;
MPRINT(EM_REPORT):   output;
MPRINT(EM_REPORT):   NAME = "BELOWTEXT";
MPRINT(EM_REPORT):   VALUE = "";
MPRINT(EM_REPORT):   VIEW = 0.4137125068408;
MPRINT(EM_REPORT):   output;
MPRINT(EM_REPORT):   NAME = "NODESIZE";
MPRINT(EM_REPORT):   VALUE = "";
MPRINT(EM_REPORT):   VIEW = 0.4137125068408;
MPRINT(EM_REPORT):   output;
MPRINT(EM_REPORT):   NAME = "STATS";
MPRINT(EM_REPORT):   VALUE = "";
MPRINT(EM_REPORT):   VIEW = 0.4137125068408;
MPRINT(EM_REPORT):   output;
MPRINT(EM_REPORT):   NAME = "CLASSDIST";
MPRINT(EM_REPORT):   VALUE = "";
MPRINT(EM_REPORT):   VIEW = 0.4137125068408;
MPRINT(EM_REPORT):   output;
MPRINT(EM_REPORT):   NAME = "INTDIST";
MPRINT(EM_REPORT):   VALUE = "";
MPRINT(EM_REPORT):   VIEW = 0.4137125068408;
MPRINT(EM_REPORT):   output;
MPRINT(EM_REPORT):   NAME = "FOLDER";
MPRINT(EM_REPORT):   VALUE = "";
MPRINT(EM_REPORT):   VIEW = 0.4137125068408;
MPRINT(EM_REPORT):   output;
MPRINT(EM_REPORT):   NAME = "YPLOTTYPE";
MPRINT(EM_REPORT):   VALUE = "";
MPRINT(EM_REPORT):   VIEW = 0.4137125068408;
MPRINT(EM_REPORT):   output;
MPRINT(EM_REPORT):   NAME = "XREF";
MPRINT(EM_REPORT):   VALUE = "5";
MPRINT(EM_REPORT):   VIEW = 0.4137125068408;
MPRINT(EM_REPORT):   output;
MPRINT(EM_REPORT):   NAME = "XREF2";
MPRINT(EM_REPORT):   VALUE = "";
MPRINT(EM_REPORT):   VIEW = 0.4137125068408;
MPRINT(EM_REPORT):   output;
MPRINT(EM_REPORT):   NAME = "YREF";
MPRINT(EM_REPORT):   VALUE = "";
MPRINT(EM_REPORT):   VIEW = 0.4137125068408;
MPRINT(EM_REPORT):   output;
MPRINT(EM_REPORT):   NAME = "Y2REF";
MPRINT(EM_REPORT):   VALUE = "";
MPRINT(EM_REPORT):   VIEW = 0.4137125068408;
MPRINT(EM_REPORT):   output;
MPRINT(EM_REPORT):   NAME = "YREF2";
MPRINT(EM_REPORT):   VALUE = "";
MPRINT(EM_REPORT):   VIEW = 0.4137125068408;
MPRINT(EM_REPORT):   output;
MPRINT(EM_REPORT):   NAME = "Y2REF2";
MPRINT(EM_REPORT):   VALUE = "";
MPRINT(EM_REPORT):   VIEW = 0.4137125068408;
MPRINT(EM_REPORT):   output;
MPRINT(EM_REPORT):   NAME = "GROUPINDEX";
MPRINT(EM_REPORT):   VALUE = "";
MPRINT(EM_REPORT):   VIEW = 0.4137125068408;
MPRINT(EM_REPORT):   output;
MPRINT(EM_REPORT):   NAME = "JOIN";
MPRINT(EM_REPORT):   VALUE = "";
MPRINT(EM_REPORT):   VIEW = 0.4137125068408;
MPRINT(EM_REPORT):   output;
MPRINT(EM_REPORT):   NAME = "XEXCLUDE";
MPRINT(EM_REPORT):   VALUE = "";
MPRINT(EM_REPORT):   VIEW = 0.4137125068408;
MPRINT(EM_REPORT):   output;
MPRINT(EM_REPORT):   NAME = "FREQEXCLUDE";
MPRINT(EM_REPORT):   VALUE = "";
MPRINT(EM_REPORT):   VIEW = 0.4137125068408;
MPRINT(EM_REPORT):   output;
MPRINT(EM_REPORT):   NAME = "YEXCLUDE";
MPRINT(EM_REPORT):   VALUE = "";
MPRINT(EM_REPORT):   VIEW = 0.4137125068408;
MPRINT(EM_REPORT):   output;
MPRINT(EM_REPORT):   NAME = "NAME";
MPRINT(EM_REPORT):   VALUE = "";
MPRINT(EM_REPORT):   VIEW = 0.4137125068408;
MPRINT(EM_REPORT):   output;
MPRINT(EM_REPORT):   NAME = "HEIGHT";
MPRINT(EM_REPORT):   VALUE = "";
MPRINT(EM_REPORT):   VIEW = 0.4137125068408;
MPRINT(EM_REPORT):   output;
MPRINT(EM_REPORT):   NAME = "WIDTH";
MPRINT(EM_REPORT):   VALUE = "";
MPRINT(EM_REPORT):   VIEW = 0.4137125068408;
MPRINT(EM_REPORT):   output;
MPRINT(EM_REPORT):   NAME = "XAXISLABEL";
MPRINT(EM_REPORT):   VALUE = "";
MPRINT(EM_REPORT):   VIEW = 0.4137125068408;
MPRINT(EM_REPORT):   output;
MPRINT(EM_REPORT):   NAME = "Y2AXISLABEL";
MPRINT(EM_REPORT):   VALUE = "";
MPRINT(EM_REPORT):   VIEW = 0.4137125068408;
MPRINT(EM_REPORT):   output;
MPRINT(EM_REPORT):   NAME = "YAXISLABEL";
MPRINT(EM_REPORT):   VALUE = "";
MPRINT(EM_REPORT):   VIEW = 0.4137125068408;
MPRINT(EM_REPORT):   output;
MPRINT(EM_REPORT):   NAME = "DISPLAYXLABEL";
MPRINT(EM_REPORT):   VALUE = "Y";
MPRINT(EM_REPORT):   VIEW = 0.4137125068408;
MPRINT(EM_REPORT):   output;
MPRINT(EM_REPORT):   NAME = "DISPLAYYLABEL";
MPRINT(EM_REPORT):   VALUE = "Y";
MPRINT(EM_REPORT):   VIEW = 0.4137125068408;
MPRINT(EM_REPORT):   output;
MPRINT(EM_REPORT):   NAME = "CHOICETEXT";
MPRINT(EM_REPORT):   VALUE = "";
MPRINT(EM_REPORT):   VIEW = 0.4137125068408;
MPRINT(EM_REPORT):   output;
MPRINT(EM_REPORT):   NAME = "SEGMENTVALUE";
MPRINT(EM_REPORT):   VALUE = "";
MPRINT(EM_REPORT):   VIEW = 0.4137125068408;
MPRINT(EM_REPORT):   output;
MPRINT(EM_REPORT):   NAME = "LOWERBAND";
MPRINT(EM_REPORT):   VALUE = "";
MPRINT(EM_REPORT):   VIEW = 0.4137125068408;
MPRINT(EM_REPORT):   output;
MPRINT(EM_REPORT):   NAME = "UPPERBAND";
MPRINT(EM_REPORT):   VALUE = "";
MPRINT(EM_REPORT):   VIEW = 0.4137125068408;
MPRINT(EM_REPORT):   output;
MPRINT(EM_REPORT):   NAME = "YLINE";
MPRINT(EM_REPORT):   VALUE = "";
MPRINT(EM_REPORT):   VIEW = 0.4137125068408;
MPRINT(EM_REPORT):   output;
MPRINT(EM_REPORT):   NAME = "LINKKEY";
MPRINT(EM_REPORT):   VALUE = "";
MPRINT(EM_REPORT):   VIEW = 0.4137125068408;
MPRINT(EM_REPORT):   output;
MPRINT(EM_REPORT):   NAME = "NODEKEY";
MPRINT(EM_REPORT):   VALUE = "";
MPRINT(EM_REPORT):   VIEW = 0.4137125068408;
MPRINT(EM_REPORT):   output;
MPRINT(EM_REPORT):   NAME = "NODEID";
MPRINT(EM_REPORT):   VALUE = "";
MPRINT(EM_REPORT):   VIEW = 0.4137125068408;
MPRINT(EM_REPORT):   output;
MPRINT(EM_REPORT):   NAME = "NODEVALUE";
MPRINT(EM_REPORT):   VALUE = "";
MPRINT(EM_REPORT):   VIEW = 0.4137125068408;
MPRINT(EM_REPORT):   output;
MPRINT(EM_REPORT):   NAME = "NODECOLOR";
MPRINT(EM_REPORT):   VALUE = "";
MPRINT(EM_REPORT):   VIEW = 0.4137125068408;
MPRINT(EM_REPORT):   output;
MPRINT(EM_REPORT):   NAME = "NODESHAPE";
MPRINT(EM_REPORT):   VALUE = "";
MPRINT(EM_REPORT):   VIEW = 0.4137125068408;
MPRINT(EM_REPORT):   output;
MPRINT(EM_REPORT):   NAME = "NODESHAPEVAR";
MPRINT(EM_REPORT):   VALUE = "";
MPRINT(EM_REPORT):   VIEW = 0.4137125068408;
MPRINT(EM_REPORT):   output;
MPRINT(EM_REPORT):   NAME = "NODELABEL";
MPRINT(EM_REPORT):   VALUE = "";
MPRINT(EM_REPORT):   VIEW = 0.4137125068408;
MPRINT(EM_REPORT):   output;
MPRINT(EM_REPORT):   NAME = "NODETIP";
MPRINT(EM_REPORT):   VALUE = "";
MPRINT(EM_REPORT):   VIEW = 0.4137125068408;
MPRINT(EM_REPORT):   output;
MPRINT(EM_REPORT):   NAME = "LINKID";
MPRINT(EM_REPORT):   VALUE = "";
MPRINT(EM_REPORT):   VIEW = 0.4137125068408;
MPRINT(EM_REPORT):   output;
MPRINT(EM_REPORT):   NAME = "LINKVALUE";
MPRINT(EM_REPORT):   VALUE = "";
MPRINT(EM_REPORT):   VIEW = 0.4137125068408;
MPRINT(EM_REPORT):   output;
MPRINT(EM_REPORT):   NAME = "LINKFROM";
MPRINT(EM_REPORT):   VALUE = "";
MPRINT(EM_REPORT):   VIEW = 0.4137125068408;
MPRINT(EM_REPORT):   output;
MPRINT(EM_REPORT):   NAME = "LINKTO";
MPRINT(EM_REPORT):   VALUE = "";
MPRINT(EM_REPORT):   VIEW = 0.4137125068408;
MPRINT(EM_REPORT):   output;
MPRINT(EM_REPORT):   NAME = "LINKCOLOR";
MPRINT(EM_REPORT):   VALUE = "";
MPRINT(EM_REPORT):   VIEW = 0.4137125068408;
MPRINT(EM_REPORT):   output;
MPRINT(EM_REPORT):   NAME = "LINKWIDTH";
MPRINT(EM_REPORT):   VALUE = "";
MPRINT(EM_REPORT):   VIEW = 0.4137125068408;
MPRINT(EM_REPORT):   output;
MPRINT(EM_REPORT):   NAME = "LINKTIP";
MPRINT(EM_REPORT):   VALUE = "";
MPRINT(EM_REPORT):   VIEW = 0.4137125068408;
MPRINT(EM_REPORT):   output;
MPRINT(EM_REPORT):   NAME = "XFROM";
MPRINT(EM_REPORT):   VALUE = "";
MPRINT(EM_REPORT):   VIEW = 0.4137125068408;
MPRINT(EM_REPORT):   output;
MPRINT(EM_REPORT):   NAME = "XTO";
MPRINT(EM_REPORT):   VALUE = "";
MPRINT(EM_REPORT):   VIEW = 0.4137125068408;
MPRINT(EM_REPORT):   output;
MPRINT(EM_REPORT):   NAME = "YFROM";
MPRINT(EM_REPORT):   VALUE = "";
MPRINT(EM_REPORT):   VIEW = 0.4137125068408;
MPRINT(EM_REPORT):   output;
MPRINT(EM_REPORT):   NAME = "YTO";
MPRINT(EM_REPORT):   VALUE = "";
MPRINT(EM_REPORT):   VIEW = 0.4137125068408;
MPRINT(EM_REPORT):   output;
MPRINT(EM_REPORT):   NAME = "MATRIXVAR";
MPRINT(EM_REPORT):   VALUE = "";
MPRINT(EM_REPORT):   VIEW = 0.4137125068408;
MPRINT(EM_REPORT):   output;
MPRINT(EM_REPORT):   NAME = "RESPONSE";
MPRINT(EM_REPORT):   VALUE = "";
MPRINT(EM_REPORT):   VIEW = 0.4137125068408;
MPRINT(EM_REPORT):   output;
MPRINT(EM_REPORT):   NAME = "SERIES";
MPRINT(EM_REPORT):   VALUE = "";
MPRINT(EM_REPORT):   VIEW = 0.4137125068408;
MPRINT(EM_REPORT):   output;
MPRINT(EM_REPORT):   NAME = "DESCARG";
MPRINT(EM_REPORT):   VALUE = "";
MPRINT(EM_REPORT):   VIEW = 0.4137125068408;
MPRINT(EM_REPORT):   output;
MPRINT(EM_REPORT):   NAME = "SLIDER";
MPRINT(EM_REPORT):   VALUE = "";
MPRINT(EM_REPORT):   VIEW = 0.4137125068408;
MPRINT(EM_REPORT):   output;
MPRINT(EM_REPORT):   NAME = "MarkerSize";
MPRINT(EM_REPORT):   VALUE = "";
MPRINT(EM_REPORT):   VIEW = 0.4137125068408;
MPRINT(EM_REPORT):   output;
MPRINT(EM_REPORT):   NAME = "Marker";
MPRINT(EM_REPORT):   VALUE = "";
MPRINT(EM_REPORT):   VIEW = 0.4137125068408;
MPRINT(EM_REPORT):   output;
MPRINT(EM_REPORT):   NAME = "Y1";
MPRINT(EM_REPORT):   VALUE = "";
MPRINT(EM_REPORT):   VIEW = 0.4137125068408;
MPRINT(EM_REPORT):   output;
MPRINT(EM_REPORT):   NAME = "Y2";
MPRINT(EM_REPORT):   VALUE = "";
MPRINT(EM_REPORT):   VIEW = 0.4137125068408;
MPRINT(EM_REPORT):   output;
MPRINT(EM_REPORT):   NAME = "Y3";
MPRINT(EM_REPORT):   VALUE = "";
MPRINT(EM_REPORT):   VIEW = 0.4137125068408;
MPRINT(EM_REPORT):   output;
MPRINT(EM_REPORT):   NAME = "Y4";
MPRINT(EM_REPORT):   VALUE = "";
MPRINT(EM_REPORT):   VIEW = 0.4137125068408;
MPRINT(EM_REPORT):   output;
MPRINT(EM_REPORT):   NAME = "Y5";
MPRINT(EM_REPORT):   VALUE = "";
MPRINT(EM_REPORT):   VIEW = 0.4137125068408;
MPRINT(EM_REPORT):   output;
MPRINT(EM_REPORT):   NAME = "Y6";
MPRINT(EM_REPORT):   VALUE = "";
MPRINT(EM_REPORT):   VIEW = 0.4137125068408;
MPRINT(EM_REPORT):   output;
MPRINT(EM_REPORT):   NAME = "Y7";
MPRINT(EM_REPORT):   VALUE = "";
MPRINT(EM_REPORT):   VIEW = 0.4137125068408;
MPRINT(EM_REPORT):   output;
MPRINT(EM_REPORT):   NAME = "Y8";
MPRINT(EM_REPORT):   VALUE = "";
MPRINT(EM_REPORT):   VIEW = 0.4137125068408;
MPRINT(EM_REPORT):   output;
MPRINT(EM_REPORT):   NAME = "Y9";
MPRINT(EM_REPORT):   VALUE = "";
MPRINT(EM_REPORT):   VIEW = 0.4137125068408;
MPRINT(EM_REPORT):   output;
MPRINT(EM_REPORT):   NAME = "Y10";
MPRINT(EM_REPORT):   VALUE = "";
MPRINT(EM_REPORT):   VIEW = 0.4137125068408;
MPRINT(EM_REPORT):   output;
MPRINT(EM_REPORT):   NAME = "Y11";
MPRINT(EM_REPORT):   VALUE = "";
MPRINT(EM_REPORT):   VIEW = 0.4137125068408;
MPRINT(EM_REPORT):   output;
MPRINT(EM_REPORT):   NAME = "Y12";
MPRINT(EM_REPORT):   VALUE = "";
MPRINT(EM_REPORT):   VIEW = 0.4137125068408;
MPRINT(EM_REPORT):   output;
MPRINT(EM_REPORT):   NAME = "Y13";
MPRINT(EM_REPORT):   VALUE = "";
MPRINT(EM_REPORT):   VIEW = 0.4137125068408;
MPRINT(EM_REPORT):   output;
MPRINT(EM_REPORT):   NAME = "Y14";
MPRINT(EM_REPORT):   VALUE = "";
MPRINT(EM_REPORT):   VIEW = 0.4137125068408;
MPRINT(EM_REPORT):   output;
MPRINT(EM_REPORT):   NAME = "Y15";
MPRINT(EM_REPORT):   VALUE = "";
MPRINT(EM_REPORT):   VIEW = 0.4137125068408;
MPRINT(EM_REPORT):   output;
MPRINT(EM_REPORT):   NAME = "Y16";
MPRINT(EM_REPORT):   VALUE = "";
MPRINT(EM_REPORT):   VIEW = 0.4137125068408;
MPRINT(EM_REPORT):   output;
MPRINT(EM_REPORT):   NAME = "TITLE";
MPRINT(EM_REPORT):   VALUE = "";
MPRINT(EM_REPORT):   VIEW = 0.4137125068408;
MPRINT(EM_REPORT):   output;
MPRINT(EM_REPORT):   NAME = "LEGEND";
MPRINT(EM_REPORT):   VALUE = "";
MPRINT(EM_REPORT):   VIEW = 0.4137125068408;
MPRINT(EM_REPORT):   output;
MPRINT(EM_REPORT):   NAME = "LEGENDTITLE";
MPRINT(EM_REPORT):   VALUE = "";
MPRINT(EM_REPORT):   VIEW = 0.4137125068408;
MPRINT(EM_REPORT):   output;
MPRINT(EM_REPORT):   NAME = "SHAPE";
MPRINT(EM_REPORT):   VALUE = "";
MPRINT(EM_REPORT):   VIEW = 0.4137125068408;
MPRINT(EM_REPORT):   output;
MPRINT(EM_REPORT):   NAME = "METHOD";
MPRINT(EM_REPORT):   VALUE = "";
MPRINT(EM_REPORT):   VIEW = 0.4137125068408;
MPRINT(EM_REPORT):   output;
MPRINT(EM_REPORT):   NAME = "NOBINMISS";
MPRINT(EM_REPORT):   VALUE = "";
MPRINT(EM_REPORT):   VIEW = 0.4137125068408;
MPRINT(EM_REPORT):   output;
MPRINT(EM_REPORT):   end;
MPRINT(EM_REPORT):   run;

NOTE: There were 397 observations read from the data set WORK.EM_USER_REPORT.
NOTE: The data set WORK.EM_USER_REPORT has 529 observations and 4 variables.
NOTE: DATA statement used (Total process time):
      real time           0.02 seconds
      cpu time            0.03 seconds
      

MPRINT(EM_TREE_REPORT):  ;
MPRINT(EM_REPORT):   data WORK.EM_USER_REPORT;
MPRINT(EM_REPORT):   set WORK.EM_USER_REPORT end=eof;
MPRINT(EM_REPORT):   output;
MPRINT(EM_REPORT):   if eof then do;
MPRINT(EM_REPORT):   id+1;
MPRINT(EM_REPORT):   NAME = "KEY";
MPRINT(EM_REPORT):   VALUE = "TREE_PLOT";
MPRINT(EM_REPORT):   VIEW = 1;
MPRINT(EM_REPORT):   output;
MPRINT(EM_REPORT):   NAME = "VIEWTYPE";
MPRINT(EM_REPORT):   VALUE = "RESPONSEBAR";
MPRINT(EM_REPORT):   VIEW = 1;
MPRINT(EM_REPORT):   output;
MPRINT(EM_REPORT):   NAME = "AUTODISPLAY";
MPRINT(EM_REPORT):   VALUE = "Y";
MPRINT(EM_REPORT):   VIEW = 1;
MPRINT(EM_REPORT):   output;
MPRINT(EM_REPORT):   NAME = "SPK";
MPRINT(EM_REPORT):   VALUE = "Y";
MPRINT(EM_REPORT):   VIEW = 1;
MPRINT(EM_REPORT):   output;
MPRINT(EM_REPORT):   NAME = "COMPARE";
MPRINT(EM_REPORT):   VALUE = "N";
MPRINT(EM_REPORT):   VIEW = 1;
MPRINT(EM_REPORT):   output;
MPRINT(EM_REPORT):   NAME = "LOCALIZE";
MPRINT(EM_REPORT):   VALUE = "N";
MPRINT(EM_REPORT):   VIEW = 1;
MPRINT(EM_REPORT):   output;
MPRINT(EM_REPORT):   NAME = "EQUALIZEROWX";
MPRINT(EM_REPORT):   VALUE = "N";
MPRINT(EM_REPORT):   VIEW = 1;
MPRINT(EM_REPORT):   output;
MPRINT(EM_REPORT):   NAME = "EQUALIZEROWY";
MPRINT(EM_REPORT):   VALUE = "N";
MPRINT(EM_REPORT):   VIEW = 1;
MPRINT(EM_REPORT):   output;
MPRINT(EM_REPORT):   NAME = "EQUALIZECOLX";
MPRINT(EM_REPORT):   VALUE = "N";
MPRINT(EM_REPORT):   VIEW = 1;
MPRINT(EM_REPORT):   output;
MPRINT(EM_REPORT):   NAME = "EQUALIZECOLY";
MPRINT(EM_REPORT):   VALUE = "N";
MPRINT(EM_REPORT):   VIEW = 1;
MPRINT(EM_REPORT):   output;
MPRINT(EM_REPORT):   NAME = "NROWS";
MPRINT(EM_REPORT):   VALUE = "";
MPRINT(EM_REPORT):   VIEW = 1;
MPRINT(EM_REPORT):   output;
MPRINT(EM_REPORT):   NAME = "NCOLS";
MPRINT(EM_REPORT):   VALUE = "";
MPRINT(EM_REPORT):   VIEW = 1;
MPRINT(EM_REPORT):   output;
MPRINT(EM_REPORT):   NAME = "DISCRETEX";
MPRINT(EM_REPORT):   VALUE = "";
MPRINT(EM_REPORT):   VIEW = 1;
MPRINT(EM_REPORT):   output;
MPRINT(EM_REPORT):   NAME = "DISCRETEY";
MPRINT(EM_REPORT):   VALUE = "";
MPRINT(EM_REPORT):   VIEW = 1;
MPRINT(EM_REPORT):   output;
MPRINT(EM_REPORT):   NAME = "LATTICEX";
MPRINT(EM_REPORT):   VALUE = "";
MPRINT(EM_REPORT):   VIEW = 1;
MPRINT(EM_REPORT):   output;
MPRINT(EM_REPORT):   NAME = "LATTICEY";
MPRINT(EM_REPORT):   VALUE = "";
MPRINT(EM_REPORT):   VIEW = 1;
MPRINT(EM_REPORT):   output;
MPRINT(EM_REPORT):   NAME = "LATTICETYPE";
MPRINT(EM_REPORT):   VALUE = "";
MPRINT(EM_REPORT):   VIEW = 1;
MPRINT(EM_REPORT):   output;
MPRINT(EM_REPORT):   NAME = "ABSOLUTEVALUE";
MPRINT(EM_REPORT):   VALUE = "";
MPRINT(EM_REPORT):   VIEW = 1;
MPRINT(EM_REPORT):   output;
MPRINT(EM_REPORT):   NAME = "SORTORDER";
MPRINT(EM_REPORT):   VALUE = "";
MPRINT(EM_REPORT):   VIEW = 1;
MPRINT(EM_REPORT):   output;
MPRINT(EM_REPORT):   NAME = "SORTORDERY";
MPRINT(EM_REPORT):   VALUE = "";
MPRINT(EM_REPORT):   VIEW = 1;
MPRINT(EM_REPORT):   output;
MPRINT(EM_REPORT):   NAME = "ORIENTATION";
MPRINT(EM_REPORT):   VALUE = "";
MPRINT(EM_REPORT):   VIEW = 1;
MPRINT(EM_REPORT):   output;
MPRINT(EM_REPORT):   NAME = "METHOD";
MPRINT(EM_REPORT):   VALUE = "";
MPRINT(EM_REPORT):   VIEW = 1;
MPRINT(EM_REPORT):   output;
MPRINT(EM_REPORT):   NAME = "DIRECTION";
MPRINT(EM_REPORT):   VALUE = "";
MPRINT(EM_REPORT):   VIEW = 1;
MPRINT(EM_REPORT):   output;
MPRINT(EM_REPORT):   NAME = "BYSET";
MPRINT(EM_REPORT):   VALUE = "";
MPRINT(EM_REPORT):   VIEW = 1;
MPRINT(EM_REPORT):   output;
MPRINT(EM_REPORT):   NAME = "RENDERMODE";
MPRINT(EM_REPORT):   VALUE = "";
MPRINT(EM_REPORT):   VIEW = 1;
MPRINT(EM_REPORT):   output;
MPRINT(EM_REPORT):   NAME = "WHERECLAUSE";
MPRINT(EM_REPORT):   VALUE = "INDEX ne .";
MPRINT(EM_REPORT):   output;
MPRINT(EM_REPORT):   NAME = "DESCRIPTION";
MPRINT(EM_REPORT):   VALUE = "LEAFSTATS";
MPRINT(EM_REPORT):   VIEW = 1;
MPRINT(EM_REPORT):   output;
MPRINT(EM_REPORT):   NAME = "X";
MPRINT(EM_REPORT):   VALUE = "INDEX";
MPRINT(EM_REPORT):   VIEW = 1;
MPRINT(EM_REPORT):   output;
MPRINT(EM_REPORT):   NAME = "EXCLUDEVARS";
MPRINT(EM_REPORT):   VALUE = "";
MPRINT(EM_REPORT):   VIEW = 1;
MPRINT(EM_REPORT):   output;
MPRINT(EM_REPORT):   NAME = "Z";
MPRINT(EM_REPORT):   VALUE = "";
MPRINT(EM_REPORT):   VIEW = 1;
MPRINT(EM_REPORT):   output;
MPRINT(EM_REPORT):   NAME = "YVARS";
MPRINT(EM_REPORT):   VALUE = "";
MPRINT(EM_REPORT):   VIEW = 1;
MPRINT(EM_REPORT):   output;
MPRINT(EM_REPORT):   NAME = "FREQVARS";
MPRINT(EM_REPORT):   VALUE = "";
MPRINT(EM_REPORT):   VIEW = 1;
MPRINT(EM_REPORT):   output;
MPRINT(EM_REPORT):   NAME = "AXIS";
MPRINT(EM_REPORT):   VALUE = "";
MPRINT(EM_REPORT):   VIEW = 1;
MPRINT(EM_REPORT):   output;
MPRINT(EM_REPORT):   NAME = "FREQ";
MPRINT(EM_REPORT):   VALUE = "";
MPRINT(EM_REPORT):   VIEW = 1;
MPRINT(EM_REPORT):   output;
MPRINT(EM_REPORT):   NAME = "GROUP";
MPRINT(EM_REPORT):   VALUE = "";
MPRINT(EM_REPORT):   VIEW = 1;
MPRINT(EM_REPORT):   output;
MPRINT(EM_REPORT):   NAME = "SUBGROUP";
MPRINT(EM_REPORT):   VALUE = "";
MPRINT(EM_REPORT):   VIEW = 1;
MPRINT(EM_REPORT):   output;
MPRINT(EM_REPORT):   NAME = "BLOCK";
MPRINT(EM_REPORT):   VALUE = "MODEL";
MPRINT(EM_REPORT):   VIEW = 1;
MPRINT(EM_REPORT):   output;
MPRINT(EM_REPORT):   NAME = "COLOR";
MPRINT(EM_REPORT):   VALUE = "";
MPRINT(EM_REPORT):   VIEW = 1;
MPRINT(EM_REPORT):   output;
MPRINT(EM_REPORT):   NAME = "COLORINDEX";
MPRINT(EM_REPORT):   VALUE = "";
MPRINT(EM_REPORT):   VIEW = 1;
MPRINT(EM_REPORT):   output;
MPRINT(EM_REPORT):   NAME = "TIPTEXT";
MPRINT(EM_REPORT):   VALUE = "";
MPRINT(EM_REPORT):   VIEW = 1;
MPRINT(EM_REPORT):   output;
MPRINT(EM_REPORT):   NAME = "TIP";
MPRINT(EM_REPORT):   VALUE = "";
MPRINT(EM_REPORT):   VIEW = 1;
MPRINT(EM_REPORT):   output;
MPRINT(EM_REPORT):   NAME = "TOOLTIP";
MPRINT(EM_REPORT):   VALUE = "";
MPRINT(EM_REPORT):   VIEW = 1;
MPRINT(EM_REPORT):   output;
MPRINT(EM_REPORT):   NAME = "REPORTID";
MPRINT(EM_REPORT):   VALUE = "";
MPRINT(EM_REPORT):   VIEW = 1;
MPRINT(EM_REPORT):   output;
MPRINT(EM_REPORT):   NAME = "IDVALUE";
MPRINT(EM_REPORT):   VALUE = "";
MPRINT(EM_REPORT):   VIEW = 1;
MPRINT(EM_REPORT):   output;
MPRINT(EM_REPORT):   NAME = "ID";
MPRINT(EM_REPORT):   VALUE = "";
MPRINT(EM_REPORT):   VIEW = 1;
MPRINT(EM_REPORT):   output;
MPRINT(EM_REPORT):   NAME = "SIZE";
MPRINT(EM_REPORT):   VALUE = "";
MPRINT(EM_REPORT):   VIEW = 1;
MPRINT(EM_REPORT):   output;
MPRINT(EM_REPORT):   NAME = "FROM";
MPRINT(EM_REPORT):   VALUE = "";
MPRINT(EM_REPORT):   VIEW = 1;
MPRINT(EM_REPORT):   output;
MPRINT(EM_REPORT):   NAME = "TO";
MPRINT(EM_REPORT):   VALUE = "";
MPRINT(EM_REPORT):   VIEW = 1;
MPRINT(EM_REPORT):   output;
MPRINT(EM_REPORT):   NAME = "VALUE";
MPRINT(EM_REPORT):   VALUE = "";
MPRINT(EM_REPORT):   VIEW = 1;
MPRINT(EM_REPORT):   output;
MPRINT(EM_REPORT):   NAME = "VIEWS";
MPRINT(EM_REPORT):   VALUE = "";
MPRINT(EM_REPORT):   VIEW = 1;
MPRINT(EM_REPORT):   output;
MPRINT(EM_REPORT):   NAME = "PARENT";
MPRINT(EM_REPORT):   VALUE = "";
MPRINT(EM_REPORT):   VIEW = 1;
MPRINT(EM_REPORT):   output;
MPRINT(EM_REPORT):   NAME = "NODETEXT";
MPRINT(EM_REPORT):   VALUE = "";
MPRINT(EM_REPORT):   VIEW = 1;
MPRINT(EM_REPORT):   output;
MPRINT(EM_REPORT):   NAME = "ABOVETEXT";
MPRINT(EM_REPORT):   VALUE = "";
MPRINT(EM_REPORT):   VIEW = 1;
MPRINT(EM_REPORT):   output;
MPRINT(EM_REPORT):   NAME = "BELOWTEXT";
MPRINT(EM_REPORT):   VALUE = "";
MPRINT(EM_REPORT):   VIEW = 1;
MPRINT(EM_REPORT):   output;
MPRINT(EM_REPORT):   NAME = "NODESIZE";
MPRINT(EM_REPORT):   VALUE = "";
MPRINT(EM_REPORT):   VIEW = 1;
MPRINT(EM_REPORT):   output;
MPRINT(EM_REPORT):   NAME = "STATS";
MPRINT(EM_REPORT):   VALUE = "";
MPRINT(EM_REPORT):   VIEW = 1;
MPRINT(EM_REPORT):   output;
MPRINT(EM_REPORT):   NAME = "CLASSDIST";
MPRINT(EM_REPORT):   VALUE = "";
MPRINT(EM_REPORT):   VIEW = 1;
MPRINT(EM_REPORT):   output;
MPRINT(EM_REPORT):   NAME = "INTDIST";
MPRINT(EM_REPORT):   VALUE = "";
MPRINT(EM_REPORT):   VIEW = 1;
MPRINT(EM_REPORT):   output;
MPRINT(EM_REPORT):   NAME = "FOLDER";
MPRINT(EM_REPORT):   VALUE = "";
MPRINT(EM_REPORT):   VIEW = 1;
MPRINT(EM_REPORT):   output;
MPRINT(EM_REPORT):   NAME = "YPLOTTYPE";
MPRINT(EM_REPORT):   VALUE = "";
MPRINT(EM_REPORT):   VIEW = 1;
MPRINT(EM_REPORT):   output;
MPRINT(EM_REPORT):   NAME = "XREF";
MPRINT(EM_REPORT):   VALUE = "";
MPRINT(EM_REPORT):   VIEW = 1;
MPRINT(EM_REPORT):   output;
MPRINT(EM_REPORT):   NAME = "XREF2";
MPRINT(EM_REPORT):   VALUE = "";
MPRINT(EM_REPORT):   VIEW = 1;
MPRINT(EM_REPORT):   output;
MPRINT(EM_REPORT):   NAME = "YREF";
MPRINT(EM_REPORT):   VALUE = "";
MPRINT(EM_REPORT):   VIEW = 1;
MPRINT(EM_REPORT):   output;
MPRINT(EM_REPORT):   NAME = "Y2REF";
MPRINT(EM_REPORT):   VALUE = "";
MPRINT(EM_REPORT):   VIEW = 1;
MPRINT(EM_REPORT):   output;
MPRINT(EM_REPORT):   NAME = "YREF2";
MPRINT(EM_REPORT):   VALUE = "";
MPRINT(EM_REPORT):   VIEW = 1;
MPRINT(EM_REPORT):   output;
MPRINT(EM_REPORT):   NAME = "Y2REF2";
MPRINT(EM_REPORT):   VALUE = "";
MPRINT(EM_REPORT):   VIEW = 1;
MPRINT(EM_REPORT):   output;
MPRINT(EM_REPORT):   NAME = "GROUPINDEX";
MPRINT(EM_REPORT):   VALUE = "";
MPRINT(EM_REPORT):   VIEW = 1;
MPRINT(EM_REPORT):   output;
MPRINT(EM_REPORT):   NAME = "JOIN";
MPRINT(EM_REPORT):   VALUE = "";
MPRINT(EM_REPORT):   VIEW = 1;
MPRINT(EM_REPORT):   output;
MPRINT(EM_REPORT):   NAME = "XEXCLUDE";
MPRINT(EM_REPORT):   VALUE = "";
MPRINT(EM_REPORT):   VIEW = 1;
MPRINT(EM_REPORT):   output;
MPRINT(EM_REPORT):   NAME = "FREQEXCLUDE";
MPRINT(EM_REPORT):   VALUE = "";
MPRINT(EM_REPORT):   VIEW = 1;
MPRINT(EM_REPORT):   output;
MPRINT(EM_REPORT):   NAME = "YEXCLUDE";
MPRINT(EM_REPORT):   VALUE = "";
MPRINT(EM_REPORT):   VIEW = 1;
MPRINT(EM_REPORT):   output;
MPRINT(EM_REPORT):   NAME = "NAME";
MPRINT(EM_REPORT):   VALUE = "";
MPRINT(EM_REPORT):   VIEW = 1;
MPRINT(EM_REPORT):   output;
MPRINT(EM_REPORT):   NAME = "HEIGHT";
MPRINT(EM_REPORT):   VALUE = "";
MPRINT(EM_REPORT):   VIEW = 1;
MPRINT(EM_REPORT):   output;
MPRINT(EM_REPORT):   NAME = "WIDTH";
MPRINT(EM_REPORT):   VALUE = "";
MPRINT(EM_REPORT):   VIEW = 1;
MPRINT(EM_REPORT):   output;
MPRINT(EM_REPORT):   NAME = "XAXISLABEL";
MPRINT(EM_REPORT):   VALUE = "";
MPRINT(EM_REPORT):   VIEW = 1;
MPRINT(EM_REPORT):   output;
MPRINT(EM_REPORT):   NAME = "Y2AXISLABEL";
MPRINT(EM_REPORT):   VALUE = "";
MPRINT(EM_REPORT):   VIEW = 1;
MPRINT(EM_REPORT):   output;
MPRINT(EM_REPORT):   NAME = "YAXISLABEL";
MPRINT(EM_REPORT):   VALUE = "";
MPRINT(EM_REPORT):   VIEW = 1;
MPRINT(EM_REPORT):   output;
MPRINT(EM_REPORT):   NAME = "DISPLAYXLABEL";
MPRINT(EM_REPORT):   VALUE = "Y";
MPRINT(EM_REPORT):   VIEW = 1;
MPRINT(EM_REPORT):   output;
MPRINT(EM_REPORT):   NAME = "DISPLAYYLABEL";
MPRINT(EM_REPORT):   VALUE = "Y";
MPRINT(EM_REPORT):   VIEW = 1;
MPRINT(EM_REPORT):   output;
MPRINT(EM_REPORT):   NAME = "CHOICETEXT";
MPRINT(EM_REPORT):   VALUE = "";
MPRINT(EM_REPORT):   VIEW = 1;
MPRINT(EM_REPORT):   output;
MPRINT(EM_REPORT):   NAME = "SEGMENTVALUE";
MPRINT(EM_REPORT):   VALUE = "";
MPRINT(EM_REPORT):   VIEW = 1;
MPRINT(EM_REPORT):   output;
MPRINT(EM_REPORT):   NAME = "LOWERBAND";
MPRINT(EM_REPORT):   VALUE = "";
MPRINT(EM_REPORT):   VIEW = 1;
MPRINT(EM_REPORT):   output;
MPRINT(EM_REPORT):   NAME = "UPPERBAND";
MPRINT(EM_REPORT):   VALUE = "";
MPRINT(EM_REPORT):   VIEW = 1;
MPRINT(EM_REPORT):   output;
MPRINT(EM_REPORT):   NAME = "YLINE";
MPRINT(EM_REPORT):   VALUE = "";
MPRINT(EM_REPORT):   VIEW = 1;
MPRINT(EM_REPORT):   output;
MPRINT(EM_REPORT):   NAME = "LINKKEY";
MPRINT(EM_REPORT):   VALUE = "";
MPRINT(EM_REPORT):   VIEW = 1;
MPRINT(EM_REPORT):   output;
MPRINT(EM_REPORT):   NAME = "NODEKEY";
MPRINT(EM_REPORT):   VALUE = "";
MPRINT(EM_REPORT):   VIEW = 1;
MPRINT(EM_REPORT):   output;
MPRINT(EM_REPORT):   NAME = "NODEID";
MPRINT(EM_REPORT):   VALUE = "";
MPRINT(EM_REPORT):   VIEW = 1;
MPRINT(EM_REPORT):   output;
MPRINT(EM_REPORT):   NAME = "NODEVALUE";
MPRINT(EM_REPORT):   VALUE = "";
MPRINT(EM_REPORT):   VIEW = 1;
MPRINT(EM_REPORT):   output;
MPRINT(EM_REPORT):   NAME = "NODECOLOR";
MPRINT(EM_REPORT):   VALUE = "";
MPRINT(EM_REPORT):   VIEW = 1;
MPRINT(EM_REPORT):   output;
MPRINT(EM_REPORT):   NAME = "NODESHAPE";
MPRINT(EM_REPORT):   VALUE = "";
MPRINT(EM_REPORT):   VIEW = 1;
MPRINT(EM_REPORT):   output;
MPRINT(EM_REPORT):   NAME = "NODESHAPEVAR";
MPRINT(EM_REPORT):   VALUE = "";
MPRINT(EM_REPORT):   VIEW = 1;
MPRINT(EM_REPORT):   output;
MPRINT(EM_REPORT):   NAME = "NODELABEL";
MPRINT(EM_REPORT):   VALUE = "";
MPRINT(EM_REPORT):   VIEW = 1;
MPRINT(EM_REPORT):   output;
MPRINT(EM_REPORT):   NAME = "NODETIP";
MPRINT(EM_REPORT):   VALUE = "";
MPRINT(EM_REPORT):   VIEW = 1;
MPRINT(EM_REPORT):   output;
MPRINT(EM_REPORT):   NAME = "LINKID";
MPRINT(EM_REPORT):   VALUE = "";
MPRINT(EM_REPORT):   VIEW = 1;
MPRINT(EM_REPORT):   output;
MPRINT(EM_REPORT):   NAME = "LINKVALUE";
MPRINT(EM_REPORT):   VALUE = "";
MPRINT(EM_REPORT):   VIEW = 1;
MPRINT(EM_REPORT):   output;
MPRINT(EM_REPORT):   NAME = "LINKFROM";
MPRINT(EM_REPORT):   VALUE = "";
MPRINT(EM_REPORT):   VIEW = 1;
MPRINT(EM_REPORT):   output;
MPRINT(EM_REPORT):   NAME = "LINKTO";
MPRINT(EM_REPORT):   VALUE = "";
MPRINT(EM_REPORT):   VIEW = 1;
MPRINT(EM_REPORT):   output;
MPRINT(EM_REPORT):   NAME = "LINKCOLOR";
MPRINT(EM_REPORT):   VALUE = "";
MPRINT(EM_REPORT):   VIEW = 1;
MPRINT(EM_REPORT):   output;
MPRINT(EM_REPORT):   NAME = "LINKWIDTH";
MPRINT(EM_REPORT):   VALUE = "";
MPRINT(EM_REPORT):   VIEW = 1;
MPRINT(EM_REPORT):   output;
MPRINT(EM_REPORT):   NAME = "LINKTIP";
MPRINT(EM_REPORT):   VALUE = "";
MPRINT(EM_REPORT):   VIEW = 1;
MPRINT(EM_REPORT):   output;
MPRINT(EM_REPORT):   NAME = "XFROM";
MPRINT(EM_REPORT):   VALUE = "";
MPRINT(EM_REPORT):   VIEW = 1;
MPRINT(EM_REPORT):   output;
MPRINT(EM_REPORT):   NAME = "XTO";
MPRINT(EM_REPORT):   VALUE = "";
MPRINT(EM_REPORT):   VIEW = 1;
MPRINT(EM_REPORT):   output;
MPRINT(EM_REPORT):   NAME = "YFROM";
MPRINT(EM_REPORT):   VALUE = "";
MPRINT(EM_REPORT):   VIEW = 1;
MPRINT(EM_REPORT):   output;
MPRINT(EM_REPORT):   NAME = "YTO";
MPRINT(EM_REPORT):   VALUE = "";
MPRINT(EM_REPORT):   VIEW = 1;
MPRINT(EM_REPORT):   output;
MPRINT(EM_REPORT):   NAME = "MATRIXVAR";
MPRINT(EM_REPORT):   VALUE = "";
MPRINT(EM_REPORT):   VIEW = 1;
MPRINT(EM_REPORT):   output;
MPRINT(EM_REPORT):   NAME = "RESPONSE";
MPRINT(EM_REPORT):   VALUE = "";
MPRINT(EM_REPORT):   VIEW = 1;
MPRINT(EM_REPORT):   output;
MPRINT(EM_REPORT):   NAME = "SERIES";
MPRINT(EM_REPORT):   VALUE = "";
MPRINT(EM_REPORT):   VIEW = 1;
MPRINT(EM_REPORT):   output;
MPRINT(EM_REPORT):   NAME = "DESCARG";
MPRINT(EM_REPORT):   VALUE = "";
MPRINT(EM_REPORT):   VIEW = 1;
MPRINT(EM_REPORT):   output;
MPRINT(EM_REPORT):   NAME = "SLIDER";
MPRINT(EM_REPORT):   VALUE = "";
MPRINT(EM_REPORT):   VIEW = 1;
MPRINT(EM_REPORT):   output;
MPRINT(EM_REPORT):   NAME = "MarkerSize";
MPRINT(EM_REPORT):   VALUE = "";
MPRINT(EM_REPORT):   VIEW = 1;
MPRINT(EM_REPORT):   output;
MPRINT(EM_REPORT):   NAME = "Marker";
MPRINT(EM_REPORT):   VALUE = "";
MPRINT(EM_REPORT):   VIEW = 1;
MPRINT(EM_REPORT):   output;
MPRINT(EM_REPORT):   NAME = "Y1";
MPRINT(EM_REPORT):   VALUE = "tprob";
MPRINT(EM_REPORT):   VIEW = 1;
MPRINT(EM_REPORT):   output;
MPRINT(EM_REPORT):   NAME = "Y2";
MPRINT(EM_REPORT):   VALUE = "vprob";
MPRINT(EM_REPORT):   VIEW = 1;
MPRINT(EM_REPORT):   output;
MPRINT(EM_REPORT):   NAME = "Y3";
MPRINT(EM_REPORT):   VALUE = "";
MPRINT(EM_REPORT):   VIEW = 1;
MPRINT(EM_REPORT):   output;
MPRINT(EM_REPORT):   NAME = "Y4";
MPRINT(EM_REPORT):   VALUE = "";
MPRINT(EM_REPORT):   VIEW = 1;
MPRINT(EM_REPORT):   output;
MPRINT(EM_REPORT):   NAME = "Y5";
MPRINT(EM_REPORT):   VALUE = "";
MPRINT(EM_REPORT):   VIEW = 1;
MPRINT(EM_REPORT):   output;
MPRINT(EM_REPORT):   NAME = "Y6";
MPRINT(EM_REPORT):   VALUE = "";
MPRINT(EM_REPORT):   VIEW = 1;
MPRINT(EM_REPORT):   output;
MPRINT(EM_REPORT):   NAME = "Y7";
MPRINT(EM_REPORT):   VALUE = "";
MPRINT(EM_REPORT):   VIEW = 1;
MPRINT(EM_REPORT):   output;
MPRINT(EM_REPORT):   NAME = "Y8";
MPRINT(EM_REPORT):   VALUE = "";
MPRINT(EM_REPORT):   VIEW = 1;
MPRINT(EM_REPORT):   output;
MPRINT(EM_REPORT):   NAME = "Y9";
MPRINT(EM_REPORT):   VALUE = "";
MPRINT(EM_REPORT):   VIEW = 1;
MPRINT(EM_REPORT):   output;
MPRINT(EM_REPORT):   NAME = "Y10";
MPRINT(EM_REPORT):   VALUE = "";
MPRINT(EM_REPORT):   VIEW = 1;
MPRINT(EM_REPORT):   output;
MPRINT(EM_REPORT):   NAME = "Y11";
MPRINT(EM_REPORT):   VALUE = "";
MPRINT(EM_REPORT):   VIEW = 1;
MPRINT(EM_REPORT):   output;
MPRINT(EM_REPORT):   NAME = "Y12";
MPRINT(EM_REPORT):   VALUE = "";
MPRINT(EM_REPORT):   VIEW = 1;
MPRINT(EM_REPORT):   output;
MPRINT(EM_REPORT):   NAME = "Y13";
MPRINT(EM_REPORT):   VALUE = "";
MPRINT(EM_REPORT):   VIEW = 1;
MPRINT(EM_REPORT):   output;
MPRINT(EM_REPORT):   NAME = "Y14";
MPRINT(EM_REPORT):   VALUE = "";
MPRINT(EM_REPORT):   VIEW = 1;
MPRINT(EM_REPORT):   output;
MPRINT(EM_REPORT):   NAME = "Y15";
MPRINT(EM_REPORT):   VALUE = "";
MPRINT(EM_REPORT):   VIEW = 1;
MPRINT(EM_REPORT):   output;
MPRINT(EM_REPORT):   NAME = "Y16";
MPRINT(EM_REPORT):   VALUE = "";
MPRINT(EM_REPORT):   VIEW = 1;
MPRINT(EM_REPORT):   output;
MPRINT(EM_REPORT):   NAME = "TITLE";
MPRINT(EM_REPORT):   VALUE = "";
MPRINT(EM_REPORT):   VIEW = 1;
MPRINT(EM_REPORT):   output;
MPRINT(EM_REPORT):   NAME = "LEGEND";
MPRINT(EM_REPORT):   VALUE = "";
MPRINT(EM_REPORT):   VIEW = 1;
MPRINT(EM_REPORT):   output;
MPRINT(EM_REPORT):   NAME = "LEGENDTITLE";
MPRINT(EM_REPORT):   VALUE = "";
MPRINT(EM_REPORT):   VIEW = 1;
MPRINT(EM_REPORT):   output;
MPRINT(EM_REPORT):   NAME = "SHAPE";
MPRINT(EM_REPORT):   VALUE = "";
MPRINT(EM_REPORT):   VIEW = 1;
MPRINT(EM_REPORT):   output;
MPRINT(EM_REPORT):   NAME = "METHOD";
MPRINT(EM_REPORT):   VALUE = "";
MPRINT(EM_REPORT):   VIEW = 1;
MPRINT(EM_REPORT):   output;
MPRINT(EM_REPORT):   NAME = "NOBINMISS";
MPRINT(EM_REPORT):   VALUE = "";
MPRINT(EM_REPORT):   VIEW = 1;
MPRINT(EM_REPORT):   output;
MPRINT(EM_REPORT):   end;
MPRINT(EM_REPORT):   run;

NOTE: There were 529 observations read from the data set WORK.EM_USER_REPORT.
NOTE: The data set WORK.EM_USER_REPORT has 662 observations and 4 variables.
NOTE: DATA statement used (Total process time):
      real time           0.05 seconds
      cpu time            0.04 seconds
      

MPRINT(EM_TREE_REPORT):  ;
MPRINT(EM_TREE_REPORT):  ;
MPRINT(EM_REPORT):   data WORK.EM_USER_REPORT;
MPRINT(EM_REPORT):   set WORK.EM_USER_REPORT end=eof;
MPRINT(EM_REPORT):   output;
MPRINT(EM_REPORT):   if eof then do;
MPRINT(EM_REPORT):   id+1;
MPRINT(EM_REPORT):   NAME = "KEY";
MPRINT(EM_REPORT):   VALUE = "OUTSTATS";
MPRINT(EM_REPORT):   VIEW = 0.4561699440033;
MPRINT(EM_REPORT):   output;
MPRINT(EM_REPORT):   NAME = "VIEWTYPE";
MPRINT(EM_REPORT):   VALUE = "";
MPRINT(EM_REPORT):   VIEW = 0.4561699440033;
MPRINT(EM_REPORT):   output;
MPRINT(EM_REPORT):   NAME = "AUTODISPLAY";
MPRINT(EM_REPORT):   VALUE = "N";
MPRINT(EM_REPORT):   VIEW = 0.4561699440033;
MPRINT(EM_REPORT):   output;
MPRINT(EM_REPORT):   NAME = "SPK";
MPRINT(EM_REPORT):   VALUE = "Y";
MPRINT(EM_REPORT):   VIEW = 0.4561699440033;
MPRINT(EM_REPORT):   output;
MPRINT(EM_REPORT):   NAME = "COMPARE";
MPRINT(EM_REPORT):   VALUE = "N";
MPRINT(EM_REPORT):   VIEW = 0.4561699440033;
MPRINT(EM_REPORT):   output;
MPRINT(EM_REPORT):   NAME = "LOCALIZE";
MPRINT(EM_REPORT):   VALUE = "N";
MPRINT(EM_REPORT):   VIEW = 0.4561699440033;
MPRINT(EM_REPORT):   output;
MPRINT(EM_REPORT):   NAME = "EQUALIZEROWX";
MPRINT(EM_REPORT):   VALUE = "N";
MPRINT(EM_REPORT):   VIEW = 0.4561699440033;
MPRINT(EM_REPORT):   output;
MPRINT(EM_REPORT):   NAME = "EQUALIZEROWY";
MPRINT(EM_REPORT):   VALUE = "N";
MPRINT(EM_REPORT):   VIEW = 0.4561699440033;
MPRINT(EM_REPORT):   output;
MPRINT(EM_REPORT):   NAME = "EQUALIZECOLX";
MPRINT(EM_REPORT):   VALUE = "N";
MPRINT(EM_REPORT):   VIEW = 0.4561699440033;
MPRINT(EM_REPORT):   output;
MPRINT(EM_REPORT):   NAME = "EQUALIZECOLY";
MPRINT(EM_REPORT):   VALUE = "N";
MPRINT(EM_REPORT):   VIEW = 0.4561699440033;
MPRINT(EM_REPORT):   output;
MPRINT(EM_REPORT):   NAME = "NROWS";
MPRINT(EM_REPORT):   VALUE = "";
MPRINT(EM_REPORT):   VIEW = 0.4561699440033;
MPRINT(EM_REPORT):   output;
MPRINT(EM_REPORT):   NAME = "NCOLS";
MPRINT(EM_REPORT):   VALUE = "";
MPRINT(EM_REPORT):   VIEW = 0.4561699440033;
MPRINT(EM_REPORT):   output;
MPRINT(EM_REPORT):   NAME = "DISCRETEX";
MPRINT(EM_REPORT):   VALUE = "";
MPRINT(EM_REPORT):   VIEW = 0.4561699440033;
MPRINT(EM_REPORT):   output;
MPRINT(EM_REPORT):   NAME = "DISCRETEY";
MPRINT(EM_REPORT):   VALUE = "";
MPRINT(EM_REPORT):   VIEW = 0.4561699440033;
MPRINT(EM_REPORT):   output;
MPRINT(EM_REPORT):   NAME = "LATTICEX";
MPRINT(EM_REPORT):   VALUE = "";
MPRINT(EM_REPORT):   VIEW = 0.4561699440033;
MPRINT(EM_REPORT):   output;
MPRINT(EM_REPORT):   NAME = "LATTICEY";
MPRINT(EM_REPORT):   VALUE = "";
MPRINT(EM_REPORT):   VIEW = 0.4561699440033;
MPRINT(EM_REPORT):   output;
MPRINT(EM_REPORT):   NAME = "LATTICETYPE";
MPRINT(EM_REPORT):   VALUE = "";
MPRINT(EM_REPORT):   VIEW = 0.4561699440033;
MPRINT(EM_REPORT):   output;
MPRINT(EM_REPORT):   NAME = "ABSOLUTEVALUE";
MPRINT(EM_REPORT):   VALUE = "";
MPRINT(EM_REPORT):   VIEW = 0.4561699440033;
MPRINT(EM_REPORT):   output;
MPRINT(EM_REPORT):   NAME = "SORTORDER";
MPRINT(EM_REPORT):   VALUE = "";
MPRINT(EM_REPORT):   VIEW = 0.4561699440033;
MPRINT(EM_REPORT):   output;
MPRINT(EM_REPORT):   NAME = "SORTORDERY";
MPRINT(EM_REPORT):   VALUE = "";
MPRINT(EM_REPORT):   VIEW = 0.4561699440033;
MPRINT(EM_REPORT):   output;
MPRINT(EM_REPORT):   NAME = "ORIENTATION";
MPRINT(EM_REPORT):   VALUE = "";
MPRINT(EM_REPORT):   VIEW = 0.4561699440033;
MPRINT(EM_REPORT):   output;
MPRINT(EM_REPORT):   NAME = "METHOD";
MPRINT(EM_REPORT):   VALUE = "";
MPRINT(EM_REPORT):   VIEW = 0.4561699440033;
MPRINT(EM_REPORT):   output;
MPRINT(EM_REPORT):   NAME = "DIRECTION";
MPRINT(EM_REPORT):   VALUE = "";
MPRINT(EM_REPORT):   VIEW = 0.4561699440033;
MPRINT(EM_REPORT):   output;
MPRINT(EM_REPORT):   NAME = "BYSET";
MPRINT(EM_REPORT):   VALUE = "";
MPRINT(EM_REPORT):   VIEW = 0.4561699440033;
MPRINT(EM_REPORT):   output;
MPRINT(EM_REPORT):   NAME = "RENDERMODE";
MPRINT(EM_REPORT):   VALUE = "";
MPRINT(EM_REPORT):   VIEW = 0.4561699440033;
MPRINT(EM_REPORT):   output;
MPRINT(EM_REPORT):   NAME = "DESCRIPTION";
MPRINT(EM_REPORT):   VALUE = "";
MPRINT(EM_REPORT):   VIEW = 0.4561699440033;
MPRINT(EM_REPORT):   output;
MPRINT(EM_REPORT):   NAME = "X";
MPRINT(EM_REPORT):   VALUE = "";
MPRINT(EM_REPORT):   VIEW = 0.4561699440033;
MPRINT(EM_REPORT):   output;
MPRINT(EM_REPORT):   NAME = "EXCLUDEVARS";
MPRINT(EM_REPORT):   VALUE = "";
MPRINT(EM_REPORT):   VIEW = 0.4561699440033;
MPRINT(EM_REPORT):   output;
MPRINT(EM_REPORT):   NAME = "Z";
MPRINT(EM_REPORT):   VALUE = "";
MPRINT(EM_REPORT):   VIEW = 0.4561699440033;
MPRINT(EM_REPORT):   output;
MPRINT(EM_REPORT):   NAME = "YVARS";
MPRINT(EM_REPORT):   VALUE = "";
MPRINT(EM_REPORT):   VIEW = 0.4561699440033;
MPRINT(EM_REPORT):   output;
MPRINT(EM_REPORT):   NAME = "FREQVARS";
MPRINT(EM_REPORT):   VALUE = "";
MPRINT(EM_REPORT):   VIEW = 0.4561699440033;
MPRINT(EM_REPORT):   output;
MPRINT(EM_REPORT):   NAME = "AXIS";
MPRINT(EM_REPORT):   VALUE = "";
MPRINT(EM_REPORT):   VIEW = 0.4561699440033;
MPRINT(EM_REPORT):   output;
MPRINT(EM_REPORT):   NAME = "FREQ";
MPRINT(EM_REPORT):   VALUE = "";
MPRINT(EM_REPORT):   VIEW = 0.4561699440033;
MPRINT(EM_REPORT):   output;
MPRINT(EM_REPORT):   NAME = "GROUP";
MPRINT(EM_REPORT):   VALUE = "";
MPRINT(EM_REPORT):   VIEW = 0.4561699440033;
MPRINT(EM_REPORT):   output;
MPRINT(EM_REPORT):   NAME = "SUBGROUP";
MPRINT(EM_REPORT):   VALUE = "";
MPRINT(EM_REPORT):   VIEW = 0.4561699440033;
MPRINT(EM_REPORT):   output;
MPRINT(EM_REPORT):   NAME = "BLOCK";
MPRINT(EM_REPORT):   VALUE = "CUSTOM";
MPRINT(EM_REPORT):   VIEW = 0.4561699440033;
MPRINT(EM_REPORT):   output;
MPRINT(EM_REPORT):   NAME = "COLOR";
MPRINT(EM_REPORT):   VALUE = "";
MPRINT(EM_REPORT):   VIEW = 0.4561699440033;
MPRINT(EM_REPORT):   output;
MPRINT(EM_REPORT):   NAME = "COLORINDEX";
MPRINT(EM_REPORT):   VALUE = "";
MPRINT(EM_REPORT):   VIEW = 0.4561699440033;
MPRINT(EM_REPORT):   output;
MPRINT(EM_REPORT):   NAME = "TIPTEXT";
MPRINT(EM_REPORT):   VALUE = "";
MPRINT(EM_REPORT):   VIEW = 0.4561699440033;
MPRINT(EM_REPORT):   output;
MPRINT(EM_REPORT):   NAME = "TIP";
MPRINT(EM_REPORT):   VALUE = "";
MPRINT(EM_REPORT):   VIEW = 0.4561699440033;
MPRINT(EM_REPORT):   output;
MPRINT(EM_REPORT):   NAME = "TOOLTIP";
MPRINT(EM_REPORT):   VALUE = "";
MPRINT(EM_REPORT):   VIEW = 0.4561699440033;
MPRINT(EM_REPORT):   output;
MPRINT(EM_REPORT):   NAME = "REPORTID";
MPRINT(EM_REPORT):   VALUE = "";
MPRINT(EM_REPORT):   VIEW = 0.4561699440033;
MPRINT(EM_REPORT):   output;
MPRINT(EM_REPORT):   NAME = "IDVALUE";
MPRINT(EM_REPORT):   VALUE = "";
MPRINT(EM_REPORT):   VIEW = 0.4561699440033;
MPRINT(EM_REPORT):   output;
MPRINT(EM_REPORT):   NAME = "ID";
MPRINT(EM_REPORT):   VALUE = "";
MPRINT(EM_REPORT):   VIEW = 0.4561699440033;
MPRINT(EM_REPORT):   output;
MPRINT(EM_REPORT):   NAME = "SIZE";
MPRINT(EM_REPORT):   VALUE = "";
MPRINT(EM_REPORT):   VIEW = 0.4561699440033;
MPRINT(EM_REPORT):   output;
MPRINT(EM_REPORT):   NAME = "FROM";
MPRINT(EM_REPORT):   VALUE = "";
MPRINT(EM_REPORT):   VIEW = 0.4561699440033;
MPRINT(EM_REPORT):   output;
MPRINT(EM_REPORT):   NAME = "TO";
MPRINT(EM_REPORT):   VALUE = "";
MPRINT(EM_REPORT):   VIEW = 0.4561699440033;
MPRINT(EM_REPORT):   output;
MPRINT(EM_REPORT):   NAME = "VALUE";
MPRINT(EM_REPORT):   VALUE = "";
MPRINT(EM_REPORT):   VIEW = 0.4561699440033;
MPRINT(EM_REPORT):   output;
MPRINT(EM_REPORT):   NAME = "VIEWS";
MPRINT(EM_REPORT):   VALUE = "";
MPRINT(EM_REPORT):   VIEW = 0.4561699440033;
MPRINT(EM_REPORT):   output;
MPRINT(EM_REPORT):   NAME = "PARENT";
MPRINT(EM_REPORT):   VALUE = "";
MPRINT(EM_REPORT):   VIEW = 0.4561699440033;
MPRINT(EM_REPORT):   output;
MPRINT(EM_REPORT):   NAME = "NODETEXT";
MPRINT(EM_REPORT):   VALUE = "";
MPRINT(EM_REPORT):   VIEW = 0.4561699440033;
MPRINT(EM_REPORT):   output;
MPRINT(EM_REPORT):   NAME = "ABOVETEXT";
MPRINT(EM_REPORT):   VALUE = "";
MPRINT(EM_REPORT):   VIEW = 0.4561699440033;
MPRINT(EM_REPORT):   output;
MPRINT(EM_REPORT):   NAME = "BELOWTEXT";
MPRINT(EM_REPORT):   VALUE = "";
MPRINT(EM_REPORT):   VIEW = 0.4561699440033;
MPRINT(EM_REPORT):   output;
MPRINT(EM_REPORT):   NAME = "NODESIZE";
MPRINT(EM_REPORT):   VALUE = "";
MPRINT(EM_REPORT):   VIEW = 0.4561699440033;
MPRINT(EM_REPORT):   output;
MPRINT(EM_REPORT):   NAME = "STATS";
MPRINT(EM_REPORT):   VALUE = "";
MPRINT(EM_REPORT):   VIEW = 0.4561699440033;
MPRINT(EM_REPORT):   output;
MPRINT(EM_REPORT):   NAME = "CLASSDIST";
MPRINT(EM_REPORT):   VALUE = "";
MPRINT(EM_REPORT):   VIEW = 0.4561699440033;
MPRINT(EM_REPORT):   output;
MPRINT(EM_REPORT):   NAME = "INTDIST";
MPRINT(EM_REPORT):   VALUE = "";
MPRINT(EM_REPORT):   VIEW = 0.4561699440033;
MPRINT(EM_REPORT):   output;
MPRINT(EM_REPORT):   NAME = "FOLDER";
MPRINT(EM_REPORT):   VALUE = "";
MPRINT(EM_REPORT):   VIEW = 0.4561699440033;
MPRINT(EM_REPORT):   output;
MPRINT(EM_REPORT):   NAME = "YPLOTTYPE";
MPRINT(EM_REPORT):   VALUE = "";
MPRINT(EM_REPORT):   VIEW = 0.4561699440033;
MPRINT(EM_REPORT):   output;
MPRINT(EM_REPORT):   NAME = "XREF";
MPRINT(EM_REPORT):   VALUE = "";
MPRINT(EM_REPORT):   VIEW = 0.4561699440033;
MPRINT(EM_REPORT):   output;
MPRINT(EM_REPORT):   NAME = "XREF2";
MPRINT(EM_REPORT):   VALUE = "";
MPRINT(EM_REPORT):   VIEW = 0.4561699440033;
MPRINT(EM_REPORT):   output;
MPRINT(EM_REPORT):   NAME = "YREF";
MPRINT(EM_REPORT):   VALUE = "";
MPRINT(EM_REPORT):   VIEW = 0.4561699440033;
MPRINT(EM_REPORT):   output;
MPRINT(EM_REPORT):   NAME = "Y2REF";
MPRINT(EM_REPORT):   VALUE = "";
MPRINT(EM_REPORT):   VIEW = 0.4561699440033;
MPRINT(EM_REPORT):   output;
MPRINT(EM_REPORT):   NAME = "YREF2";
MPRINT(EM_REPORT):   VALUE = "";
MPRINT(EM_REPORT):   VIEW = 0.4561699440033;
MPRINT(EM_REPORT):   output;
MPRINT(EM_REPORT):   NAME = "Y2REF2";
MPRINT(EM_REPORT):   VALUE = "";
MPRINT(EM_REPORT):   VIEW = 0.4561699440033;
MPRINT(EM_REPORT):   output;
MPRINT(EM_REPORT):   NAME = "GROUPINDEX";
MPRINT(EM_REPORT):   VALUE = "";
MPRINT(EM_REPORT):   VIEW = 0.4561699440033;
MPRINT(EM_REPORT):   output;
MPRINT(EM_REPORT):   NAME = "JOIN";
MPRINT(EM_REPORT):   VALUE = "";
MPRINT(EM_REPORT):   VIEW = 0.4561699440033;
MPRINT(EM_REPORT):   output;
MPRINT(EM_REPORT):   NAME = "XEXCLUDE";
MPRINT(EM_REPORT):   VALUE = "";
MPRINT(EM_REPORT):   VIEW = 0.4561699440033;
MPRINT(EM_REPORT):   output;
MPRINT(EM_REPORT):   NAME = "FREQEXCLUDE";
MPRINT(EM_REPORT):   VALUE = "";
MPRINT(EM_REPORT):   VIEW = 0.4561699440033;
MPRINT(EM_REPORT):   output;
MPRINT(EM_REPORT):   NAME = "YEXCLUDE";
MPRINT(EM_REPORT):   VALUE = "";
MPRINT(EM_REPORT):   VIEW = 0.4561699440033;
MPRINT(EM_REPORT):   output;
MPRINT(EM_REPORT):   NAME = "NAME";
MPRINT(EM_REPORT):   VALUE = "";
MPRINT(EM_REPORT):   VIEW = 0.4561699440033;
MPRINT(EM_REPORT):   output;
MPRINT(EM_REPORT):   NAME = "HEIGHT";
MPRINT(EM_REPORT):   VALUE = "";
MPRINT(EM_REPORT):   VIEW = 0.4561699440033;
MPRINT(EM_REPORT):   output;
MPRINT(EM_REPORT):   NAME = "WIDTH";
MPRINT(EM_REPORT):   VALUE = "";
MPRINT(EM_REPORT):   VIEW = 0.4561699440033;
MPRINT(EM_REPORT):   output;
MPRINT(EM_REPORT):   NAME = "XAXISLABEL";
MPRINT(EM_REPORT):   VALUE = "";
MPRINT(EM_REPORT):   VIEW = 0.4561699440033;
MPRINT(EM_REPORT):   output;
MPRINT(EM_REPORT):   NAME = "Y2AXISLABEL";
MPRINT(EM_REPORT):   VALUE = "";
MPRINT(EM_REPORT):   VIEW = 0.4561699440033;
MPRINT(EM_REPORT):   output;
MPRINT(EM_REPORT):   NAME = "YAXISLABEL";
MPRINT(EM_REPORT):   VALUE = "";
MPRINT(EM_REPORT):   VIEW = 0.4561699440033;
MPRINT(EM_REPORT):   output;
MPRINT(EM_REPORT):   NAME = "DISPLAYXLABEL";
MPRINT(EM_REPORT):   VALUE = "Y";
MPRINT(EM_REPORT):   VIEW = 0.4561699440033;
MPRINT(EM_REPORT):   output;
MPRINT(EM_REPORT):   NAME = "DISPLAYYLABEL";
MPRINT(EM_REPORT):   VALUE = "Y";
MPRINT(EM_REPORT):   VIEW = 0.4561699440033;
MPRINT(EM_REPORT):   output;
MPRINT(EM_REPORT):   NAME = "CHOICETEXT";
MPRINT(EM_REPORT):   VALUE = "";
MPRINT(EM_REPORT):   VIEW = 0.4561699440033;
MPRINT(EM_REPORT):   output;
MPRINT(EM_REPORT):   NAME = "SEGMENTVALUE";
MPRINT(EM_REPORT):   VALUE = "";
MPRINT(EM_REPORT):   VIEW = 0.4561699440033;
MPRINT(EM_REPORT):   output;
MPRINT(EM_REPORT):   NAME = "LOWERBAND";
MPRINT(EM_REPORT):   VALUE = "";
MPRINT(EM_REPORT):   VIEW = 0.4561699440033;
MPRINT(EM_REPORT):   output;
MPRINT(EM_REPORT):   NAME = "UPPERBAND";
MPRINT(EM_REPORT):   VALUE = "";
MPRINT(EM_REPORT):   VIEW = 0.4561699440033;
MPRINT(EM_REPORT):   output;
MPRINT(EM_REPORT):   NAME = "YLINE";
MPRINT(EM_REPORT):   VALUE = "";
MPRINT(EM_REPORT):   VIEW = 0.4561699440033;
MPRINT(EM_REPORT):   output;
MPRINT(EM_REPORT):   NAME = "LINKKEY";
MPRINT(EM_REPORT):   VALUE = "";
MPRINT(EM_REPORT):   VIEW = 0.4561699440033;
MPRINT(EM_REPORT):   output;
MPRINT(EM_REPORT):   NAME = "NODEKEY";
MPRINT(EM_REPORT):   VALUE = "";
MPRINT(EM_REPORT):   VIEW = 0.4561699440033;
MPRINT(EM_REPORT):   output;
MPRINT(EM_REPORT):   NAME = "NODEID";
MPRINT(EM_REPORT):   VALUE = "";
MPRINT(EM_REPORT):   VIEW = 0.4561699440033;
MPRINT(EM_REPORT):   output;
MPRINT(EM_REPORT):   NAME = "NODEVALUE";
MPRINT(EM_REPORT):   VALUE = "";
MPRINT(EM_REPORT):   VIEW = 0.4561699440033;
MPRINT(EM_REPORT):   output;
MPRINT(EM_REPORT):   NAME = "NODECOLOR";
MPRINT(EM_REPORT):   VALUE = "";
MPRINT(EM_REPORT):   VIEW = 0.4561699440033;
MPRINT(EM_REPORT):   output;
MPRINT(EM_REPORT):   NAME = "NODESHAPE";
MPRINT(EM_REPORT):   VALUE = "";
MPRINT(EM_REPORT):   VIEW = 0.4561699440033;
MPRINT(EM_REPORT):   output;
MPRINT(EM_REPORT):   NAME = "NODESHAPEVAR";
MPRINT(EM_REPORT):   VALUE = "";
MPRINT(EM_REPORT):   VIEW = 0.4561699440033;
MPRINT(EM_REPORT):   output;
MPRINT(EM_REPORT):   NAME = "NODELABEL";
MPRINT(EM_REPORT):   VALUE = "";
MPRINT(EM_REPORT):   VIEW = 0.4561699440033;
MPRINT(EM_REPORT):   output;
MPRINT(EM_REPORT):   NAME = "NODETIP";
MPRINT(EM_REPORT):   VALUE = "";
MPRINT(EM_REPORT):   VIEW = 0.4561699440033;
MPRINT(EM_REPORT):   output;
MPRINT(EM_REPORT):   NAME = "LINKID";
MPRINT(EM_REPORT):   VALUE = "";
MPRINT(EM_REPORT):   VIEW = 0.4561699440033;
MPRINT(EM_REPORT):   output;
MPRINT(EM_REPORT):   NAME = "LINKVALUE";
MPRINT(EM_REPORT):   VALUE = "";
MPRINT(EM_REPORT):   VIEW = 0.4561699440033;
MPRINT(EM_REPORT):   output;
MPRINT(EM_REPORT):   NAME = "LINKFROM";
MPRINT(EM_REPORT):   VALUE = "";
MPRINT(EM_REPORT):   VIEW = 0.4561699440033;
MPRINT(EM_REPORT):   output;
MPRINT(EM_REPORT):   NAME = "LINKTO";
MPRINT(EM_REPORT):   VALUE = "";
MPRINT(EM_REPORT):   VIEW = 0.4561699440033;
MPRINT(EM_REPORT):   output;
MPRINT(EM_REPORT):   NAME = "LINKCOLOR";
MPRINT(EM_REPORT):   VALUE = "";
MPRINT(EM_REPORT):   VIEW = 0.4561699440033;
MPRINT(EM_REPORT):   output;
MPRINT(EM_REPORT):   NAME = "LINKWIDTH";
MPRINT(EM_REPORT):   VALUE = "";
MPRINT(EM_REPORT):   VIEW = 0.4561699440033;
MPRINT(EM_REPORT):   output;
MPRINT(EM_REPORT):   NAME = "LINKTIP";
MPRINT(EM_REPORT):   VALUE = "";
MPRINT(EM_REPORT):   VIEW = 0.4561699440033;
MPRINT(EM_REPORT):   output;
MPRINT(EM_REPORT):   NAME = "XFROM";
MPRINT(EM_REPORT):   VALUE = "";
MPRINT(EM_REPORT):   VIEW = 0.4561699440033;
MPRINT(EM_REPORT):   output;
MPRINT(EM_REPORT):   NAME = "XTO";
MPRINT(EM_REPORT):   VALUE = "";
MPRINT(EM_REPORT):   VIEW = 0.4561699440033;
MPRINT(EM_REPORT):   output;
MPRINT(EM_REPORT):   NAME = "YFROM";
MPRINT(EM_REPORT):   VALUE = "";
MPRINT(EM_REPORT):   VIEW = 0.4561699440033;
MPRINT(EM_REPORT):   output;
MPRINT(EM_REPORT):   NAME = "YTO";
MPRINT(EM_REPORT):   VALUE = "";
MPRINT(EM_REPORT):   VIEW = 0.4561699440033;
MPRINT(EM_REPORT):   output;
MPRINT(EM_REPORT):   NAME = "MATRIXVAR";
MPRINT(EM_REPORT):   VALUE = "";
MPRINT(EM_REPORT):   VIEW = 0.4561699440033;
MPRINT(EM_REPORT):   output;
MPRINT(EM_REPORT):   NAME = "RESPONSE";
MPRINT(EM_REPORT):   VALUE = "";
MPRINT(EM_REPORT):   VIEW = 0.4561699440033;
MPRINT(EM_REPORT):   output;
MPRINT(EM_REPORT):   NAME = "SERIES";
MPRINT(EM_REPORT):   VALUE = "";
MPRINT(EM_REPORT):   VIEW = 0.4561699440033;
MPRINT(EM_REPORT):   output;
MPRINT(EM_REPORT):   NAME = "DESCARG";
MPRINT(EM_REPORT):   VALUE = "";
MPRINT(EM_REPORT):   VIEW = 0.4561699440033;
MPRINT(EM_REPORT):   output;
MPRINT(EM_REPORT):   NAME = "SLIDER";
MPRINT(EM_REPORT):   VALUE = "";
MPRINT(EM_REPORT):   VIEW = 0.4561699440033;
MPRINT(EM_REPORT):   output;
MPRINT(EM_REPORT):   NAME = "MarkerSize";
MPRINT(EM_REPORT):   VALUE = "";
MPRINT(EM_REPORT):   VIEW = 0.4561699440033;
MPRINT(EM_REPORT):   output;
MPRINT(EM_REPORT):   NAME = "Marker";
MPRINT(EM_REPORT):   VALUE = "";
MPRINT(EM_REPORT):   VIEW = 0.4561699440033;
MPRINT(EM_REPORT):   output;
MPRINT(EM_REPORT):   NAME = "Y1";
MPRINT(EM_REPORT):   VALUE = "";
MPRINT(EM_REPORT):   VIEW = 0.4561699440033;
MPRINT(EM_REPORT):   output;
MPRINT(EM_REPORT):   NAME = "Y2";
MPRINT(EM_REPORT):   VALUE = "";
MPRINT(EM_REPORT):   VIEW = 0.4561699440033;
MPRINT(EM_REPORT):   output;
MPRINT(EM_REPORT):   NAME = "Y3";
MPRINT(EM_REPORT):   VALUE = "";
MPRINT(EM_REPORT):   VIEW = 0.4561699440033;
MPRINT(EM_REPORT):   output;
MPRINT(EM_REPORT):   NAME = "Y4";
MPRINT(EM_REPORT):   VALUE = "";
MPRINT(EM_REPORT):   VIEW = 0.4561699440033;
MPRINT(EM_REPORT):   output;
MPRINT(EM_REPORT):   NAME = "Y5";
MPRINT(EM_REPORT):   VALUE = "";
MPRINT(EM_REPORT):   VIEW = 0.4561699440033;
MPRINT(EM_REPORT):   output;
MPRINT(EM_REPORT):   NAME = "Y6";
MPRINT(EM_REPORT):   VALUE = "";
MPRINT(EM_REPORT):   VIEW = 0.4561699440033;
MPRINT(EM_REPORT):   output;
MPRINT(EM_REPORT):   NAME = "Y7";
MPRINT(EM_REPORT):   VALUE = "";
MPRINT(EM_REPORT):   VIEW = 0.4561699440033;
MPRINT(EM_REPORT):   output;
MPRINT(EM_REPORT):   NAME = "Y8";
MPRINT(EM_REPORT):   VALUE = "";
MPRINT(EM_REPORT):   VIEW = 0.4561699440033;
MPRINT(EM_REPORT):   output;
MPRINT(EM_REPORT):   NAME = "Y9";
MPRINT(EM_REPORT):   VALUE = "";
MPRINT(EM_REPORT):   VIEW = 0.4561699440033;
MPRINT(EM_REPORT):   output;
MPRINT(EM_REPORT):   NAME = "Y10";
MPRINT(EM_REPORT):   VALUE = "";
MPRINT(EM_REPORT):   VIEW = 0.4561699440033;
MPRINT(EM_REPORT):   output;
MPRINT(EM_REPORT):   NAME = "Y11";
MPRINT(EM_REPORT):   VALUE = "";
MPRINT(EM_REPORT):   VIEW = 0.4561699440033;
MPRINT(EM_REPORT):   output;
MPRINT(EM_REPORT):   NAME = "Y12";
MPRINT(EM_REPORT):   VALUE = "";
MPRINT(EM_REPORT):   VIEW = 0.4561699440033;
MPRINT(EM_REPORT):   output;
MPRINT(EM_REPORT):   NAME = "Y13";
MPRINT(EM_REPORT):   VALUE = "";
MPRINT(EM_REPORT):   VIEW = 0.4561699440033;
MPRINT(EM_REPORT):   output;
MPRINT(EM_REPORT):   NAME = "Y14";
MPRINT(EM_REPORT):   VALUE = "";
MPRINT(EM_REPORT):   VIEW = 0.4561699440033;
MPRINT(EM_REPORT):   output;
MPRINT(EM_REPORT):   NAME = "Y15";
MPRINT(EM_REPORT):   VALUE = "";
MPRINT(EM_REPORT):   VIEW = 0.4561699440033;
MPRINT(EM_REPORT):   output;
MPRINT(EM_REPORT):   NAME = "Y16";
MPRINT(EM_REPORT):   VALUE = "";
MPRINT(EM_REPORT):   VIEW = 0.4561699440033;
MPRINT(EM_REPORT):   output;
MPRINT(EM_REPORT):   NAME = "TITLE";
MPRINT(EM_REPORT):   VALUE = "";
MPRINT(EM_REPORT):   VIEW = 0.4561699440033;
MPRINT(EM_REPORT):   output;
MPRINT(EM_REPORT):   NAME = "LEGEND";
MPRINT(EM_REPORT):   VALUE = "";
MPRINT(EM_REPORT):   VIEW = 0.4561699440033;
MPRINT(EM_REPORT):   output;
MPRINT(EM_REPORT):   NAME = "LEGENDTITLE";
MPRINT(EM_REPORT):   VALUE = "";
MPRINT(EM_REPORT):   VIEW = 0.4561699440033;
MPRINT(EM_REPORT):   output;
MPRINT(EM_REPORT):   NAME = "SHAPE";
MPRINT(EM_REPORT):   VALUE = "";
MPRINT(EM_REPORT):   VIEW = 0.4561699440033;
MPRINT(EM_REPORT):   output;
MPRINT(EM_REPORT):   NAME = "METHOD";
MPRINT(EM_REPORT):   VALUE = "";
MPRINT(EM_REPORT):   VIEW = 0.4561699440033;
MPRINT(EM_REPORT):   output;
MPRINT(EM_REPORT):   NAME = "NOBINMISS";
MPRINT(EM_REPORT):   VALUE = "";
MPRINT(EM_REPORT):   VIEW = 0.4561699440033;
MPRINT(EM_REPORT):   output;
MPRINT(EM_REPORT):   end;
MPRINT(EM_REPORT):   run;

NOTE: There were 662 observations read from the data set WORK.EM_USER_REPORT.
NOTE: The data set WORK.EM_USER_REPORT has 794 observations and 4 variables.
NOTE: DATA statement used (Total process time):
      real time           0.04 seconds
      cpu time            0.01 seconds
      

MPRINT(EM_TREE_REPORT):  ;
MPRINT(MAIN):  ;
MPRINT(EM_DIAGRAM):  ;
MPRINT(EM_DIAGRAM):   *------------------------------------------------------------*;
MPRINT(EM_DIAGRAM):   * End REPORT: Tree7;
MPRINT(EM_DIAGRAM):   *------------------------------------------------------------*;
52880      
52881      *------------------------------------------------------------*;
52882      * End REPORT: Tree7;
52883      *------------------------------------------------------------*;

52884      /* Reset EM Options */
52885      options formchar="|----|+|---+=|-/\<>*";
MPRINT(EM_DIAGRAM):    options formchar="|----|+|---+=|-/\<>*";
52886      options nocenter ls=256 ps=10000;
MPRINT(EM_DIAGRAM):   options nocenter ls=256 ps=10000;
52887      goptions reset=all device=GIF NODISPLAY;
MPRINT(EM_DIAGRAM):   goptions reset=all device=GIF NODISPLAY;
52888      proc sort data=WORK.EM_USER_REPORT;
MPRINT(EM_DIAGRAM):    proc sort data=WORK.EM_USER_REPORT;
52889      by ID VIEW;
MPRINT(EM_DIAGRAM):   by ID VIEW;
52890      run;
MPRINT(EM_DIAGRAM):   run;

NOTE: There were 794 observations read from the data set WORK.EM_USER_REPORT.
NOTE: The data set WORK.EM_USER_REPORT has 794 observations and 4 variables.
NOTE: PROCEDURE SORT used (Total process time):
      real time           0.01 seconds
      cpu time            0.01 seconds
      

52891      proc sort data=EMWS1.Part2_CMeta_TRAIN out=WORK.SUBSETINMETA;
MPRINT(EM_DIAGRAM):    proc sort data=EMWS1.Part2_CMeta_TRAIN out=WORK.SUBSETINMETA;
52892      by NAME;
MPRINT(EM_DIAGRAM):   by NAME;
52893      run;
MPRINT(EM_DIAGRAM):   run;

NOTE: There were 33 observations read from the data set EMWS1.PART2_CMETA_TRAIN.
NOTE: The data set WORK.SUBSETINMETA has 33 observations and 20 variables.
NOTE: PROCEDURE SORT used (Total process time):
      real time           0.02 seconds
      cpu time            0.03 seconds
      

52894      proc sort data=EMWS1.Tree7_VariableSet out=WORK.SUBSETVARSET(keep=NAME REPORT);
MPRINT(EM_DIAGRAM):   proc sort data=EMWS1.Tree7_VariableSet out=WORK.SUBSETVARSET(keep=NAME REPORT);
52895      by NAME;
MPRINT(EM_DIAGRAM):   by NAME;
52896      run;
MPRINT(EM_DIAGRAM):   run;

NOTE: There were 33 observations read from the data set EMWS1.TREE7_VARIABLESET.
NOTE: The data set WORK.SUBSETVARSET has 33 observations and 2 variables.
NOTE: PROCEDURE SORT used (Total process time):
      real time           0.03 seconds
      cpu time            0.03 seconds
      

52897      data WORK.ASSESS_META;
MPRINT(EM_DIAGRAM):   data WORK.ASSESS_META;
52898      merge WORK.SUBSETINMETA WORK.SUBSETVARSET;
MPRINT(EM_DIAGRAM):   merge WORK.SUBSETINMETA WORK.SUBSETVARSET;
52899      by NAME;
MPRINT(EM_DIAGRAM):   by NAME;
52900      run;
MPRINT(EM_DIAGRAM):   run;

NOTE: There were 33 observations read from the data set WORK.SUBSETINMETA.
NOTE: There were 33 observations read from the data set WORK.SUBSETVARSET.
NOTE: The data set WORK.ASSESS_META has 33 observations and 20 variables.
NOTE: DATA statement used (Total process time):
      real time           0.03 seconds
      cpu time            0.00 seconds
      

52901      data EM_temp_assessMeta;
MPRINT(EM_DIAGRAM):    data EM_temp_assessMeta;
52902      set EMWS1.Tree7_CMeta_TRAIN;
MPRINT(EM_DIAGRAM):   set EMWS1.Tree7_CMeta_TRAIN;
52903      where role in('DECISION', 'PREDICT', 'RESIDUAL', 'CLASSIFICATION', 'ASSESS', 'COST');
MPRINT(EM_DIAGRAM):   where role in('DECISION', 'PREDICT', 'RESIDUAL', 'CLASSIFICATION', 'ASSESS', 'COST');
52904      run;
MPRINT(EM_DIAGRAM):   run;

NOTE: There were 12 observations read from the data set EMWS1.TREE7_CMETA_TRAIN.
      WHERE role in ('ASSESS', 'CLASSIFICATION', 'COST', 'DECISION', 'PREDICT', 'RESIDUAL');
NOTE: The data set WORK.EM_TEMP_ASSESSMETA has 12 observations and 21 variables.
NOTE: DATA statement used (Total process time):
      real time           0.01 seconds
      cpu time            0.01 seconds
      

52905      data EM_temp_assessdata;
MPRINT(EM_DIAGRAM):    data EM_temp_assessdata;
52906      set EMWS1.Tree7_TRAIN(keep=
52907      F_diagnosis
52908      I_diagnosis
52909      P_diagnosisB
52910      P_diagnosisM
52911      Q_diagnosisB
52912      Q_diagnosisM
52913      R_diagnosisB
52914      R_diagnosisM
52915      U_diagnosis
52916      V_diagnosisB
52917      V_diagnosisM
52918      _WARN_
52919      diagnosis
52920      );
MPRINT(EM_DIAGRAM):   set EMWS1.Tree7_TRAIN(keep= F_diagnosis I_diagnosis P_diagnosisB P_diagnosisM Q_diagnosisB Q_diagnosisM R_diagnosisB R_diagnosisM U_diagnosis V_diagnosisB V_diagnosisM _WARN_ diagnosis );
52921      run;
MPRINT(EM_DIAGRAM):   run;

NOTE: Variable _WARN_ is uninitialized.
NOTE: View EMWS1.TREE7_TRAIN.VIEW used (Total process time):
      real time           0.03 seconds
      cpu time            0.03 seconds
      
NOTE: There were 396 observations read from the data set EMWS1.PART2_TRAIN.
NOTE: There were 396 observations read from the data set EMWS1.TREE7_TRAIN.
NOTE: The data set WORK.EM_TEMP_ASSESSDATA has 396 observations and 13 variables.
NOTE: DATA statement used (Total process time):
      real time           0.04 seconds
      cpu time            0.04 seconds
      

MPRINT(EM_DIAGRAM):    proc freq data=EM_temp_assessdata noprint;
MPRINT(EM_DIAGRAM):   table I_diagnosis*F_diagnosis / out = WORK.Tree7_353UE3X nocol norow outpct;
MPRINT(EM_DIAGRAM):   run;
MPRINT(EM_DIAGRAM):    data WORK.Tree7_353UE3X;
MPRINT(EM_DIAGRAM):   length _TYPE_ $10 DATAROLE TARGET $32 TARGETLABEL $200 FROM INTO $32 CORRECTTEXT $40 ;
MPRINT(EM_DIAGRAM):   label _TYPE_ = "Outcome Type";
MPRINT(EM_DIAGRAM):   label DATAROLE = "Data Role";
MPRINT(EM_DIAGRAM):   label TARGET = "Target Variable";
MPRINT(EM_DIAGRAM):   label TARGETLABEL = "Target Label";
MPRINT(EM_DIAGRAM):   label FROM = "Target";
MPRINT(EM_DIAGRAM):   label INTO = "Outcome";
MPRINT(EM_DIAGRAM):   label PCT_ROW = "Target Percentage";
MPRINT(EM_DIAGRAM):   label PCT_COL = "Outcome Percentage";
MPRINT(EM_DIAGRAM):   label COUNT = "Frequency Count";
MPRINT(EM_DIAGRAM):   label PERCENT = "Total Percentage";
MPRINT(EM_DIAGRAM):   label CORRECTTEXT = "Correct Text";
MPRINT(EM_DIAGRAM):   label CORRECT = "Correct";
MPRINT(EM_DIAGRAM):   set WORK.Tree7_353UE3X(rename=(F_diagnosis=FROM I_diagnosis=INTO));
MPRINT(EM_DIAGRAM):   retain _TYPE_ 'PREDICTION' DATAROLE "TRAIN" TARGET "diagnosis";
MPRINT(EM_DIAGRAM):   if FROM eq INTO then do;
MPRINT(EM_DIAGRAM):   CORRECT = 0;
MPRINT(EM_DIAGRAM):   CORRECTTEXT="Correct";
MPRINT(EM_DIAGRAM):   end;
MPRINT(EM_DIAGRAM):   else do;
MPRINT(EM_DIAGRAM):   CORRECT = 1;
MPRINT(EM_DIAGRAM):   CORRECTTEXT="Incorrect";
MPRINT(EM_DIAGRAM):   end;
MPRINT(EM_DIAGRAM):   run;
MPRINT(EM_DIAGRAM):    data EMWS1.Tree7_EMCLASSIFICATION;
MPRINT(EM_DIAGRAM):   set WORK.Tree7_353UE3X;
MPRINT(EM_DIAGRAM):   run;
MPRINT(EM_DIAGRAM):    data WORK.MISCREPORT;
MPRINT(EM_DIAGRAM):   set WORK.Tree7_353UE3X;
MPRINT(EM_DIAGRAM):   run;
MPRINT(EM_DIAGRAM):    data WORK.MISCREPORT(drop=INTO FROM _TYPE_);
MPRINT(EM_DIAGRAM):   set WORK.MISCREPORT;
MPRINT(EM_DIAGRAM):   length MISC $12;
MPRINT(EM_DIAGRAM):   if FROM='M' and INTO='M' then MISC='TRUEEVENT';
MPRINT(EM_DIAGRAM):   else if FROM='M' and INTO ne 'M' then MISC='FALSENEVENT';
MPRINT(EM_DIAGRAM):   else if FROM ne 'M' and INTO='M' then MISC='FALSEEVENT';
MPRINT(EM_DIAGRAM):   else if FROM ne'M' and INTO ne 'M' then MISC='TRUENEVENT';
MPRINT(EM_DIAGRAM):   run;
MPRINT(EM_DIAGRAM):   proc sort data=WORK.MISCREPORT nothreads;
MPRINT(EM_DIAGRAM):   by DATAROLE TARGET;
MPRINT(EM_DIAGRAM):   run;
MPRINT(EM_DIAGRAM):   proc summary data=WORK.MISCREPORT NWAY;
MPRINT(EM_DIAGRAM):   output out=WORK.MISCCOUNT(drop=_FREQ_ _TYPE_) SUM=COUNT;
MPRINT(EM_DIAGRAM):   CLASS MISC;
MPRINT(EM_DIAGRAM):   VAR COUNT;
MPRINT(EM_DIAGRAM):   by DATAROLE TARGET;
MPRINT(EM_DIAGRAM):   run;
MPRINT(EM_DIAGRAM):   proc transpose data=WORK.MISCCOUNT out=WORK.MISCREPORT(drop=_NAME_ _LABEL_);
MPRINT(EM_DIAGRAM):   by DATAROLE TARGET;
MPRINT(EM_DIAGRAM):   ID MISC;
MPRINT(EM_DIAGRAM):   run;
MPRINT(EM_DIAGRAM):    data EMWS1.Tree7_EMEVENTREPORT;
MPRINT(EM_DIAGRAM):   length TARGETLABEL $200;
MPRINT(EM_DIAGRAM):   label TARGETLABEL = "Target Label";
MPRINT(EM_DIAGRAM):   set WORK.MISCREPORT;
MPRINT(EM_DIAGRAM):   run;
MPRINT(EM_DIAGRAM):    data ASSESS_REPORTMETA;
MPRINT(EM_DIAGRAM):   set EMWS1.Tree7_VariableSet;
MPRINT(EM_DIAGRAM):   where REPORT='Y';
MPRINT(EM_DIAGRAM):   run;
MPRINT(EM_DIAGRAM):   filename temp catalog 'sashelp.emassmt.em_assess.source';
MPRINT(EM_DIAGRAM):   filename temp;
MPRINT(EM_DIAGRAM):    data _null_;
MPRINT(EM_DIAGRAM):   set EMWS1.Tree7_diagnosis_DM;
MPRINT(EM_DIAGRAM):   where _TYPE_="TARGET";
MPRINT(EM_DIAGRAM):   call symput('ASSMT_EVENT', strip(event));
MPRINT(EM_DIAGRAM):   run;
MPRINT(EM_DIAGRAM):   
MPRINT(EM_ASSESS):   data _ea_tmpdata;
MPRINT(EM_ASSESS):   set EM_temp_assessdata;
MPRINT(EM_ASSESS):   _tmpfreqvar_=1;
MPRINT(EM_ASSESS):   run;
MPRINT(EM_CHECKEMSETINIT):   DATA _NULL_;
MPRINT(EM_CHECKEMSETINIT):   EM_SETINIT = 'N';
MPRINT(EM_CHECKEMSETINIT):   IF SYSPROD('PRODNUM50') THEN EM_SETINIT = 'Y';
MPRINT(EM_CHECKEMSETINIT):   ELSE IF SYSPROD('PRODNUM448') THEN EM_SETINIT = 'Y';
MPRINT(EM_CHECKEMSETINIT):   ELSE IF SYSPROD('PRODNUM102') THEN EM_SETINIT = 'Y';
MPRINT(EM_CHECKEMSETINIT):   ELSE IF SYSPROD('PRODNUM103') THEN EM_SETINIT = 'Y';
MPRINT(EM_CHECKEMSETINIT):   CALL SYMPUT('EM_SETINIT', EM_SETINIT);
MPRINT(EM_CHECKEMSETINIT):   RUN;
MPRINT(EM_ASSESS):  ;
MPRINT(EM_ASSESS):   *;
MPRINT(EM_ASSESS):   * ............ Reading in reporting data set;
MPRINT(EM_ASSESS):   *;
MPRINT(EM_ASSESS):   DATA _NULL_;
MPRINT(EM_ASSESS):   SET ASSESS_REPORTMETA END = EOF;
MPRINT(EM_ASSESS):   IF TYPE = "C" OR UPCASE (LEVEL) IN ("NOMINAL", "BINARY" , "ORDINAL") THEN DO;
MPRINT(EM_ASSESS):   IF UPCASE (NAME) NE UPCASE ("F_diagnosis") THEN DO;
MPRINT(EM_ASSESS):   NUMCTOREPORT + 1;
MPRINT(EM_ASSESS):   CALL SYMPUTX ("REPORTC" || LEFT (PUT (NUMCTOREPORT, 5.)), NAME);
MPRINT(EM_ASSESS):   END;
MPRINT(EM_ASSESS):   ELSE CALL SYMPUTX ("RPRT_TRGT", "C");
MPRINT(EM_ASSESS):   END;
The SAS System

MPRINT(EM_ASSESS):   ELSE IF TYPE = "N" THEN DO;
MPRINT(EM_ASSESS):   IF UPCASE(NAME) NE UPCASE ("F_diagnosis") THEN DO;
MPRINT(EM_ASSESS):   NUMNTOREPORT + 1;
MPRINT(EM_ASSESS):   CALL SYMPUTX ("REPORTN" || LEFT (PUT (NUMNTOREPORT, 5.)), NAME);
MPRINT(EM_ASSESS):   END;
MPRINT(EM_ASSESS):   ELSE CALL SYMPUTX ("RPRT_TRGT", "N");
MPRINT(EM_ASSESS):   END;
MPRINT(EM_ASSESS):   IF EOF THEN DO;
MPRINT(EM_ASSESS):   CALL SYMPUTX ("NUMNTOREPORT", NUMNTOREPORT);
MPRINT(EM_ASSESS):   CALL SYMPUTX ("NUMCTOREPORT", NUMCTOREPORT);
MPRINT(EM_ASSESS):   CALL SYMPUTX ("NUMTOREPORT", SUM (NUMNTOREPORT, NUMCTOREPORT));
MPRINT(EM_ASSESS):   END;
MPRINT(EM_ASSESS):   RUN;
MPRINT(EM_ASSESS):   PROC DMDB DATA = _ea_tmpdata VAROUT = VAROUT DMDBCAT = _D CLASSOUT = _ASSMT_CLASSOUT;
MPRINT(EM_ASSESS):   CLASS F_diagnosis ;

MPRINT(EM_ASSESS):   VAR P_diagnosisM _tmpfreqvar_ ;
MPRINT(EM_ASSESS):   FREQ _tmpfreqvar_;
MPRINT(EM_ASSESS):   RUN ;
MPRINT(EM_ASSESS):   QUIT;
MPRINT(EM_ASSESS):   PROC SORT DATA = _ASSMT_CLASSOUT;
MPRINT(EM_ASSESS):   BY NAME;
MPRINT(EM_ASSESS):   RUN;
MPRINT(EM_ASSESS):   DATA _auxeventname (keep = __event__) ;
MPRINT(EM_ASSESS):   * ;
MPRINT(EM_ASSESS):   * ...FLAG0_1 = ..... TARGET IS 0, 1 & EVENT = 1;

MPRINT(EM_ASSESS):   ;
MPRINT(EM_ASSESS):   length __event__ $ 32;
MPRINT(EM_ASSESS):   RETAIN FLAG0_1 1 NUM1 . NUM0 . __event__ "_missing_" ;

MPRINT(EM_ASSESS):   SET _ASSMT_CLASSOUT END = EOF;
MPRINT(EM_ASSESS):   BY NAME;
MPRINT(EM_ASSESS):   *;
MPRINT(EM_ASSESS):   *;
MPRINT(EM_ASSESS):   * ....... LEVEL = BINARY OR NOMINAL OR ORDINAL;
MPRINT(EM_ASSESS):   *;
MPRINT(EM_ASSESS):   *;

MPRINT(EM_ASSESS):   IF UPCASE(NAME) = UPCASE ("F_diagnosis") THEN DO;
MPRINT(EM_ASSESS):   CUMFREQ + FREQUENCY;
MPRINT(EM_ASSESS):   IF LEVEL NE "." THEN DO;
MPRINT(EM_ASSESS):   N1 + 1;
MPRINT(EM_ASSESS):   IF (NRAW NE 0 AND NRAW NE 1) OR TYPE NE "N" OR "" > " " THEN FLAG0_1 = 0;
MPRINT(EM_ASSESS):   * ;
MPRINT(EM_ASSESS):   * ......................... IF EVENT NE BLANK;
MPRINT(EM_ASSESS):   * ....................LEVEL IS CHAR VAR ;
MPRINT(EM_ASSESS):   * ;
MPRINT(EM_ASSESS):   IF UPCASE("M") = UPCASE(LEVEL) THEN DO;
MPRINT(EM_ASSESS):   NUM1 = FREQUENCY;
MPRINT(EM_ASSESS):   IF TYPE = "C" THEN do;
MPRINT(EM_ASSESS):   CALL SYMPUTX ("EVENTVALUERAW", CRAW );
MPRINT(EM_ASSESS):   __event__ = craw;
MPRINT(EM_ASSESS):   end;
MPRINT(EM_ASSESS):   ELSE do;
MPRINT(EM_ASSESS):   CALL SYMPUTX ("EVENTVALUERAW", NRAW );
MPRINT(EM_ASSESS):   __event__ = nraw;
MPRINT(EM_ASSESS):   end;
MPRINT(EM_ASSESS):   END;
MPRINT(EM_ASSESS):   IF LAST.NAME THEN DO;

MPRINT(EM_ASSESS):   * ;
MPRINT(EM_ASSESS):   * .............. IN NOMINAL CASE, NEED TO GROUP ALL '0' ;
MPRINT(EM_ASSESS):   *;

MPRINT(EM_ASSESS):   NUM0 = SUM (CUMFREQ, - NUM1);
MPRINT(EM_ASSESS):   IF NUM0 < 0 THEN NUM0 = 0;
MPRINT(EM_ASSESS):   IF NUM1 = . THEN NUM1 = 0;
MPRINT(EM_ASSESS):   CALL SYMPUTX ("NUM0", NUM0 );
MPRINT(EM_ASSESS):   CALL SYMPUTX ("NUM1", NUM1);
MPRINT(EM_ASSESS):   CALL SYMPUTX ("PNUM1", NUM1 / CUMFREQ);
MPRINT(EM_ASSESS):   CALL SYMPUTX ("PNUM0", (CUMFREQ - NUM1) / CUMFREQ);
MPRINT(EM_ASSESS):   IF TYPE = "C" THEN DO;
MPRINT(EM_ASSESS):   FLAG0_1 = 0;
MPRINT(EM_ASSESS):   CALL SYMPUTX ("TARGETTYPE", "C" );
MPRINT(EM_ASSESS):   END;
MPRINT(EM_ASSESS):   ELSE IF TYPE = "N" THEN DO;
MPRINT(EM_ASSESS):   IF "" = " " THEN DO;
MPRINT(EM_ASSESS):   IF "M" NE "1" THEN FLAG0_1 = 0;
MPRINT(EM_ASSESS):   END;
MPRINT(EM_ASSESS):   CALL SYMPUTX ("TARGETTYPE", "N" );
MPRINT(EM_ASSESS):   END;
MPRINT(EM_ASSESS):   * ................... IF TYPE = N;
MPRINT(EM_ASSESS):   CALL SYMPUTX ("FLAG0_1", FLAG0_1 );
MPRINT(EM_ASSESS):   END;
MPRINT(EM_ASSESS):   * ..................IF LAST.NAME ;
MPRINT(EM_ASSESS):   END;
MPRINT(EM_ASSESS):   * ...............IF LEVEL NE '.' ;
MPRINT(EM_ASSESS):   END;
MPRINT(EM_ASSESS):   * .............. IF NAME = TARGET;
MPRINT(EM_ASSESS):   ELSE IF "" > " " AND UPCASE(NAME) = UPCASE("") THEN DO;
MPRINT(EM_ASSESS):   NUMDECISIONS + 1;
MPRINT(EM_ASSESS):   LEVEL = TRANSLATE (LEVEL, "_", "'", "_", '"');
MPRINT(EM_ASSESS):   CALL SYMPUTX ("D_LABEL" || LEFT (PUT (NUMDECISIONS, 3.)), LEVEL );
MPRINT(EM_ASSESS):   END;
MPRINT(EM_ASSESS):   * ..................... ELSE IF UPCASE;
MPRINT(EM_ASSESS):   IF EOF THEN DO;
MPRINT(EM_ASSESS):   output _auxeventname;
MPRINT(EM_ASSESS):   CALL SYMPUTX ("NUMOBS", CUMFREQ);
MPRINT(EM_ASSESS):   CALL SYMPUTX ("NUMDECISIONS", NUMDECISIONS);
MPRINT(EM_ASSESS):   END;
MPRINT(EM_ASSESS):   RUN;
MPRINT(EM_ASSESS):   DATA _NULL_;
MPRINT(EM_ASSESS):   SET VAROUT END = EOF;
MPRINT(EM_ASSESS):   IF UPCASE (NAME) = UPCASE ("P_diagnosisM") THEN DO;
MPRINT(EM_ASSESS):   IF N = 0 THEN DO;
MPRINT(EM_ASSESS):   PUT //// "          Warning: All posterior probabilities are missing values ";
MPRINT(EM_ASSESS):   PUT ///;
MPRINT(EM_ASSESS):   CALL SYMPUTX ("ALLMISS", 1);
MPRINT(EM_ASSESS):   STOP;
MPRINT(EM_ASSESS):   END;
MPRINT(EM_ASSESS):   ELSE CALL SYMPUTX ("ALLMISS", 0);
MPRINT(EM_ASSESS):   CALL SYMPUTX ("MINPROB", MIN);
MPRINT(EM_ASSESS):   CALL SYMPUTX ("MAXPROB", MAX);
MPRINT(EM_ASSESS):   CALL SYMPUTX ("DIFF", MAX - MIN);
MPRINT(EM_ASSESS):   CALL SYMPUTX ("NMISSPROB", NMISS);
MPRINT(EM_ASSESS):   END;
MPRINT(EM_ASSESS):   ELSE IF UPCASE (NAME) = UPCASE ("_tmpfreqvar_") THEN DO;
MPRINT(EM_ASSESS):   AUXMIN = MIN - INT (MIN);
MPRINT(EM_ASSESS):   AUXMAX = MAX - INT (MAX);
MPRINT(EM_ASSESS):   IF AUXMIN > 0 OR AUXMAX > 0 THEN CALL SYMPUTX ("USEWEIGHT", "Y");
MPRINT(EM_ASSESS):   ELSE CALL SYMPUTX ("USEWEIGHT", "N");
MPRINT(EM_ASSESS):   END;
MPRINT(EM_ASSESS):   RUN;
MPRINT(EM_ASSESS):   DATA _ANY0;
MPRINT(EM_ASSESS):   SET _ea_tmpdata (KEEP = F_diagnosis P_diagnosisM _tmpfreqvar_ );
MPRINT(EM_ASSESS):   *;
MPRINT(EM_ASSESS):   * ................... No Formats;
MPRINT(EM_ASSESS):   *;
MPRINT(EM_ASSESS):   IF LEFT ( F_diagnosis ) = "M" THEN NTARGET = 1;
MPRINT(EM_ASSESS):   ELSE NTARGET = 0;
MPRINT(EM_ASSESS):   RUN;
MPRINT(EM_ASSESS):   *;
MPRINT(EM_ASSESS):   * .............. Before proc summary of binary case;
MPRINT(EM_ASSESS):   *;
MPRINT(EM_ASSESS):   PROC SUMMARY DATA = _ANY0 (KEEP = P_diagnosisM NTARGET _tmpfreqvar_ WHERE = (NTARGET > . )) NWAY MISSING;
MPRINT(EM_ASSESS):   ;
MPRINT(EM_ASSESS):   CLASS P_diagnosisM ;
MPRINT(EM_ASSESS):   VAR NTARGET ;
MPRINT(EM_ASSESS):   FREQ _tmpfreqvar_ ;
MPRINT(EM_ASSESS):   OUTPUT OUT = ANYSUM (DROP = _TYPE_) MEAN = _MEANTARGET _MEANFREQVAR ;
MPRINT(EM_ASSESS):   RUN;
MPRINT(EM_ASSESS):   QUIT;
MPRINT(EM_ASSESS):   ;
MPRINT(EM_ASSESS):   *;
MPRINT(EM_ASSESS):   * .................... Main Data Set Processing, Binary case;
MPRINT(EM_ASSESS):   *;

MPRINT(EM_ASSESS):   DATA WORK._TEMPRANK (KEEP = BASECAPC BASECAP __EVENT__ BASEEVENTS BASEGAIN BASELIFT BASERESP BASERESPC BESTCAP BESTCAPC BESTGAIN BESTLIFT BESTLIFTC BESTNUMEVENTS BESTRESP BESTRESPC BIN CBASELIFT C_LIFT C_P_CAPT_RESP C_P_RESP GAIN LIFT 
MAXPROB MINPROB MNPROB NUMNONRESP NUMOBS NUMRESP PERCENTILE P_CAPT_RESP P_RESP ) WORK._TEMPSCOREDIST (KEEP = BIN LOWERPROB UPPERPROB EVENTVALUE SCR_NUMEVENTS MODELSCORE SCR_NUMNONEVENTS RANGE NUMOBSINGROUP PERCOBSINGROUP C_PERCOBSINGROUP SCR_P_EVENTS 
SCR_CP_EVENTS SCR_P_NONEVENTS SCR_CP_NONEVENTS SCR_MNPROB SCR_MINPROB SCR_MAXPROB ) ;

MPRINT(EM_ASSESS):   SET ANYSUM END = EOF;

MPRINT(EM_ASSESS):   IF _N_ = 1 THEN SET _AUXEVENTNAME;

MPRINT(EM_ASSESS):   RETAIN MINPROB1 - MINPROB20 1 MAXPROB1 - MAXPROB20 0 MNPROB1 - MNPROB20 0 NUMOBS1 - NUMOBS20 0 NUMRESP1 - NUMRESP20 0 TRUEPOS1 - TRUEPOS1000 0 TRUENEG1 - TRUENEG1000 0 FALSEPOS1 - FALSEPOS1000 0 FALSENEG1 - FALSENEG1000 0 EVENTS1 - 
EVENTS1000 NONEVENTS1 - NONEVENTS1000 0 FIRSTIN1 - FIRSTIN1000 . LASTIN1 - LASTIN1000 . RESPRATE 0.3712121212 _NEVENTS 147 _NNONEVENTS 249 TARGET "NTARGET" ;
MPRINT(EM_ASSESS):   ARRAY MINPROBS (20) MINPROB1 - MINPROB20;
MPRINT(EM_ASSESS):   ARRAY MAXPROBS (20) MAXPROB1 - MAXPROB20;
MPRINT(EM_ASSESS):   ARRAY MNPROBS (20) MNPROB1 - MNPROB20;
MPRINT(EM_ASSESS):   ARRAY NUMOBSS (20) NUMOBS1 - NUMOBS20;
MPRINT(EM_ASSESS):   ARRAY NUMRESPS (20) NUMRESP1 - NUMRESP20;
MPRINT(EM_ASSESS):   ARRAY TRUEPOSX (1000) TRUEPOS1 - TRUEPOS1000;
MPRINT(EM_ASSESS):   ARRAY FALSEPOSX (1000) FALSEPOS1 - FALSEPOS1000;
MPRINT(EM_ASSESS):   ARRAY FALSENEGX (1000) FALSENEG1 - FALSENEG1000;
MPRINT(EM_ASSESS):   ARRAY TRUENEGX (1000) TRUENEG1 - TRUENEG1000;
MPRINT(EM_ASSESS):   ARRAY _EVENTS (1000) EVENTS1 - EVENTS1000;
MPRINT(EM_ASSESS):   ARRAY NONEVENTS (1000) NONEVENTS1 - NONEVENTS1000;
MPRINT(EM_ASSESS):   ARRAY FIRSTIN (1000) FIRSTIN1 - FIRSTIN1000;
MPRINT(EM_ASSESS):   ARRAY LASTIN (1000) LASTIN1 - LASTIN1000;
MPRINT(EM_ASSESS):   RETAIN SCR_MNPROB1 - SCR_MNPROB1000 0 SCR_MINPROB1 - SCR_MINPROB1000 1 SCR_MAXPROB1 - SCR_MAXPROB1000 0;
MPRINT(EM_ASSESS):   ARRAY SCR_MNPROBS (1000) SCR_MNPROB1 - SCR_MNPROB1000;
MPRINT(EM_ASSESS):   ARRAY SCR_MINPROBS (1000) SCR_MINPROB1 - SCR_MINPROB1000;
MPRINT(EM_ASSESS):   ARRAY SCR_MAXPROBS (1000) SCR_MAXPROB1 - SCR_MAXPROB1000;
MPRINT(EM_ASSESS):   DROP SCR_MINPROB1 - SCR_MINPROB1000 SCR_MAXPROB1 - SCR_MAXPROB1000 SCR_MNPROB1 - SCR_MNPROB1000 ;
MPRINT(EM_ASSESS):   *;
MPRINT(EM_ASSESS):   * ...... Area For 8 Financials ;
MPRINT(EM_ASSESS):   *;
MPRINT(EM_ASSESS):   IF _MEANTARGET = . THEN _MEANTARGET = RESPRATE;
MPRINT(EM_ASSESS):   DROP N1 _K SUMWEIGHTS ;
MPRINT(EM_ASSESS):   SUMWEIGHTS = 1;

MPRINT(EM_ASSESS):   DO _K = 1 TO CEIL (_FREQ_);
MPRINT(EM_ASSESS):   IF _K = CEIL (_FREQ_) THEN DO;
MPRINT(EM_ASSESS):   IF _FREQ_ < CEIL (_FREQ_) THEN _WEIGHT = _FREQ_ - FLOOR (_FREQ_);
MPRINT(EM_ASSESS):   ELSE _WEIGHT = 1;
MPRINT(EM_ASSESS):   END;
MPRINT(EM_ASSESS):   ELSE _WEIGHT = 1;
MPRINT(EM_ASSESS):   N1 + _WEIGHT;
MPRINT(EM_ASSESS):   NTARGET = _MEANTARGET ;
MPRINT(EM_ASSESS):   DECILE = MIN (20, CEIL (N1 * 20 / 396));
MPRINT(EM_ASSESS):   MINPROBS ( DECILE) = MIN (MINPROBS ( DECILE), P_diagnosisM );
MPRINT(EM_ASSESS):   MAXPROBS ( DECILE) = MAX (MAXPROBS ( DECILE), P_diagnosisM );
MPRINT(EM_ASSESS):   MNPROBS ( DECILE) = SUM (MNPROBS ( DECILE), P_diagnosisM * _WEIGHT);
MPRINT(EM_ASSESS):   NUMOBSS ( DECILE) = NUMOBSS ( DECILE) + _WEIGHT;
MPRINT(EM_ASSESS):   NUMRESPS ( DECILE) = NUMRESPS ( DECILE) + _MEANTARGET * _WEIGHT;
MPRINT(EM_ASSESS):   END;
MPRINT(EM_ASSESS):   *;
MPRINT(EM_ASSESS):   * ........ outside of do loop, Area for final ROC;
MPRINT(EM_ASSESS):   *;
MPRINT(EM_ASSESS):   *;
MPRINT(EM_ASSESS):   RANKDELTA = (ROUND ( _FREQ_ ) + 1) / 2;
MPRINT(EM_ASSESS):   RANK = UNTIEDRANK + RANKDELTA;
MPRINT(EM_ASSESS):   DROP RANK ;
MPRINT(EM_ASSESS):   SUMRANK1 + RANK * ROUND (_MEANTARGET * _FREQ_, .0000001);
MPRINT(EM_ASSESS):   UNTIEDRANK + ROUND (_FREQ_, .00000001);
MPRINT(EM_ASSESS):   *;
MPRINT(EM_ASSESS):   * ............ Area For ROC Curve;
MPRINT(EM_ASSESS):   *;
MPRINT(EM_ASSESS):   DO _K = 1 TO 1000;
MPRINT(EM_ASSESS):   IF P_diagnosisM * 1000 >= _K THEN DO;
MPRINT(EM_ASSESS):   TRUEPOSX ( _K ) + _FREQ_ * _MEANTARGET ;
MPRINT(EM_ASSESS):   FALSEPOSX ( _K ) + _FREQ_ * (1 - _MEANTARGET) ;
MPRINT(EM_ASSESS):   END;
MPRINT(EM_ASSESS):   ELSE DO;
MPRINT(EM_ASSESS):   TRUENEGX ( _K ) + _FREQ_ * ( 1 - _MEANTARGET) ;
MPRINT(EM_ASSESS):   FALSENEGX ( _K ) + _FREQ_ * _MEANTARGET ;
MPRINT(EM_ASSESS):   END;
MPRINT(EM_ASSESS):   END;
MPRINT(EM_ASSESS):   SLOT = MIN (MAX (CEIL (P_diagnosisM * 100), 1), 100) ;
MPRINT(EM_ASSESS):   DROP SLOT;
MPRINT(EM_ASSESS):   FIRSTIN ( SLOT ) = MIN ( FIRSTIN ( SLOT ), P_diagnosisM);
MPRINT(EM_ASSESS):   LASTIN ( SLOT ) = MAX ( LASTIN ( SLOT ), P_diagnosisM);
MPRINT(EM_ASSESS):   _EVENTS ( SLOT) = _EVENTS ( SLOT) + _FREQ_ * _MEANTARGET;
MPRINT(EM_ASSESS):   NONEVENTS ( SLOT) = NONEVENTS ( SLOT) + _FREQ_ * (1 - _MEANTARGET);
MPRINT(EM_ASSESS):   *;
MPRINT(EM_ASSESS):   * ........ START OF OUTDIST IN BINARY CASE MAIN DATA STEP ;
MPRINT(EM_ASSESS):   *;
MPRINT(EM_ASSESS):   SCR_MNPROBS ( SLOT ) = SUM (SCR_MNPROBS (SLOT), P_diagnosisM * _FREQ_ );
MPRINT(EM_ASSESS):   SCR_MINPROBS ( SLOT ) = MIN (SCR_MINPROBS (SLOT), P_diagnosisM );
MPRINT(EM_ASSESS):   SCR_MAXPROBS ( SLOT ) = MAX (SCR_MAXPROBS (SLOT), P_diagnosisM );
MPRINT(EM_ASSESS):   *;
MPRINT(EM_ASSESS):   * ........ End of Outdist in Binary case main DATA STEP ;
MPRINT(EM_ASSESS):   *;
MPRINT(EM_ASSESS):   IF EOF THEN DO;
MPRINT(EM_ASSESS):   PUT //;
MPRINT(EM_ASSESS):   DO K = 1 TO 20;
MPRINT(EM_ASSESS):   END;
MPRINT(EM_ASSESS):   LENGTH EVENTVALUE $ 32;
MPRINT(EM_ASSESS):   RETAIN EVENTVALUE "M" ;
MPRINT(EM_ASSESS):   *;
MPRINT(EM_ASSESS):   * ......... Start of EOF area of BINARY processing of main data set ;
MPRINT(EM_ASSESS):   *;
MPRINT(EM_ASSESS):   *;
MPRINT(EM_ASSESS):   CALL SYMPUTX ("SUMRANK1", SUMRANK1);
MPRINT(EM_ASSESS):   LENGTH DATAROLE $ 10;
MPRINT(EM_ASSESS):   RETAIN DATAROLE "TRAIN" ;
MPRINT(EM_ASSESS):   RETAIN OVLMIN 0.0126582278 OVLMAX 1 ;
MPRINT(EM_ASSESS):   DROP OVLMIN OVLMAX ;
MPRINT(EM_ASSESS):   C_NUMOBS = 0;
MPRINT(EM_ASSESS):   C_NUM_RESP = 0;
MPRINT(EM_ASSESS):   C_NUM_NONRESP = 0;
MPRINT(EM_ASSESS):   C_P_RESP = 0;
MPRINT(EM_ASSESS):   P_CAPT_RESP = 0;
MPRINT(EM_ASSESS):   C_P_CAPT_RESP = 0;
MPRINT(EM_ASSESS):   PREVIOUSPROFIT = 0;
MPRINT(EM_ASSESS):   MAXPROFIT = 0;
MPRINT(EM_ASSESS):   _KS_BIN_ = 0;
MPRINT(EM_ASSESS):   DROP _KS_BIN_;
MPRINT(EM_ASSESS):   AVGNUMRESP = _NEVENTS / 20;
MPRINT(EM_ASSESS):   BASERESP = 100 * RESPRATE;
MPRINT(EM_ASSESS):   BASERESPC = BASERESP;
MPRINT(EM_ASSESS):   BASECAP = 100 / 20;
MPRINT(EM_ASSESS):   *;
MPRINT(EM_ASSESS):   * ........................Start OF Gainschart = Outranks Area;
MPRINT(EM_ASSESS):   *;
MPRINT(EM_ASSESS):   _KS_BIN_PROB = 0;
MPRINT(EM_ASSESS):   numeventwhole = floor(_NEVENTS/20);
MPRINT(EM_ASSESS):   remainevent= _NEVENTS - (numeventwhole)*20;
MPRINT(EM_ASSESS):   drop numeventwhole remainevent;
MPRINT(EM_ASSESS):   DO GROUP = 20 TO 1 BY -1;

MPRINT(EM_ASSESS):   BASECAPC + BASECAP;
MPRINT(EM_ASSESS):   PERCENTILE = GROUP * (100 / 20);
MPRINT(EM_ASSESS):   MINPROB = MINPROBS ( GROUP);
MPRINT(EM_ASSESS):   MAXPROB = MAXPROBS ( GROUP);
MPRINT(EM_ASSESS):   CALL SYMPUTX ("MINPROB" || LEFT ( PUT (GROUP, 3.)), MINPROB);
MPRINT(EM_ASSESS):   CALL SYMPUTX ("MAXPROB" || LEFT ( PUT (GROUP, 3.)), MAXPROB);
MPRINT(EM_ASSESS):   NUMOBS = NUMOBSS ( GROUP);
MPRINT(EM_ASSESS):   IF NUMOBS > 0 THEN MNPROB = MNPROBS ( GROUP) / NUMOBS;
MPRINT(EM_ASSESS):   ELSE MNPROB = .;
MPRINT(EM_ASSESS):   C_NUMOBS = SUM (NUMOBS, C_NUMOBS);
MPRINT(EM_ASSESS):   NUMRESP = NUMRESPS ( GROUP);
MPRINT(EM_ASSESS):   NUMNONRESP = NUMOBS - NUMRESP;
MPRINT(EM_ASSESS):   C_AVGNUM_RESP + AVGNUMRESP;
MPRINT(EM_ASSESS):   BASEEVENTS = numeventwhole;
MPRINT(EM_ASSESS):   if GROUP > 20-remainevent then BASEEVENTS=BASEEVENTS + 1;
MPRINT(EM_ASSESS):   IF C_NUMOBS <= _NEVENTS THEN DO;
MPRINT(EM_ASSESS):   BESTNUMEVENTS = NUMOBS;
MPRINT(EM_ASSESS):   BESTCAPC = C_NUMOBS * 100 / _NEVENTS;
MPRINT(EM_ASSESS):   END;
MPRINT(EM_ASSESS):   ELSE DO;
MPRINT(EM_ASSESS):   FLAG + 1;
MPRINT(EM_ASSESS):   DROP FLAG;
MPRINT(EM_ASSESS):   BESTNUMEVENTS = _NEVENTS - C_NUMOBS + NUMOBS;
MPRINT(EM_ASSESS):   IF FLAG > 1 THEN BESTNUMEVENTS = 0;
MPRINT(EM_ASSESS):   BESTCAPC = 100;
MPRINT(EM_ASSESS):   END;
MPRINT(EM_ASSESS):   BESTCAP = BESTNUMEVENTS * 100 / _NEVENTS;
MPRINT(EM_ASSESS):   IF C_NUMOBS <= _NEVENTS THEN DO;
MPRINT(EM_ASSESS):   BESTLIFT = ((_NEVENTS+_NNONEVENTS) / 20) /AVGNUMRESP;
MPRINT(EM_ASSESS):   END;
MPRINT(EM_ASSESS):   ELSE DO;
MPRINT(EM_ASSESS):   BESTLIFT = BESTNUMEVENTS / AVGNUMRESP;
MPRINT(EM_ASSESS):   END;
MPRINT(EM_ASSESS):   C_BESTNUMEVENTS + BESTNUMEVENTS;
MPRINT(EM_ASSESS):   DROP C_BESTNUMEVENTS;
MPRINT(EM_ASSESS):   IF C_NUMOBS > 0 THEN BESTLIFTC = C_BESTNUMEVENTS / (_NEVENTS / 396 * C_NUMOBS);
MPRINT(EM_ASSESS):   ELSE BESTLIFTC = .;
MPRINT(EM_ASSESS):   IF NUMOBS > 0 THEN DO;
MPRINT(EM_ASSESS):   BESTRESP = BESTNUMEVENTS * 100 / NUMOBS;
MPRINT(EM_ASSESS):   P_RESP = NUMRESP * 100 / NUMOBS;
MPRINT(EM_ASSESS):   P_NONRESP = NUMNONRESP * 100 / NUMOBS;
MPRINT(EM_ASSESS):   END;
MPRINT(EM_ASSESS):   ELSE DO;
MPRINT(EM_ASSESS):   BESTRESP = .;
MPRINT(EM_ASSESS):   P_RESP = .;
MPRINT(EM_ASSESS):   P_NONRESP = .;
MPRINT(EM_ASSESS):   END;
MPRINT(EM_ASSESS):   IF C_NUMOBS > 0 THEN DO;
MPRINT(EM_ASSESS):   BESTRESPC = C_BESTNUMEVENTS * 100 / C_NUMOBS;
MPRINT(EM_ASSESS):   BESTGAIN = MAX (0, ((C_BESTNUMEVENTS / C_NUMOBS ) / ( AVGNUMRESP / (396/20)) - 1) * 100);
MPRINT(EM_ASSESS):   END;
MPRINT(EM_ASSESS):   ELSE DO;
MPRINT(EM_ASSESS):   BESTRESPC = .;
MPRINT(EM_ASSESS):   BESTGAIN = .;
MPRINT(EM_ASSESS):   END;
MPRINT(EM_ASSESS):   IF NUMNONRESP > 0 THEN ODDS = NUMRESP / NUMNONRESP;
MPRINT(EM_ASSESS):   ELSE ODDS = .;
MPRINT(EM_ASSESS):   C_NUM_RESP = SUM (C_NUM_RESP , NUMRESP );
MPRINT(EM_ASSESS):   C_NUM_NONRESP = SUM (C_NUM_NONRESP, NUMNONRESP );
MPRINT(EM_ASSESS):   IF C_NUM_NONRESP > 0 THEN C_ODDS = C_NUM_RESP / C_NUM_NONRESP;
MPRINT(EM_ASSESS):   ELSE C_ODDS = .;
MPRINT(EM_ASSESS):   IF C_NUMOBS > 0 THEN DO;
MPRINT(EM_ASSESS):   C_P_RESP = C_NUM_RESP * 100 / C_NUMOBS;
MPRINT(EM_ASSESS):   GAIN = ABS(100 * (((C_NUM_RESP / C_NUMOBS ) / (_NEVENTS / 396)) - 1));
MPRINT(EM_ASSESS):   BASEGAIN = 100 * (( (C_AVGNUM_RESP /((20-GROUP+1)* 396/20) ) / ( AVGNUMRESP / (396/20))) - 1);
MPRINT(EM_ASSESS):   END;
MPRINT(EM_ASSESS):   ELSE DO;
MPRINT(EM_ASSESS):   GAIN = .;
MPRINT(EM_ASSESS):   BASEGAIN = .;
MPRINT(EM_ASSESS):   C_P_RESP = .;
MPRINT(EM_ASSESS):   END;
MPRINT(EM_ASSESS):   IF BASEGAIN <= 0 THEN BASEGAIN = 0;
MPRINT(EM_ASSESS):   P_CAPT_RESP = NUMRESP * 100 / _NEVENTS;
MPRINT(EM_ASSESS):   P_CAPT_NONRESP = NUMNONRESP * 100 / ( 396 - _NEVENTS);
MPRINT(EM_ASSESS):   C_P_CAPT_RESP = C_NUM_RESP * 100 / _NEVENTS;
MPRINT(EM_ASSESS):   C_P_CAPT_NONRESP = C_NUM_NONRESP * 100 / ( 396 - _NEVENTS);
MPRINT(EM_ASSESS):   *;
MPRINT(EM_ASSESS):   * Area For Binned KS in Outranks area;
MPRINT(EM_ASSESS):   *;
MPRINT(EM_ASSESS):   _DIFFERENCE = C_P_CAPT_RESP - C_P_CAPT_NONRESP ;
MPRINT(EM_ASSESS):   IF _KS_BIN_ < _DIFFERENCE THEN DO;
MPRINT(EM_ASSESS):   _KS_BIN_ = _DIFFERENCE;
MPRINT(EM_ASSESS):   _KS_BIN_PROB = MINPROB + (MAXPROB - MINPROB) / 2 ;
MPRINT(EM_ASSESS):   END;
MPRINT(EM_ASSESS):   LIFT = P_RESP * .01 / RESPRATE ;
MPRINT(EM_ASSESS):   C_LIFT = C_P_RESP * .01 / RESPRATE;
MPRINT(EM_ASSESS):   IF NUMOBS > 0 THEN DO;
MPRINT(EM_ASSESS):   BASELIFT = AVGNUMRESP / ( RESPRATE * 396/20 );
MPRINT(EM_ASSESS):   END;
MPRINT(EM_ASSESS):   ELSE BASELIFT = .;
MPRINT(EM_ASSESS):   IF C_NUMOBS > 0 THEN CBASELIFT = C_AVGNUM_RESP / (RESPRATE * ((20-GROUP+1)* 396/20));
MPRINT(EM_ASSESS):   ELSE CBASELIFT = .;
MPRINT(EM_ASSESS):   *;
MPRINT(EM_ASSESS):   * ........ WITHIN DO LOOP FOR OUTRANKS;
MPRINT(EM_ASSESS):   *;
MPRINT(EM_ASSESS):   BIN = 20 + 1 - GROUP;
MPRINT(EM_ASSESS):   PERCENTILE = BIN * (100 / 20);
MPRINT(EM_ASSESS):   B_C_P_RESP = PERCENTILE;
MPRINT(EM_ASSESS):   OUTPUT WORK._TEMPRANK ;
MPRINT(EM_ASSESS):   END;
MPRINT(EM_ASSESS):   *;
MPRINT(EM_ASSESS):   * ........................ END OF GAINSCHART = OUTRANKS AREA;
MPRINT(EM_ASSESS):   *;
MPRINT(EM_ASSESS):   CALL SYMPUTX ("MAXPROFITGROUP" , MAXPROFITGROUP);
MPRINT(EM_ASSESS):   CALL SYMPUTX ("MAXPROFIT" , MAXPROFIT );
MPRINT(EM_ASSESS):   KS_ABSDIFF = 0 ;
MPRINT(EM_ASSESS):   MINPRECTPR = 9999;
MPRINT(EM_ASSESS):   Y0 = 1 - RESPRATE;
MPRINT(EM_ASSESS):   Y1 = RESPRATE;
MPRINT(EM_ASSESS):   MAXMUTUAL = 0;
MPRINT(EM_ASSESS):   DROP MAXMUTUAL KSPROB Y0 Y1 KS_ABSDIFF MINPRECTPR;
MPRINT(EM_ASSESS):   *;
MPRINT(EM_ASSESS):   *;
MPRINT(EM_ASSESS):   * .....................About to start Processing Outroc ;
MPRINT(EM_ASSESS):   *;
MPRINT(EM_ASSESS):   *;
MPRINT(EM_ASSESS):   *;
MPRINT(EM_ASSESS):   *;
MPRINT(EM_ASSESS):   * ........................... Finished Processing Outroc ;
MPRINT(EM_ASSESS):   *;
MPRINT(EM_ASSESS):   *;
MPRINT(EM_ASSESS):   *;
MPRINT(EM_ASSESS):   * .............. Outdist ;
MPRINT(EM_ASSESS):   *;
MPRINT(EM_ASSESS):   BIN = 20 ;
MPRINT(EM_ASSESS):   LOWERPROB = (BIN - 1) / 20;
MPRINT(EM_ASSESS):   UPPERPROB = LOWERPROB + (1 / 20);
MPRINT(EM_ASSESS):   MODELSCORE = LOWERPROB + (1 / 20) / 2;
MPRINT(EM_ASSESS):   RANGE = COMPRESS (PUT (LOWERPROB, 4.2) || "-" || PUT (UPPERPROB, 4.2));
MPRINT(EM_ASSESS):   SCR_NUMEVENTS = SUM ( OF EVENTS96 - EVENTS100 );
MPRINT(EM_ASSESS):   SCR_P_EVENTS = SCR_NUMEVENTS * 100 / _NEVENTS;
MPRINT(EM_ASSESS):   SCR_CP_EVENTS = SUM (SCR_P_EVENTS, SCR_CP_EVENTS);
MPRINT(EM_ASSESS):   SCR_NUMNONEVENTS = SUM ( OF NONEVENTS96 - NONEVENTS100);
MPRINT(EM_ASSESS):   NUMOBSINGROUP = SUM (SCR_NUMEVENTS, SCR_NUMNONEVENTS);
MPRINT(EM_ASSESS):   IF NUMOBSINGROUP > 0 THEN SCR_MNPROB = SUM (OF SCR_MNPROB96 - SCR_MNPROB100) / NUMOBSINGROUP;
MPRINT(EM_ASSESS):   ELSE SCR_MNPROB = .;
MPRINT(EM_ASSESS):   SCR_MINPROB = MIN (OF SCR_MINPROB96 - SCR_MINPROB100) ;
MPRINT(EM_ASSESS):   SCR_MAXPROB = MAX (OF SCR_MAXPROB96 - SCR_MAXPROB100) ;
MPRINT(EM_ASSESS):   IF SCR_MINPROB = 1 THEN SCR_MINPROB = .;
MPRINT(EM_ASSESS):   IF SCR_MAXPROB = 0 THEN SCR_MAXPROB = .;
MPRINT(EM_ASSESS):   SCR_P_NONEVENTS = SCR_NUMNONEVENTS * 100 / _NNONEVENTS;
MPRINT(EM_ASSESS):   SCR_CP_NONEVENTS = SUM (SCR_P_NONEVENTS, SCR_CP_NONEVENTS);
MPRINT(EM_ASSESS):   PERCOBSINGROUP = NUMOBSINGROUP * 100 / 396;
MPRINT(EM_ASSESS):   C_PERCOBSINGROUP = SUM (C_PERCOBSINGROUP, PERCOBSINGROUP);
MPRINT(EM_ASSESS):   CALL SYMPUTX ("SCR_MINPROB" || LEFT (PUT (BIN, 3.)), LOWERPROB);
MPRINT(EM_ASSESS):   CALL SYMPUTX ("SCR_MAXPROB" || LEFT (PUT (BIN, 3.)), UPPERPROB);
MPRINT(EM_ASSESS):   BIN = 20 + 1 - 20;
MPRINT(EM_ASSESS):   OUTPUT WORK._TEMPSCOREDIST;
MPRINT(EM_ASSESS):   BIN = 19 ;
MPRINT(EM_ASSESS):   LOWERPROB = (BIN - 1) / 20;
MPRINT(EM_ASSESS):   UPPERPROB = LOWERPROB + (1 / 20);
MPRINT(EM_ASSESS):   MODELSCORE = LOWERPROB + (1 / 20) / 2;
MPRINT(EM_ASSESS):   RANGE = COMPRESS (PUT (LOWERPROB, 4.2) || "-" || PUT (UPPERPROB, 4.2));
MPRINT(EM_ASSESS):   SCR_NUMEVENTS = SUM ( OF EVENTS91 - EVENTS95 );
MPRINT(EM_ASSESS):   SCR_P_EVENTS = SCR_NUMEVENTS * 100 / _NEVENTS;
MPRINT(EM_ASSESS):   SCR_CP_EVENTS = SUM (SCR_P_EVENTS, SCR_CP_EVENTS);
MPRINT(EM_ASSESS):   SCR_NUMNONEVENTS = SUM ( OF NONEVENTS91 - NONEVENTS95);
MPRINT(EM_ASSESS):   NUMOBSINGROUP = SUM (SCR_NUMEVENTS, SCR_NUMNONEVENTS);
MPRINT(EM_ASSESS):   IF NUMOBSINGROUP > 0 THEN SCR_MNPROB = SUM (OF SCR_MNPROB91 - SCR_MNPROB95) / NUMOBSINGROUP;
MPRINT(EM_ASSESS):   ELSE SCR_MNPROB = .;
MPRINT(EM_ASSESS):   SCR_MINPROB = MIN (OF SCR_MINPROB91 - SCR_MINPROB95) ;
MPRINT(EM_ASSESS):   SCR_MAXPROB = MAX (OF SCR_MAXPROB91 - SCR_MAXPROB95) ;
MPRINT(EM_ASSESS):   IF SCR_MINPROB = 1 THEN SCR_MINPROB = .;
MPRINT(EM_ASSESS):   IF SCR_MAXPROB = 0 THEN SCR_MAXPROB = .;
MPRINT(EM_ASSESS):   SCR_P_NONEVENTS = SCR_NUMNONEVENTS * 100 / _NNONEVENTS;
MPRINT(EM_ASSESS):   SCR_CP_NONEVENTS = SUM (SCR_P_NONEVENTS, SCR_CP_NONEVENTS);
MPRINT(EM_ASSESS):   PERCOBSINGROUP = NUMOBSINGROUP * 100 / 396;
MPRINT(EM_ASSESS):   C_PERCOBSINGROUP = SUM (C_PERCOBSINGROUP, PERCOBSINGROUP);
MPRINT(EM_ASSESS):   CALL SYMPUTX ("SCR_MINPROB" || LEFT (PUT (BIN, 3.)), LOWERPROB);
MPRINT(EM_ASSESS):   CALL SYMPUTX ("SCR_MAXPROB" || LEFT (PUT (BIN, 3.)), UPPERPROB);
MPRINT(EM_ASSESS):   BIN = 20 + 1 - 19;
MPRINT(EM_ASSESS):   OUTPUT WORK._TEMPSCOREDIST;
MPRINT(EM_ASSESS):   BIN = 18 ;
MPRINT(EM_ASSESS):   LOWERPROB = (BIN - 1) / 20;
MPRINT(EM_ASSESS):   UPPERPROB = LOWERPROB + (1 / 20);
MPRINT(EM_ASSESS):   MODELSCORE = LOWERPROB + (1 / 20) / 2;
MPRINT(EM_ASSESS):   RANGE = COMPRESS (PUT (LOWERPROB, 4.2) || "-" || PUT (UPPERPROB, 4.2));
MPRINT(EM_ASSESS):   SCR_NUMEVENTS = SUM ( OF EVENTS86 - EVENTS90 );
MPRINT(EM_ASSESS):   SCR_P_EVENTS = SCR_NUMEVENTS * 100 / _NEVENTS;
MPRINT(EM_ASSESS):   SCR_CP_EVENTS = SUM (SCR_P_EVENTS, SCR_CP_EVENTS);
MPRINT(EM_ASSESS):   SCR_NUMNONEVENTS = SUM ( OF NONEVENTS86 - NONEVENTS90);
MPRINT(EM_ASSESS):   NUMOBSINGROUP = SUM (SCR_NUMEVENTS, SCR_NUMNONEVENTS);
MPRINT(EM_ASSESS):   IF NUMOBSINGROUP > 0 THEN SCR_MNPROB = SUM (OF SCR_MNPROB86 - SCR_MNPROB90) / NUMOBSINGROUP;
MPRINT(EM_ASSESS):   ELSE SCR_MNPROB = .;
MPRINT(EM_ASSESS):   SCR_MINPROB = MIN (OF SCR_MINPROB86 - SCR_MINPROB90) ;
MPRINT(EM_ASSESS):   SCR_MAXPROB = MAX (OF SCR_MAXPROB86 - SCR_MAXPROB90) ;
MPRINT(EM_ASSESS):   IF SCR_MINPROB = 1 THEN SCR_MINPROB = .;
MPRINT(EM_ASSESS):   IF SCR_MAXPROB = 0 THEN SCR_MAXPROB = .;
MPRINT(EM_ASSESS):   SCR_P_NONEVENTS = SCR_NUMNONEVENTS * 100 / _NNONEVENTS;
MPRINT(EM_ASSESS):   SCR_CP_NONEVENTS = SUM (SCR_P_NONEVENTS, SCR_CP_NONEVENTS);
MPRINT(EM_ASSESS):   PERCOBSINGROUP = NUMOBSINGROUP * 100 / 396;
MPRINT(EM_ASSESS):   C_PERCOBSINGROUP = SUM (C_PERCOBSINGROUP, PERCOBSINGROUP);
MPRINT(EM_ASSESS):   CALL SYMPUTX ("SCR_MINPROB" || LEFT (PUT (BIN, 3.)), LOWERPROB);
MPRINT(EM_ASSESS):   CALL SYMPUTX ("SCR_MAXPROB" || LEFT (PUT (BIN, 3.)), UPPERPROB);
MPRINT(EM_ASSESS):   BIN = 20 + 1 - 18;
MPRINT(EM_ASSESS):   OUTPUT WORK._TEMPSCOREDIST;
MPRINT(EM_ASSESS):   BIN = 17 ;
MPRINT(EM_ASSESS):   LOWERPROB = (BIN - 1) / 20;
MPRINT(EM_ASSESS):   UPPERPROB = LOWERPROB + (1 / 20);
MPRINT(EM_ASSESS):   MODELSCORE = LOWERPROB + (1 / 20) / 2;
MPRINT(EM_ASSESS):   RANGE = COMPRESS (PUT (LOWERPROB, 4.2) || "-" || PUT (UPPERPROB, 4.2));
MPRINT(EM_ASSESS):   SCR_NUMEVENTS = SUM ( OF EVENTS81 - EVENTS85 );
MPRINT(EM_ASSESS):   SCR_P_EVENTS = SCR_NUMEVENTS * 100 / _NEVENTS;
MPRINT(EM_ASSESS):   SCR_CP_EVENTS = SUM (SCR_P_EVENTS, SCR_CP_EVENTS);
MPRINT(EM_ASSESS):   SCR_NUMNONEVENTS = SUM ( OF NONEVENTS81 - NONEVENTS85);
MPRINT(EM_ASSESS):   NUMOBSINGROUP = SUM (SCR_NUMEVENTS, SCR_NUMNONEVENTS);
MPRINT(EM_ASSESS):   IF NUMOBSINGROUP > 0 THEN SCR_MNPROB = SUM (OF SCR_MNPROB81 - SCR_MNPROB85) / NUMOBSINGROUP;
MPRINT(EM_ASSESS):   ELSE SCR_MNPROB = .;
MPRINT(EM_ASSESS):   SCR_MINPROB = MIN (OF SCR_MINPROB81 - SCR_MINPROB85) ;
MPRINT(EM_ASSESS):   SCR_MAXPROB = MAX (OF SCR_MAXPROB81 - SCR_MAXPROB85) ;
MPRINT(EM_ASSESS):   IF SCR_MINPROB = 1 THEN SCR_MINPROB = .;
MPRINT(EM_ASSESS):   IF SCR_MAXPROB = 0 THEN SCR_MAXPROB = .;
MPRINT(EM_ASSESS):   SCR_P_NONEVENTS = SCR_NUMNONEVENTS * 100 / _NNONEVENTS;
MPRINT(EM_ASSESS):   SCR_CP_NONEVENTS = SUM (SCR_P_NONEVENTS, SCR_CP_NONEVENTS);
MPRINT(EM_ASSESS):   PERCOBSINGROUP = NUMOBSINGROUP * 100 / 396;
MPRINT(EM_ASSESS):   C_PERCOBSINGROUP = SUM (C_PERCOBSINGROUP, PERCOBSINGROUP);
MPRINT(EM_ASSESS):   CALL SYMPUTX ("SCR_MINPROB" || LEFT (PUT (BIN, 3.)), LOWERPROB);
MPRINT(EM_ASSESS):   CALL SYMPUTX ("SCR_MAXPROB" || LEFT (PUT (BIN, 3.)), UPPERPROB);
MPRINT(EM_ASSESS):   BIN = 20 + 1 - 17;
MPRINT(EM_ASSESS):   OUTPUT WORK._TEMPSCOREDIST;
MPRINT(EM_ASSESS):   BIN = 16 ;
MPRINT(EM_ASSESS):   LOWERPROB = (BIN - 1) / 20;
MPRINT(EM_ASSESS):   UPPERPROB = LOWERPROB + (1 / 20);
MPRINT(EM_ASSESS):   MODELSCORE = LOWERPROB + (1 / 20) / 2;
MPRINT(EM_ASSESS):   RANGE = COMPRESS (PUT (LOWERPROB, 4.2) || "-" || PUT (UPPERPROB, 4.2));
MPRINT(EM_ASSESS):   SCR_NUMEVENTS = SUM ( OF EVENTS76 - EVENTS80 );
MPRINT(EM_ASSESS):   SCR_P_EVENTS = SCR_NUMEVENTS * 100 / _NEVENTS;
MPRINT(EM_ASSESS):   SCR_CP_EVENTS = SUM (SCR_P_EVENTS, SCR_CP_EVENTS);
MPRINT(EM_ASSESS):   SCR_NUMNONEVENTS = SUM ( OF NONEVENTS76 - NONEVENTS80);
MPRINT(EM_ASSESS):   NUMOBSINGROUP = SUM (SCR_NUMEVENTS, SCR_NUMNONEVENTS);
MPRINT(EM_ASSESS):   IF NUMOBSINGROUP > 0 THEN SCR_MNPROB = SUM (OF SCR_MNPROB76 - SCR_MNPROB80) / NUMOBSINGROUP;
MPRINT(EM_ASSESS):   ELSE SCR_MNPROB = .;
MPRINT(EM_ASSESS):   SCR_MINPROB = MIN (OF SCR_MINPROB76 - SCR_MINPROB80) ;
MPRINT(EM_ASSESS):   SCR_MAXPROB = MAX (OF SCR_MAXPROB76 - SCR_MAXPROB80) ;
MPRINT(EM_ASSESS):   IF SCR_MINPROB = 1 THEN SCR_MINPROB = .;
MPRINT(EM_ASSESS):   IF SCR_MAXPROB = 0 THEN SCR_MAXPROB = .;
MPRINT(EM_ASSESS):   SCR_P_NONEVENTS = SCR_NUMNONEVENTS * 100 / _NNONEVENTS;
MPRINT(EM_ASSESS):   SCR_CP_NONEVENTS = SUM (SCR_P_NONEVENTS, SCR_CP_NONEVENTS);
MPRINT(EM_ASSESS):   PERCOBSINGROUP = NUMOBSINGROUP * 100 / 396;
MPRINT(EM_ASSESS):   C_PERCOBSINGROUP = SUM (C_PERCOBSINGROUP, PERCOBSINGROUP);
MPRINT(EM_ASSESS):   CALL SYMPUTX ("SCR_MINPROB" || LEFT (PUT (BIN, 3.)), LOWERPROB);
MPRINT(EM_ASSESS):   CALL SYMPUTX ("SCR_MAXPROB" || LEFT (PUT (BIN, 3.)), UPPERPROB);
MPRINT(EM_ASSESS):   BIN = 20 + 1 - 16;
MPRINT(EM_ASSESS):   OUTPUT WORK._TEMPSCOREDIST;
MPRINT(EM_ASSESS):   BIN = 15 ;
MPRINT(EM_ASSESS):   LOWERPROB = (BIN - 1) / 20;
MPRINT(EM_ASSESS):   UPPERPROB = LOWERPROB + (1 / 20);
MPRINT(EM_ASSESS):   MODELSCORE = LOWERPROB + (1 / 20) / 2;
MPRINT(EM_ASSESS):   RANGE = COMPRESS (PUT (LOWERPROB, 4.2) || "-" || PUT (UPPERPROB, 4.2));
MPRINT(EM_ASSESS):   SCR_NUMEVENTS = SUM ( OF EVENTS71 - EVENTS75 );
MPRINT(EM_ASSESS):   SCR_P_EVENTS = SCR_NUMEVENTS * 100 / _NEVENTS;
MPRINT(EM_ASSESS):   SCR_CP_EVENTS = SUM (SCR_P_EVENTS, SCR_CP_EVENTS);
MPRINT(EM_ASSESS):   SCR_NUMNONEVENTS = SUM ( OF NONEVENTS71 - NONEVENTS75);
MPRINT(EM_ASSESS):   NUMOBSINGROUP = SUM (SCR_NUMEVENTS, SCR_NUMNONEVENTS);
MPRINT(EM_ASSESS):   IF NUMOBSINGROUP > 0 THEN SCR_MNPROB = SUM (OF SCR_MNPROB71 - SCR_MNPROB75) / NUMOBSINGROUP;
MPRINT(EM_ASSESS):   ELSE SCR_MNPROB = .;
MPRINT(EM_ASSESS):   SCR_MINPROB = MIN (OF SCR_MINPROB71 - SCR_MINPROB75) ;
MPRINT(EM_ASSESS):   SCR_MAXPROB = MAX (OF SCR_MAXPROB71 - SCR_MAXPROB75) ;
MPRINT(EM_ASSESS):   IF SCR_MINPROB = 1 THEN SCR_MINPROB = .;
MPRINT(EM_ASSESS):   IF SCR_MAXPROB = 0 THEN SCR_MAXPROB = .;
MPRINT(EM_ASSESS):   SCR_P_NONEVENTS = SCR_NUMNONEVENTS * 100 / _NNONEVENTS;
MPRINT(EM_ASSESS):   SCR_CP_NONEVENTS = SUM (SCR_P_NONEVENTS, SCR_CP_NONEVENTS);
MPRINT(EM_ASSESS):   PERCOBSINGROUP = NUMOBSINGROUP * 100 / 396;
MPRINT(EM_ASSESS):   C_PERCOBSINGROUP = SUM (C_PERCOBSINGROUP, PERCOBSINGROUP);
MPRINT(EM_ASSESS):   CALL SYMPUTX ("SCR_MINPROB" || LEFT (PUT (BIN, 3.)), LOWERPROB);
MPRINT(EM_ASSESS):   CALL SYMPUTX ("SCR_MAXPROB" || LEFT (PUT (BIN, 3.)), UPPERPROB);
MPRINT(EM_ASSESS):   BIN = 20 + 1 - 15;
MPRINT(EM_ASSESS):   OUTPUT WORK._TEMPSCOREDIST;
MPRINT(EM_ASSESS):   BIN = 14 ;
MPRINT(EM_ASSESS):   LOWERPROB = (BIN - 1) / 20;
MPRINT(EM_ASSESS):   UPPERPROB = LOWERPROB + (1 / 20);
MPRINT(EM_ASSESS):   MODELSCORE = LOWERPROB + (1 / 20) / 2;
MPRINT(EM_ASSESS):   RANGE = COMPRESS (PUT (LOWERPROB, 4.2) || "-" || PUT (UPPERPROB, 4.2));
MPRINT(EM_ASSESS):   SCR_NUMEVENTS = SUM ( OF EVENTS66 - EVENTS70 );
MPRINT(EM_ASSESS):   SCR_P_EVENTS = SCR_NUMEVENTS * 100 / _NEVENTS;
MPRINT(EM_ASSESS):   SCR_CP_EVENTS = SUM (SCR_P_EVENTS, SCR_CP_EVENTS);
MPRINT(EM_ASSESS):   SCR_NUMNONEVENTS = SUM ( OF NONEVENTS66 - NONEVENTS70);
MPRINT(EM_ASSESS):   NUMOBSINGROUP = SUM (SCR_NUMEVENTS, SCR_NUMNONEVENTS);
MPRINT(EM_ASSESS):   IF NUMOBSINGROUP > 0 THEN SCR_MNPROB = SUM (OF SCR_MNPROB66 - SCR_MNPROB70) / NUMOBSINGROUP;
MPRINT(EM_ASSESS):   ELSE SCR_MNPROB = .;
MPRINT(EM_ASSESS):   SCR_MINPROB = MIN (OF SCR_MINPROB66 - SCR_MINPROB70) ;
MPRINT(EM_ASSESS):   SCR_MAXPROB = MAX (OF SCR_MAXPROB66 - SCR_MAXPROB70) ;
MPRINT(EM_ASSESS):   IF SCR_MINPROB = 1 THEN SCR_MINPROB = .;
MPRINT(EM_ASSESS):   IF SCR_MAXPROB = 0 THEN SCR_MAXPROB = .;
MPRINT(EM_ASSESS):   SCR_P_NONEVENTS = SCR_NUMNONEVENTS * 100 / _NNONEVENTS;
MPRINT(EM_ASSESS):   SCR_CP_NONEVENTS = SUM (SCR_P_NONEVENTS, SCR_CP_NONEVENTS);
MPRINT(EM_ASSESS):   PERCOBSINGROUP = NUMOBSINGROUP * 100 / 396;
MPRINT(EM_ASSESS):   C_PERCOBSINGROUP = SUM (C_PERCOBSINGROUP, PERCOBSINGROUP);
MPRINT(EM_ASSESS):   CALL SYMPUTX ("SCR_MINPROB" || LEFT (PUT (BIN, 3.)), LOWERPROB);
MPRINT(EM_ASSESS):   CALL SYMPUTX ("SCR_MAXPROB" || LEFT (PUT (BIN, 3.)), UPPERPROB);
MPRINT(EM_ASSESS):   BIN = 20 + 1 - 14;
MPRINT(EM_ASSESS):   OUTPUT WORK._TEMPSCOREDIST;
MPRINT(EM_ASSESS):   BIN = 13 ;
MPRINT(EM_ASSESS):   LOWERPROB = (BIN - 1) / 20;
MPRINT(EM_ASSESS):   UPPERPROB = LOWERPROB + (1 / 20);
MPRINT(EM_ASSESS):   MODELSCORE = LOWERPROB + (1 / 20) / 2;
MPRINT(EM_ASSESS):   RANGE = COMPRESS (PUT (LOWERPROB, 4.2) || "-" || PUT (UPPERPROB, 4.2));
MPRINT(EM_ASSESS):   SCR_NUMEVENTS = SUM ( OF EVENTS61 - EVENTS65 );
MPRINT(EM_ASSESS):   SCR_P_EVENTS = SCR_NUMEVENTS * 100 / _NEVENTS;
MPRINT(EM_ASSESS):   SCR_CP_EVENTS = SUM (SCR_P_EVENTS, SCR_CP_EVENTS);
MPRINT(EM_ASSESS):   SCR_NUMNONEVENTS = SUM ( OF NONEVENTS61 - NONEVENTS65);
MPRINT(EM_ASSESS):   NUMOBSINGROUP = SUM (SCR_NUMEVENTS, SCR_NUMNONEVENTS);
MPRINT(EM_ASSESS):   IF NUMOBSINGROUP > 0 THEN SCR_MNPROB = SUM (OF SCR_MNPROB61 - SCR_MNPROB65) / NUMOBSINGROUP;
MPRINT(EM_ASSESS):   ELSE SCR_MNPROB = .;
MPRINT(EM_ASSESS):   SCR_MINPROB = MIN (OF SCR_MINPROB61 - SCR_MINPROB65) ;
MPRINT(EM_ASSESS):   SCR_MAXPROB = MAX (OF SCR_MAXPROB61 - SCR_MAXPROB65) ;
MPRINT(EM_ASSESS):   IF SCR_MINPROB = 1 THEN SCR_MINPROB = .;
MPRINT(EM_ASSESS):   IF SCR_MAXPROB = 0 THEN SCR_MAXPROB = .;
MPRINT(EM_ASSESS):   SCR_P_NONEVENTS = SCR_NUMNONEVENTS * 100 / _NNONEVENTS;
MPRINT(EM_ASSESS):   SCR_CP_NONEVENTS = SUM (SCR_P_NONEVENTS, SCR_CP_NONEVENTS);
MPRINT(EM_ASSESS):   PERCOBSINGROUP = NUMOBSINGROUP * 100 / 396;
MPRINT(EM_ASSESS):   C_PERCOBSINGROUP = SUM (C_PERCOBSINGROUP, PERCOBSINGROUP);
MPRINT(EM_ASSESS):   CALL SYMPUTX ("SCR_MINPROB" || LEFT (PUT (BIN, 3.)), LOWERPROB);
MPRINT(EM_ASSESS):   CALL SYMPUTX ("SCR_MAXPROB" || LEFT (PUT (BIN, 3.)), UPPERPROB);
MPRINT(EM_ASSESS):   BIN = 20 + 1 - 13;
MPRINT(EM_ASSESS):   OUTPUT WORK._TEMPSCOREDIST;
MPRINT(EM_ASSESS):   BIN = 12 ;
MPRINT(EM_ASSESS):   LOWERPROB = (BIN - 1) / 20;
MPRINT(EM_ASSESS):   UPPERPROB = LOWERPROB + (1 / 20);
MPRINT(EM_ASSESS):   MODELSCORE = LOWERPROB + (1 / 20) / 2;
MPRINT(EM_ASSESS):   RANGE = COMPRESS (PUT (LOWERPROB, 4.2) || "-" || PUT (UPPERPROB, 4.2));
MPRINT(EM_ASSESS):   SCR_NUMEVENTS = SUM ( OF EVENTS56 - EVENTS60 );
MPRINT(EM_ASSESS):   SCR_P_EVENTS = SCR_NUMEVENTS * 100 / _NEVENTS;
MPRINT(EM_ASSESS):   SCR_CP_EVENTS = SUM (SCR_P_EVENTS, SCR_CP_EVENTS);
MPRINT(EM_ASSESS):   SCR_NUMNONEVENTS = SUM ( OF NONEVENTS56 - NONEVENTS60);
MPRINT(EM_ASSESS):   NUMOBSINGROUP = SUM (SCR_NUMEVENTS, SCR_NUMNONEVENTS);
MPRINT(EM_ASSESS):   IF NUMOBSINGROUP > 0 THEN SCR_MNPROB = SUM (OF SCR_MNPROB56 - SCR_MNPROB60) / NUMOBSINGROUP;
MPRINT(EM_ASSESS):   ELSE SCR_MNPROB = .;
MPRINT(EM_ASSESS):   SCR_MINPROB = MIN (OF SCR_MINPROB56 - SCR_MINPROB60) ;
MPRINT(EM_ASSESS):   SCR_MAXPROB = MAX (OF SCR_MAXPROB56 - SCR_MAXPROB60) ;
MPRINT(EM_ASSESS):   IF SCR_MINPROB = 1 THEN SCR_MINPROB = .;
MPRINT(EM_ASSESS):   IF SCR_MAXPROB = 0 THEN SCR_MAXPROB = .;
MPRINT(EM_ASSESS):   SCR_P_NONEVENTS = SCR_NUMNONEVENTS * 100 / _NNONEVENTS;
MPRINT(EM_ASSESS):   SCR_CP_NONEVENTS = SUM (SCR_P_NONEVENTS, SCR_CP_NONEVENTS);
MPRINT(EM_ASSESS):   PERCOBSINGROUP = NUMOBSINGROUP * 100 / 396;
MPRINT(EM_ASSESS):   C_PERCOBSINGROUP = SUM (C_PERCOBSINGROUP, PERCOBSINGROUP);
MPRINT(EM_ASSESS):   CALL SYMPUTX ("SCR_MINPROB" || LEFT (PUT (BIN, 3.)), LOWERPROB);
MPRINT(EM_ASSESS):   CALL SYMPUTX ("SCR_MAXPROB" || LEFT (PUT (BIN, 3.)), UPPERPROB);
MPRINT(EM_ASSESS):   BIN = 20 + 1 - 12;
MPRINT(EM_ASSESS):   OUTPUT WORK._TEMPSCOREDIST;
MPRINT(EM_ASSESS):   BIN = 11 ;
MPRINT(EM_ASSESS):   LOWERPROB = (BIN - 1) / 20;
MPRINT(EM_ASSESS):   UPPERPROB = LOWERPROB + (1 / 20);
MPRINT(EM_ASSESS):   MODELSCORE = LOWERPROB + (1 / 20) / 2;
MPRINT(EM_ASSESS):   RANGE = COMPRESS (PUT (LOWERPROB, 4.2) || "-" || PUT (UPPERPROB, 4.2));
MPRINT(EM_ASSESS):   SCR_NUMEVENTS = SUM ( OF EVENTS51 - EVENTS55 );
MPRINT(EM_ASSESS):   SCR_P_EVENTS = SCR_NUMEVENTS * 100 / _NEVENTS;
MPRINT(EM_ASSESS):   SCR_CP_EVENTS = SUM (SCR_P_EVENTS, SCR_CP_EVENTS);
MPRINT(EM_ASSESS):   SCR_NUMNONEVENTS = SUM ( OF NONEVENTS51 - NONEVENTS55);
MPRINT(EM_ASSESS):   NUMOBSINGROUP = SUM (SCR_NUMEVENTS, SCR_NUMNONEVENTS);
MPRINT(EM_ASSESS):   IF NUMOBSINGROUP > 0 THEN SCR_MNPROB = SUM (OF SCR_MNPROB51 - SCR_MNPROB55) / NUMOBSINGROUP;
MPRINT(EM_ASSESS):   ELSE SCR_MNPROB = .;
MPRINT(EM_ASSESS):   SCR_MINPROB = MIN (OF SCR_MINPROB51 - SCR_MINPROB55) ;
MPRINT(EM_ASSESS):   SCR_MAXPROB = MAX (OF SCR_MAXPROB51 - SCR_MAXPROB55) ;
MPRINT(EM_ASSESS):   IF SCR_MINPROB = 1 THEN SCR_MINPROB = .;
MPRINT(EM_ASSESS):   IF SCR_MAXPROB = 0 THEN SCR_MAXPROB = .;
MPRINT(EM_ASSESS):   SCR_P_NONEVENTS = SCR_NUMNONEVENTS * 100 / _NNONEVENTS;
MPRINT(EM_ASSESS):   SCR_CP_NONEVENTS = SUM (SCR_P_NONEVENTS, SCR_CP_NONEVENTS);
MPRINT(EM_ASSESS):   PERCOBSINGROUP = NUMOBSINGROUP * 100 / 396;
MPRINT(EM_ASSESS):   C_PERCOBSINGROUP = SUM (C_PERCOBSINGROUP, PERCOBSINGROUP);
MPRINT(EM_ASSESS):   CALL SYMPUTX ("SCR_MINPROB" || LEFT (PUT (BIN, 3.)), LOWERPROB);
MPRINT(EM_ASSESS):   CALL SYMPUTX ("SCR_MAXPROB" || LEFT (PUT (BIN, 3.)), UPPERPROB);
MPRINT(EM_ASSESS):   BIN = 20 + 1 - 11;
MPRINT(EM_ASSESS):   OUTPUT WORK._TEMPSCOREDIST;
MPRINT(EM_ASSESS):   BIN = 10 ;
MPRINT(EM_ASSESS):   LOWERPROB = (BIN - 1) / 20;
MPRINT(EM_ASSESS):   UPPERPROB = LOWERPROB + (1 / 20);
MPRINT(EM_ASSESS):   MODELSCORE = LOWERPROB + (1 / 20) / 2;
MPRINT(EM_ASSESS):   RANGE = COMPRESS (PUT (LOWERPROB, 4.2) || "-" || PUT (UPPERPROB, 4.2));
MPRINT(EM_ASSESS):   SCR_NUMEVENTS = SUM ( OF EVENTS46 - EVENTS50 );
MPRINT(EM_ASSESS):   SCR_P_EVENTS = SCR_NUMEVENTS * 100 / _NEVENTS;
MPRINT(EM_ASSESS):   SCR_CP_EVENTS = SUM (SCR_P_EVENTS, SCR_CP_EVENTS);
MPRINT(EM_ASSESS):   SCR_NUMNONEVENTS = SUM ( OF NONEVENTS46 - NONEVENTS50);
MPRINT(EM_ASSESS):   NUMOBSINGROUP = SUM (SCR_NUMEVENTS, SCR_NUMNONEVENTS);
MPRINT(EM_ASSESS):   IF NUMOBSINGROUP > 0 THEN SCR_MNPROB = SUM (OF SCR_MNPROB46 - SCR_MNPROB50) / NUMOBSINGROUP;
MPRINT(EM_ASSESS):   ELSE SCR_MNPROB = .;
MPRINT(EM_ASSESS):   SCR_MINPROB = MIN (OF SCR_MINPROB46 - SCR_MINPROB50) ;
MPRINT(EM_ASSESS):   SCR_MAXPROB = MAX (OF SCR_MAXPROB46 - SCR_MAXPROB50) ;
MPRINT(EM_ASSESS):   IF SCR_MINPROB = 1 THEN SCR_MINPROB = .;
MPRINT(EM_ASSESS):   IF SCR_MAXPROB = 0 THEN SCR_MAXPROB = .;
MPRINT(EM_ASSESS):   SCR_P_NONEVENTS = SCR_NUMNONEVENTS * 100 / _NNONEVENTS;
MPRINT(EM_ASSESS):   SCR_CP_NONEVENTS = SUM (SCR_P_NONEVENTS, SCR_CP_NONEVENTS);
MPRINT(EM_ASSESS):   PERCOBSINGROUP = NUMOBSINGROUP * 100 / 396;
MPRINT(EM_ASSESS):   C_PERCOBSINGROUP = SUM (C_PERCOBSINGROUP, PERCOBSINGROUP);
MPRINT(EM_ASSESS):   CALL SYMPUTX ("SCR_MINPROB" || LEFT (PUT (BIN, 3.)), LOWERPROB);
MPRINT(EM_ASSESS):   CALL SYMPUTX ("SCR_MAXPROB" || LEFT (PUT (BIN, 3.)), UPPERPROB);
MPRINT(EM_ASSESS):   BIN = 20 + 1 - 10;
MPRINT(EM_ASSESS):   OUTPUT WORK._TEMPSCOREDIST;
MPRINT(EM_ASSESS):   BIN = 9 ;
MPRINT(EM_ASSESS):   LOWERPROB = (BIN - 1) / 20;
MPRINT(EM_ASSESS):   UPPERPROB = LOWERPROB + (1 / 20);
MPRINT(EM_ASSESS):   MODELSCORE = LOWERPROB + (1 / 20) / 2;
MPRINT(EM_ASSESS):   RANGE = COMPRESS (PUT (LOWERPROB, 4.2) || "-" || PUT (UPPERPROB, 4.2));
MPRINT(EM_ASSESS):   SCR_NUMEVENTS = SUM ( OF EVENTS41 - EVENTS45 );
MPRINT(EM_ASSESS):   SCR_P_EVENTS = SCR_NUMEVENTS * 100 / _NEVENTS;
MPRINT(EM_ASSESS):   SCR_CP_EVENTS = SUM (SCR_P_EVENTS, SCR_CP_EVENTS);
MPRINT(EM_ASSESS):   SCR_NUMNONEVENTS = SUM ( OF NONEVENTS41 - NONEVENTS45);
MPRINT(EM_ASSESS):   NUMOBSINGROUP = SUM (SCR_NUMEVENTS, SCR_NUMNONEVENTS);
MPRINT(EM_ASSESS):   IF NUMOBSINGROUP > 0 THEN SCR_MNPROB = SUM (OF SCR_MNPROB41 - SCR_MNPROB45) / NUMOBSINGROUP;
MPRINT(EM_ASSESS):   ELSE SCR_MNPROB = .;
MPRINT(EM_ASSESS):   SCR_MINPROB = MIN (OF SCR_MINPROB41 - SCR_MINPROB45) ;
MPRINT(EM_ASSESS):   SCR_MAXPROB = MAX (OF SCR_MAXPROB41 - SCR_MAXPROB45) ;
MPRINT(EM_ASSESS):   IF SCR_MINPROB = 1 THEN SCR_MINPROB = .;
MPRINT(EM_ASSESS):   IF SCR_MAXPROB = 0 THEN SCR_MAXPROB = .;
MPRINT(EM_ASSESS):   SCR_P_NONEVENTS = SCR_NUMNONEVENTS * 100 / _NNONEVENTS;
MPRINT(EM_ASSESS):   SCR_CP_NONEVENTS = SUM (SCR_P_NONEVENTS, SCR_CP_NONEVENTS);
MPRINT(EM_ASSESS):   PERCOBSINGROUP = NUMOBSINGROUP * 100 / 396;
MPRINT(EM_ASSESS):   C_PERCOBSINGROUP = SUM (C_PERCOBSINGROUP, PERCOBSINGROUP);
MPRINT(EM_ASSESS):   CALL SYMPUTX ("SCR_MINPROB" || LEFT (PUT (BIN, 3.)), LOWERPROB);
MPRINT(EM_ASSESS):   CALL SYMPUTX ("SCR_MAXPROB" || LEFT (PUT (BIN, 3.)), UPPERPROB);
MPRINT(EM_ASSESS):   BIN = 20 + 1 - 9;
MPRINT(EM_ASSESS):   OUTPUT WORK._TEMPSCOREDIST;
MPRINT(EM_ASSESS):   BIN = 8 ;
MPRINT(EM_ASSESS):   LOWERPROB = (BIN - 1) / 20;
MPRINT(EM_ASSESS):   UPPERPROB = LOWERPROB + (1 / 20);
MPRINT(EM_ASSESS):   MODELSCORE = LOWERPROB + (1 / 20) / 2;
MPRINT(EM_ASSESS):   RANGE = COMPRESS (PUT (LOWERPROB, 4.2) || "-" || PUT (UPPERPROB, 4.2));
MPRINT(EM_ASSESS):   SCR_NUMEVENTS = SUM ( OF EVENTS36 - EVENTS40 );
MPRINT(EM_ASSESS):   SCR_P_EVENTS = SCR_NUMEVENTS * 100 / _NEVENTS;
MPRINT(EM_ASSESS):   SCR_CP_EVENTS = SUM (SCR_P_EVENTS, SCR_CP_EVENTS);
MPRINT(EM_ASSESS):   SCR_NUMNONEVENTS = SUM ( OF NONEVENTS36 - NONEVENTS40);
MPRINT(EM_ASSESS):   NUMOBSINGROUP = SUM (SCR_NUMEVENTS, SCR_NUMNONEVENTS);
MPRINT(EM_ASSESS):   IF NUMOBSINGROUP > 0 THEN SCR_MNPROB = SUM (OF SCR_MNPROB36 - SCR_MNPROB40) / NUMOBSINGROUP;
MPRINT(EM_ASSESS):   ELSE SCR_MNPROB = .;
MPRINT(EM_ASSESS):   SCR_MINPROB = MIN (OF SCR_MINPROB36 - SCR_MINPROB40) ;
MPRINT(EM_ASSESS):   SCR_MAXPROB = MAX (OF SCR_MAXPROB36 - SCR_MAXPROB40) ;
MPRINT(EM_ASSESS):   IF SCR_MINPROB = 1 THEN SCR_MINPROB = .;
MPRINT(EM_ASSESS):   IF SCR_MAXPROB = 0 THEN SCR_MAXPROB = .;
MPRINT(EM_ASSESS):   SCR_P_NONEVENTS = SCR_NUMNONEVENTS * 100 / _NNONEVENTS;
MPRINT(EM_ASSESS):   SCR_CP_NONEVENTS = SUM (SCR_P_NONEVENTS, SCR_CP_NONEVENTS);
MPRINT(EM_ASSESS):   PERCOBSINGROUP = NUMOBSINGROUP * 100 / 396;
MPRINT(EM_ASSESS):   C_PERCOBSINGROUP = SUM (C_PERCOBSINGROUP, PERCOBSINGROUP);
MPRINT(EM_ASSESS):   CALL SYMPUTX ("SCR_MINPROB" || LEFT (PUT (BIN, 3.)), LOWERPROB);
MPRINT(EM_ASSESS):   CALL SYMPUTX ("SCR_MAXPROB" || LEFT (PUT (BIN, 3.)), UPPERPROB);
MPRINT(EM_ASSESS):   BIN = 20 + 1 - 8;
MPRINT(EM_ASSESS):   OUTPUT WORK._TEMPSCOREDIST;
MPRINT(EM_ASSESS):   BIN = 7 ;
MPRINT(EM_ASSESS):   LOWERPROB = (BIN - 1) / 20;
MPRINT(EM_ASSESS):   UPPERPROB = LOWERPROB + (1 / 20);
MPRINT(EM_ASSESS):   MODELSCORE = LOWERPROB + (1 / 20) / 2;
MPRINT(EM_ASSESS):   RANGE = COMPRESS (PUT (LOWERPROB, 4.2) || "-" || PUT (UPPERPROB, 4.2));
MPRINT(EM_ASSESS):   SCR_NUMEVENTS = SUM ( OF EVENTS31 - EVENTS35 );
MPRINT(EM_ASSESS):   SCR_P_EVENTS = SCR_NUMEVENTS * 100 / _NEVENTS;
MPRINT(EM_ASSESS):   SCR_CP_EVENTS = SUM (SCR_P_EVENTS, SCR_CP_EVENTS);
MPRINT(EM_ASSESS):   SCR_NUMNONEVENTS = SUM ( OF NONEVENTS31 - NONEVENTS35);
MPRINT(EM_ASSESS):   NUMOBSINGROUP = SUM (SCR_NUMEVENTS, SCR_NUMNONEVENTS);
MPRINT(EM_ASSESS):   IF NUMOBSINGROUP > 0 THEN SCR_MNPROB = SUM (OF SCR_MNPROB31 - SCR_MNPROB35) / NUMOBSINGROUP;
MPRINT(EM_ASSESS):   ELSE SCR_MNPROB = .;
MPRINT(EM_ASSESS):   SCR_MINPROB = MIN (OF SCR_MINPROB31 - SCR_MINPROB35) ;
MPRINT(EM_ASSESS):   SCR_MAXPROB = MAX (OF SCR_MAXPROB31 - SCR_MAXPROB35) ;
MPRINT(EM_ASSESS):   IF SCR_MINPROB = 1 THEN SCR_MINPROB = .;
MPRINT(EM_ASSESS):   IF SCR_MAXPROB = 0 THEN SCR_MAXPROB = .;
MPRINT(EM_ASSESS):   SCR_P_NONEVENTS = SCR_NUMNONEVENTS * 100 / _NNONEVENTS;
MPRINT(EM_ASSESS):   SCR_CP_NONEVENTS = SUM (SCR_P_NONEVENTS, SCR_CP_NONEVENTS);
MPRINT(EM_ASSESS):   PERCOBSINGROUP = NUMOBSINGROUP * 100 / 396;
MPRINT(EM_ASSESS):   C_PERCOBSINGROUP = SUM (C_PERCOBSINGROUP, PERCOBSINGROUP);
MPRINT(EM_ASSESS):   CALL SYMPUTX ("SCR_MINPROB" || LEFT (PUT (BIN, 3.)), LOWERPROB);
MPRINT(EM_ASSESS):   CALL SYMPUTX ("SCR_MAXPROB" || LEFT (PUT (BIN, 3.)), UPPERPROB);
MPRINT(EM_ASSESS):   BIN = 20 + 1 - 7;
MPRINT(EM_ASSESS):   OUTPUT WORK._TEMPSCOREDIST;
MPRINT(EM_ASSESS):   BIN = 6 ;
MPRINT(EM_ASSESS):   LOWERPROB = (BIN - 1) / 20;
MPRINT(EM_ASSESS):   UPPERPROB = LOWERPROB + (1 / 20);
MPRINT(EM_ASSESS):   MODELSCORE = LOWERPROB + (1 / 20) / 2;
MPRINT(EM_ASSESS):   RANGE = COMPRESS (PUT (LOWERPROB, 4.2) || "-" || PUT (UPPERPROB, 4.2));
MPRINT(EM_ASSESS):   SCR_NUMEVENTS = SUM ( OF EVENTS26 - EVENTS30 );
MPRINT(EM_ASSESS):   SCR_P_EVENTS = SCR_NUMEVENTS * 100 / _NEVENTS;
MPRINT(EM_ASSESS):   SCR_CP_EVENTS = SUM (SCR_P_EVENTS, SCR_CP_EVENTS);
MPRINT(EM_ASSESS):   SCR_NUMNONEVENTS = SUM ( OF NONEVENTS26 - NONEVENTS30);
MPRINT(EM_ASSESS):   NUMOBSINGROUP = SUM (SCR_NUMEVENTS, SCR_NUMNONEVENTS);
MPRINT(EM_ASSESS):   IF NUMOBSINGROUP > 0 THEN SCR_MNPROB = SUM (OF SCR_MNPROB26 - SCR_MNPROB30) / NUMOBSINGROUP;
MPRINT(EM_ASSESS):   ELSE SCR_MNPROB = .;
MPRINT(EM_ASSESS):   SCR_MINPROB = MIN (OF SCR_MINPROB26 - SCR_MINPROB30) ;
MPRINT(EM_ASSESS):   SCR_MAXPROB = MAX (OF SCR_MAXPROB26 - SCR_MAXPROB30) ;
MPRINT(EM_ASSESS):   IF SCR_MINPROB = 1 THEN SCR_MINPROB = .;
MPRINT(EM_ASSESS):   IF SCR_MAXPROB = 0 THEN SCR_MAXPROB = .;
MPRINT(EM_ASSESS):   SCR_P_NONEVENTS = SCR_NUMNONEVENTS * 100 / _NNONEVENTS;
MPRINT(EM_ASSESS):   SCR_CP_NONEVENTS = SUM (SCR_P_NONEVENTS, SCR_CP_NONEVENTS);
MPRINT(EM_ASSESS):   PERCOBSINGROUP = NUMOBSINGROUP * 100 / 396;
MPRINT(EM_ASSESS):   C_PERCOBSINGROUP = SUM (C_PERCOBSINGROUP, PERCOBSINGROUP);
MPRINT(EM_ASSESS):   CALL SYMPUTX ("SCR_MINPROB" || LEFT (PUT (BIN, 3.)), LOWERPROB);
MPRINT(EM_ASSESS):   CALL SYMPUTX ("SCR_MAXPROB" || LEFT (PUT (BIN, 3.)), UPPERPROB);
MPRINT(EM_ASSESS):   BIN = 20 + 1 - 6;
MPRINT(EM_ASSESS):   OUTPUT WORK._TEMPSCOREDIST;
MPRINT(EM_ASSESS):   BIN = 5 ;
MPRINT(EM_ASSESS):   LOWERPROB = (BIN - 1) / 20;
MPRINT(EM_ASSESS):   UPPERPROB = LOWERPROB + (1 / 20);
MPRINT(EM_ASSESS):   MODELSCORE = LOWERPROB + (1 / 20) / 2;
MPRINT(EM_ASSESS):   RANGE = COMPRESS (PUT (LOWERPROB, 4.2) || "-" || PUT (UPPERPROB, 4.2));
MPRINT(EM_ASSESS):   SCR_NUMEVENTS = SUM ( OF EVENTS21 - EVENTS25 );
MPRINT(EM_ASSESS):   SCR_P_EVENTS = SCR_NUMEVENTS * 100 / _NEVENTS;
MPRINT(EM_ASSESS):   SCR_CP_EVENTS = SUM (SCR_P_EVENTS, SCR_CP_EVENTS);
MPRINT(EM_ASSESS):   SCR_NUMNONEVENTS = SUM ( OF NONEVENTS21 - NONEVENTS25);
MPRINT(EM_ASSESS):   NUMOBSINGROUP = SUM (SCR_NUMEVENTS, SCR_NUMNONEVENTS);
MPRINT(EM_ASSESS):   IF NUMOBSINGROUP > 0 THEN SCR_MNPROB = SUM (OF SCR_MNPROB21 - SCR_MNPROB25) / NUMOBSINGROUP;
MPRINT(EM_ASSESS):   ELSE SCR_MNPROB = .;
MPRINT(EM_ASSESS):   SCR_MINPROB = MIN (OF SCR_MINPROB21 - SCR_MINPROB25) ;
MPRINT(EM_ASSESS):   SCR_MAXPROB = MAX (OF SCR_MAXPROB21 - SCR_MAXPROB25) ;
MPRINT(EM_ASSESS):   IF SCR_MINPROB = 1 THEN SCR_MINPROB = .;
MPRINT(EM_ASSESS):   IF SCR_MAXPROB = 0 THEN SCR_MAXPROB = .;
MPRINT(EM_ASSESS):   SCR_P_NONEVENTS = SCR_NUMNONEVENTS * 100 / _NNONEVENTS;
MPRINT(EM_ASSESS):   SCR_CP_NONEVENTS = SUM (SCR_P_NONEVENTS, SCR_CP_NONEVENTS);
MPRINT(EM_ASSESS):   PERCOBSINGROUP = NUMOBSINGROUP * 100 / 396;
MPRINT(EM_ASSESS):   C_PERCOBSINGROUP = SUM (C_PERCOBSINGROUP, PERCOBSINGROUP);
MPRINT(EM_ASSESS):   CALL SYMPUTX ("SCR_MINPROB" || LEFT (PUT (BIN, 3.)), LOWERPROB);
MPRINT(EM_ASSESS):   CALL SYMPUTX ("SCR_MAXPROB" || LEFT (PUT (BIN, 3.)), UPPERPROB);
MPRINT(EM_ASSESS):   BIN = 20 + 1 - 5;
MPRINT(EM_ASSESS):   OUTPUT WORK._TEMPSCOREDIST;
MPRINT(EM_ASSESS):   BIN = 4 ;
MPRINT(EM_ASSESS):   LOWERPROB = (BIN - 1) / 20;
MPRINT(EM_ASSESS):   UPPERPROB = LOWERPROB + (1 / 20);
MPRINT(EM_ASSESS):   MODELSCORE = LOWERPROB + (1 / 20) / 2;
MPRINT(EM_ASSESS):   RANGE = COMPRESS (PUT (LOWERPROB, 4.2) || "-" || PUT (UPPERPROB, 4.2));
MPRINT(EM_ASSESS):   SCR_NUMEVENTS = SUM ( OF EVENTS16 - EVENTS20 );
MPRINT(EM_ASSESS):   SCR_P_EVENTS = SCR_NUMEVENTS * 100 / _NEVENTS;
MPRINT(EM_ASSESS):   SCR_CP_EVENTS = SUM (SCR_P_EVENTS, SCR_CP_EVENTS);
MPRINT(EM_ASSESS):   SCR_NUMNONEVENTS = SUM ( OF NONEVENTS16 - NONEVENTS20);
MPRINT(EM_ASSESS):   NUMOBSINGROUP = SUM (SCR_NUMEVENTS, SCR_NUMNONEVENTS);
MPRINT(EM_ASSESS):   IF NUMOBSINGROUP > 0 THEN SCR_MNPROB = SUM (OF SCR_MNPROB16 - SCR_MNPROB20) / NUMOBSINGROUP;
MPRINT(EM_ASSESS):   ELSE SCR_MNPROB = .;
MPRINT(EM_ASSESS):   SCR_MINPROB = MIN (OF SCR_MINPROB16 - SCR_MINPROB20) ;
MPRINT(EM_ASSESS):   SCR_MAXPROB = MAX (OF SCR_MAXPROB16 - SCR_MAXPROB20) ;
MPRINT(EM_ASSESS):   IF SCR_MINPROB = 1 THEN SCR_MINPROB = .;
MPRINT(EM_ASSESS):   IF SCR_MAXPROB = 0 THEN SCR_MAXPROB = .;
MPRINT(EM_ASSESS):   SCR_P_NONEVENTS = SCR_NUMNONEVENTS * 100 / _NNONEVENTS;
MPRINT(EM_ASSESS):   SCR_CP_NONEVENTS = SUM (SCR_P_NONEVENTS, SCR_CP_NONEVENTS);
MPRINT(EM_ASSESS):   PERCOBSINGROUP = NUMOBSINGROUP * 100 / 396;
MPRINT(EM_ASSESS):   C_PERCOBSINGROUP = SUM (C_PERCOBSINGROUP, PERCOBSINGROUP);
MPRINT(EM_ASSESS):   CALL SYMPUTX ("SCR_MINPROB" || LEFT (PUT (BIN, 3.)), LOWERPROB);
MPRINT(EM_ASSESS):   CALL SYMPUTX ("SCR_MAXPROB" || LEFT (PUT (BIN, 3.)), UPPERPROB);
MPRINT(EM_ASSESS):   BIN = 20 + 1 - 4;
MPRINT(EM_ASSESS):   OUTPUT WORK._TEMPSCOREDIST;
MPRINT(EM_ASSESS):   BIN = 3 ;
MPRINT(EM_ASSESS):   LOWERPROB = (BIN - 1) / 20;
MPRINT(EM_ASSESS):   UPPERPROB = LOWERPROB + (1 / 20);
MPRINT(EM_ASSESS):   MODELSCORE = LOWERPROB + (1 / 20) / 2;
MPRINT(EM_ASSESS):   RANGE = COMPRESS (PUT (LOWERPROB, 4.2) || "-" || PUT (UPPERPROB, 4.2));
MPRINT(EM_ASSESS):   SCR_NUMEVENTS = SUM ( OF EVENTS11 - EVENTS15 );
MPRINT(EM_ASSESS):   SCR_P_EVENTS = SCR_NUMEVENTS * 100 / _NEVENTS;
MPRINT(EM_ASSESS):   SCR_CP_EVENTS = SUM (SCR_P_EVENTS, SCR_CP_EVENTS);
MPRINT(EM_ASSESS):   SCR_NUMNONEVENTS = SUM ( OF NONEVENTS11 - NONEVENTS15);
MPRINT(EM_ASSESS):   NUMOBSINGROUP = SUM (SCR_NUMEVENTS, SCR_NUMNONEVENTS);
MPRINT(EM_ASSESS):   IF NUMOBSINGROUP > 0 THEN SCR_MNPROB = SUM (OF SCR_MNPROB11 - SCR_MNPROB15) / NUMOBSINGROUP;
MPRINT(EM_ASSESS):   ELSE SCR_MNPROB = .;
MPRINT(EM_ASSESS):   SCR_MINPROB = MIN (OF SCR_MINPROB11 - SCR_MINPROB15) ;
MPRINT(EM_ASSESS):   SCR_MAXPROB = MAX (OF SCR_MAXPROB11 - SCR_MAXPROB15) ;
MPRINT(EM_ASSESS):   IF SCR_MINPROB = 1 THEN SCR_MINPROB = .;
MPRINT(EM_ASSESS):   IF SCR_MAXPROB = 0 THEN SCR_MAXPROB = .;
MPRINT(EM_ASSESS):   SCR_P_NONEVENTS = SCR_NUMNONEVENTS * 100 / _NNONEVENTS;
MPRINT(EM_ASSESS):   SCR_CP_NONEVENTS = SUM (SCR_P_NONEVENTS, SCR_CP_NONEVENTS);
MPRINT(EM_ASSESS):   PERCOBSINGROUP = NUMOBSINGROUP * 100 / 396;
MPRINT(EM_ASSESS):   C_PERCOBSINGROUP = SUM (C_PERCOBSINGROUP, PERCOBSINGROUP);
MPRINT(EM_ASSESS):   CALL SYMPUTX ("SCR_MINPROB" || LEFT (PUT (BIN, 3.)), LOWERPROB);
MPRINT(EM_ASSESS):   CALL SYMPUTX ("SCR_MAXPROB" || LEFT (PUT (BIN, 3.)), UPPERPROB);
MPRINT(EM_ASSESS):   BIN = 20 + 1 - 3;
MPRINT(EM_ASSESS):   OUTPUT WORK._TEMPSCOREDIST;
MPRINT(EM_ASSESS):   BIN = 2 ;
MPRINT(EM_ASSESS):   LOWERPROB = (BIN - 1) / 20;
MPRINT(EM_ASSESS):   UPPERPROB = LOWERPROB + (1 / 20);
MPRINT(EM_ASSESS):   MODELSCORE = LOWERPROB + (1 / 20) / 2;
MPRINT(EM_ASSESS):   RANGE = COMPRESS (PUT (LOWERPROB, 4.2) || "-" || PUT (UPPERPROB, 4.2));
MPRINT(EM_ASSESS):   SCR_NUMEVENTS = SUM ( OF EVENTS6 - EVENTS10 );
MPRINT(EM_ASSESS):   SCR_P_EVENTS = SCR_NUMEVENTS * 100 / _NEVENTS;
MPRINT(EM_ASSESS):   SCR_CP_EVENTS = SUM (SCR_P_EVENTS, SCR_CP_EVENTS);
MPRINT(EM_ASSESS):   SCR_NUMNONEVENTS = SUM ( OF NONEVENTS6 - NONEVENTS10);
MPRINT(EM_ASSESS):   NUMOBSINGROUP = SUM (SCR_NUMEVENTS, SCR_NUMNONEVENTS);
MPRINT(EM_ASSESS):   IF NUMOBSINGROUP > 0 THEN SCR_MNPROB = SUM (OF SCR_MNPROB6 - SCR_MNPROB10) / NUMOBSINGROUP;
MPRINT(EM_ASSESS):   ELSE SCR_MNPROB = .;
MPRINT(EM_ASSESS):   SCR_MINPROB = MIN (OF SCR_MINPROB6 - SCR_MINPROB10) ;
MPRINT(EM_ASSESS):   SCR_MAXPROB = MAX (OF SCR_MAXPROB6 - SCR_MAXPROB10) ;
MPRINT(EM_ASSESS):   IF SCR_MINPROB = 1 THEN SCR_MINPROB = .;
MPRINT(EM_ASSESS):   IF SCR_MAXPROB = 0 THEN SCR_MAXPROB = .;
MPRINT(EM_ASSESS):   SCR_P_NONEVENTS = SCR_NUMNONEVENTS * 100 / _NNONEVENTS;
MPRINT(EM_ASSESS):   SCR_CP_NONEVENTS = SUM (SCR_P_NONEVENTS, SCR_CP_NONEVENTS);
MPRINT(EM_ASSESS):   PERCOBSINGROUP = NUMOBSINGROUP * 100 / 396;
MPRINT(EM_ASSESS):   C_PERCOBSINGROUP = SUM (C_PERCOBSINGROUP, PERCOBSINGROUP);
MPRINT(EM_ASSESS):   CALL SYMPUTX ("SCR_MINPROB" || LEFT (PUT (BIN, 3.)), LOWERPROB);
MPRINT(EM_ASSESS):   CALL SYMPUTX ("SCR_MAXPROB" || LEFT (PUT (BIN, 3.)), UPPERPROB);
MPRINT(EM_ASSESS):   BIN = 20 + 1 - 2;
MPRINT(EM_ASSESS):   OUTPUT WORK._TEMPSCOREDIST;
MPRINT(EM_ASSESS):   BIN = 1 ;
MPRINT(EM_ASSESS):   LOWERPROB = (BIN - 1) / 20;
MPRINT(EM_ASSESS):   UPPERPROB = LOWERPROB + (1 / 20);
MPRINT(EM_ASSESS):   MODELSCORE = LOWERPROB + (1 / 20) / 2;
MPRINT(EM_ASSESS):   RANGE = COMPRESS (PUT (LOWERPROB, 4.2) || "-" || PUT (UPPERPROB, 4.2));
MPRINT(EM_ASSESS):   SCR_NUMEVENTS = SUM ( OF EVENTS1 - EVENTS5 );
MPRINT(EM_ASSESS):   SCR_P_EVENTS = SCR_NUMEVENTS * 100 / _NEVENTS;
MPRINT(EM_ASSESS):   SCR_CP_EVENTS = SUM (SCR_P_EVENTS, SCR_CP_EVENTS);
MPRINT(EM_ASSESS):   SCR_NUMNONEVENTS = SUM ( OF NONEVENTS1 - NONEVENTS5);
MPRINT(EM_ASSESS):   NUMOBSINGROUP = SUM (SCR_NUMEVENTS, SCR_NUMNONEVENTS);
MPRINT(EM_ASSESS):   IF NUMOBSINGROUP > 0 THEN SCR_MNPROB = SUM (OF SCR_MNPROB1 - SCR_MNPROB5) / NUMOBSINGROUP;
MPRINT(EM_ASSESS):   ELSE SCR_MNPROB = .;
MPRINT(EM_ASSESS):   SCR_MINPROB = MIN (OF SCR_MINPROB1 - SCR_MINPROB5) ;
MPRINT(EM_ASSESS):   SCR_MAXPROB = MAX (OF SCR_MAXPROB1 - SCR_MAXPROB5) ;
MPRINT(EM_ASSESS):   IF SCR_MINPROB = 1 THEN SCR_MINPROB = .;
MPRINT(EM_ASSESS):   IF SCR_MAXPROB = 0 THEN SCR_MAXPROB = .;
MPRINT(EM_ASSESS):   SCR_P_NONEVENTS = SCR_NUMNONEVENTS * 100 / _NNONEVENTS;
MPRINT(EM_ASSESS):   SCR_CP_NONEVENTS = SUM (SCR_P_NONEVENTS, SCR_CP_NONEVENTS);
MPRINT(EM_ASSESS):   PERCOBSINGROUP = NUMOBSINGROUP * 100 / 396;
MPRINT(EM_ASSESS):   C_PERCOBSINGROUP = SUM (C_PERCOBSINGROUP, PERCOBSINGROUP);
MPRINT(EM_ASSESS):   CALL SYMPUTX ("SCR_MINPROB" || LEFT (PUT (BIN, 3.)), LOWERPROB);
MPRINT(EM_ASSESS):   CALL SYMPUTX ("SCR_MAXPROB" || LEFT (PUT (BIN, 3.)), UPPERPROB);
MPRINT(EM_ASSESS):   BIN = 20 + 1 - 1;
MPRINT(EM_ASSESS):   OUTPUT WORK._TEMPSCOREDIST;
MPRINT(EM_ASSESS):   CALL SYMPUTX ("KSPROB" , PUT (KSPROB, 5.3 ) );
MPRINT(EM_ASSESS):   CALL SYMPUTX ("_KS_BIN_PROB" , _KS_BIN_PROB );
MPRINT(EM_ASSESS):   CALL SYMPUTX ("_KS_BIN_" , _KS_BIN_ / 100 );
MPRINT(EM_ASSESS):   CALL SYMPUTX ("KSDIFF" , KS_ABSDIFF );
MPRINT(EM_ASSESS):   CALL SYMPUTX ("PRECTPR" , PRECTPR );
MPRINT(EM_ASSESS):   CALL SYMPUTX ("MAXMUTUALPROB" , MAXMUTUALPROB);
MPRINT(EM_ASSESS):   END;
MPRINT(EM_ASSESS):   LABEL __EVENT__ = "Event" DECILE = "Depth" BIN = "Bin" NUMOBS = "Number of Observations" ;
MPRINT(EM_ASSESS):   RUN;
MPRINT(EM_ASSESS):   *;
MPRINT(EM_ASSESS):   * RUN for large data set;
MPRINT(EM_ASSESS):   *;
MPRINT(EM_ASSESS):   PROC DATASETS NOLIST;
MPRINT(EM_ASSESS):   DELETE _AUXEVENTNAME;
MPRINT(EM_ASSESS):   QUIT;

MPRINT(EM_ASSESS):   *;
MPRINT(EM_ASSESS):   * Report Vars Area.;
MPRINT(EM_ASSESS):   *;
MPRINT(EM_ASSESS):   *;
MPRINT(EM_ASSESS):   * ...........Start OF Outdist Modification;
MPRINT(EM_ASSESS):   *;

MPRINT(EM_ASSESS):   PROC DATASETS NOLIST LIB = WORK;
MPRINT(EM_ASSESS):   MODIFY _TEMPSCOREDIST;
MPRINT(EM_ASSESS):   RENAME MODELSCORE = SCORE UPPERPROB = UPPOSTERIOR SCR_CP_EVENTS = CUMULATIVEPERCENTAGEOFEVENTS SCR_CP_NONEVENTS = CUMULATIVEPERCENTAGEOFNONEVENTS EVENTVALUE = EVENT LOWERPROB = LOWPOSTERIOR NUMOBSINGROUP = N PERCOBSINGROUP = 
PERCENTAGE SCR_MINPROB = _MINP_ SCR_MAXPROB = _MAXP_ SCR_MNPROB = _MEANP_ RANGE = P_LABEL C_PERCOBSINGROUP = CUMULATIVEPERCENTAGE SCR_NUMEVENTS = NUMBEROFEVENTS SCR_NUMNONEVENTS = NUMBEROFNONEVENTS SCR_P_EVENTS = PERCENTAGEOFEVENTS SCR_P_NONEVENTS = 
PERCENTAGEOFNONEVENTS ;
MPRINT(EM_ASSESS):   *;
MPRINT(EM_ASSESS):   * .................... OUTDIST MODIFICATION LABEL AREA;
MPRINT(EM_ASSESS):   *;
MPRINT(EM_ASSESS):   LABEL BIN = "Bin" N = "Number of Observations" P_LABEL = "Posterior Probability Range" EVENT = "Event" LOWPOSTERIOR = "Lower Bound Posterior Probability" PERCENTAGEOFEVENTS = "Percentage of Events" CUMULATIVEPERCENTAGEOFNONEVENTS = 
"Cumulative Percentage of Nonevents" CUMULATIVEPERCENTAGE = "Cumulative Percentage" PERCENTAGEOFEVENTS = "Percentage of Events" PERCENTAGEOFNONEVENTS = "Percentage of Nonevents" CUMULATIVEPERCENTAGEOFEVENTS = "Cumulative Percentage of Events" UPPOSTERIOR 
= "Upper Bound Posterior Probability" NUMBEROFEVENTS = "Number of Events" PERCENTAGE = "Percentage" NUMBEROFNONEVENTS = "Number of Nonevents" _MEANP_ = "Mean Posterior Probability" _MINP_ = "Min Posterior Probability" _MAXP_ = "Max Posterior Probability" 
SCORE = "Model Score" ;
MPRINT(EM_ASSESS):   RUN;
MPRINT(EM_ASSESS):   QUIT;
MPRINT(EM_ASSESS):   DATA WORK._TEMPSCOREDIST;
MPRINT(EM_ASSESS):   SET WORK._TEMPSCOREDIST (WHERE = (_MEANP_ > .));
MPRINT(EM_ASSESS):   RUN;
MPRINT(EM_ASSESS):   *;
MPRINT(EM_ASSESS):   * ........... END OF OUTDIST MODIFICATION;
MPRINT(EM_ASSESS):   *;
MPRINT(EM_ASSESS):   *;
MPRINT(EM_ASSESS):   * ...........Start of OUTRANKS Modification;
MPRINT(EM_ASSESS):   *;

MPRINT(EM_ASSESS):   PROC DATASETS NOLIST LIB = WORK;
MPRINT(EM_ASSESS):   MODIFY _TEMPRANK;
MPRINT(EM_ASSESS):   RENAME __EVENT__ = EVENT P_RESP = RESP C_P_CAPT_RESP = CAPC P_CAPT_RESP = CAP NUMNONRESP = NUMNEVENT NUMRESP = NUMEVENT BASEEVENTS = BASENUMBEROFEVENTS BESTNUMEVENTS = BESTNUMBEROFEVENTS MAXPROB = _MAXP_ MINPROB = _MINP_ CBASELIFT = 
BASELIFTC C_LIFT = LIFTC MNPROB = _MEANP_ PERCENTILE = DECILE NUMOBS = N NUMEVENT = NUMBEROFEVENTS C_P_RESP = RESPC ;
MPRINT(EM_ASSESS):   *;
MPRINT(EM_ASSESS):   * ................. OUTRANKS;
MPRINT(EM_ASSESS):   *;
MPRINT(EM_ASSESS):   LABEL _MAXP_ = "Max Posterior Probability" _MINP_ = "Min Posterior Probability" _MEANP_ = "Mean Posterior Probability" BASECAP = "Baseline % Captured Response" BASECAPC = "Baseline Cumulative % Captured Response" BASENUMBEROFEVENTS = 
"Baseline Number of Events" BASEGAIN = "Baseline Gain" BASELIFT = "Baseline Lift" BASELIFTC = "Baseline Cumulative Lift" BASERESP = "Baseline % Response" BASERESPC = "Baseline Cumulative % Response" BASELIFTC = "Baseline Cumulative Lift" BESTCAP = "Best % 
Captured Response" BESTCAPC = "Best Cumulative % Captured Response" BESTGAIN = "Best Gain" BESTRESP = "Best % Response" BESTRESPC = "Best Cumulative % Response" BESTLIFT = "Best Lift" BESTLIFTC = "Best Cumulative Lift" BESTNUMBEROFEVENTS = "Best Number of 
Events" CAP = "% Captured Response" CAPC = "Cumulative % Captured Response" DECILE = "Depth" GAIN = "Gain" LIFT = "Lift" LIFTC = "Cumulative Lift" NUMNEVENT = "Number of Nonevents" N = "Number of Observations" EVENT = "Event" RESPC = "Cumulative % 
Response" NUMBEROFEVENTS = "Number of Events" RESP = "% Response" ;
MPRINT(EM_ASSESS):   RUN;
MPRINT(EM_ASSESS):   QUIT;
MPRINT(EM_ASSESS):   DATA WORK._TEMPRANK;
MPRINT(EM_ASSESS):   SET WORK._TEMPRANK (WHERE = (_MEANP_ > .));
MPRINT(EM_ASSESS):   RUN;
MPRINT(EM_ASSESS):   proc datasets lib=work nolist;
MPRINT(EM_ASSESS):   delete _ea_tmpdata;
MPRINT(EM_ASSESS):   run;
MPRINT(EM_ASSESS):   quit;
MPRINT(EM_ASSESS):  ;
MPRINT(EM_ASSESS):   OPTION ERRORS = 20;
MPRINT(EM_DIAGRAM):  ;
MPRINT(EM_DIAGRAM):    data WORK._TEMPRANK;
MPRINT(EM_DIAGRAM):   length target $32 TARGETLABEL $200 dataRole $20;
MPRINT(EM_DIAGRAM):   label TARGETLABEL = "Target Label";
MPRINT(EM_DIAGRAM):   set WORK._TEMPRANK;
MPRINT(EM_DIAGRAM):   retain target "diagnosis";
MPRINT(EM_DIAGRAM):   retain dataRole "TRAIN";
MPRINT(EM_DIAGRAM):   run;
MPRINT(EM_DIAGRAM):   data EMWS1.Tree7_EMRANK;
MPRINT(EM_DIAGRAM):   set WORK._TEMPRANK;
MPRINT(EM_DIAGRAM):   run;
MPRINT(EM_DIAGRAM):    data WORK._TEMPSCOREDIST;
MPRINT(EM_DIAGRAM):   length target $32 TARGETLABEL $200 dataRole $20;
MPRINT(EM_DIAGRAM):   label TARGETLABEL = "Target Label";
MPRINT(EM_DIAGRAM):   set WORK._TEMPSCOREDIST;
MPRINT(EM_DIAGRAM):   retain target "diagnosis";
MPRINT(EM_DIAGRAM):   retain dataRole "TRAIN";
MPRINT(EM_DIAGRAM):   run;
MPRINT(EM_DIAGRAM):   data EMWS1.Tree7_EMSCOREDIST;
MPRINT(EM_DIAGRAM):   set WORK._TEMPSCOREDIST;
MPRINT(EM_DIAGRAM):   run;
57199      data EM_temp_assessMeta;
MPRINT(EM_DIAGRAM):    data EM_temp_assessMeta;
57200      set EMWS1.Tree7_CMeta_TRAIN;
MPRINT(EM_DIAGRAM):   set EMWS1.Tree7_CMeta_TRAIN;
57201      where role in('DECISION', 'PREDICT', 'RESIDUAL', 'CLASSIFICATION', 'ASSESS', 'COST');
MPRINT(EM_DIAGRAM):   where role in('DECISION', 'PREDICT', 'RESIDUAL', 'CLASSIFICATION', 'ASSESS', 'COST');
57202      run;
MPRINT(EM_DIAGRAM):   run;

NOTE: There were 12 observations read from the data set EMWS1.TREE7_CMETA_TRAIN.
      WHERE role in ('ASSESS', 'CLASSIFICATION', 'COST', 'DECISION', 'PREDICT', 'RESIDUAL');
NOTE: The data set WORK.EM_TEMP_ASSESSMETA has 12 observations and 21 variables.
NOTE: DATA statement used (Total process time):
      real time           0.01 seconds
      cpu time            0.01 seconds
      

57203      data EM_temp_assessdata;
MPRINT(EM_DIAGRAM):    data EM_temp_assessdata;
57204      set EMWS1.Tree7_VALIDATE(keep=
57205      F_diagnosis
57206      I_diagnosis
57207      P_diagnosisB
57208      P_diagnosisM
57209      Q_diagnosisB
57210      Q_diagnosisM
57211      R_diagnosisB
57212      R_diagnosisM
57213      U_diagnosis
57214      V_diagnosisB
57215      V_diagnosisM
57216      _WARN_
57217      diagnosis
57218      );
MPRINT(EM_DIAGRAM):   set EMWS1.Tree7_VALIDATE(keep= F_diagnosis I_diagnosis P_diagnosisB P_diagnosisM Q_diagnosisB Q_diagnosisM R_diagnosisB R_diagnosisM U_diagnosis V_diagnosisB V_diagnosisM _WARN_ diagnosis );
57219      run;
MPRINT(EM_DIAGRAM):   run;

NOTE: Variable _WARN_ is uninitialized.
NOTE: View EMWS1.TREE7_VALIDATE.VIEW used (Total process time):
      real time           0.05 seconds
      cpu time            0.04 seconds
      
NOTE: There were 173 observations read from the data set EMWS1.PART2_VALIDATE.
NOTE: There were 173 observations read from the data set EMWS1.TREE7_VALIDATE.
NOTE: The data set WORK.EM_TEMP_ASSESSDATA has 173 observations and 13 variables.
NOTE: DATA statement used (Total process time):
      real time           0.06 seconds
      cpu time            0.07 seconds
      

MPRINT(EM_DIAGRAM):    proc freq data=EM_temp_assessdata noprint;
MPRINT(EM_DIAGRAM):   table I_diagnosis*F_diagnosis / out = WORK.Tree7_2QDD75N nocol norow outpct;
MPRINT(EM_DIAGRAM):   run;
MPRINT(EM_DIAGRAM):    data WORK.Tree7_2QDD75N;
MPRINT(EM_DIAGRAM):   length _TYPE_ $10 DATAROLE TARGET $32 TARGETLABEL $200 FROM INTO $32 CORRECTTEXT $40 ;
MPRINT(EM_DIAGRAM):   label _TYPE_ = "Outcome Type";
MPRINT(EM_DIAGRAM):   label DATAROLE = "Data Role";
MPRINT(EM_DIAGRAM):   label TARGET = "Target Variable";
MPRINT(EM_DIAGRAM):   label TARGETLABEL = "Target Label";
MPRINT(EM_DIAGRAM):   label FROM = "Target";
MPRINT(EM_DIAGRAM):   label INTO = "Outcome";
MPRINT(EM_DIAGRAM):   label PCT_ROW = "Target Percentage";
MPRINT(EM_DIAGRAM):   label PCT_COL = "Outcome Percentage";
MPRINT(EM_DIAGRAM):   label COUNT = "Frequency Count";
MPRINT(EM_DIAGRAM):   label PERCENT = "Total Percentage";
MPRINT(EM_DIAGRAM):   label CORRECTTEXT = "Correct Text";
MPRINT(EM_DIAGRAM):   label CORRECT = "Correct";
MPRINT(EM_DIAGRAM):   set WORK.Tree7_2QDD75N(rename=(F_diagnosis=FROM I_diagnosis=INTO));
MPRINT(EM_DIAGRAM):   retain _TYPE_ 'PREDICTION' DATAROLE "VALIDATE" TARGET "diagnosis";
MPRINT(EM_DIAGRAM):   if FROM eq INTO then do;
MPRINT(EM_DIAGRAM):   CORRECT = 0;
MPRINT(EM_DIAGRAM):   CORRECTTEXT="Correct";
MPRINT(EM_DIAGRAM):   end;
MPRINT(EM_DIAGRAM):   else do;
MPRINT(EM_DIAGRAM):   CORRECT = 1;
MPRINT(EM_DIAGRAM):   CORRECTTEXT="Incorrect";
MPRINT(EM_DIAGRAM):   end;
MPRINT(EM_DIAGRAM):   run;
MPRINT(EM_DIAGRAM):    data EMWS1.Tree7_EMCLASSIFICATION;
MPRINT(EM_DIAGRAM):   set EMWS1.Tree7_EMCLASSIFICATION WORK.Tree7_2QDD75N;
MPRINT(EM_DIAGRAM):   run;
MPRINT(EM_DIAGRAM):    data WORK.MISCREPORT;
MPRINT(EM_DIAGRAM):   set WORK.Tree7_2QDD75N;
MPRINT(EM_DIAGRAM):   run;
MPRINT(EM_DIAGRAM):    data WORK.MISCREPORT(drop=INTO FROM _TYPE_);
MPRINT(EM_DIAGRAM):   set WORK.MISCREPORT;
MPRINT(EM_DIAGRAM):   length MISC $12;
MPRINT(EM_DIAGRAM):   if FROM='M' and INTO='M' then MISC='TRUEEVENT';
MPRINT(EM_DIAGRAM):   else if FROM='M' and INTO ne 'M' then MISC='FALSENEVENT';
MPRINT(EM_DIAGRAM):   else if FROM ne 'M' and INTO='M' then MISC='FALSEEVENT';
MPRINT(EM_DIAGRAM):   else if FROM ne'M' and INTO ne 'M' then MISC='TRUENEVENT';
MPRINT(EM_DIAGRAM):   run;
MPRINT(EM_DIAGRAM):   proc sort data=WORK.MISCREPORT nothreads;
MPRINT(EM_DIAGRAM):   by DATAROLE TARGET;
MPRINT(EM_DIAGRAM):   run;
MPRINT(EM_DIAGRAM):   proc summary data=WORK.MISCREPORT NWAY;
MPRINT(EM_DIAGRAM):   output out=WORK.MISCCOUNT(drop=_FREQ_ _TYPE_) SUM=COUNT;
MPRINT(EM_DIAGRAM):   CLASS MISC;
MPRINT(EM_DIAGRAM):   VAR COUNT;
MPRINT(EM_DIAGRAM):   by DATAROLE TARGET;
MPRINT(EM_DIAGRAM):   run;
MPRINT(EM_DIAGRAM):   proc transpose data=WORK.MISCCOUNT out=WORK.MISCREPORT(drop=_NAME_ _LABEL_);
MPRINT(EM_DIAGRAM):   by DATAROLE TARGET;
MPRINT(EM_DIAGRAM):   ID MISC;
MPRINT(EM_DIAGRAM):   run;
MPRINT(EM_DIAGRAM):    data EMWS1.Tree7_EMEVENTREPORT;
MPRINT(EM_DIAGRAM):   length TARGETLABEL $200;
MPRINT(EM_DIAGRAM):   label TARGETLABEL = "Target Label";
MPRINT(EM_DIAGRAM):   set EMWS1.Tree7_EMEVENTREPORT WORK.MISCREPORT;
MPRINT(EM_DIAGRAM):   run;
MPRINT(EM_DIAGRAM):    data ASSESS_REPORTMETA;
MPRINT(EM_DIAGRAM):   set EMWS1.Tree7_VariableSet;
MPRINT(EM_DIAGRAM):   where REPORT='Y';
MPRINT(EM_DIAGRAM):   run;
MPRINT(EM_DIAGRAM):   filename temp catalog 'sashelp.emassmt.em_assess.source';
MPRINT(EM_DIAGRAM):   filename temp;
MPRINT(EM_DIAGRAM):    data _null_;
MPRINT(EM_DIAGRAM):   set EMWS1.Tree7_diagnosis_DM;
MPRINT(EM_DIAGRAM):   where _TYPE_="TARGET";
MPRINT(EM_DIAGRAM):   call symput('ASSMT_EVENT', strip(event));
MPRINT(EM_DIAGRAM):   run;
MPRINT(EM_DIAGRAM):   
MPRINT(EM_ASSESS):   data _ea_tmpdata;
MPRINT(EM_ASSESS):   set EM_temp_assessdata;
MPRINT(EM_ASSESS):   _tmpfreqvar_=1;
MPRINT(EM_ASSESS):   run;
MPRINT(EM_CHECKEMSETINIT):   DATA _NULL_;
MPRINT(EM_CHECKEMSETINIT):   EM_SETINIT = 'N';
MPRINT(EM_CHECKEMSETINIT):   IF SYSPROD('PRODNUM50') THEN EM_SETINIT = 'Y';
MPRINT(EM_CHECKEMSETINIT):   ELSE IF SYSPROD('PRODNUM448') THEN EM_SETINIT = 'Y';
MPRINT(EM_CHECKEMSETINIT):   ELSE IF SYSPROD('PRODNUM102') THEN EM_SETINIT = 'Y';
MPRINT(EM_CHECKEMSETINIT):   ELSE IF SYSPROD('PRODNUM103') THEN EM_SETINIT = 'Y';
MPRINT(EM_CHECKEMSETINIT):   CALL SYMPUT('EM_SETINIT', EM_SETINIT);
MPRINT(EM_CHECKEMSETINIT):   RUN;
MPRINT(EM_ASSESS):  ;
MPRINT(EM_ASSESS):   *;
MPRINT(EM_ASSESS):   * ............ Reading in reporting data set;
MPRINT(EM_ASSESS):   *;
MPRINT(EM_ASSESS):   DATA _NULL_;
MPRINT(EM_ASSESS):   SET ASSESS_REPORTMETA END = EOF;
MPRINT(EM_ASSESS):   IF TYPE = "C" OR UPCASE (LEVEL) IN ("NOMINAL", "BINARY" , "ORDINAL") THEN DO;
MPRINT(EM_ASSESS):   IF UPCASE (NAME) NE UPCASE ("F_diagnosis") THEN DO;
MPRINT(EM_ASSESS):   NUMCTOREPORT + 1;
MPRINT(EM_ASSESS):   CALL SYMPUTX ("REPORTC" || LEFT (PUT (NUMCTOREPORT, 5.)), NAME);
MPRINT(EM_ASSESS):   END;
MPRINT(EM_ASSESS):   ELSE CALL SYMPUTX ("RPRT_TRGT", "C");
MPRINT(EM_ASSESS):   END;
MPRINT(EM_ASSESS):   ELSE IF TYPE = "N" THEN DO;
MPRINT(EM_ASSESS):   IF UPCASE(NAME) NE UPCASE ("F_diagnosis") THEN DO;
MPRINT(EM_ASSESS):   NUMNTOREPORT + 1;
MPRINT(EM_ASSESS):   CALL SYMPUTX ("REPORTN" || LEFT (PUT (NUMNTOREPORT, 5.)), NAME);
MPRINT(EM_ASSESS):   END;
MPRINT(EM_ASSESS):   ELSE CALL SYMPUTX ("RPRT_TRGT", "N");
MPRINT(EM_ASSESS):   END;
MPRINT(EM_ASSESS):   IF EOF THEN DO;
MPRINT(EM_ASSESS):   CALL SYMPUTX ("NUMNTOREPORT", NUMNTOREPORT);
MPRINT(EM_ASSESS):   CALL SYMPUTX ("NUMCTOREPORT", NUMCTOREPORT);
MPRINT(EM_ASSESS):   CALL SYMPUTX ("NUMTOREPORT", SUM (NUMNTOREPORT, NUMCTOREPORT));
MPRINT(EM_ASSESS):   END;
MPRINT(EM_ASSESS):   RUN;
MPRINT(EM_ASSESS):   PROC DMDB DATA = _ea_tmpdata VAROUT = VAROUT DMDBCAT = _D CLASSOUT = _ASSMT_CLASSOUT;
MPRINT(EM_ASSESS):   CLASS F_diagnosis ;

MPRINT(EM_ASSESS):   VAR P_diagnosisM _tmpfreqvar_ ;
MPRINT(EM_ASSESS):   FREQ _tmpfreqvar_;
MPRINT(EM_ASSESS):   RUN ;
MPRINT(EM_ASSESS):   QUIT;
MPRINT(EM_ASSESS):   PROC SORT DATA = _ASSMT_CLASSOUT;
MPRINT(EM_ASSESS):   BY NAME;
MPRINT(EM_ASSESS):   RUN;
MPRINT(EM_ASSESS):   DATA _auxeventname (keep = __event__) ;
MPRINT(EM_ASSESS):   * ;
MPRINT(EM_ASSESS):   * ...FLAG0_1 = ..... TARGET IS 0, 1 & EVENT = 1;

MPRINT(EM_ASSESS):   ;
MPRINT(EM_ASSESS):   length __event__ $ 32;
MPRINT(EM_ASSESS):   RETAIN FLAG0_1 1 NUM1 . NUM0 . __event__ "_missing_" ;

MPRINT(EM_ASSESS):   SET _ASSMT_CLASSOUT END = EOF;
MPRINT(EM_ASSESS):   BY NAME;
MPRINT(EM_ASSESS):   *;
MPRINT(EM_ASSESS):   *;
MPRINT(EM_ASSESS):   * ....... LEVEL = BINARY OR NOMINAL OR ORDINAL;
MPRINT(EM_ASSESS):   *;
MPRINT(EM_ASSESS):   *;

MPRINT(EM_ASSESS):   IF UPCASE(NAME) = UPCASE ("F_diagnosis") THEN DO;
MPRINT(EM_ASSESS):   CUMFREQ + FREQUENCY;
MPRINT(EM_ASSESS):   IF LEVEL NE "." THEN DO;
MPRINT(EM_ASSESS):   N1 + 1;
MPRINT(EM_ASSESS):   IF (NRAW NE 0 AND NRAW NE 1) OR TYPE NE "N" OR "" > " " THEN FLAG0_1 = 0;
MPRINT(EM_ASSESS):   * ;
MPRINT(EM_ASSESS):   * ......................... IF EVENT NE BLANK;
MPRINT(EM_ASSESS):   * ....................LEVEL IS CHAR VAR ;
MPRINT(EM_ASSESS):   * ;
MPRINT(EM_ASSESS):   IF UPCASE("M") = UPCASE(LEVEL) THEN DO;
MPRINT(EM_ASSESS):   NUM1 = FREQUENCY;
MPRINT(EM_ASSESS):   IF TYPE = "C" THEN do;
MPRINT(EM_ASSESS):   CALL SYMPUTX ("EVENTVALUERAW", CRAW );
MPRINT(EM_ASSESS):   __event__ = craw;
MPRINT(EM_ASSESS):   end;
MPRINT(EM_ASSESS):   ELSE do;
MPRINT(EM_ASSESS):   CALL SYMPUTX ("EVENTVALUERAW", NRAW );
MPRINT(EM_ASSESS):   __event__ = nraw;
MPRINT(EM_ASSESS):   end;
MPRINT(EM_ASSESS):   END;
MPRINT(EM_ASSESS):   IF LAST.NAME THEN DO;

MPRINT(EM_ASSESS):   * ;
MPRINT(EM_ASSESS):   * .............. IN NOMINAL CASE, NEED TO GROUP ALL '0' ;
MPRINT(EM_ASSESS):   *;

MPRINT(EM_ASSESS):   NUM0 = SUM (CUMFREQ, - NUM1);
MPRINT(EM_ASSESS):   IF NUM0 < 0 THEN NUM0 = 0;
MPRINT(EM_ASSESS):   IF NUM1 = . THEN NUM1 = 0;
MPRINT(EM_ASSESS):   CALL SYMPUTX ("NUM0", NUM0 );
MPRINT(EM_ASSESS):   CALL SYMPUTX ("NUM1", NUM1);
MPRINT(EM_ASSESS):   CALL SYMPUTX ("PNUM1", NUM1 / CUMFREQ);
MPRINT(EM_ASSESS):   CALL SYMPUTX ("PNUM0", (CUMFREQ - NUM1) / CUMFREQ);
MPRINT(EM_ASSESS):   IF TYPE = "C" THEN DO;
MPRINT(EM_ASSESS):   FLAG0_1 = 0;
MPRINT(EM_ASSESS):   CALL SYMPUTX ("TARGETTYPE", "C" );
MPRINT(EM_ASSESS):   END;
MPRINT(EM_ASSESS):   ELSE IF TYPE = "N" THEN DO;
MPRINT(EM_ASSESS):   IF "" = " " THEN DO;
MPRINT(EM_ASSESS):   IF "M" NE "1" THEN FLAG0_1 = 0;
MPRINT(EM_ASSESS):   END;
MPRINT(EM_ASSESS):   CALL SYMPUTX ("TARGETTYPE", "N" );
MPRINT(EM_ASSESS):   END;
MPRINT(EM_ASSESS):   * ................... IF TYPE = N;
MPRINT(EM_ASSESS):   CALL SYMPUTX ("FLAG0_1", FLAG0_1 );
MPRINT(EM_ASSESS):   END;
MPRINT(EM_ASSESS):   * ..................IF LAST.NAME ;
MPRINT(EM_ASSESS):   END;
MPRINT(EM_ASSESS):   * ...............IF LEVEL NE '.' ;
MPRINT(EM_ASSESS):   END;
MPRINT(EM_ASSESS):   * .............. IF NAME = TARGET;
MPRINT(EM_ASSESS):   ELSE IF "" > " " AND UPCASE(NAME) = UPCASE("") THEN DO;
MPRINT(EM_ASSESS):   NUMDECISIONS + 1;
MPRINT(EM_ASSESS):   LEVEL = TRANSLATE (LEVEL, "_", "'", "_", '"');
MPRINT(EM_ASSESS):   CALL SYMPUTX ("D_LABEL" || LEFT (PUT (NUMDECISIONS, 3.)), LEVEL );
MPRINT(EM_ASSESS):   END;
MPRINT(EM_ASSESS):   * ..................... ELSE IF UPCASE;
MPRINT(EM_ASSESS):   IF EOF THEN DO;
MPRINT(EM_ASSESS):   output _auxeventname;
MPRINT(EM_ASSESS):   CALL SYMPUTX ("NUMOBS", CUMFREQ);
MPRINT(EM_ASSESS):   CALL SYMPUTX ("NUMDECISIONS", NUMDECISIONS);
MPRINT(EM_ASSESS):   END;
MPRINT(EM_ASSESS):   RUN;
MPRINT(EM_ASSESS):   DATA _NULL_;
MPRINT(EM_ASSESS):   SET VAROUT END = EOF;
MPRINT(EM_ASSESS):   IF UPCASE (NAME) = UPCASE ("P_diagnosisM") THEN DO;
MPRINT(EM_ASSESS):   IF N = 0 THEN DO;
MPRINT(EM_ASSESS):   PUT //// "          Warning: All posterior probabilities are missing values ";
MPRINT(EM_ASSESS):   PUT ///;
MPRINT(EM_ASSESS):   CALL SYMPUTX ("ALLMISS", 1);
MPRINT(EM_ASSESS):   STOP;
MPRINT(EM_ASSESS):   END;
MPRINT(EM_ASSESS):   ELSE CALL SYMPUTX ("ALLMISS", 0);
MPRINT(EM_ASSESS):   CALL SYMPUTX ("MINPROB", MIN);
MPRINT(EM_ASSESS):   CALL SYMPUTX ("MAXPROB", MAX);
MPRINT(EM_ASSESS):   CALL SYMPUTX ("DIFF", MAX - MIN);
MPRINT(EM_ASSESS):   CALL SYMPUTX ("NMISSPROB", NMISS);
MPRINT(EM_ASSESS):   END;
MPRINT(EM_ASSESS):   ELSE IF UPCASE (NAME) = UPCASE ("_tmpfreqvar_") THEN DO;
MPRINT(EM_ASSESS):   AUXMIN = MIN - INT (MIN);
MPRINT(EM_ASSESS):   AUXMAX = MAX - INT (MAX);
MPRINT(EM_ASSESS):   IF AUXMIN > 0 OR AUXMAX > 0 THEN CALL SYMPUTX ("USEWEIGHT", "Y");
MPRINT(EM_ASSESS):   ELSE CALL SYMPUTX ("USEWEIGHT", "N");
MPRINT(EM_ASSESS):   END;
MPRINT(EM_ASSESS):   RUN;
MPRINT(EM_ASSESS):   DATA _ANY0;
MPRINT(EM_ASSESS):   SET _ea_tmpdata (KEEP = F_diagnosis P_diagnosisM _tmpfreqvar_ );
MPRINT(EM_ASSESS):   *;
MPRINT(EM_ASSESS):   * ................... No Formats;
MPRINT(EM_ASSESS):   *;
MPRINT(EM_ASSESS):   IF LEFT ( F_diagnosis ) = "M" THEN NTARGET = 1;
MPRINT(EM_ASSESS):   ELSE NTARGET = 0;
MPRINT(EM_ASSESS):   RUN;
MPRINT(EM_ASSESS):   *;
MPRINT(EM_ASSESS):   * .............. Before proc summary of binary case;
MPRINT(EM_ASSESS):   *;
MPRINT(EM_ASSESS):   PROC SUMMARY DATA = _ANY0 (KEEP = P_diagnosisM NTARGET _tmpfreqvar_ WHERE = (NTARGET > . )) NWAY MISSING;
MPRINT(EM_ASSESS):   ;
MPRINT(EM_ASSESS):   CLASS P_diagnosisM ;
MPRINT(EM_ASSESS):   VAR NTARGET ;
MPRINT(EM_ASSESS):   FREQ _tmpfreqvar_ ;
MPRINT(EM_ASSESS):   OUTPUT OUT = ANYSUM (DROP = _TYPE_) MEAN = _MEANTARGET _MEANFREQVAR ;
MPRINT(EM_ASSESS):   RUN;
MPRINT(EM_ASSESS):   QUIT;
MPRINT(EM_ASSESS):   ;
MPRINT(EM_ASSESS):   *;
MPRINT(EM_ASSESS):   * .................... Main Data Set Processing, Binary case;
MPRINT(EM_ASSESS):   *;

MPRINT(EM_ASSESS):   DATA WORK._TEMPRANK (KEEP = BASECAPC BASECAP __EVENT__ BASEEVENTS BASEGAIN BASELIFT BASERESP BASERESPC BESTCAP BESTCAPC BESTGAIN BESTLIFT BESTLIFTC BESTNUMEVENTS BESTRESP BESTRESPC BIN CBASELIFT C_LIFT C_P_CAPT_RESP C_P_RESP GAIN LIFT 
MAXPROB MINPROB MNPROB NUMNONRESP NUMOBS NUMRESP PERCENTILE P_CAPT_RESP P_RESP ) WORK._TEMPSCOREDIST (KEEP = BIN LOWERPROB UPPERPROB EVENTVALUE SCR_NUMEVENTS MODELSCORE SCR_NUMNONEVENTS RANGE NUMOBSINGROUP PERCOBSINGROUP C_PERCOBSINGROUP SCR_P_EVENTS 
SCR_CP_EVENTS SCR_P_NONEVENTS SCR_CP_NONEVENTS SCR_MNPROB SCR_MINPROB SCR_MAXPROB ) ;

MPRINT(EM_ASSESS):   SET ANYSUM END = EOF;

MPRINT(EM_ASSESS):   IF _N_ = 1 THEN SET _AUXEVENTNAME;

MPRINT(EM_ASSESS):   RETAIN MINPROB1 - MINPROB20 1 MAXPROB1 - MAXPROB20 0 MNPROB1 - MNPROB20 0 NUMOBS1 - NUMOBS20 0 NUMRESP1 - NUMRESP20 0 TRUEPOS1 - TRUEPOS1000 0 TRUENEG1 - TRUENEG1000 0 FALSEPOS1 - FALSEPOS1000 0 FALSENEG1 - FALSENEG1000 0 EVENTS1 - 
EVENTS1000 NONEVENTS1 - NONEVENTS1000 0 FIRSTIN1 - FIRSTIN1000 . LASTIN1 - LASTIN1000 . RESPRATE 0.3757225434 _NEVENTS 65 _NNONEVENTS 108 TARGET "NTARGET" ;
MPRINT(EM_ASSESS):   ARRAY MINPROBS (20) MINPROB1 - MINPROB20;
MPRINT(EM_ASSESS):   ARRAY MAXPROBS (20) MAXPROB1 - MAXPROB20;
MPRINT(EM_ASSESS):   ARRAY MNPROBS (20) MNPROB1 - MNPROB20;
MPRINT(EM_ASSESS):   ARRAY NUMOBSS (20) NUMOBS1 - NUMOBS20;
MPRINT(EM_ASSESS):   ARRAY NUMRESPS (20) NUMRESP1 - NUMRESP20;
MPRINT(EM_ASSESS):   ARRAY TRUEPOSX (1000) TRUEPOS1 - TRUEPOS1000;
MPRINT(EM_ASSESS):   ARRAY FALSEPOSX (1000) FALSEPOS1 - FALSEPOS1000;
MPRINT(EM_ASSESS):   ARRAY FALSENEGX (1000) FALSENEG1 - FALSENEG1000;
MPRINT(EM_ASSESS):   ARRAY TRUENEGX (1000) TRUENEG1 - TRUENEG1000;
MPRINT(EM_ASSESS):   ARRAY _EVENTS (1000) EVENTS1 - EVENTS1000;
MPRINT(EM_ASSESS):   ARRAY NONEVENTS (1000) NONEVENTS1 - NONEVENTS1000;
MPRINT(EM_ASSESS):   ARRAY FIRSTIN (1000) FIRSTIN1 - FIRSTIN1000;
MPRINT(EM_ASSESS):   ARRAY LASTIN (1000) LASTIN1 - LASTIN1000;
MPRINT(EM_ASSESS):   RETAIN SCR_MNPROB1 - SCR_MNPROB1000 0 SCR_MINPROB1 - SCR_MINPROB1000 1 SCR_MAXPROB1 - SCR_MAXPROB1000 0;
MPRINT(EM_ASSESS):   ARRAY SCR_MNPROBS (1000) SCR_MNPROB1 - SCR_MNPROB1000;
MPRINT(EM_ASSESS):   ARRAY SCR_MINPROBS (1000) SCR_MINPROB1 - SCR_MINPROB1000;
MPRINT(EM_ASSESS):   ARRAY SCR_MAXPROBS (1000) SCR_MAXPROB1 - SCR_MAXPROB1000;
MPRINT(EM_ASSESS):   DROP SCR_MINPROB1 - SCR_MINPROB1000 SCR_MAXPROB1 - SCR_MAXPROB1000 SCR_MNPROB1 - SCR_MNPROB1000 ;
MPRINT(EM_ASSESS):   *;
MPRINT(EM_ASSESS):   * ...... Area For 8 Financials ;
MPRINT(EM_ASSESS):   *;
MPRINT(EM_ASSESS):   IF _MEANTARGET = . THEN _MEANTARGET = RESPRATE;
MPRINT(EM_ASSESS):   DROP N1 _K SUMWEIGHTS ;
MPRINT(EM_ASSESS):   SUMWEIGHTS = 1;

MPRINT(EM_ASSESS):   DO _K = 1 TO CEIL (_FREQ_);
MPRINT(EM_ASSESS):   IF _K = CEIL (_FREQ_) THEN DO;
MPRINT(EM_ASSESS):   IF _FREQ_ < CEIL (_FREQ_) THEN _WEIGHT = _FREQ_ - FLOOR (_FREQ_);
MPRINT(EM_ASSESS):   ELSE _WEIGHT = 1;
MPRINT(EM_ASSESS):   END;
MPRINT(EM_ASSESS):   ELSE _WEIGHT = 1;
MPRINT(EM_ASSESS):   N1 + _WEIGHT;
MPRINT(EM_ASSESS):   NTARGET = _MEANTARGET ;
MPRINT(EM_ASSESS):   DECILE = MIN (20, CEIL (N1 * 20 / 173));
MPRINT(EM_ASSESS):   MINPROBS ( DECILE) = MIN (MINPROBS ( DECILE), P_diagnosisM );
MPRINT(EM_ASSESS):   MAXPROBS ( DECILE) = MAX (MAXPROBS ( DECILE), P_diagnosisM );
MPRINT(EM_ASSESS):   MNPROBS ( DECILE) = SUM (MNPROBS ( DECILE), P_diagnosisM * _WEIGHT);
MPRINT(EM_ASSESS):   NUMOBSS ( DECILE) = NUMOBSS ( DECILE) + _WEIGHT;
MPRINT(EM_ASSESS):   NUMRESPS ( DECILE) = NUMRESPS ( DECILE) + _MEANTARGET * _WEIGHT;
MPRINT(EM_ASSESS):   END;
MPRINT(EM_ASSESS):   *;
MPRINT(EM_ASSESS):   * ........ outside of do loop, Area for final ROC;
MPRINT(EM_ASSESS):   *;
MPRINT(EM_ASSESS):   *;
MPRINT(EM_ASSESS):   RANKDELTA = (ROUND ( _FREQ_ ) + 1) / 2;
MPRINT(EM_ASSESS):   RANK = UNTIEDRANK + RANKDELTA;
MPRINT(EM_ASSESS):   DROP RANK ;
MPRINT(EM_ASSESS):   SUMRANK1 + RANK * ROUND (_MEANTARGET * _FREQ_, .0000001);
MPRINT(EM_ASSESS):   UNTIEDRANK + ROUND (_FREQ_, .00000001);
MPRINT(EM_ASSESS):   *;
MPRINT(EM_ASSESS):   * ............ Area For ROC Curve;
MPRINT(EM_ASSESS):   *;
MPRINT(EM_ASSESS):   DO _K = 1 TO 1000;
MPRINT(EM_ASSESS):   IF P_diagnosisM * 1000 >= _K THEN DO;
MPRINT(EM_ASSESS):   TRUEPOSX ( _K ) + _FREQ_ * _MEANTARGET ;
MPRINT(EM_ASSESS):   FALSEPOSX ( _K ) + _FREQ_ * (1 - _MEANTARGET) ;
MPRINT(EM_ASSESS):   END;
MPRINT(EM_ASSESS):   ELSE DO;
MPRINT(EM_ASSESS):   TRUENEGX ( _K ) + _FREQ_ * ( 1 - _MEANTARGET) ;
MPRINT(EM_ASSESS):   FALSENEGX ( _K ) + _FREQ_ * _MEANTARGET ;
MPRINT(EM_ASSESS):   END;
MPRINT(EM_ASSESS):   END;
MPRINT(EM_ASSESS):   SLOT = MIN (MAX (CEIL (P_diagnosisM * 100), 1), 100) ;
MPRINT(EM_ASSESS):   DROP SLOT;
MPRINT(EM_ASSESS):   FIRSTIN ( SLOT ) = MIN ( FIRSTIN ( SLOT ), P_diagnosisM);
MPRINT(EM_ASSESS):   LASTIN ( SLOT ) = MAX ( LASTIN ( SLOT ), P_diagnosisM);
MPRINT(EM_ASSESS):   _EVENTS ( SLOT) = _EVENTS ( SLOT) + _FREQ_ * _MEANTARGET;
MPRINT(EM_ASSESS):   NONEVENTS ( SLOT) = NONEVENTS ( SLOT) + _FREQ_ * (1 - _MEANTARGET);
MPRINT(EM_ASSESS):   *;
MPRINT(EM_ASSESS):   * ........ START OF OUTDIST IN BINARY CASE MAIN DATA STEP ;
MPRINT(EM_ASSESS):   *;
MPRINT(EM_ASSESS):   SCR_MNPROBS ( SLOT ) = SUM (SCR_MNPROBS (SLOT), P_diagnosisM * _FREQ_ );
MPRINT(EM_ASSESS):   SCR_MINPROBS ( SLOT ) = MIN (SCR_MINPROBS (SLOT), P_diagnosisM );
MPRINT(EM_ASSESS):   SCR_MAXPROBS ( SLOT ) = MAX (SCR_MAXPROBS (SLOT), P_diagnosisM );
MPRINT(EM_ASSESS):   *;
MPRINT(EM_ASSESS):   * ........ End of Outdist in Binary case main DATA STEP ;
MPRINT(EM_ASSESS):   *;
MPRINT(EM_ASSESS):   IF EOF THEN DO;
MPRINT(EM_ASSESS):   PUT //;
MPRINT(EM_ASSESS):   DO K = 1 TO 20;
MPRINT(EM_ASSESS):   END;
MPRINT(EM_ASSESS):   LENGTH EVENTVALUE $ 32;
MPRINT(EM_ASSESS):   RETAIN EVENTVALUE "M" ;
MPRINT(EM_ASSESS):   *;
MPRINT(EM_ASSESS):   * ......... Start of EOF area of BINARY processing of main data set ;
MPRINT(EM_ASSESS):   *;
MPRINT(EM_ASSESS):   *;
MPRINT(EM_ASSESS):   CALL SYMPUTX ("SUMRANK1", SUMRANK1);
MPRINT(EM_ASSESS):   LENGTH DATAROLE $ 10;
MPRINT(EM_ASSESS):   RETAIN DATAROLE "VALIDATE" ;
MPRINT(EM_ASSESS):   RETAIN OVLMIN 0.0126582278 OVLMAX 1 ;
MPRINT(EM_ASSESS):   DROP OVLMIN OVLMAX ;
MPRINT(EM_ASSESS):   C_NUMOBS = 0;
MPRINT(EM_ASSESS):   C_NUM_RESP = 0;
MPRINT(EM_ASSESS):   C_NUM_NONRESP = 0;
MPRINT(EM_ASSESS):   C_P_RESP = 0;
MPRINT(EM_ASSESS):   P_CAPT_RESP = 0;
MPRINT(EM_ASSESS):   C_P_CAPT_RESP = 0;
MPRINT(EM_ASSESS):   PREVIOUSPROFIT = 0;
MPRINT(EM_ASSESS):   MAXPROFIT = 0;
MPRINT(EM_ASSESS):   _KS_BIN_ = 0;
MPRINT(EM_ASSESS):   DROP _KS_BIN_;
MPRINT(EM_ASSESS):   AVGNUMRESP = _NEVENTS / 20;
MPRINT(EM_ASSESS):   BASERESP = 100 * RESPRATE;
MPRINT(EM_ASSESS):   BASERESPC = BASERESP;
MPRINT(EM_ASSESS):   BASECAP = 100 / 20;
MPRINT(EM_ASSESS):   *;
MPRINT(EM_ASSESS):   * ........................Start OF Gainschart = Outranks Area;
MPRINT(EM_ASSESS):   *;
MPRINT(EM_ASSESS):   _KS_BIN_PROB = 0;
MPRINT(EM_ASSESS):   numeventwhole = floor(_NEVENTS/20);
MPRINT(EM_ASSESS):   remainevent= _NEVENTS - (numeventwhole)*20;
MPRINT(EM_ASSESS):   drop numeventwhole remainevent;
MPRINT(EM_ASSESS):   DO GROUP = 20 TO 1 BY -1;

MPRINT(EM_ASSESS):   BASECAPC + BASECAP;
MPRINT(EM_ASSESS):   PERCENTILE = GROUP * (100 / 20);
MPRINT(EM_ASSESS):   MINPROB = MINPROBS ( GROUP);
MPRINT(EM_ASSESS):   MAXPROB = MAXPROBS ( GROUP);
MPRINT(EM_ASSESS):   CALL SYMPUTX ("MINPROB" || LEFT ( PUT (GROUP, 3.)), MINPROB);
MPRINT(EM_ASSESS):   CALL SYMPUTX ("MAXPROB" || LEFT ( PUT (GROUP, 3.)), MAXPROB);
MPRINT(EM_ASSESS):   NUMOBS = NUMOBSS ( GROUP);
MPRINT(EM_ASSESS):   IF NUMOBS > 0 THEN MNPROB = MNPROBS ( GROUP) / NUMOBS;
MPRINT(EM_ASSESS):   ELSE MNPROB = .;
MPRINT(EM_ASSESS):   C_NUMOBS = SUM (NUMOBS, C_NUMOBS);
MPRINT(EM_ASSESS):   NUMRESP = NUMRESPS ( GROUP);
MPRINT(EM_ASSESS):   NUMNONRESP = NUMOBS - NUMRESP;
MPRINT(EM_ASSESS):   C_AVGNUM_RESP + AVGNUMRESP;
MPRINT(EM_ASSESS):   BASEEVENTS = numeventwhole;
MPRINT(EM_ASSESS):   if GROUP > 20-remainevent then BASEEVENTS=BASEEVENTS + 1;
MPRINT(EM_ASSESS):   IF C_NUMOBS <= _NEVENTS THEN DO;
MPRINT(EM_ASSESS):   BESTNUMEVENTS = NUMOBS;
MPRINT(EM_ASSESS):   BESTCAPC = C_NUMOBS * 100 / _NEVENTS;
MPRINT(EM_ASSESS):   END;
MPRINT(EM_ASSESS):   ELSE DO;
MPRINT(EM_ASSESS):   FLAG + 1;
MPRINT(EM_ASSESS):   DROP FLAG;
MPRINT(EM_ASSESS):   BESTNUMEVENTS = _NEVENTS - C_NUMOBS + NUMOBS;
MPRINT(EM_ASSESS):   IF FLAG > 1 THEN BESTNUMEVENTS = 0;
MPRINT(EM_ASSESS):   BESTCAPC = 100;
MPRINT(EM_ASSESS):   END;
MPRINT(EM_ASSESS):   BESTCAP = BESTNUMEVENTS * 100 / _NEVENTS;
MPRINT(EM_ASSESS):   IF C_NUMOBS <= _NEVENTS THEN DO;
MPRINT(EM_ASSESS):   BESTLIFT = ((_NEVENTS+_NNONEVENTS) / 20) /AVGNUMRESP;
MPRINT(EM_ASSESS):   END;
MPRINT(EM_ASSESS):   ELSE DO;
MPRINT(EM_ASSESS):   BESTLIFT = BESTNUMEVENTS / AVGNUMRESP;
MPRINT(EM_ASSESS):   END;
MPRINT(EM_ASSESS):   C_BESTNUMEVENTS + BESTNUMEVENTS;
MPRINT(EM_ASSESS):   DROP C_BESTNUMEVENTS;
MPRINT(EM_ASSESS):   IF C_NUMOBS > 0 THEN BESTLIFTC = C_BESTNUMEVENTS / (_NEVENTS / 173 * C_NUMOBS);
MPRINT(EM_ASSESS):   ELSE BESTLIFTC = .;
MPRINT(EM_ASSESS):   IF NUMOBS > 0 THEN DO;
MPRINT(EM_ASSESS):   BESTRESP = BESTNUMEVENTS * 100 / NUMOBS;
MPRINT(EM_ASSESS):   P_RESP = NUMRESP * 100 / NUMOBS;
MPRINT(EM_ASSESS):   P_NONRESP = NUMNONRESP * 100 / NUMOBS;
MPRINT(EM_ASSESS):   END;
MPRINT(EM_ASSESS):   ELSE DO;
MPRINT(EM_ASSESS):   BESTRESP = .;
MPRINT(EM_ASSESS):   P_RESP = .;
MPRINT(EM_ASSESS):   P_NONRESP = .;
MPRINT(EM_ASSESS):   END;
MPRINT(EM_ASSESS):   IF C_NUMOBS > 0 THEN DO;
MPRINT(EM_ASSESS):   BESTRESPC = C_BESTNUMEVENTS * 100 / C_NUMOBS;
MPRINT(EM_ASSESS):   BESTGAIN = MAX (0, ((C_BESTNUMEVENTS / C_NUMOBS ) / ( AVGNUMRESP / (173/20)) - 1) * 100);
MPRINT(EM_ASSESS):   END;
MPRINT(EM_ASSESS):   ELSE DO;
MPRINT(EM_ASSESS):   BESTRESPC = .;
MPRINT(EM_ASSESS):   BESTGAIN = .;
MPRINT(EM_ASSESS):   END;
MPRINT(EM_ASSESS):   IF NUMNONRESP > 0 THEN ODDS = NUMRESP / NUMNONRESP;
MPRINT(EM_ASSESS):   ELSE ODDS = .;
MPRINT(EM_ASSESS):   C_NUM_RESP = SUM (C_NUM_RESP , NUMRESP );
MPRINT(EM_ASSESS):   C_NUM_NONRESP = SUM (C_NUM_NONRESP, NUMNONRESP );
MPRINT(EM_ASSESS):   IF C_NUM_NONRESP > 0 THEN C_ODDS = C_NUM_RESP / C_NUM_NONRESP;
MPRINT(EM_ASSESS):   ELSE C_ODDS = .;
MPRINT(EM_ASSESS):   IF C_NUMOBS > 0 THEN DO;
MPRINT(EM_ASSESS):   C_P_RESP = C_NUM_RESP * 100 / C_NUMOBS;
MPRINT(EM_ASSESS):   GAIN = ABS(100 * (((C_NUM_RESP / C_NUMOBS ) / (_NEVENTS / 173)) - 1));
MPRINT(EM_ASSESS):   BASEGAIN = 100 * (( (C_AVGNUM_RESP /((20-GROUP+1)* 173/20) ) / ( AVGNUMRESP / (173/20))) - 1);
MPRINT(EM_ASSESS):   END;
MPRINT(EM_ASSESS):   ELSE DO;
MPRINT(EM_ASSESS):   GAIN = .;
MPRINT(EM_ASSESS):   BASEGAIN = .;
MPRINT(EM_ASSESS):   C_P_RESP = .;
MPRINT(EM_ASSESS):   END;
MPRINT(EM_ASSESS):   IF BASEGAIN <= 0 THEN BASEGAIN = 0;
MPRINT(EM_ASSESS):   P_CAPT_RESP = NUMRESP * 100 / _NEVENTS;
MPRINT(EM_ASSESS):   P_CAPT_NONRESP = NUMNONRESP * 100 / ( 173 - _NEVENTS);
MPRINT(EM_ASSESS):   C_P_CAPT_RESP = C_NUM_RESP * 100 / _NEVENTS;
MPRINT(EM_ASSESS):   C_P_CAPT_NONRESP = C_NUM_NONRESP * 100 / ( 173 - _NEVENTS);
MPRINT(EM_ASSESS):   *;
MPRINT(EM_ASSESS):   * Area For Binned KS in Outranks area;
MPRINT(EM_ASSESS):   *;
MPRINT(EM_ASSESS):   _DIFFERENCE = C_P_CAPT_RESP - C_P_CAPT_NONRESP ;
MPRINT(EM_ASSESS):   IF _KS_BIN_ < _DIFFERENCE THEN DO;
MPRINT(EM_ASSESS):   _KS_BIN_ = _DIFFERENCE;
MPRINT(EM_ASSESS):   _KS_BIN_PROB = MINPROB + (MAXPROB - MINPROB) / 2 ;
MPRINT(EM_ASSESS):   END;
MPRINT(EM_ASSESS):   LIFT = P_RESP * .01 / RESPRATE ;
MPRINT(EM_ASSESS):   C_LIFT = C_P_RESP * .01 / RESPRATE;
MPRINT(EM_ASSESS):   IF NUMOBS > 0 THEN DO;
MPRINT(EM_ASSESS):   BASELIFT = AVGNUMRESP / ( RESPRATE * 173/20 );
MPRINT(EM_ASSESS):   END;
MPRINT(EM_ASSESS):   ELSE BASELIFT = .;
MPRINT(EM_ASSESS):   IF C_NUMOBS > 0 THEN CBASELIFT = C_AVGNUM_RESP / (RESPRATE * ((20-GROUP+1)* 173/20));
MPRINT(EM_ASSESS):   ELSE CBASELIFT = .;
MPRINT(EM_ASSESS):   *;
MPRINT(EM_ASSESS):   * ........ WITHIN DO LOOP FOR OUTRANKS;
MPRINT(EM_ASSESS):   *;
MPRINT(EM_ASSESS):   BIN = 20 + 1 - GROUP;
MPRINT(EM_ASSESS):   PERCENTILE = BIN * (100 / 20);
MPRINT(EM_ASSESS):   B_C_P_RESP = PERCENTILE;
MPRINT(EM_ASSESS):   OUTPUT WORK._TEMPRANK ;
MPRINT(EM_ASSESS):   END;
MPRINT(EM_ASSESS):   *;
MPRINT(EM_ASSESS):   * ........................ END OF GAINSCHART = OUTRANKS AREA;
MPRINT(EM_ASSESS):   *;
MPRINT(EM_ASSESS):   CALL SYMPUTX ("MAXPROFITGROUP" , MAXPROFITGROUP);
MPRINT(EM_ASSESS):   CALL SYMPUTX ("MAXPROFIT" , MAXPROFIT );
MPRINT(EM_ASSESS):   KS_ABSDIFF = 0 ;
MPRINT(EM_ASSESS):   MINPRECTPR = 9999;
MPRINT(EM_ASSESS):   Y0 = 1 - RESPRATE;
MPRINT(EM_ASSESS):   Y1 = RESPRATE;
MPRINT(EM_ASSESS):   MAXMUTUAL = 0;
MPRINT(EM_ASSESS):   DROP MAXMUTUAL KSPROB Y0 Y1 KS_ABSDIFF MINPRECTPR;
MPRINT(EM_ASSESS):   *;
MPRINT(EM_ASSESS):   *;
MPRINT(EM_ASSESS):   * .....................About to start Processing Outroc ;
MPRINT(EM_ASSESS):   *;
MPRINT(EM_ASSESS):   *;
MPRINT(EM_ASSESS):   *;
MPRINT(EM_ASSESS):   *;
MPRINT(EM_ASSESS):   * ........................... Finished Processing Outroc ;
MPRINT(EM_ASSESS):   *;
MPRINT(EM_ASSESS):   *;
MPRINT(EM_ASSESS):   *;
MPRINT(EM_ASSESS):   * .............. Outdist ;
MPRINT(EM_ASSESS):   *;
MPRINT(EM_ASSESS):   BIN = 20 ;
MPRINT(EM_ASSESS):   LOWERPROB = (BIN - 1) / 20;
MPRINT(EM_ASSESS):   UPPERPROB = LOWERPROB + (1 / 20);
MPRINT(EM_ASSESS):   MODELSCORE = LOWERPROB + (1 / 20) / 2;
MPRINT(EM_ASSESS):   RANGE = COMPRESS (PUT (LOWERPROB, 4.2) || "-" || PUT (UPPERPROB, 4.2));
MPRINT(EM_ASSESS):   SCR_NUMEVENTS = SUM ( OF EVENTS96 - EVENTS100 );
MPRINT(EM_ASSESS):   SCR_P_EVENTS = SCR_NUMEVENTS * 100 / _NEVENTS;
MPRINT(EM_ASSESS):   SCR_CP_EVENTS = SUM (SCR_P_EVENTS, SCR_CP_EVENTS);
MPRINT(EM_ASSESS):   SCR_NUMNONEVENTS = SUM ( OF NONEVENTS96 - NONEVENTS100);
MPRINT(EM_ASSESS):   NUMOBSINGROUP = SUM (SCR_NUMEVENTS, SCR_NUMNONEVENTS);
MPRINT(EM_ASSESS):   IF NUMOBSINGROUP > 0 THEN SCR_MNPROB = SUM (OF SCR_MNPROB96 - SCR_MNPROB100) / NUMOBSINGROUP;
MPRINT(EM_ASSESS):   ELSE SCR_MNPROB = .;
MPRINT(EM_ASSESS):   SCR_MINPROB = MIN (OF SCR_MINPROB96 - SCR_MINPROB100) ;
MPRINT(EM_ASSESS):   SCR_MAXPROB = MAX (OF SCR_MAXPROB96 - SCR_MAXPROB100) ;
MPRINT(EM_ASSESS):   IF SCR_MINPROB = 1 THEN SCR_MINPROB = .;
MPRINT(EM_ASSESS):   IF SCR_MAXPROB = 0 THEN SCR_MAXPROB = .;
MPRINT(EM_ASSESS):   SCR_P_NONEVENTS = SCR_NUMNONEVENTS * 100 / _NNONEVENTS;
MPRINT(EM_ASSESS):   SCR_CP_NONEVENTS = SUM (SCR_P_NONEVENTS, SCR_CP_NONEVENTS);
MPRINT(EM_ASSESS):   PERCOBSINGROUP = NUMOBSINGROUP * 100 / 173;
MPRINT(EM_ASSESS):   C_PERCOBSINGROUP = SUM (C_PERCOBSINGROUP, PERCOBSINGROUP);
MPRINT(EM_ASSESS):   CALL SYMPUTX ("SCR_MINPROB" || LEFT (PUT (BIN, 3.)), LOWERPROB);
MPRINT(EM_ASSESS):   CALL SYMPUTX ("SCR_MAXPROB" || LEFT (PUT (BIN, 3.)), UPPERPROB);
MPRINT(EM_ASSESS):   BIN = 20 + 1 - 20;
MPRINT(EM_ASSESS):   OUTPUT WORK._TEMPSCOREDIST;
MPRINT(EM_ASSESS):   BIN = 19 ;
MPRINT(EM_ASSESS):   LOWERPROB = (BIN - 1) / 20;
MPRINT(EM_ASSESS):   UPPERPROB = LOWERPROB + (1 / 20);
MPRINT(EM_ASSESS):   MODELSCORE = LOWERPROB + (1 / 20) / 2;
MPRINT(EM_ASSESS):   RANGE = COMPRESS (PUT (LOWERPROB, 4.2) || "-" || PUT (UPPERPROB, 4.2));
MPRINT(EM_ASSESS):   SCR_NUMEVENTS = SUM ( OF EVENTS91 - EVENTS95 );
MPRINT(EM_ASSESS):   SCR_P_EVENTS = SCR_NUMEVENTS * 100 / _NEVENTS;
MPRINT(EM_ASSESS):   SCR_CP_EVENTS = SUM (SCR_P_EVENTS, SCR_CP_EVENTS);
MPRINT(EM_ASSESS):   SCR_NUMNONEVENTS = SUM ( OF NONEVENTS91 - NONEVENTS95);
MPRINT(EM_ASSESS):   NUMOBSINGROUP = SUM (SCR_NUMEVENTS, SCR_NUMNONEVENTS);
MPRINT(EM_ASSESS):   IF NUMOBSINGROUP > 0 THEN SCR_MNPROB = SUM (OF SCR_MNPROB91 - SCR_MNPROB95) / NUMOBSINGROUP;
MPRINT(EM_ASSESS):   ELSE SCR_MNPROB = .;
MPRINT(EM_ASSESS):   SCR_MINPROB = MIN (OF SCR_MINPROB91 - SCR_MINPROB95) ;
MPRINT(EM_ASSESS):   SCR_MAXPROB = MAX (OF SCR_MAXPROB91 - SCR_MAXPROB95) ;
MPRINT(EM_ASSESS):   IF SCR_MINPROB = 1 THEN SCR_MINPROB = .;
MPRINT(EM_ASSESS):   IF SCR_MAXPROB = 0 THEN SCR_MAXPROB = .;
MPRINT(EM_ASSESS):   SCR_P_NONEVENTS = SCR_NUMNONEVENTS * 100 / _NNONEVENTS;
MPRINT(EM_ASSESS):   SCR_CP_NONEVENTS = SUM (SCR_P_NONEVENTS, SCR_CP_NONEVENTS);
MPRINT(EM_ASSESS):   PERCOBSINGROUP = NUMOBSINGROUP * 100 / 173;
MPRINT(EM_ASSESS):   C_PERCOBSINGROUP = SUM (C_PERCOBSINGROUP, PERCOBSINGROUP);
MPRINT(EM_ASSESS):   CALL SYMPUTX ("SCR_MINPROB" || LEFT (PUT (BIN, 3.)), LOWERPROB);
MPRINT(EM_ASSESS):   CALL SYMPUTX ("SCR_MAXPROB" || LEFT (PUT (BIN, 3.)), UPPERPROB);
MPRINT(EM_ASSESS):   BIN = 20 + 1 - 19;
MPRINT(EM_ASSESS):   OUTPUT WORK._TEMPSCOREDIST;
MPRINT(EM_ASSESS):   BIN = 18 ;
MPRINT(EM_ASSESS):   LOWERPROB = (BIN - 1) / 20;
MPRINT(EM_ASSESS):   UPPERPROB = LOWERPROB + (1 / 20);
MPRINT(EM_ASSESS):   MODELSCORE = LOWERPROB + (1 / 20) / 2;
MPRINT(EM_ASSESS):   RANGE = COMPRESS (PUT (LOWERPROB, 4.2) || "-" || PUT (UPPERPROB, 4.2));
MPRINT(EM_ASSESS):   SCR_NUMEVENTS = SUM ( OF EVENTS86 - EVENTS90 );
MPRINT(EM_ASSESS):   SCR_P_EVENTS = SCR_NUMEVENTS * 100 / _NEVENTS;
MPRINT(EM_ASSESS):   SCR_CP_EVENTS = SUM (SCR_P_EVENTS, SCR_CP_EVENTS);
MPRINT(EM_ASSESS):   SCR_NUMNONEVENTS = SUM ( OF NONEVENTS86 - NONEVENTS90);
MPRINT(EM_ASSESS):   NUMOBSINGROUP = SUM (SCR_NUMEVENTS, SCR_NUMNONEVENTS);
MPRINT(EM_ASSESS):   IF NUMOBSINGROUP > 0 THEN SCR_MNPROB = SUM (OF SCR_MNPROB86 - SCR_MNPROB90) / NUMOBSINGROUP;
MPRINT(EM_ASSESS):   ELSE SCR_MNPROB = .;
MPRINT(EM_ASSESS):   SCR_MINPROB = MIN (OF SCR_MINPROB86 - SCR_MINPROB90) ;
MPRINT(EM_ASSESS):   SCR_MAXPROB = MAX (OF SCR_MAXPROB86 - SCR_MAXPROB90) ;
MPRINT(EM_ASSESS):   IF SCR_MINPROB = 1 THEN SCR_MINPROB = .;
MPRINT(EM_ASSESS):   IF SCR_MAXPROB = 0 THEN SCR_MAXPROB = .;
MPRINT(EM_ASSESS):   SCR_P_NONEVENTS = SCR_NUMNONEVENTS * 100 / _NNONEVENTS;
MPRINT(EM_ASSESS):   SCR_CP_NONEVENTS = SUM (SCR_P_NONEVENTS, SCR_CP_NONEVENTS);
MPRINT(EM_ASSESS):   PERCOBSINGROUP = NUMOBSINGROUP * 100 / 173;
MPRINT(EM_ASSESS):   C_PERCOBSINGROUP = SUM (C_PERCOBSINGROUP, PERCOBSINGROUP);
MPRINT(EM_ASSESS):   CALL SYMPUTX ("SCR_MINPROB" || LEFT (PUT (BIN, 3.)), LOWERPROB);
MPRINT(EM_ASSESS):   CALL SYMPUTX ("SCR_MAXPROB" || LEFT (PUT (BIN, 3.)), UPPERPROB);
MPRINT(EM_ASSESS):   BIN = 20 + 1 - 18;
MPRINT(EM_ASSESS):   OUTPUT WORK._TEMPSCOREDIST;
MPRINT(EM_ASSESS):   BIN = 17 ;
MPRINT(EM_ASSESS):   LOWERPROB = (BIN - 1) / 20;
MPRINT(EM_ASSESS):   UPPERPROB = LOWERPROB + (1 / 20);
MPRINT(EM_ASSESS):   MODELSCORE = LOWERPROB + (1 / 20) / 2;
MPRINT(EM_ASSESS):   RANGE = COMPRESS (PUT (LOWERPROB, 4.2) || "-" || PUT (UPPERPROB, 4.2));
MPRINT(EM_ASSESS):   SCR_NUMEVENTS = SUM ( OF EVENTS81 - EVENTS85 );
MPRINT(EM_ASSESS):   SCR_P_EVENTS = SCR_NUMEVENTS * 100 / _NEVENTS;
MPRINT(EM_ASSESS):   SCR_CP_EVENTS = SUM (SCR_P_EVENTS, SCR_CP_EVENTS);
MPRINT(EM_ASSESS):   SCR_NUMNONEVENTS = SUM ( OF NONEVENTS81 - NONEVENTS85);
MPRINT(EM_ASSESS):   NUMOBSINGROUP = SUM (SCR_NUMEVENTS, SCR_NUMNONEVENTS);
MPRINT(EM_ASSESS):   IF NUMOBSINGROUP > 0 THEN SCR_MNPROB = SUM (OF SCR_MNPROB81 - SCR_MNPROB85) / NUMOBSINGROUP;
MPRINT(EM_ASSESS):   ELSE SCR_MNPROB = .;
MPRINT(EM_ASSESS):   SCR_MINPROB = MIN (OF SCR_MINPROB81 - SCR_MINPROB85) ;
MPRINT(EM_ASSESS):   SCR_MAXPROB = MAX (OF SCR_MAXPROB81 - SCR_MAXPROB85) ;
MPRINT(EM_ASSESS):   IF SCR_MINPROB = 1 THEN SCR_MINPROB = .;
MPRINT(EM_ASSESS):   IF SCR_MAXPROB = 0 THEN SCR_MAXPROB = .;
MPRINT(EM_ASSESS):   SCR_P_NONEVENTS = SCR_NUMNONEVENTS * 100 / _NNONEVENTS;
MPRINT(EM_ASSESS):   SCR_CP_NONEVENTS = SUM (SCR_P_NONEVENTS, SCR_CP_NONEVENTS);
MPRINT(EM_ASSESS):   PERCOBSINGROUP = NUMOBSINGROUP * 100 / 173;
MPRINT(EM_ASSESS):   C_PERCOBSINGROUP = SUM (C_PERCOBSINGROUP, PERCOBSINGROUP);
MPRINT(EM_ASSESS):   CALL SYMPUTX ("SCR_MINPROB" || LEFT (PUT (BIN, 3.)), LOWERPROB);
MPRINT(EM_ASSESS):   CALL SYMPUTX ("SCR_MAXPROB" || LEFT (PUT (BIN, 3.)), UPPERPROB);
MPRINT(EM_ASSESS):   BIN = 20 + 1 - 17;
MPRINT(EM_ASSESS):   OUTPUT WORK._TEMPSCOREDIST;
MPRINT(EM_ASSESS):   BIN = 16 ;
MPRINT(EM_ASSESS):   LOWERPROB = (BIN - 1) / 20;
MPRINT(EM_ASSESS):   UPPERPROB = LOWERPROB + (1 / 20);
MPRINT(EM_ASSESS):   MODELSCORE = LOWERPROB + (1 / 20) / 2;
MPRINT(EM_ASSESS):   RANGE = COMPRESS (PUT (LOWERPROB, 4.2) || "-" || PUT (UPPERPROB, 4.2));
MPRINT(EM_ASSESS):   SCR_NUMEVENTS = SUM ( OF EVENTS76 - EVENTS80 );
MPRINT(EM_ASSESS):   SCR_P_EVENTS = SCR_NUMEVENTS * 100 / _NEVENTS;
MPRINT(EM_ASSESS):   SCR_CP_EVENTS = SUM (SCR_P_EVENTS, SCR_CP_EVENTS);
MPRINT(EM_ASSESS):   SCR_NUMNONEVENTS = SUM ( OF NONEVENTS76 - NONEVENTS80);
MPRINT(EM_ASSESS):   NUMOBSINGROUP = SUM (SCR_NUMEVENTS, SCR_NUMNONEVENTS);
MPRINT(EM_ASSESS):   IF NUMOBSINGROUP > 0 THEN SCR_MNPROB = SUM (OF SCR_MNPROB76 - SCR_MNPROB80) / NUMOBSINGROUP;
MPRINT(EM_ASSESS):   ELSE SCR_MNPROB = .;
MPRINT(EM_ASSESS):   SCR_MINPROB = MIN (OF SCR_MINPROB76 - SCR_MINPROB80) ;
MPRINT(EM_ASSESS):   SCR_MAXPROB = MAX (OF SCR_MAXPROB76 - SCR_MAXPROB80) ;
MPRINT(EM_ASSESS):   IF SCR_MINPROB = 1 THEN SCR_MINPROB = .;
MPRINT(EM_ASSESS):   IF SCR_MAXPROB = 0 THEN SCR_MAXPROB = .;
MPRINT(EM_ASSESS):   SCR_P_NONEVENTS = SCR_NUMNONEVENTS * 100 / _NNONEVENTS;
MPRINT(EM_ASSESS):   SCR_CP_NONEVENTS = SUM (SCR_P_NONEVENTS, SCR_CP_NONEVENTS);
MPRINT(EM_ASSESS):   PERCOBSINGROUP = NUMOBSINGROUP * 100 / 173;
MPRINT(EM_ASSESS):   C_PERCOBSINGROUP = SUM (C_PERCOBSINGROUP, PERCOBSINGROUP);
MPRINT(EM_ASSESS):   CALL SYMPUTX ("SCR_MINPROB" || LEFT (PUT (BIN, 3.)), LOWERPROB);
MPRINT(EM_ASSESS):   CALL SYMPUTX ("SCR_MAXPROB" || LEFT (PUT (BIN, 3.)), UPPERPROB);
MPRINT(EM_ASSESS):   BIN = 20 + 1 - 16;
MPRINT(EM_ASSESS):   OUTPUT WORK._TEMPSCOREDIST;
MPRINT(EM_ASSESS):   BIN = 15 ;
MPRINT(EM_ASSESS):   LOWERPROB = (BIN - 1) / 20;
MPRINT(EM_ASSESS):   UPPERPROB = LOWERPROB + (1 / 20);
MPRINT(EM_ASSESS):   MODELSCORE = LOWERPROB + (1 / 20) / 2;
MPRINT(EM_ASSESS):   RANGE = COMPRESS (PUT (LOWERPROB, 4.2) || "-" || PUT (UPPERPROB, 4.2));
MPRINT(EM_ASSESS):   SCR_NUMEVENTS = SUM ( OF EVENTS71 - EVENTS75 );
MPRINT(EM_ASSESS):   SCR_P_EVENTS = SCR_NUMEVENTS * 100 / _NEVENTS;
MPRINT(EM_ASSESS):   SCR_CP_EVENTS = SUM (SCR_P_EVENTS, SCR_CP_EVENTS);
MPRINT(EM_ASSESS):   SCR_NUMNONEVENTS = SUM ( OF NONEVENTS71 - NONEVENTS75);
MPRINT(EM_ASSESS):   NUMOBSINGROUP = SUM (SCR_NUMEVENTS, SCR_NUMNONEVENTS);
MPRINT(EM_ASSESS):   IF NUMOBSINGROUP > 0 THEN SCR_MNPROB = SUM (OF SCR_MNPROB71 - SCR_MNPROB75) / NUMOBSINGROUP;
MPRINT(EM_ASSESS):   ELSE SCR_MNPROB = .;
MPRINT(EM_ASSESS):   SCR_MINPROB = MIN (OF SCR_MINPROB71 - SCR_MINPROB75) ;
MPRINT(EM_ASSESS):   SCR_MAXPROB = MAX (OF SCR_MAXPROB71 - SCR_MAXPROB75) ;
MPRINT(EM_ASSESS):   IF SCR_MINPROB = 1 THEN SCR_MINPROB = .;
MPRINT(EM_ASSESS):   IF SCR_MAXPROB = 0 THEN SCR_MAXPROB = .;
MPRINT(EM_ASSESS):   SCR_P_NONEVENTS = SCR_NUMNONEVENTS * 100 / _NNONEVENTS;
MPRINT(EM_ASSESS):   SCR_CP_NONEVENTS = SUM (SCR_P_NONEVENTS, SCR_CP_NONEVENTS);
MPRINT(EM_ASSESS):   PERCOBSINGROUP = NUMOBSINGROUP * 100 / 173;
MPRINT(EM_ASSESS):   C_PERCOBSINGROUP = SUM (C_PERCOBSINGROUP, PERCOBSINGROUP);
MPRINT(EM_ASSESS):   CALL SYMPUTX ("SCR_MINPROB" || LEFT (PUT (BIN, 3.)), LOWERPROB);
MPRINT(EM_ASSESS):   CALL SYMPUTX ("SCR_MAXPROB" || LEFT (PUT (BIN, 3.)), UPPERPROB);
MPRINT(EM_ASSESS):   BIN = 20 + 1 - 15;
MPRINT(EM_ASSESS):   OUTPUT WORK._TEMPSCOREDIST;
MPRINT(EM_ASSESS):   BIN = 14 ;
MPRINT(EM_ASSESS):   LOWERPROB = (BIN - 1) / 20;
MPRINT(EM_ASSESS):   UPPERPROB = LOWERPROB + (1 / 20);
MPRINT(EM_ASSESS):   MODELSCORE = LOWERPROB + (1 / 20) / 2;
MPRINT(EM_ASSESS):   RANGE = COMPRESS (PUT (LOWERPROB, 4.2) || "-" || PUT (UPPERPROB, 4.2));
MPRINT(EM_ASSESS):   SCR_NUMEVENTS = SUM ( OF EVENTS66 - EVENTS70 );
MPRINT(EM_ASSESS):   SCR_P_EVENTS = SCR_NUMEVENTS * 100 / _NEVENTS;
MPRINT(EM_ASSESS):   SCR_CP_EVENTS = SUM (SCR_P_EVENTS, SCR_CP_EVENTS);
MPRINT(EM_ASSESS):   SCR_NUMNONEVENTS = SUM ( OF NONEVENTS66 - NONEVENTS70);
MPRINT(EM_ASSESS):   NUMOBSINGROUP = SUM (SCR_NUMEVENTS, SCR_NUMNONEVENTS);
MPRINT(EM_ASSESS):   IF NUMOBSINGROUP > 0 THEN SCR_MNPROB = SUM (OF SCR_MNPROB66 - SCR_MNPROB70) / NUMOBSINGROUP;
MPRINT(EM_ASSESS):   ELSE SCR_MNPROB = .;
MPRINT(EM_ASSESS):   SCR_MINPROB = MIN (OF SCR_MINPROB66 - SCR_MINPROB70) ;
MPRINT(EM_ASSESS):   SCR_MAXPROB = MAX (OF SCR_MAXPROB66 - SCR_MAXPROB70) ;
MPRINT(EM_ASSESS):   IF SCR_MINPROB = 1 THEN SCR_MINPROB = .;
MPRINT(EM_ASSESS):   IF SCR_MAXPROB = 0 THEN SCR_MAXPROB = .;
MPRINT(EM_ASSESS):   SCR_P_NONEVENTS = SCR_NUMNONEVENTS * 100 / _NNONEVENTS;
MPRINT(EM_ASSESS):   SCR_CP_NONEVENTS = SUM (SCR_P_NONEVENTS, SCR_CP_NONEVENTS);
MPRINT(EM_ASSESS):   PERCOBSINGROUP = NUMOBSINGROUP * 100 / 173;
MPRINT(EM_ASSESS):   C_PERCOBSINGROUP = SUM (C_PERCOBSINGROUP, PERCOBSINGROUP);
MPRINT(EM_ASSESS):   CALL SYMPUTX ("SCR_MINPROB" || LEFT (PUT (BIN, 3.)), LOWERPROB);
MPRINT(EM_ASSESS):   CALL SYMPUTX ("SCR_MAXPROB" || LEFT (PUT (BIN, 3.)), UPPERPROB);
MPRINT(EM_ASSESS):   BIN = 20 + 1 - 14;
MPRINT(EM_ASSESS):   OUTPUT WORK._TEMPSCOREDIST;
MPRINT(EM_ASSESS):   BIN = 13 ;
MPRINT(EM_ASSESS):   LOWERPROB = (BIN - 1) / 20;
MPRINT(EM_ASSESS):   UPPERPROB = LOWERPROB + (1 / 20);
MPRINT(EM_ASSESS):   MODELSCORE = LOWERPROB + (1 / 20) / 2;
MPRINT(EM_ASSESS):   RANGE = COMPRESS (PUT (LOWERPROB, 4.2) || "-" || PUT (UPPERPROB, 4.2));
MPRINT(EM_ASSESS):   SCR_NUMEVENTS = SUM ( OF EVENTS61 - EVENTS65 );
MPRINT(EM_ASSESS):   SCR_P_EVENTS = SCR_NUMEVENTS * 100 / _NEVENTS;
MPRINT(EM_ASSESS):   SCR_CP_EVENTS = SUM (SCR_P_EVENTS, SCR_CP_EVENTS);
MPRINT(EM_ASSESS):   SCR_NUMNONEVENTS = SUM ( OF NONEVENTS61 - NONEVENTS65);
MPRINT(EM_ASSESS):   NUMOBSINGROUP = SUM (SCR_NUMEVENTS, SCR_NUMNONEVENTS);
MPRINT(EM_ASSESS):   IF NUMOBSINGROUP > 0 THEN SCR_MNPROB = SUM (OF SCR_MNPROB61 - SCR_MNPROB65) / NUMOBSINGROUP;
MPRINT(EM_ASSESS):   ELSE SCR_MNPROB = .;
MPRINT(EM_ASSESS):   SCR_MINPROB = MIN (OF SCR_MINPROB61 - SCR_MINPROB65) ;
MPRINT(EM_ASSESS):   SCR_MAXPROB = MAX (OF SCR_MAXPROB61 - SCR_MAXPROB65) ;
MPRINT(EM_ASSESS):   IF SCR_MINPROB = 1 THEN SCR_MINPROB = .;
MPRINT(EM_ASSESS):   IF SCR_MAXPROB = 0 THEN SCR_MAXPROB = .;
MPRINT(EM_ASSESS):   SCR_P_NONEVENTS = SCR_NUMNONEVENTS * 100 / _NNONEVENTS;
MPRINT(EM_ASSESS):   SCR_CP_NONEVENTS = SUM (SCR_P_NONEVENTS, SCR_CP_NONEVENTS);
MPRINT(EM_ASSESS):   PERCOBSINGROUP = NUMOBSINGROUP * 100 / 173;
MPRINT(EM_ASSESS):   C_PERCOBSINGROUP = SUM (C_PERCOBSINGROUP, PERCOBSINGROUP);
MPRINT(EM_ASSESS):   CALL SYMPUTX ("SCR_MINPROB" || LEFT (PUT (BIN, 3.)), LOWERPROB);
MPRINT(EM_ASSESS):   CALL SYMPUTX ("SCR_MAXPROB" || LEFT (PUT (BIN, 3.)), UPPERPROB);
MPRINT(EM_ASSESS):   BIN = 20 + 1 - 13;
MPRINT(EM_ASSESS):   OUTPUT WORK._TEMPSCOREDIST;
MPRINT(EM_ASSESS):   BIN = 12 ;
MPRINT(EM_ASSESS):   LOWERPROB = (BIN - 1) / 20;
MPRINT(EM_ASSESS):   UPPERPROB = LOWERPROB + (1 / 20);
MPRINT(EM_ASSESS):   MODELSCORE = LOWERPROB + (1 / 20) / 2;
MPRINT(EM_ASSESS):   RANGE = COMPRESS (PUT (LOWERPROB, 4.2) || "-" || PUT (UPPERPROB, 4.2));
MPRINT(EM_ASSESS):   SCR_NUMEVENTS = SUM ( OF EVENTS56 - EVENTS60 );
MPRINT(EM_ASSESS):   SCR_P_EVENTS = SCR_NUMEVENTS * 100 / _NEVENTS;
MPRINT(EM_ASSESS):   SCR_CP_EVENTS = SUM (SCR_P_EVENTS, SCR_CP_EVENTS);
MPRINT(EM_ASSESS):   SCR_NUMNONEVENTS = SUM ( OF NONEVENTS56 - NONEVENTS60);
MPRINT(EM_ASSESS):   NUMOBSINGROUP = SUM (SCR_NUMEVENTS, SCR_NUMNONEVENTS);
MPRINT(EM_ASSESS):   IF NUMOBSINGROUP > 0 THEN SCR_MNPROB = SUM (OF SCR_MNPROB56 - SCR_MNPROB60) / NUMOBSINGROUP;
MPRINT(EM_ASSESS):   ELSE SCR_MNPROB = .;
MPRINT(EM_ASSESS):   SCR_MINPROB = MIN (OF SCR_MINPROB56 - SCR_MINPROB60) ;
MPRINT(EM_ASSESS):   SCR_MAXPROB = MAX (OF SCR_MAXPROB56 - SCR_MAXPROB60) ;
MPRINT(EM_ASSESS):   IF SCR_MINPROB = 1 THEN SCR_MINPROB = .;
MPRINT(EM_ASSESS):   IF SCR_MAXPROB = 0 THEN SCR_MAXPROB = .;
MPRINT(EM_ASSESS):   SCR_P_NONEVENTS = SCR_NUMNONEVENTS * 100 / _NNONEVENTS;
MPRINT(EM_ASSESS):   SCR_CP_NONEVENTS = SUM (SCR_P_NONEVENTS, SCR_CP_NONEVENTS);
MPRINT(EM_ASSESS):   PERCOBSINGROUP = NUMOBSINGROUP * 100 / 173;
MPRINT(EM_ASSESS):   C_PERCOBSINGROUP = SUM (C_PERCOBSINGROUP, PERCOBSINGROUP);
MPRINT(EM_ASSESS):   CALL SYMPUTX ("SCR_MINPROB" || LEFT (PUT (BIN, 3.)), LOWERPROB);
MPRINT(EM_ASSESS):   CALL SYMPUTX ("SCR_MAXPROB" || LEFT (PUT (BIN, 3.)), UPPERPROB);
MPRINT(EM_ASSESS):   BIN = 20 + 1 - 12;
MPRINT(EM_ASSESS):   OUTPUT WORK._TEMPSCOREDIST;
MPRINT(EM_ASSESS):   BIN = 11 ;
MPRINT(EM_ASSESS):   LOWERPROB = (BIN - 1) / 20;
MPRINT(EM_ASSESS):   UPPERPROB = LOWERPROB + (1 / 20);
MPRINT(EM_ASSESS):   MODELSCORE = LOWERPROB + (1 / 20) / 2;
MPRINT(EM_ASSESS):   RANGE = COMPRESS (PUT (LOWERPROB, 4.2) || "-" || PUT (UPPERPROB, 4.2));
MPRINT(EM_ASSESS):   SCR_NUMEVENTS = SUM ( OF EVENTS51 - EVENTS55 );
MPRINT(EM_ASSESS):   SCR_P_EVENTS = SCR_NUMEVENTS * 100 / _NEVENTS;
MPRINT(EM_ASSESS):   SCR_CP_EVENTS = SUM (SCR_P_EVENTS, SCR_CP_EVENTS);
MPRINT(EM_ASSESS):   SCR_NUMNONEVENTS = SUM ( OF NONEVENTS51 - NONEVENTS55);
MPRINT(EM_ASSESS):   NUMOBSINGROUP = SUM (SCR_NUMEVENTS, SCR_NUMNONEVENTS);
MPRINT(EM_ASSESS):   IF NUMOBSINGROUP > 0 THEN SCR_MNPROB = SUM (OF SCR_MNPROB51 - SCR_MNPROB55) / NUMOBSINGROUP;
MPRINT(EM_ASSESS):   ELSE SCR_MNPROB = .;
MPRINT(EM_ASSESS):   SCR_MINPROB = MIN (OF SCR_MINPROB51 - SCR_MINPROB55) ;
MPRINT(EM_ASSESS):   SCR_MAXPROB = MAX (OF SCR_MAXPROB51 - SCR_MAXPROB55) ;
MPRINT(EM_ASSESS):   IF SCR_MINPROB = 1 THEN SCR_MINPROB = .;
MPRINT(EM_ASSESS):   IF SCR_MAXPROB = 0 THEN SCR_MAXPROB = .;
MPRINT(EM_ASSESS):   SCR_P_NONEVENTS = SCR_NUMNONEVENTS * 100 / _NNONEVENTS;
MPRINT(EM_ASSESS):   SCR_CP_NONEVENTS = SUM (SCR_P_NONEVENTS, SCR_CP_NONEVENTS);
MPRINT(EM_ASSESS):   PERCOBSINGROUP = NUMOBSINGROUP * 100 / 173;
MPRINT(EM_ASSESS):   C_PERCOBSINGROUP = SUM (C_PERCOBSINGROUP, PERCOBSINGROUP);
MPRINT(EM_ASSESS):   CALL SYMPUTX ("SCR_MINPROB" || LEFT (PUT (BIN, 3.)), LOWERPROB);
MPRINT(EM_ASSESS):   CALL SYMPUTX ("SCR_MAXPROB" || LEFT (PUT (BIN, 3.)), UPPERPROB);
MPRINT(EM_ASSESS):   BIN = 20 + 1 - 11;
MPRINT(EM_ASSESS):   OUTPUT WORK._TEMPSCOREDIST;
MPRINT(EM_ASSESS):   BIN = 10 ;
MPRINT(EM_ASSESS):   LOWERPROB = (BIN - 1) / 20;
MPRINT(EM_ASSESS):   UPPERPROB = LOWERPROB + (1 / 20);
MPRINT(EM_ASSESS):   MODELSCORE = LOWERPROB + (1 / 20) / 2;
MPRINT(EM_ASSESS):   RANGE = COMPRESS (PUT (LOWERPROB, 4.2) || "-" || PUT (UPPERPROB, 4.2));
MPRINT(EM_ASSESS):   SCR_NUMEVENTS = SUM ( OF EVENTS46 - EVENTS50 );
MPRINT(EM_ASSESS):   SCR_P_EVENTS = SCR_NUMEVENTS * 100 / _NEVENTS;
MPRINT(EM_ASSESS):   SCR_CP_EVENTS = SUM (SCR_P_EVENTS, SCR_CP_EVENTS);
MPRINT(EM_ASSESS):   SCR_NUMNONEVENTS = SUM ( OF NONEVENTS46 - NONEVENTS50);
MPRINT(EM_ASSESS):   NUMOBSINGROUP = SUM (SCR_NUMEVENTS, SCR_NUMNONEVENTS);
MPRINT(EM_ASSESS):   IF NUMOBSINGROUP > 0 THEN SCR_MNPROB = SUM (OF SCR_MNPROB46 - SCR_MNPROB50) / NUMOBSINGROUP;
MPRINT(EM_ASSESS):   ELSE SCR_MNPROB = .;
MPRINT(EM_ASSESS):   SCR_MINPROB = MIN (OF SCR_MINPROB46 - SCR_MINPROB50) ;
MPRINT(EM_ASSESS):   SCR_MAXPROB = MAX (OF SCR_MAXPROB46 - SCR_MAXPROB50) ;
MPRINT(EM_ASSESS):   IF SCR_MINPROB = 1 THEN SCR_MINPROB = .;
MPRINT(EM_ASSESS):   IF SCR_MAXPROB = 0 THEN SCR_MAXPROB = .;
MPRINT(EM_ASSESS):   SCR_P_NONEVENTS = SCR_NUMNONEVENTS * 100 / _NNONEVENTS;
MPRINT(EM_ASSESS):   SCR_CP_NONEVENTS = SUM (SCR_P_NONEVENTS, SCR_CP_NONEVENTS);
MPRINT(EM_ASSESS):   PERCOBSINGROUP = NUMOBSINGROUP * 100 / 173;
MPRINT(EM_ASSESS):   C_PERCOBSINGROUP = SUM (C_PERCOBSINGROUP, PERCOBSINGROUP);
MPRINT(EM_ASSESS):   CALL SYMPUTX ("SCR_MINPROB" || LEFT (PUT (BIN, 3.)), LOWERPROB);
MPRINT(EM_ASSESS):   CALL SYMPUTX ("SCR_MAXPROB" || LEFT (PUT (BIN, 3.)), UPPERPROB);
MPRINT(EM_ASSESS):   BIN = 20 + 1 - 10;
MPRINT(EM_ASSESS):   OUTPUT WORK._TEMPSCOREDIST;
MPRINT(EM_ASSESS):   BIN = 9 ;
MPRINT(EM_ASSESS):   LOWERPROB = (BIN - 1) / 20;
MPRINT(EM_ASSESS):   UPPERPROB = LOWERPROB + (1 / 20);
MPRINT(EM_ASSESS):   MODELSCORE = LOWERPROB + (1 / 20) / 2;
MPRINT(EM_ASSESS):   RANGE = COMPRESS (PUT (LOWERPROB, 4.2) || "-" || PUT (UPPERPROB, 4.2));
MPRINT(EM_ASSESS):   SCR_NUMEVENTS = SUM ( OF EVENTS41 - EVENTS45 );
MPRINT(EM_ASSESS):   SCR_P_EVENTS = SCR_NUMEVENTS * 100 / _NEVENTS;
MPRINT(EM_ASSESS):   SCR_CP_EVENTS = SUM (SCR_P_EVENTS, SCR_CP_EVENTS);
MPRINT(EM_ASSESS):   SCR_NUMNONEVENTS = SUM ( OF NONEVENTS41 - NONEVENTS45);
MPRINT(EM_ASSESS):   NUMOBSINGROUP = SUM (SCR_NUMEVENTS, SCR_NUMNONEVENTS);
MPRINT(EM_ASSESS):   IF NUMOBSINGROUP > 0 THEN SCR_MNPROB = SUM (OF SCR_MNPROB41 - SCR_MNPROB45) / NUMOBSINGROUP;
MPRINT(EM_ASSESS):   ELSE SCR_MNPROB = .;
MPRINT(EM_ASSESS):   SCR_MINPROB = MIN (OF SCR_MINPROB41 - SCR_MINPROB45) ;
MPRINT(EM_ASSESS):   SCR_MAXPROB = MAX (OF SCR_MAXPROB41 - SCR_MAXPROB45) ;
MPRINT(EM_ASSESS):   IF SCR_MINPROB = 1 THEN SCR_MINPROB = .;
MPRINT(EM_ASSESS):   IF SCR_MAXPROB = 0 THEN SCR_MAXPROB = .;
MPRINT(EM_ASSESS):   SCR_P_NONEVENTS = SCR_NUMNONEVENTS * 100 / _NNONEVENTS;
MPRINT(EM_ASSESS):   SCR_CP_NONEVENTS = SUM (SCR_P_NONEVENTS, SCR_CP_NONEVENTS);
MPRINT(EM_ASSESS):   PERCOBSINGROUP = NUMOBSINGROUP * 100 / 173;
MPRINT(EM_ASSESS):   C_PERCOBSINGROUP = SUM (C_PERCOBSINGROUP, PERCOBSINGROUP);
MPRINT(EM_ASSESS):   CALL SYMPUTX ("SCR_MINPROB" || LEFT (PUT (BIN, 3.)), LOWERPROB);
MPRINT(EM_ASSESS):   CALL SYMPUTX ("SCR_MAXPROB" || LEFT (PUT (BIN, 3.)), UPPERPROB);
MPRINT(EM_ASSESS):   BIN = 20 + 1 - 9;
MPRINT(EM_ASSESS):   OUTPUT WORK._TEMPSCOREDIST;
MPRINT(EM_ASSESS):   BIN = 8 ;
MPRINT(EM_ASSESS):   LOWERPROB = (BIN - 1) / 20;
MPRINT(EM_ASSESS):   UPPERPROB = LOWERPROB + (1 / 20);
MPRINT(EM_ASSESS):   MODELSCORE = LOWERPROB + (1 / 20) / 2;
MPRINT(EM_ASSESS):   RANGE = COMPRESS (PUT (LOWERPROB, 4.2) || "-" || PUT (UPPERPROB, 4.2));
MPRINT(EM_ASSESS):   SCR_NUMEVENTS = SUM ( OF EVENTS36 - EVENTS40 );
MPRINT(EM_ASSESS):   SCR_P_EVENTS = SCR_NUMEVENTS * 100 / _NEVENTS;
MPRINT(EM_ASSESS):   SCR_CP_EVENTS = SUM (SCR_P_EVENTS, SCR_CP_EVENTS);
MPRINT(EM_ASSESS):   SCR_NUMNONEVENTS = SUM ( OF NONEVENTS36 - NONEVENTS40);
MPRINT(EM_ASSESS):   NUMOBSINGROUP = SUM (SCR_NUMEVENTS, SCR_NUMNONEVENTS);
MPRINT(EM_ASSESS):   IF NUMOBSINGROUP > 0 THEN SCR_MNPROB = SUM (OF SCR_MNPROB36 - SCR_MNPROB40) / NUMOBSINGROUP;
MPRINT(EM_ASSESS):   ELSE SCR_MNPROB = .;
MPRINT(EM_ASSESS):   SCR_MINPROB = MIN (OF SCR_MINPROB36 - SCR_MINPROB40) ;
MPRINT(EM_ASSESS):   SCR_MAXPROB = MAX (OF SCR_MAXPROB36 - SCR_MAXPROB40) ;
MPRINT(EM_ASSESS):   IF SCR_MINPROB = 1 THEN SCR_MINPROB = .;
MPRINT(EM_ASSESS):   IF SCR_MAXPROB = 0 THEN SCR_MAXPROB = .;
MPRINT(EM_ASSESS):   SCR_P_NONEVENTS = SCR_NUMNONEVENTS * 100 / _NNONEVENTS;
MPRINT(EM_ASSESS):   SCR_CP_NONEVENTS = SUM (SCR_P_NONEVENTS, SCR_CP_NONEVENTS);
MPRINT(EM_ASSESS):   PERCOBSINGROUP = NUMOBSINGROUP * 100 / 173;
MPRINT(EM_ASSESS):   C_PERCOBSINGROUP = SUM (C_PERCOBSINGROUP, PERCOBSINGROUP);
MPRINT(EM_ASSESS):   CALL SYMPUTX ("SCR_MINPROB" || LEFT (PUT (BIN, 3.)), LOWERPROB);
MPRINT(EM_ASSESS):   CALL SYMPUTX ("SCR_MAXPROB" || LEFT (PUT (BIN, 3.)), UPPERPROB);
MPRINT(EM_ASSESS):   BIN = 20 + 1 - 8;
MPRINT(EM_ASSESS):   OUTPUT WORK._TEMPSCOREDIST;
MPRINT(EM_ASSESS):   BIN = 7 ;
MPRINT(EM_ASSESS):   LOWERPROB = (BIN - 1) / 20;
MPRINT(EM_ASSESS):   UPPERPROB = LOWERPROB + (1 / 20);
MPRINT(EM_ASSESS):   MODELSCORE = LOWERPROB + (1 / 20) / 2;
MPRINT(EM_ASSESS):   RANGE = COMPRESS (PUT (LOWERPROB, 4.2) || "-" || PUT (UPPERPROB, 4.2));
MPRINT(EM_ASSESS):   SCR_NUMEVENTS = SUM ( OF EVENTS31 - EVENTS35 );
MPRINT(EM_ASSESS):   SCR_P_EVENTS = SCR_NUMEVENTS * 100 / _NEVENTS;
MPRINT(EM_ASSESS):   SCR_CP_EVENTS = SUM (SCR_P_EVENTS, SCR_CP_EVENTS);
MPRINT(EM_ASSESS):   SCR_NUMNONEVENTS = SUM ( OF NONEVENTS31 - NONEVENTS35);
MPRINT(EM_ASSESS):   NUMOBSINGROUP = SUM (SCR_NUMEVENTS, SCR_NUMNONEVENTS);
MPRINT(EM_ASSESS):   IF NUMOBSINGROUP > 0 THEN SCR_MNPROB = SUM (OF SCR_MNPROB31 - SCR_MNPROB35) / NUMOBSINGROUP;
MPRINT(EM_ASSESS):   ELSE SCR_MNPROB = .;
MPRINT(EM_ASSESS):   SCR_MINPROB = MIN (OF SCR_MINPROB31 - SCR_MINPROB35) ;
MPRINT(EM_ASSESS):   SCR_MAXPROB = MAX (OF SCR_MAXPROB31 - SCR_MAXPROB35) ;
MPRINT(EM_ASSESS):   IF SCR_MINPROB = 1 THEN SCR_MINPROB = .;
MPRINT(EM_ASSESS):   IF SCR_MAXPROB = 0 THEN SCR_MAXPROB = .;
MPRINT(EM_ASSESS):   SCR_P_NONEVENTS = SCR_NUMNONEVENTS * 100 / _NNONEVENTS;
MPRINT(EM_ASSESS):   SCR_CP_NONEVENTS = SUM (SCR_P_NONEVENTS, SCR_CP_NONEVENTS);
MPRINT(EM_ASSESS):   PERCOBSINGROUP = NUMOBSINGROUP * 100 / 173;
MPRINT(EM_ASSESS):   C_PERCOBSINGROUP = SUM (C_PERCOBSINGROUP, PERCOBSINGROUP);
MPRINT(EM_ASSESS):   CALL SYMPUTX ("SCR_MINPROB" || LEFT (PUT (BIN, 3.)), LOWERPROB);
MPRINT(EM_ASSESS):   CALL SYMPUTX ("SCR_MAXPROB" || LEFT (PUT (BIN, 3.)), UPPERPROB);
MPRINT(EM_ASSESS):   BIN = 20 + 1 - 7;
MPRINT(EM_ASSESS):   OUTPUT WORK._TEMPSCOREDIST;
MPRINT(EM_ASSESS):   BIN = 6 ;
MPRINT(EM_ASSESS):   LOWERPROB = (BIN - 1) / 20;
MPRINT(EM_ASSESS):   UPPERPROB = LOWERPROB + (1 / 20);
MPRINT(EM_ASSESS):   MODELSCORE = LOWERPROB + (1 / 20) / 2;
MPRINT(EM_ASSESS):   RANGE = COMPRESS (PUT (LOWERPROB, 4.2) || "-" || PUT (UPPERPROB, 4.2));
MPRINT(EM_ASSESS):   SCR_NUMEVENTS = SUM ( OF EVENTS26 - EVENTS30 );
MPRINT(EM_ASSESS):   SCR_P_EVENTS = SCR_NUMEVENTS * 100 / _NEVENTS;
MPRINT(EM_ASSESS):   SCR_CP_EVENTS = SUM (SCR_P_EVENTS, SCR_CP_EVENTS);
MPRINT(EM_ASSESS):   SCR_NUMNONEVENTS = SUM ( OF NONEVENTS26 - NONEVENTS30);
MPRINT(EM_ASSESS):   NUMOBSINGROUP = SUM (SCR_NUMEVENTS, SCR_NUMNONEVENTS);
MPRINT(EM_ASSESS):   IF NUMOBSINGROUP > 0 THEN SCR_MNPROB = SUM (OF SCR_MNPROB26 - SCR_MNPROB30) / NUMOBSINGROUP;
MPRINT(EM_ASSESS):   ELSE SCR_MNPROB = .;
MPRINT(EM_ASSESS):   SCR_MINPROB = MIN (OF SCR_MINPROB26 - SCR_MINPROB30) ;
MPRINT(EM_ASSESS):   SCR_MAXPROB = MAX (OF SCR_MAXPROB26 - SCR_MAXPROB30) ;
MPRINT(EM_ASSESS):   IF SCR_MINPROB = 1 THEN SCR_MINPROB = .;
MPRINT(EM_ASSESS):   IF SCR_MAXPROB = 0 THEN SCR_MAXPROB = .;
MPRINT(EM_ASSESS):   SCR_P_NONEVENTS = SCR_NUMNONEVENTS * 100 / _NNONEVENTS;
MPRINT(EM_ASSESS):   SCR_CP_NONEVENTS = SUM (SCR_P_NONEVENTS, SCR_CP_NONEVENTS);
MPRINT(EM_ASSESS):   PERCOBSINGROUP = NUMOBSINGROUP * 100 / 173;
MPRINT(EM_ASSESS):   C_PERCOBSINGROUP = SUM (C_PERCOBSINGROUP, PERCOBSINGROUP);
MPRINT(EM_ASSESS):   CALL SYMPUTX ("SCR_MINPROB" || LEFT (PUT (BIN, 3.)), LOWERPROB);
MPRINT(EM_ASSESS):   CALL SYMPUTX ("SCR_MAXPROB" || LEFT (PUT (BIN, 3.)), UPPERPROB);
MPRINT(EM_ASSESS):   BIN = 20 + 1 - 6;
MPRINT(EM_ASSESS):   OUTPUT WORK._TEMPSCOREDIST;
MPRINT(EM_ASSESS):   BIN = 5 ;
MPRINT(EM_ASSESS):   LOWERPROB = (BIN - 1) / 20;
MPRINT(EM_ASSESS):   UPPERPROB = LOWERPROB + (1 / 20);
MPRINT(EM_ASSESS):   MODELSCORE = LOWERPROB + (1 / 20) / 2;
MPRINT(EM_ASSESS):   RANGE = COMPRESS (PUT (LOWERPROB, 4.2) || "-" || PUT (UPPERPROB, 4.2));
MPRINT(EM_ASSESS):   SCR_NUMEVENTS = SUM ( OF EVENTS21 - EVENTS25 );
MPRINT(EM_ASSESS):   SCR_P_EVENTS = SCR_NUMEVENTS * 100 / _NEVENTS;
MPRINT(EM_ASSESS):   SCR_CP_EVENTS = SUM (SCR_P_EVENTS, SCR_CP_EVENTS);
MPRINT(EM_ASSESS):   SCR_NUMNONEVENTS = SUM ( OF NONEVENTS21 - NONEVENTS25);
MPRINT(EM_ASSESS):   NUMOBSINGROUP = SUM (SCR_NUMEVENTS, SCR_NUMNONEVENTS);
MPRINT(EM_ASSESS):   IF NUMOBSINGROUP > 0 THEN SCR_MNPROB = SUM (OF SCR_MNPROB21 - SCR_MNPROB25) / NUMOBSINGROUP;
MPRINT(EM_ASSESS):   ELSE SCR_MNPROB = .;
MPRINT(EM_ASSESS):   SCR_MINPROB = MIN (OF SCR_MINPROB21 - SCR_MINPROB25) ;
MPRINT(EM_ASSESS):   SCR_MAXPROB = MAX (OF SCR_MAXPROB21 - SCR_MAXPROB25) ;
MPRINT(EM_ASSESS):   IF SCR_MINPROB = 1 THEN SCR_MINPROB = .;
MPRINT(EM_ASSESS):   IF SCR_MAXPROB = 0 THEN SCR_MAXPROB = .;
MPRINT(EM_ASSESS):   SCR_P_NONEVENTS = SCR_NUMNONEVENTS * 100 / _NNONEVENTS;
MPRINT(EM_ASSESS):   SCR_CP_NONEVENTS = SUM (SCR_P_NONEVENTS, SCR_CP_NONEVENTS);
MPRINT(EM_ASSESS):   PERCOBSINGROUP = NUMOBSINGROUP * 100 / 173;
MPRINT(EM_ASSESS):   C_PERCOBSINGROUP = SUM (C_PERCOBSINGROUP, PERCOBSINGROUP);
MPRINT(EM_ASSESS):   CALL SYMPUTX ("SCR_MINPROB" || LEFT (PUT (BIN, 3.)), LOWERPROB);
MPRINT(EM_ASSESS):   CALL SYMPUTX ("SCR_MAXPROB" || LEFT (PUT (BIN, 3.)), UPPERPROB);
MPRINT(EM_ASSESS):   BIN = 20 + 1 - 5;
MPRINT(EM_ASSESS):   OUTPUT WORK._TEMPSCOREDIST;
MPRINT(EM_ASSESS):   BIN = 4 ;
MPRINT(EM_ASSESS):   LOWERPROB = (BIN - 1) / 20;
MPRINT(EM_ASSESS):   UPPERPROB = LOWERPROB + (1 / 20);
MPRINT(EM_ASSESS):   MODELSCORE = LOWERPROB + (1 / 20) / 2;
MPRINT(EM_ASSESS):   RANGE = COMPRESS (PUT (LOWERPROB, 4.2) || "-" || PUT (UPPERPROB, 4.2));
MPRINT(EM_ASSESS):   SCR_NUMEVENTS = SUM ( OF EVENTS16 - EVENTS20 );
MPRINT(EM_ASSESS):   SCR_P_EVENTS = SCR_NUMEVENTS * 100 / _NEVENTS;
MPRINT(EM_ASSESS):   SCR_CP_EVENTS = SUM (SCR_P_EVENTS, SCR_CP_EVENTS);
MPRINT(EM_ASSESS):   SCR_NUMNONEVENTS = SUM ( OF NONEVENTS16 - NONEVENTS20);
MPRINT(EM_ASSESS):   NUMOBSINGROUP = SUM (SCR_NUMEVENTS, SCR_NUMNONEVENTS);
MPRINT(EM_ASSESS):   IF NUMOBSINGROUP > 0 THEN SCR_MNPROB = SUM (OF SCR_MNPROB16 - SCR_MNPROB20) / NUMOBSINGROUP;
MPRINT(EM_ASSESS):   ELSE SCR_MNPROB = .;
MPRINT(EM_ASSESS):   SCR_MINPROB = MIN (OF SCR_MINPROB16 - SCR_MINPROB20) ;
MPRINT(EM_ASSESS):   SCR_MAXPROB = MAX (OF SCR_MAXPROB16 - SCR_MAXPROB20) ;
MPRINT(EM_ASSESS):   IF SCR_MINPROB = 1 THEN SCR_MINPROB = .;
MPRINT(EM_ASSESS):   IF SCR_MAXPROB = 0 THEN SCR_MAXPROB = .;
MPRINT(EM_ASSESS):   SCR_P_NONEVENTS = SCR_NUMNONEVENTS * 100 / _NNONEVENTS;
MPRINT(EM_ASSESS):   SCR_CP_NONEVENTS = SUM (SCR_P_NONEVENTS, SCR_CP_NONEVENTS);
MPRINT(EM_ASSESS):   PERCOBSINGROUP = NUMOBSINGROUP * 100 / 173;
MPRINT(EM_ASSESS):   C_PERCOBSINGROUP = SUM (C_PERCOBSINGROUP, PERCOBSINGROUP);
MPRINT(EM_ASSESS):   CALL SYMPUTX ("SCR_MINPROB" || LEFT (PUT (BIN, 3.)), LOWERPROB);
MPRINT(EM_ASSESS):   CALL SYMPUTX ("SCR_MAXPROB" || LEFT (PUT (BIN, 3.)), UPPERPROB);
MPRINT(EM_ASSESS):   BIN = 20 + 1 - 4;
MPRINT(EM_ASSESS):   OUTPUT WORK._TEMPSCOREDIST;
MPRINT(EM_ASSESS):   BIN = 3 ;
MPRINT(EM_ASSESS):   LOWERPROB = (BIN - 1) / 20;
MPRINT(EM_ASSESS):   UPPERPROB = LOWERPROB + (1 / 20);
MPRINT(EM_ASSESS):   MODELSCORE = LOWERPROB + (1 / 20) / 2;
MPRINT(EM_ASSESS):   RANGE = COMPRESS (PUT (LOWERPROB, 4.2) || "-" || PUT (UPPERPROB, 4.2));
MPRINT(EM_ASSESS):   SCR_NUMEVENTS = SUM ( OF EVENTS11 - EVENTS15 );
MPRINT(EM_ASSESS):   SCR_P_EVENTS = SCR_NUMEVENTS * 100 / _NEVENTS;
MPRINT(EM_ASSESS):   SCR_CP_EVENTS = SUM (SCR_P_EVENTS, SCR_CP_EVENTS);
MPRINT(EM_ASSESS):   SCR_NUMNONEVENTS = SUM ( OF NONEVENTS11 - NONEVENTS15);
MPRINT(EM_ASSESS):   NUMOBSINGROUP = SUM (SCR_NUMEVENTS, SCR_NUMNONEVENTS);
MPRINT(EM_ASSESS):   IF NUMOBSINGROUP > 0 THEN SCR_MNPROB = SUM (OF SCR_MNPROB11 - SCR_MNPROB15) / NUMOBSINGROUP;
MPRINT(EM_ASSESS):   ELSE SCR_MNPROB = .;
MPRINT(EM_ASSESS):   SCR_MINPROB = MIN (OF SCR_MINPROB11 - SCR_MINPROB15) ;
MPRINT(EM_ASSESS):   SCR_MAXPROB = MAX (OF SCR_MAXPROB11 - SCR_MAXPROB15) ;
MPRINT(EM_ASSESS):   IF SCR_MINPROB = 1 THEN SCR_MINPROB = .;
MPRINT(EM_ASSESS):   IF SCR_MAXPROB = 0 THEN SCR_MAXPROB = .;
MPRINT(EM_ASSESS):   SCR_P_NONEVENTS = SCR_NUMNONEVENTS * 100 / _NNONEVENTS;
MPRINT(EM_ASSESS):   SCR_CP_NONEVENTS = SUM (SCR_P_NONEVENTS, SCR_CP_NONEVENTS);
MPRINT(EM_ASSESS):   PERCOBSINGROUP = NUMOBSINGROUP * 100 / 173;
MPRINT(EM_ASSESS):   C_PERCOBSINGROUP = SUM (C_PERCOBSINGROUP, PERCOBSINGROUP);
MPRINT(EM_ASSESS):   CALL SYMPUTX ("SCR_MINPROB" || LEFT (PUT (BIN, 3.)), LOWERPROB);
MPRINT(EM_ASSESS):   CALL SYMPUTX ("SCR_MAXPROB" || LEFT (PUT (BIN, 3.)), UPPERPROB);
MPRINT(EM_ASSESS):   BIN = 20 + 1 - 3;
MPRINT(EM_ASSESS):   OUTPUT WORK._TEMPSCOREDIST;
MPRINT(EM_ASSESS):   BIN = 2 ;
MPRINT(EM_ASSESS):   LOWERPROB = (BIN - 1) / 20;
MPRINT(EM_ASSESS):   UPPERPROB = LOWERPROB + (1 / 20);
MPRINT(EM_ASSESS):   MODELSCORE = LOWERPROB + (1 / 20) / 2;
MPRINT(EM_ASSESS):   RANGE = COMPRESS (PUT (LOWERPROB, 4.2) || "-" || PUT (UPPERPROB, 4.2));
MPRINT(EM_ASSESS):   SCR_NUMEVENTS = SUM ( OF EVENTS6 - EVENTS10 );
MPRINT(EM_ASSESS):   SCR_P_EVENTS = SCR_NUMEVENTS * 100 / _NEVENTS;
MPRINT(EM_ASSESS):   SCR_CP_EVENTS = SUM (SCR_P_EVENTS, SCR_CP_EVENTS);
MPRINT(EM_ASSESS):   SCR_NUMNONEVENTS = SUM ( OF NONEVENTS6 - NONEVENTS10);
MPRINT(EM_ASSESS):   NUMOBSINGROUP = SUM (SCR_NUMEVENTS, SCR_NUMNONEVENTS);
MPRINT(EM_ASSESS):   IF NUMOBSINGROUP > 0 THEN SCR_MNPROB = SUM (OF SCR_MNPROB6 - SCR_MNPROB10) / NUMOBSINGROUP;
MPRINT(EM_ASSESS):   ELSE SCR_MNPROB = .;
MPRINT(EM_ASSESS):   SCR_MINPROB = MIN (OF SCR_MINPROB6 - SCR_MINPROB10) ;
MPRINT(EM_ASSESS):   SCR_MAXPROB = MAX (OF SCR_MAXPROB6 - SCR_MAXPROB10) ;
MPRINT(EM_ASSESS):   IF SCR_MINPROB = 1 THEN SCR_MINPROB = .;
MPRINT(EM_ASSESS):   IF SCR_MAXPROB = 0 THEN SCR_MAXPROB = .;
MPRINT(EM_ASSESS):   SCR_P_NONEVENTS = SCR_NUMNONEVENTS * 100 / _NNONEVENTS;
MPRINT(EM_ASSESS):   SCR_CP_NONEVENTS = SUM (SCR_P_NONEVENTS, SCR_CP_NONEVENTS);
MPRINT(EM_ASSESS):   PERCOBSINGROUP = NUMOBSINGROUP * 100 / 173;
MPRINT(EM_ASSESS):   C_PERCOBSINGROUP = SUM (C_PERCOBSINGROUP, PERCOBSINGROUP);
MPRINT(EM_ASSESS):   CALL SYMPUTX ("SCR_MINPROB" || LEFT (PUT (BIN, 3.)), LOWERPROB);
MPRINT(EM_ASSESS):   CALL SYMPUTX ("SCR_MAXPROB" || LEFT (PUT (BIN, 3.)), UPPERPROB);
MPRINT(EM_ASSESS):   BIN = 20 + 1 - 2;
MPRINT(EM_ASSESS):   OUTPUT WORK._TEMPSCOREDIST;
MPRINT(EM_ASSESS):   BIN = 1 ;
MPRINT(EM_ASSESS):   LOWERPROB = (BIN - 1) / 20;
MPRINT(EM_ASSESS):   UPPERPROB = LOWERPROB + (1 / 20);
MPRINT(EM_ASSESS):   MODELSCORE = LOWERPROB + (1 / 20) / 2;
MPRINT(EM_ASSESS):   RANGE = COMPRESS (PUT (LOWERPROB, 4.2) || "-" || PUT (UPPERPROB, 4.2));
MPRINT(EM_ASSESS):   SCR_NUMEVENTS = SUM ( OF EVENTS1 - EVENTS5 );
MPRINT(EM_ASSESS):   SCR_P_EVENTS = SCR_NUMEVENTS * 100 / _NEVENTS;
MPRINT(EM_ASSESS):   SCR_CP_EVENTS = SUM (SCR_P_EVENTS, SCR_CP_EVENTS);
MPRINT(EM_ASSESS):   SCR_NUMNONEVENTS = SUM ( OF NONEVENTS1 - NONEVENTS5);
MPRINT(EM_ASSESS):   NUMOBSINGROUP = SUM (SCR_NUMEVENTS, SCR_NUMNONEVENTS);
MPRINT(EM_ASSESS):   IF NUMOBSINGROUP > 0 THEN SCR_MNPROB = SUM (OF SCR_MNPROB1 - SCR_MNPROB5) / NUMOBSINGROUP;
MPRINT(EM_ASSESS):   ELSE SCR_MNPROB = .;
MPRINT(EM_ASSESS):   SCR_MINPROB = MIN (OF SCR_MINPROB1 - SCR_MINPROB5) ;
MPRINT(EM_ASSESS):   SCR_MAXPROB = MAX (OF SCR_MAXPROB1 - SCR_MAXPROB5) ;
MPRINT(EM_ASSESS):   IF SCR_MINPROB = 1 THEN SCR_MINPROB = .;
MPRINT(EM_ASSESS):   IF SCR_MAXPROB = 0 THEN SCR_MAXPROB = .;
MPRINT(EM_ASSESS):   SCR_P_NONEVENTS = SCR_NUMNONEVENTS * 100 / _NNONEVENTS;
MPRINT(EM_ASSESS):   SCR_CP_NONEVENTS = SUM (SCR_P_NONEVENTS, SCR_CP_NONEVENTS);
MPRINT(EM_ASSESS):   PERCOBSINGROUP = NUMOBSINGROUP * 100 / 173;
MPRINT(EM_ASSESS):   C_PERCOBSINGROUP = SUM (C_PERCOBSINGROUP, PERCOBSINGROUP);
MPRINT(EM_ASSESS):   CALL SYMPUTX ("SCR_MINPROB" || LEFT (PUT (BIN, 3.)), LOWERPROB);
MPRINT(EM_ASSESS):   CALL SYMPUTX ("SCR_MAXPROB" || LEFT (PUT (BIN, 3.)), UPPERPROB);
MPRINT(EM_ASSESS):   BIN = 20 + 1 - 1;
MPRINT(EM_ASSESS):   OUTPUT WORK._TEMPSCOREDIST;
MPRINT(EM_ASSESS):   CALL SYMPUTX ("KSPROB" , PUT (KSPROB, 5.3 ) );
MPRINT(EM_ASSESS):   CALL SYMPUTX ("_KS_BIN_PROB" , _KS_BIN_PROB );
MPRINT(EM_ASSESS):   CALL SYMPUTX ("_KS_BIN_" , _KS_BIN_ / 100 );
MPRINT(EM_ASSESS):   CALL SYMPUTX ("KSDIFF" , KS_ABSDIFF );
MPRINT(EM_ASSESS):   CALL SYMPUTX ("PRECTPR" , PRECTPR );
MPRINT(EM_ASSESS):   CALL SYMPUTX ("MAXMUTUALPROB" , MAXMUTUALPROB);
MPRINT(EM_ASSESS):   END;
MPRINT(EM_ASSESS):   LABEL __EVENT__ = "Event" DECILE = "Depth" BIN = "Bin" NUMOBS = "Number of Observations" ;
MPRINT(EM_ASSESS):   RUN;
MPRINT(EM_ASSESS):   *;
MPRINT(EM_ASSESS):   * RUN for large data set;
MPRINT(EM_ASSESS):   *;
MPRINT(EM_ASSESS):   PROC DATASETS NOLIST;
MPRINT(EM_ASSESS):   DELETE _AUXEVENTNAME;
MPRINT(EM_ASSESS):   QUIT;

MPRINT(EM_ASSESS):   *;
MPRINT(EM_ASSESS):   * Report Vars Area.;
MPRINT(EM_ASSESS):   *;
MPRINT(EM_ASSESS):   *;
MPRINT(EM_ASSESS):   * ...........Start OF Outdist Modification;
MPRINT(EM_ASSESS):   *;

MPRINT(EM_ASSESS):   PROC DATASETS NOLIST LIB = WORK;
MPRINT(EM_ASSESS):   MODIFY _TEMPSCOREDIST;
MPRINT(EM_ASSESS):   RENAME MODELSCORE = SCORE UPPERPROB = UPPOSTERIOR SCR_CP_EVENTS = CUMULATIVEPERCENTAGEOFEVENTS SCR_CP_NONEVENTS = CUMULATIVEPERCENTAGEOFNONEVENTS EVENTVALUE = EVENT LOWERPROB = LOWPOSTERIOR NUMOBSINGROUP = N PERCOBSINGROUP = 
PERCENTAGE SCR_MINPROB = _MINP_ SCR_MAXPROB = _MAXP_ SCR_MNPROB = _MEANP_ RANGE = P_LABEL C_PERCOBSINGROUP = CUMULATIVEPERCENTAGE SCR_NUMEVENTS = NUMBEROFEVENTS SCR_NUMNONEVENTS = NUMBEROFNONEVENTS SCR_P_EVENTS = PERCENTAGEOFEVENTS SCR_P_NONEVENTS = 
PERCENTAGEOFNONEVENTS ;
MPRINT(EM_ASSESS):   *;
MPRINT(EM_ASSESS):   * .................... OUTDIST MODIFICATION LABEL AREA;
MPRINT(EM_ASSESS):   *;
MPRINT(EM_ASSESS):   LABEL BIN = "Bin" N = "Number of Observations" P_LABEL = "Posterior Probability Range" EVENT = "Event" LOWPOSTERIOR = "Lower Bound Posterior Probability" PERCENTAGEOFEVENTS = "Percentage of Events" CUMULATIVEPERCENTAGEOFNONEVENTS = 
"Cumulative Percentage of Nonevents" CUMULATIVEPERCENTAGE = "Cumulative Percentage" PERCENTAGEOFEVENTS = "Percentage of Events" PERCENTAGEOFNONEVENTS = "Percentage of Nonevents" CUMULATIVEPERCENTAGEOFEVENTS = "Cumulative Percentage of Events" UPPOSTERIOR 
= "Upper Bound Posterior Probability" NUMBEROFEVENTS = "Number of Events" PERCENTAGE = "Percentage" NUMBEROFNONEVENTS = "Number of Nonevents" _MEANP_ = "Mean Posterior Probability" _MINP_ = "Min Posterior Probability" _MAXP_ = "Max Posterior Probability" 
SCORE = "Model Score" ;
MPRINT(EM_ASSESS):   RUN;
MPRINT(EM_ASSESS):   QUIT;
MPRINT(EM_ASSESS):   DATA WORK._TEMPSCOREDIST;
MPRINT(EM_ASSESS):   SET WORK._TEMPSCOREDIST (WHERE = (_MEANP_ > .));
MPRINT(EM_ASSESS):   RUN;
MPRINT(EM_ASSESS):   *;
MPRINT(EM_ASSESS):   * ........... END OF OUTDIST MODIFICATION;
MPRINT(EM_ASSESS):   *;
MPRINT(EM_ASSESS):   *;
MPRINT(EM_ASSESS):   * ...........Start of OUTRANKS Modification;
MPRINT(EM_ASSESS):   *;

MPRINT(EM_ASSESS):   PROC DATASETS NOLIST LIB = WORK;
MPRINT(EM_ASSESS):   MODIFY _TEMPRANK;
MPRINT(EM_ASSESS):   RENAME __EVENT__ = EVENT P_RESP = RESP C_P_CAPT_RESP = CAPC P_CAPT_RESP = CAP NUMNONRESP = NUMNEVENT NUMRESP = NUMEVENT BASEEVENTS = BASENUMBEROFEVENTS BESTNUMEVENTS = BESTNUMBEROFEVENTS MAXPROB = _MAXP_ MINPROB = _MINP_ CBASELIFT = 
BASELIFTC C_LIFT = LIFTC MNPROB = _MEANP_ PERCENTILE = DECILE NUMOBS = N NUMEVENT = NUMBEROFEVENTS C_P_RESP = RESPC ;
MPRINT(EM_ASSESS):   *;
MPRINT(EM_ASSESS):   * ................. OUTRANKS;
MPRINT(EM_ASSESS):   *;
MPRINT(EM_ASSESS):   LABEL _MAXP_ = "Max Posterior Probability" _MINP_ = "Min Posterior Probability" _MEANP_ = "Mean Posterior Probability" BASECAP = "Baseline % Captured Response" BASECAPC = "Baseline Cumulative % Captured Response" BASENUMBEROFEVENTS = 
"Baseline Number of Events" BASEGAIN = "Baseline Gain" BASELIFT = "Baseline Lift" BASELIFTC = "Baseline Cumulative Lift" BASERESP = "Baseline % Response" BASERESPC = "Baseline Cumulative % Response" BASELIFTC = "Baseline Cumulative Lift" BESTCAP = "Best % 
Captured Response" BESTCAPC = "Best Cumulative % Captured Response" BESTGAIN = "Best Gain" BESTRESP = "Best % Response" BESTRESPC = "Best Cumulative % Response" BESTLIFT = "Best Lift" BESTLIFTC = "Best Cumulative Lift" BESTNUMBEROFEVENTS = "Best Number of 
Events" CAP = "% Captured Response" CAPC = "Cumulative % Captured Response" DECILE = "Depth" GAIN = "Gain" LIFT = "Lift" LIFTC = "Cumulative Lift" NUMNEVENT = "Number of Nonevents" N = "Number of Observations" EVENT = "Event" RESPC = "Cumulative % 
Response" NUMBEROFEVENTS = "Number of Events" RESP = "% Response" ;
MPRINT(EM_ASSESS):   RUN;
MPRINT(EM_ASSESS):   QUIT;
MPRINT(EM_ASSESS):   DATA WORK._TEMPRANK;
MPRINT(EM_ASSESS):   SET WORK._TEMPRANK (WHERE = (_MEANP_ > .));
MPRINT(EM_ASSESS):   RUN;
MPRINT(EM_ASSESS):   proc datasets lib=work nolist;
MPRINT(EM_ASSESS):   delete _ea_tmpdata;
MPRINT(EM_ASSESS):   run;
MPRINT(EM_ASSESS):   quit;
MPRINT(EM_ASSESS):  ;
MPRINT(EM_ASSESS):   OPTION ERRORS = 20;
MPRINT(EM_DIAGRAM):  ;
MPRINT(EM_DIAGRAM):    data WORK._TEMPRANK;
MPRINT(EM_DIAGRAM):   length target $32 TARGETLABEL $200 dataRole $20;
MPRINT(EM_DIAGRAM):   label TARGETLABEL = "Target Label";
MPRINT(EM_DIAGRAM):   set WORK._TEMPRANK;
MPRINT(EM_DIAGRAM):   retain target "diagnosis";
MPRINT(EM_DIAGRAM):   retain dataRole "VALIDATE";
MPRINT(EM_DIAGRAM):   run;
MPRINT(EM_DIAGRAM):   data EMWS1.Tree7_EMRANK;
MPRINT(EM_DIAGRAM):   length target $32;
MPRINT(EM_DIAGRAM):   length TARGETLABEL $200;
MPRINT(EM_DIAGRAM):   length dataRole $20;
MPRINT(EM_DIAGRAM):   length EVENT $32;
MPRINT(EM_DIAGRAM):   set EMWS1.Tree7_EMRANK WORK._TEMPRANK;
MPRINT(EM_DIAGRAM):   run;
MPRINT(EM_DIAGRAM):    data WORK._TEMPSCOREDIST;
MPRINT(EM_DIAGRAM):   length target $32 TARGETLABEL $200 dataRole $20;
MPRINT(EM_DIAGRAM):   label TARGETLABEL = "Target Label";
MPRINT(EM_DIAGRAM):   set WORK._TEMPSCOREDIST;
MPRINT(EM_DIAGRAM):   retain target "diagnosis";
MPRINT(EM_DIAGRAM):   retain dataRole "VALIDATE";
MPRINT(EM_DIAGRAM):   run;
MPRINT(EM_DIAGRAM):   data EMWS1.Tree7_EMSCOREDIST;
MPRINT(EM_DIAGRAM):   length target $32;
MPRINT(EM_DIAGRAM):   length TARGETLABEL $200;
MPRINT(EM_DIAGRAM):   length dataRole $20;
MPRINT(EM_DIAGRAM):   length EVENT $32;
MPRINT(EM_DIAGRAM):   length P_LABEL $9;
MPRINT(EM_DIAGRAM):   set EMWS1.Tree7_EMSCOREDIST WORK._TEMPSCOREDIST;
MPRINT(EM_DIAGRAM):   run;
61506      %let _cn = %sysfunc(getoption(CENTER));
61507      options nocenter;
MPRINT(EM_DIAGRAM):    options nocenter;
61508      proc print data=EMWS1.Tree7_EMREPORTFIT noobs label;
MPRINT(EM_DIAGRAM):   proc print data=EMWS1.Tree7_EMREPORTFIT noobs label;
61509      var STAT LABEL TRAIN
61510      VALIDATE
61511      ;
MPRINT(EM_DIAGRAM):   var STAT LABEL TRAIN VALIDATE ;
61512      by TARGET TARGETLABEL;
MPRINT(EM_DIAGRAM):   by TARGET TARGETLABEL;
61513      title9 ' ';
MPRINT(EM_DIAGRAM):   title9 ' ';
61514      title10 "%sysfunc(sasmsg(sashelp.dmine, rpt_fitstat_title  , NOQUOTE))";
MPRINT(EM_DIAGRAM):   title10 "Fit Statistics";
MPRINT(EM_DIAGRAM):   run;
61515      run;

NOTE: There were 8 observations read from the data set EMWS1.TREE7_EMREPORTFIT.
NOTE: The PROCEDURE PRINT printed page 19.
NOTE: PROCEDURE PRINT used (Total process time):
      real time           0.01 seconds
      cpu time            0.01 seconds
      

61516      title10;
MPRINT(EM_DIAGRAM):   title10;
61517      options &_cn;
MPRINT(EM_DIAGRAM):   options NOCENTER;
61518      proc sort data=EMWS1.Tree7_EMCLASSIFICATION nothreads;
MPRINT(EM_DIAGRAM):    proc sort data=EMWS1.Tree7_EMCLASSIFICATION nothreads;
61519      by DATAROLE TARGET TARGETLABEL;
MPRINT(EM_DIAGRAM):   by DATAROLE TARGET TARGETLABEL;
61520      run;
MPRINT(EM_DIAGRAM):   run;

NOTE: There were 8 observations read from the data set EMWS1.TREE7_EMCLASSIFICATION.
NOTE: The data set EMWS1.TREE7_EMCLASSIFICATION has 8 observations and 12 variables.
NOTE: PROCEDURE SORT used (Total process time):
      real time           0.01 seconds
      cpu time            0.00 seconds
      

61521      %let _cn = %sysfunc(getoption(CENTER));
61522      options nocenter;
MPRINT(EM_DIAGRAM):   options nocenter;
61523      proc print data=EMWS1.Tree7_EMCLASSIFICATION noobs label;
MPRINT(EM_DIAGRAM):   proc print data=EMWS1.Tree7_EMCLASSIFICATION noobs label;
61524      var from into pct_row pct_col count percent
61525      ;
MPRINT(EM_DIAGRAM):   var from into pct_row pct_col count percent ;
61526      by DATAROLE TARGET TARGETLABEL;
MPRINT(EM_DIAGRAM):   by DATAROLE TARGET TARGETLABEL;
61527      label FROM = "%sysfunc(sasmsg(sashelp.dmine, rpt_target_vlabel ,     NOQUOTE))";
MPRINT(EM_DIAGRAM):   label FROM = "Target";
61528      label INTO = "%sysfunc(sasmsg(sashelp.dmine, rpt_outcome_vlabel ,    NOQUOTE))";
MPRINT(EM_DIAGRAM):   label INTO = "Outcome";
61529      label PCT_ROW = "%sysfunc(sasmsg(sashelp.dmine, rpt_targetpct_vlabel ,  NOQUOTE))";
MPRINT(EM_DIAGRAM):   label PCT_ROW = "Target Percentage";
61530      label PCT_COL = "%sysfunc(sasmsg(sashelp.dmine, rpt_outcomepct_vlabel , NOQUOTE))";
MPRINT(EM_DIAGRAM):   label PCT_COL = "Outcome Percentage";
61531      label COUNT = "%sysfunc(sasmsg(sashelp.dmine, rpt_count_vlabel ,      NOQUOTE))";
MPRINT(EM_DIAGRAM):   label COUNT = "Frequency Count";
61532      label PERCENT = "%sysfunc(sasmsg(sashelp.dmine, rpt_totalpct_vlabel ,   NOQUOTE))";
MPRINT(EM_DIAGRAM):   label PERCENT = "Total Percentage";
61533      where _TYPE_='PREDICTION';
MPRINT(EM_DIAGRAM):   where _TYPE_='PREDICTION';
61534      title9 ' ';
MPRINT(EM_DIAGRAM):   title9 ' ';
61535      title10 "%sysfunc(sasmsg(sashelp.dmine, rpt_classification_title    , NOQUOTE))";
MPRINT(EM_DIAGRAM):   title10 "Classification Table";
MPRINT(EM_DIAGRAM):   run;
61536      run;

NOTE: There were 8 observations read from the data set EMWS1.TREE7_EMCLASSIFICATION.
      WHERE _TYPE_='PREDICTION';
NOTE: The PROCEDURE PRINT printed page 20.
NOTE: PROCEDURE PRINT used (Total process time):
      real time           0.02 seconds
      cpu time            0.01 seconds
      

61537      title9;
MPRINT(EM_DIAGRAM):   title9;
61538      title10;
MPRINT(EM_DIAGRAM):   title10;
61539      options &_cn;
MPRINT(EM_DIAGRAM):   options NOCENTER;
61540      %let _cn = %sysfunc(getoption(CENTER));
61541      options nocenter;
MPRINT(EM_DIAGRAM):    options nocenter;
61542      data EMWS1.Tree7_EMEVENTREPORT;
MPRINT(EM_DIAGRAM):   data EMWS1.Tree7_EMEVENTREPORT;
61543      length DATAROLE TARGET $32 TARGETLABEL $200 FALSENEVENT TRUENEVENT FALSEEVENT TRUEEVENT 8;
MPRINT(EM_DIAGRAM):   length DATAROLE TARGET $32 TARGETLABEL $200 FALSENEVENT TRUENEVENT FALSEEVENT TRUEEVENT 8;
61544      label DATAROLE = "%sysfunc(sasmsg(sashelp.dmine, rpt_datarole_vlabel ,    NOQUOTE))" TARGET = "%sysfunc(sasmsg(sashelp.dmine, rpt_target_vlabel ,      NOQUOTE))" TARGETLABEL = "%sysfunc(sasmsg(sashelp.dmine, meta_targetlabel_vlabel, NOQUOTE))"
61544    ! FALSEEVENT
61545      = "%sysfunc(sasmsg(sashelp.dmine, rpt_falseevent_vlabel ,  NOQUOTE))" FALSENEVENT = "%sysfunc(sasmsg(sashelp.dmine, rpt_falsenevent_vlabel , NOQUOTE))" TRUEEVENT = "%sysfunc(sasmsg(sashelp.dmine, rpt_trueevent_vlabel ,   NOQUOTE))" TRUENEVENT =
61546         "%sysfunc(sasmsg(sashelp.dmine, rpt_truenevent_vlabel ,  NOQUOTE))";
MPRINT(EM_DIAGRAM):   label DATAROLE = "Data Role" TARGET = "Target" TARGETLABEL = "Target Label" FALSEEVENT = "False Positive" FALSENEVENT = "False Negative" TRUEEVENT = "True Positive" TRUENEVENT = "True Negative";
61547      FALSEEVENT=0;
MPRINT(EM_DIAGRAM):   FALSEEVENT=0;
61548      FALSENEVENT=0;
MPRINT(EM_DIAGRAM):   FALSENEVENT=0;
61549      TRUEEVENT=0;
MPRINT(EM_DIAGRAM):   TRUEEVENT=0;
61550      TRUENEVENT=0;
MPRINT(EM_DIAGRAM):   TRUENEVENT=0;
61551      set EMWS1.Tree7_EMEVENTREPORT;
MPRINT(EM_DIAGRAM):   set EMWS1.Tree7_EMEVENTREPORT;
61552      run;
MPRINT(EM_DIAGRAM):   run;

NOTE: There were 2 observations read from the data set EMWS1.TREE7_EMEVENTREPORT.
NOTE: The data set EMWS1.TREE7_EMEVENTREPORT has 2 observations and 7 variables.
NOTE: DATA statement used (Total process time):
      real time           0.02 seconds
      cpu time            0.03 seconds
      

61553      proc print data=EMWS1.Tree7_EMEVENTREPORT noobs label;
MPRINT(EM_DIAGRAM):   proc print data=EMWS1.Tree7_EMEVENTREPORT noobs label;
61554      title9 ' ';
MPRINT(EM_DIAGRAM):   title9 ' ';
61555      title10 "%sysfunc(sasmsg(sashelp.dmine, rpt_eventtable_title    , NOQUOTE))";
MPRINT(EM_DIAGRAM):   title10 "Event Classification Table";
MPRINT(EM_DIAGRAM):   by notsorted DATAROLE notsorted TARGET notsorted TARGETLABEL;
MPRINT(EM_DIAGRAM):   run;
61556      by notsorted DATAROLE notsorted TARGET notsorted TARGETLABEL;
61557      run;

NOTE: There were 2 observations read from the data set EMWS1.TREE7_EMEVENTREPORT.
NOTE: The PROCEDURE PRINT printed page 21.
NOTE: PROCEDURE PRINT used (Total process time):
      real time           0.02 seconds
      cpu time            0.01 seconds
      

61558      title10;
MPRINT(EM_DIAGRAM):   title10;
61559      options &_cn;
MPRINT(EM_DIAGRAM):   options NOCENTER;
61560      proc datasets library=EMWS1 nolist;
MPRINT(EM_DIAGRAM):    proc datasets library=EMWS1 nolist;
61561      modify Tree7_EMRANK;
MPRINT(EM_DIAGRAM):   modify Tree7_EMRANK;
MPRINT(EM_DIAGRAM):   label target = "Target Variable";
61562      label target = "%sysfunc(sasmsg(sashelp.dmine, rpt_targetvar_vlabel ,   NOQUOTE))";
MPRINT(EM_DIAGRAM):   label datarole = "Data Role";
61563      label datarole = "%sysfunc(sasmsg(sashelp.dmine, rpt_datarole_vlabel ,    NOQUOTE))";
MPRINT(EM_DIAGRAM):   run;
61564      run;

NOTE: MODIFY was successful for EMWS1.TREE7_EMRANK.DATA.
61565      quit;
MPRINT(EM_DIAGRAM):   quit;

NOTE: PROCEDURE DATASETS used (Total process time):
      real time           0.03 seconds
      cpu time            0.01 seconds
      

61566      %let _cn = %sysfunc(getoption(CENTER));
61567      options nocenter;
MPRINT(EM_DIAGRAM):    options nocenter;
61568      proc print data=EMWS1.Tree7_EMRANK label noobs;
MPRINT(EM_DIAGRAM):   proc print data=EMWS1.Tree7_EMRANK label noobs;
61569      var
61570      decile gain lift liftc resp respc N _meanP_;
MPRINT(EM_DIAGRAM):   var decile gain lift liftc resp respc N _meanP_;
61571      by
61572      notsorted DATAROLE
61573      notsorted TARGET
61574      notsorted TARGETLABEL
61575      ;
MPRINT(EM_DIAGRAM):   by notsorted DATAROLE notsorted TARGET notsorted TARGETLABEL ;
61576      title9 ' ';
MPRINT(EM_DIAGRAM):   title9 ' ';
61577      title10 "%sysfunc(sasmsg(sashelp.dmine, rpt_scoreranking_title , NOQUOTE))";
MPRINT(EM_DIAGRAM):   title10 "Assessment Score Rankings";
MPRINT(EM_DIAGRAM):   run;
61578      run;

NOTE: There were 40 observations read from the data set EMWS1.TREE7_EMRANK.
NOTE: The PROCEDURE PRINT printed page 22.
NOTE: PROCEDURE PRINT used (Total process time):
      real time           0.02 seconds
      cpu time            0.00 seconds
      

61579      title10;
MPRINT(EM_DIAGRAM):   title10;
61580      options &_cn;
MPRINT(EM_DIAGRAM):   options NOCENTER;
61581      proc datasets library=EMWS1 nolist;
MPRINT(EM_DIAGRAM):    proc datasets library=EMWS1 nolist;
61582      modify Tree7_EMSCOREDIST;
MPRINT(EM_DIAGRAM):   modify Tree7_EMSCOREDIST;
MPRINT(EM_DIAGRAM):   label target = "Target Variable";
61583      label target = "%sysfunc(sasmsg(sashelp.dmine, rpt_targetvar_vlabel ,      NOQUOTE))";
MPRINT(EM_DIAGRAM):   label datarole = "Data Role";
61584      label datarole = "%sysfunc(sasmsg(sashelp.dmine, rpt_datarole_vlabel ,    NOQUOTE))";
MPRINT(EM_DIAGRAM):   run;
61585      run;

NOTE: MODIFY was successful for EMWS1.TREE7_EMSCOREDIST.DATA.
61586      quit;
MPRINT(EM_DIAGRAM):   quit;

NOTE: PROCEDURE DATASETS used (Total process time):
      real time           0.05 seconds
      cpu time            0.04 seconds
      

MPRINT(EM_DIAGRAM):    options nocenter;
MPRINT(EM_DIAGRAM):   proc print data=EMWS1.Tree7_EMSCOREDIST label noobs;
MPRINT(EM_DIAGRAM):   var p_label numberOfEvents numberOfNonEvents _meanp_ percentage;
MPRINT(EM_DIAGRAM):   by notsorted DATAROLE notsorted TARGET notsorted TARGETLABEL ;
MPRINT(EM_DIAGRAM):   where TARGET in( "diagnosis" );
MPRINT(EM_DIAGRAM):   title9 ' ';
MPRINT(EM_DIAGRAM):   title10 "Assessment Score Distribution";
MPRINT(EM_DIAGRAM):   run;
MPRINT(EM_DIAGRAM):   title10;
MPRINT(EM_DIAGRAM):   options NOCENTER;
MPRINT(EM_DIAGRAM):   proc printto;
MPRINT(EM_DIAGRAM):   run;
