MPRINT(EM_DIAGRAM):    data _null_;
MPRINT(EM_DIAGRAM):   call symput('NLDATE', strip(put(date(), NLDATE.)));
MPRINT(EM_DIAGRAM):   call symput('NLTIME', strip(put(datetime(), NLTIME.)));
MPRINT(EM_DIAGRAM):   run;
MPRINT(EM_DIAGRAM):   data _null_;
MPRINT(EM_DIAGRAM):   nldate= sasmsg("sashelp.dmine", "log_date_note", 'N', "October 03, 2026" );
MPRINT(EM_DIAGRAM):   nltime= sasmsg("sashelp.dmine", "log_time_note", 'N', "18:25:48" );
MPRINT(EM_DIAGRAM):   put "*------------------------------------------------------------*";
MPRINT(EM_DIAGRAM):   put "* Report Log";
MPRINT(EM_DIAGRAM):   put nldate;
MPRINT(EM_DIAGRAM):   put nltime;
MPRINT(EM_DIAGRAM):   put "*------------------------------------------------------------*";
MPRINT(EM_DIAGRAM):   run;
*------------------------------------------------------------*
* Report Log
Date:                October 03, 2026
Time:                18:25:48
*------------------------------------------------------------*
MPRINT(EM_DIAGRAM):    filename O29EM3DV "C:\Users\student\OneDrive - Bryant University\Documents\GitHub\Projects_in_R\Assignments\Assignment 3\Workspaces\EMWS1\Tree6\EMREPORT.out" encoding="UTF-8" NOBOM;
MPRINT(EM_DIAGRAM):   proc printto print=O29EM3DV new;
MPRINT(EM_DIAGRAM):   run;
70902      data EMWS1.Tree6_EMOUTFIT;
MPRINT(EM_DIAGRAM):    data EMWS1.Tree6_EMOUTFIT;
70903      set EMWS1.Tree6_EMOUTFIT;
MPRINT(EM_DIAGRAM):   set EMWS1.Tree6_EMOUTFIT;
70904      length TargetLabel $200;
MPRINT(EM_DIAGRAM):   length TargetLabel $200;
70905      label targetLabel = "%sysfunc(sasmsg(sashelp.dmine, meta_targetlabel_vlabel, NOQUOTE))";
MPRINT(EM_DIAGRAM):   label targetLabel = "Target Label";
70906      run;
MPRINT(EM_DIAGRAM):   run;

NOTE: Variable TargetLabel is uninitialized.
NOTE: There were 1 observations read from the data set EMWS1.TREE6_EMOUTFIT.
NOTE: The data set EMWS1.TREE6_EMOUTFIT has 1 observations and 17 variables.
NOTE: DATA statement used (Total process time):
      real time           0.01 seconds
      cpu time            0.01 seconds
      

70907      proc sort data=EMWS1.Tree6_EMREPORTFIT nothreads;
MPRINT(EM_DIAGRAM):    proc sort data=EMWS1.Tree6_EMREPORTFIT nothreads;
70908      by TARGET;
MPRINT(EM_DIAGRAM):   by TARGET;
70909      run;
MPRINT(EM_DIAGRAM):   run;

NOTE: There were 8 observations read from the data set EMWS1.TREE6_EMREPORTFIT.
NOTE: The data set EMWS1.TREE6_EMREPORTFIT has 8 observations and 7 variables.
NOTE: PROCEDURE SORT used (Total process time):
      real time           0.05 seconds
      cpu time            0.01 seconds
      

70910      %let _EMwarndup = 0;
70911      %let _EMtargetdup =;
70912      %let _EMASEtargetdup =;
70913      data _null_;
MPRINT(EM_DIAGRAM):    data _null_;
70914      set EMWS1.Tree6_EMOUTFIT;
MPRINT(EM_DIAGRAM):   set EMWS1.Tree6_EMOUTFIT;
70915      if .<_ASE_<0.000001 then do;
MPRINT(EM_DIAGRAM):   if .<_ASE_<0.000001 then do;
70916      call symput('_EMwarndup', '1');
MPRINT(EM_DIAGRAM):   call symput('_EMwarndup', '1');
70917      call symput('_EMtargetdup', target);
MPRINT(EM_DIAGRAM):   call symput('_EMtargetdup', target);
70918      call symput('_EMASEtargetdup', put(_ASE_, best.));
MPRINT(EM_DIAGRAM):   call symput('_EMASEtargetdup', put(_ASE_, best.));
70919      end;
MPRINT(EM_DIAGRAM):   end;
70920      run;
MPRINT(EM_DIAGRAM):   run;

NOTE: There were 1 observations read from the data set EMWS1.TREE6_EMOUTFIT.
NOTE: DATA statement used (Total process time):
      real time           0.00 seconds
      cpu time            0.00 seconds
      

70921      %let EMEXCEPTIONSTRING=;
70922      *------------------------------------------------------------*;
MPRINT(EM_DIAGRAM):    *------------------------------------------------------------*;
70923      * REPORT: Tree6;
MPRINT(EM_DIAGRAM):   * REPORT: Tree6;
70924      *------------------------------------------------------------*;
MPRINT(EM_DIAGRAM):   *------------------------------------------------------------*;
70925      %let EM_ACTION = REPORT;
70926      %let syscc = 0;
70927      %macro main;
70928      
70929        %if %upcase(&EM_ACTION) = CREATE %then %do;
70930          filename temp catalog 'sashelp.emmodl.tree_create.source';
70931          %include temp;
70932          filename temp;
70933      
70934          %em_tree_create;
70935        %end;
70936      
70937         %else
70938         %if %upcase(&EM_ACTION) = TRAIN %then %do;
70939      
70940             filename temp catalog 'sashelp.emmodl.tree_train.source';
70941             %include temp;
70942             filename temp;
70943             %em_tree_train;
70944         %end;
70945      
70946        %else
70947        %if %upcase(&EM_ACTION) = SCORE %then %do;
70948          filename temp catalog 'sashelp.emmodl.tree_score.source';
70949          %include temp;
70950          filename temp;
70951      
70952          %em_tree_score;
70953      
70954        %end;
70955      
70956        %else
70957        %if %upcase(&EM_ACTION) = REPORT %then %do;
70958      
70959             filename temp catalog 'sashelp.emmodl.tree_report.source';
70960             %include temp;
70961             filename temp;
70962      
70963             %em_tree_report;
70964         %end;
70965      
70966        %else
70967        %if %upcase(&EM_ACTION) = OPENINT %then %do;
70968      
70969             filename temp catalog 'sashelp.emmodl.tree_actions.source';
70970             %include temp;
70971             filename temp;
70972             %EM_TREE_OPENTREEVIEWER;
70973      
70974         %end;
70975      
70976        %else
70977        %if %upcase(&EM_ACTION) = CLOSEINT %then %do;
70978      
70979             filename temp catalog 'sashelp.emmodl.tree_actions.source';
70980             %include temp;
70981             filename temp;
70982             %EM_TREE_CLOSETREEVIEWER;
70983      
70984         %end;
70985      
70986      
70987         %doendm:
70988      %mend main;
70989      
70990      %main;
MPRINT(EM_DIAGRAM):    
MPRINT(MAIN):   filename temp catalog 'sashelp.emmodl.tree_report.source';
NOTE: %INCLUDE (level 1) file TEMP is file SASHELP.EMMODL.TREE_REPORT.SOURCE.
70992     +%macro em_tree_makePlotDs( multipleTar= );
70994     +  %EM_GETNAME(key=OUTSTATS, type=DATA);
70995     +  %EM_GETNAME(key=OUTNODES, type=DATA);
70996     +  %EM_GETNAME(key=TREE_PLOT, type=DATA);
70997     +  %EM_GETNAME(key=OUTRULES, type=DATA);
70999     +  /* determine if validation statistics will be displayed */
71000     +  %let validflag=N;
71001     +  %if "&EM_PROPERTY_SHOWVALID" eq "Y" %then %do;
71002     +    /* determine if validation data exists */
71003     +    %if &validexist AND ("&EM_PROPERTY_CV" ne "Y") %then %do;
71004     +      %let validflag=Y;
71005     +    %end;
71006     +  %end;
71008     +   /* retrieve name of decmeta even in presence of multiple targets */
71009     +   %let decmeta = ;
71010     +   %if &EM_DEC_DECMETA eq %then %do;
71011     +     data _Target;
71012     +       set &em_data_variableset;
71013     +       where ROLE='TARGET' and USE in('D', 'Y');
71014     +       keep NAME;
71015     +     run;
71016     +     proc sort data=_Target;
71017     +       by NAME;
71018     +     run;
71019     +     proc sort data=EM_TARGETDECINFO;
71020     +       by TARGET;
71021     +     run;
71022     +     data _Target;
71023     +       merge _Target(in=_a) EM_TARGETDECINFO(rename=(TARGET=NAME) );
71024     +       by NAME;
71025     +       if _a then do;
71026     +         call symput('decmeta', trim(DECMETA));
71027     +       end;
71028     +     run;
71029     +     proc delete data=_Target;run;
71030     +   %end;
71031     +   %else %let decmeta = &EM_DEC_DECMETA;
71034     +  /* retrieve targetEvent from decmeta */
71035     +  %let targetEvent=;
71036     +  %if "%EM_TARGET_LEVEL" ne "INTERVAL" %then %do;
71037     +    %if %sysfunc(exist(&DECMETA)) %then %do;
71038     +      data _null_;
71039     +       set &DECMETA(where=(_TYPE_="TARGET"));
71040     +       call symput('targetEvent', strip(tranwrd(EVENT,'"','""')));
71041     +      run;
71042     +    %end;
71043     +  %end;
71045     +  /* retrieve predicted var for targetEvent from decmeta */
71046     +  %let predTarget=;
71047     +  %let predLvl=;
71048     +  %if "%EM_TARGET_LEVEL" ne "INTERVAL" %then %do;
71049     +    %if %sysfunc(exist(&DECMETA)) %then %do;
71050     +      data _null_;
71051     +       set &DECMETA(where=(_TYPE_="PREDICTED" AND LEVEL="&targetEvent"));
71052     +       call symput('predTarget', strip(VARIABLE));
71053     +       call symput('predLvl', strip(LEVEL));
71054     +      run;
71055     +    %end;
71056     +  %end;
71057     +  %else %do;
71058     +    %if %sysfunc(exist(&DECMETA)) %then %do;
71059     +      data _null_;
71060     +       set &DECMETA(where=(_TYPE_="PREDICTED"));
71061     +       call symput('predTarget', strip(VARIABLE));
71062     +      run;
71063     +    %end;
71064     +  %end;
71066     +  /* create BelowText value */
71067     +  data belowtext;
71068     +    set &EM_USER_OUTRULES(where=(ROLE="PRIMARY" AND STAT="VARIABLE") rename=(character_value=belowtext));
71069     +    keep node belowtext;
71070     +  run;
71072     +  /* replace belowtext with variable label if it exists */
71073     +  data belowtext2;
71074     +    set &EM_USER_OUTRULES(where=(ROLE="PRIMARY" AND STAT="LABEL") rename=(character_value=belowtextlbl));
71075     +    keep node belowtextlbl;
71076     +  run;
71078     +  proc sort data=belowtext; by node; run;
71079     +  proc sort data=belowtext2; by node; run;
71081     +  data belowtext;
71082     +    merge belowtext belowtext2(in=_a);
71083     +    by node;
71084     +    if _a then belowtext=belowtextlbl;
71085     +    keep node belowtext;
71086     +  run;
71088     +  /* create AboveText value */
71089     +  data abovetext;
71090     +    set &EM_USER_OUTRULES(where=(ROLE="PRIMARY" AND STAT in ("INTERVAL", "ORDINAL", "NOMINAL")) );
71091     +  run;
71092     +  proc sort data=abovetext; by node numeric_value; run;
71094     +  %let sp_precision = %sysevalf(1 / 10**&EM_PROPERTY_SPLITPRECISION);
71095     +  data abovetext;
71096     +    set abovetext(rename=(node=parent));
71097     +    by parent numeric_value;
71098     +    retain abovetext tempstring flag branch origval origchar ;
71099     +    length abovetext $256;
71100     +    length tempstring origchar $64;
71102     +    if STAT in ("INTERVAL", "ORDINAL") then do;
71103     +      if first.parent then do;
71104     +        if missing(character_value) then do;
71105     +          numeric_value = round(numeric_value, &sp_precision);
71106     +          abovetext = "< "||strip(NUMERIC_VALUE);
71107     +          branch = 1;
71108     +          origval = numeric_value;
71109     +          output;
71110     +        end;
71111     +        else do;
71112     +          abovetext = "< "||strip(CHARACTER_VALUE);
71113     +          branch = 1;
71114     +          origchar = character_value;
71115     +          output;
71116     +        end;
71118     +        if first.parent AND last.parent then do;
71119     +          if missing(character_value) then do;
71120     +            numeric_value = round(numeric_value, &sp_precision);
71121     +            branch = branch + 1;
71122     +            abovetext = ">= "||strip(NUMERIC_VALUE);
71123     +            output;
71124     +          end;
71125     +          else do;
71126     +            branch = branch + 1;
71127     +            abovetext = ">= "||strip(CHARACTER_VALUE);
71128     +            output;
71129     +          end;
71130     +        end;
71131     +      end;
71132     +      else if last.parent then do;
71133     +        if ( missing(character_value) AND (origval ne numeric_value)) or ( ^missing(character_value) AND (origchar ne character_value)) then do;
71134     +          if missing(character_value) then do;
71135     +            numeric_value = round(numeric_value, &sp_precision);
71136     +            abovetext= "[ "||strip(origval)||", "|| strip(numeric_value)||" )";
71137     +          end;
71138     +          else do;
71139     +            abovetext= ">= "||strip(origchar)||" AND < "|| strip(character_value);
71140     +          end;
71141     +          branch = branch + 1;
71142     +          output;
71144     +          if missing(character_value) then do;
71145     +            numeric_value = round(numeric_value, &sp_precision);
71146     +            abovetext = ">= "||strip(NUMERIC_VALUE);
71147     +          end;
71148     +          else do;
71149     +            abovetext = ">= "||strip(CHARACTER_VALUE);
71150     +          end;
71151     +          branch = branch + 1;
71152     +          output;
71153     +        end;
71154     +        else do;
71155     +          if missing(character_value) then do;
71156     +            numeric_value = round(numeric_value, &sp_precision);
71157     +            abovetext = ">= "||strip(NUMERIC_VALUE);
71158     +          end;
71159     +          else do;
71160     +            abovetext = ">= "||strip(CHARACTER_VALUE);
71161     +          end;
71162     +          branch = branch + 1;
71163     +          output;
71164     +        end;
71165     +      end;
71166     +      else do;
71167     +        if ( missing(character_value) AND (origval ne numeric_value)) or ( ^missing(character_value) AND (origchar ne character_value)) then do;
71168     +          if missing(character_value) then do;
71169     +            numeric_value = round(numeric_value,&sp_precision);
71170     +            abovetext= "[ "||strip(origval)||", "|| strip(numeric_value)||" )";
71171     +            origval = numeric_value;
71172     +          end;
71173     +          else do;
71174     +            abovetext= ">= "||strip(origchar)||" AND < "|| strip(character_value);
71175     +            origchar = character_value;
71176     +          end;
71177     +          branch = branch + 1;
71178     +          output;
71180     +        end;
71181     +        else do;
71182     +          if missing(character_value) then do;
71183     +            numeric_value = round(numeric_value, &sp_precision);
71184     +            abovetext = ">= "||strip(NUMERIC_VALUE);
71185     +            origval = numeric_value;
71186     +          end;
71187     +          else do;
71188     +            abovetext = ">= "||strip(CHARACTER_VALUE);
71189     +            origval = character_value;
71190     +          end;
71191     +          branch = branch + 1;
71192     +          output;
71193     +        end;
71194     +      end;
71195     +    end;
71196     +    else do;
71197     +       if first.numeric_value then do;
71198     +         flag = 0;
71199     +         abovetext = strip(CHARACTER_VALUE);
71200     +         branch = numeric_value;
71201     +         if first.numeric_value AND last.numeric_value then do;
71202     +           output;
71203     +         end;
71204     +       end;
71205     +       else if last.numeric_value then do;
71206     +         if flag=0 then do;
71207     +           tempstring = strip(abovetext)||", "||strip(CHARACTER_VALUE);
71208     +           length = length(strip(tempstring));
71209     +           if length < 32 then do;
71210     +             abovetext = strip(tempstring);
71211     +           end;
71212     +           else do;
71213     +             abovetext = strip(abovetext)||", ...";
71214     +             flag = 1;
71215     +           end;
71216     +         end;
71217     +         branch = numeric_value;
71218     +         output;
71219     +       end;
71220     +       else do;
71221     +         if flag=0 then do;
71222     +           tempstring = strip(abovetext)||", "||strip(CHARACTER_VALUE);
71223     +           length = length(strip(tempstring));
71224     +           if length < 32 then do;
71225     +             abovetext = strip(tempstring);
71226     +           end;
71227     +           else do;
71228     +             abovetext = strip(abovetext)||", ...";
71229     +             flag=1;
71230     +           end;
71231     +         end;
71232     +         branch = numeric_value;
71233     +       end;
71234     +    end;
71235     +    keep parent branch abovetext;
71236     +  run;
71238     +  /* Missing value to abovetext */
71239     +  data tempmissing;
71240     +    set &EM_USER_OUTRULES;
71241     +    if ((ROLE="PRIMARY") AND (STAT in ("MISSING")));
71242     +    rename node=parent numeric_value=branch character_value=misschar;
71243     +  run;
71246     +  proc sort data=abovetext; by parent branch; run;
71247     +  proc sort data=tempmissing; by parent branch; run;
71248     +  proc sort data=&EM_USER_OUTNODES out=tempoutnodes; by parent branch; run;
71250     +  data tempoutnodes;
71251     +    merge abovetext tempoutNodes(drop=abovetext) tempmissing(in=_a);
71252     +    by parent branch;
71253     +    length traintotal validtotal 8;
71254     +    retain traintotal validtotal;
71256     +    if _a then do;
71257     +      if ^MISSING(abovetext) then do;
71258     +        abovetext= strip(abovetext)||" %sysfunc(sasmsg(sashelp.dmine, tree_ormiss_vlabel, noquote))";
71259     +      end;
71260     +      else do;
71261     +        abovetext = " %sysfunc(sasmsg(sashelp.dmine, tree_missonly_vlabel, noquote))";
71262     +      end;
71263     +    end;
71264     +    if MISSING(abovetext) then abovetext="%sysfunc(sasmsg(sashelp.dmine, tree_nonmiss_vlabel, noquote))";
71266     +    if node=1 then do;
71267     +      traintotal = N;
71268     +      validtotal=VN;
71269     +    end;
71271     +    drop role rank stat misschar belowtext;
71272     +  run;
71273     +  proc sort data=tempoutnodes; by node; run;
71274     +  proc sort data=belowtext; by node; run;
71276     +  data tempoutnodes;
71277     +    merge tempoutnodes belowtext;
71278     +    by node;
71280     +  run;
71282     +  /* determine if adjusted counts exists; if so, use these vs true counts */
71283     +  %let adjusted = N;
71284     +  %let npriors = 0;
71285     +  data _null_ ;
71286     +    set &EM_USER_outstats(where=(STATNAME="NPRIORS")) end=eof ;
71287     +    if eof then do ;
71288     +      call symput("npriors" , strip(put(_N_,best.))) ;
71289     +    end;
71290     +  run;
71291     +  %if &npriors gt 0 %then %let adjusted=Y;
71294     +  /* create a table with targetUsed and targetLevel columns for each node */
71295     +  data temptarmeta;
71296     +    set &EM_DATA_VARIABLESET(where=(ROLE='TARGET' AND LEVEL^='ORDINAL'
71297     +    %if &multipleTar eq N %then %do;
71298     +      AND USE in ('D', 'Y')
71299     +    %end;
71300     +    ));
71301     +    length TARGET $32;
71302     +    Target=name;
71303     +    keep target level;
71304     +  run;
71306     +  %if &multipleTar eq Y %then %do;
71307     +    data temptargetused;
71308     +      set &EM_USER_OUTSTATS(where=(STATNAME="TARGET"));
71309     +      keep node target;
71310     +    run;
71311     +    proc sort data=temptargetused; by target; run;
71312     +    proc sort data=temptarmeta; by target; run;
71313     +    data temptargetused;
71314     +      merge temptargetused(in=_a) temptarmeta(in=_b rename=(level=tarlevel));
71315     +      by target;
71316     +      if _a and _b;
71317     +    run;
71318     +  %end;
71319     +  %else %do;
71320     +    data temptargetused;
71321     +      set &EM_USER_OUTSTATS;
71322     +      length target $32 tarlevel $10;
71323     +      target="%EM_TARGET";
71324     +      tarlevel="%EM_TARGET_LEVEL";
71325     +      keep node target tarlevel;
71326     +    run;
71327     +    proc sort data=temptargetused nodupkey; by node; run;
71328     +  %end;
71330     +  /* merge this information back into outstats, keeping only stats for the target used in the tree */
The SAS System

71331     +  proc sort data=&EM_USER_OUTSTATS out=tempoutstats; by node; run;
71332     +  proc sort data=temptargetused; by node; run;
71335     +  /* create tables for all interval targets as well as all class targets */
71336     +  data tempinterval tempclass;
71337     +    merge tempoutstats temptargetused( rename=(target=targetused));
71338     +    by node;
71339     +    %if "&multipleTar" eq "Y" %then %do;
71340     +      if ((missing(Target)) OR (target=targetused ));
71341     +    %end;
71343     +    if tarlevel="INTERVAL" then output tempinterval;
71344     +    else output tempclass;
71345     +  run;
71347     +  /* initialize intTarget and classTarget flags */
71348     +  %let em_intNobs =0;
71349     +  %let em_classNobs = 0;
71350     +  %let em_intTarget= N;
71351     +  %let em_classTarget= N;
71353     +  proc sql;
71354     +    reset noprint;
71355     +    select count(*) into :em_intNobs from tempinterval;
71356     +  quit;
71357     +  proc sql;
71358     +    reset noprint;
71359     +    select count(*) into :em_classNobs from tempclass;
71360     +  quit;
71362     +  %if &em_intNobs gt 0 %then %let em_intTarget=Y;
71363     +  %if &em_classNobs gt 0 %then %let em_classTarget=Y;
71365     +  /* retrieve all information for interval targets */
71366     +  %if &em_intTarget eq Y %then %do;
71368     +    /* determine if leaf variable exists */
71369     +    %let dsid=%sysfunc(open(tempinterval,i));
71370     +    %let leafexists=%sysfunc(varnum(&dsid,LEAF));
71371     +    %let rc=%sysfunc(close(&dsid));
71373     +    proc transpose data=tempinterval
71374     +      %if &leafexists %then %do;
71375     +        (drop=leaf)
71376     +      %end;
71377     +      %if &validexist %then %do;
71378     +       out=tempinterval(keep=NODE N VALID: N PREDICTION VALID: PREDICTION RASE VALID: RASE rename=(VALID__N=VN VALID__PREDICTION=VPREDICTION VALID__RASE=VRASE)) ;
71379     +      %end;
71380     +      %else %do;
71381     +         out=tempinterval(keep=NODE N PREDICTION RASE ) ;
71382     +      %end;
71383     +      by node;
71384     +      id statname;
71385     +    run;
71386     +    data tempinterval;
71387     +      set tempinterval;
71388     +      if missing(N) then delete;
71389     +    run;
71390     +  %end;
71392     +  /* retrieve all information for class targets */
71393     +  %if &em_classTarget eq Y %then %do;
71394     +    proc sort data=tempclass; by node category; run;
71395     +    %if &validflag eq N %then %do;
71396     +      data tempn(keep=NODE STATVALUE) temppredict(Keep=NODE CATEGORY) tempprob(keep=NODE STATVALUE CATEGORY TARGET )
71397     +           tempprofit(KEEP=NODE STATVALUE CATEGORY  ) temploss(KEEP=NODE STATVALUE CATEGORY  );
71398     +    %end;
71399     +    %else %do;
71400     +     data tempn(keep=NODE STATVALUE STATNAME) temppredict(Keep=NODE CATEGORY) tempprob(keep=NODE STATVALUE CATEGORY TARGET ) tempvprob(keep=NODE STATVALUE CATEGORY TARGET )
71401     +          tempprofit(KEEP=NODE STATVALUE STATNAME CATEGORY ) temploss(KEEP=NODE STATVALUE STATNAME CATEGORY );
71402     +    %end;
71403     +      set tempclass;
71405     +      %if &validflag eq N %then %do;
71406     +        %if "&adjusted" eq "N" %then %do;
71407     +          if statname="N" then output tempn;
71408     +        %end;
71409     +        %else %do;
71410     +          if statname="NPRIORS" then output tempn;
71411     +        %end;
71412     +        else if statname="PREDICTION" then output temppredict;
71413     +        else if statname="PROBABILITY" then output tempprob;
71414     +        else if statname="ALTERNATIVE PROFIT" then output tempprofit;
71415     +        else if statname="ALTERNATIVE LOSS" then output temploss;
71416     +      %end;
71417     +      %else %do;
71418     +        %if "&adjusted" eq "N" %then %do;
71419     +          if ((statname="N") OR (statname="VALID: N")) then output tempn;
71420     +        %end;
71421     +        %else %do;
71422     +          if ((statname="NPRIORS") or (statname="VALID: NPRIORS") ) then output tempn;
71423     +        %end;
71424     +        else if statname="PREDICTION" then output temppredict;
71425     +        else if statname="PROBABILITY" then output tempprob;
71426     +        else if statname="VALID: PROBABILITY" then output tempvprob;
71427     +        else if ((statname="ALTERNATIVE PROFIT") or (statname="VALID: ALTERNATIVE PROFIT")) then output tempprofit;
71428     +        else if ((statname="ALTERNATIVE LOSS") OR (statname="VALID: ALTERNATIVE LOSS")) then output temploss;
71429     +      %end;
71430     +    run;
71433     +    /* determine if profit/loss exists in tempprofit */
71434     +    %let em_profitflag=0;
71435     +    %let em_lossflag=0;
71436     +    proc sql;
71437     +      reset noprint;
71438     +      select count(*) into :em_profitflag from tempprofit;
71439     +    quit;
71440     +    proc sql;
71441     +      reset noprint;
71442     +      select count(*) into :em_lossflag from temploss;
71443     +    quit;
71445     +    %if &validFlag eq Y %then %do;
71446     +      proc transpose data=tempn
71447     +        %if "&adjusted" eq "N" %then %do;
71448     +           out=tempn(keep=node N VALID__N rename=(VALID__N=VN));
71449     +        %end;
71450     +        %else %do;
71451     +           out=tempn(keep=node NPRIORS VALID__NPRIORS rename=( VALID__NPRIORS=VNPRIORS));
71452     +        %end;
71453     +        by node;
71454     +        id statname;
71455     +      run;
71456     +      %if &em_profitflag ne 0 %then %do;
71457     +        proc transpose data=tempprofit out=tempprofit;
71458     +          by node category;
71459     +          id statname ;
71460     +        run;
71461     +      %end;
71462     +      %if &em_lossflag ne 0 %then %do;
71463     +        proc transpose data=temploss out=temploss;
71464     +          by node category;
71465     +          id statname ;
71466     +        run;
71467     +      %end;
71468     +      data tempprob;
71469     +        merge tempprob tempvprob(rename=(statvalue=vstatvalue));
71470     +        by node
71471     +        %if &multipleTar eq Y %then %do;
71472     +          target
71473     +        %end;
71474     +        category;
71475     +      run;
71476     +    %end;
71478     +    /* store percentcorrect value */
71479     +    data temppredict;
71480     +      merge tempprob temppredict(in=_a);
71481     +      by node category;
71482     +      if _a then do;
71483     +        percentCorrect = statvalue;
71484     +        %if &validFlag eq Y %then %do;
71485     +          vpercentCorrect= vstatvalue;
71486     +        %end;
71487     +      end;
71488     +      label percentCorrect="%sysfunc(sasmsg(sashelp.dmine, rpt_percentcorrect_vlabel, noquote))"
71489     +      %if &validFlag eq Y %then %do;
71490     +         vpercentCorrect="%sysfunc(sasmsg(sashelp.dmine, rpt_vpercentcorrect_vlabel, noquote))"
71491     +      %end;
71492     +      ;
71493     +      if missing(percentCorrect) then delete;
71494     +      drop target;
71495     +    run;
71497     +    /* build profittext */
71498     +    %if ((&em_profitflag ne 0) OR (&em_lossflag ne 0)) %then %do;
71499     +      data tempprofittext(keep= node profittext profitloss);
71500     +        length profittext $800 profitloss 8.;
71501     +        retain profittext profitloss;
71503     +        merge tempprob
71504     +        %if &em_profitflag ne 0 %then %do;
71505     +          tempprofit
71506     +        %end;
71507     +        %else %if &em_lossflag ne 0 %then %do;
71508     +          temploss
71509     +        %end;
71510     +        ;
71511     +        by node category;
71513     +        /* EVENT ONLY IS NOT AVAILABLE FOR MULTIPLE TARGETS AS ONLY PRIMARY TARGET IS IN EM_TARGETDECINFO TO RETRIEVE EVENT LEVEL */
71514     +        %let profittype = &EM_PROPERTY_PROFITLOSS;
71515     +        %if ((&multipleTar eq Y) AND ("&EM_PROPERTY_PROFITLOSS" eq "EVENT"))  %then %do;
71516     +          %let profittype = ALL;
71517     +        %end;
71519     +        /* create the profitloss variable for nodecolor if selected */
71520     +        label profitloss="%sysfunc(sasmsg(sashelp.dmine, rpt_profitloss_vlabel, noquote))";
71522     +        %if "&profittype" eq "ALL" %then %do;
71523     +          if strip(CATEGORY)="&targetEvent" then do;
71524     +            profitloss=statvalue;
71525     +          end;
71526     +          if first.node then do;
71527     +            %if &validFlag eq N %then %do;
71528     +             %if &em_profitflag ne 0 %then %do;
71529     +                 profittext="%sysfunc(sasmsg(sashelp.dmine, rpt_profit_vlabel, noquote )): "||strip(CATEGORY)||": "||"09"x||put(STATVALUE, 14.&EM_PROPERTY_SPLITPRECISION);
71530     +             %end;
71531     +             %if &em_lossflag ne 0 %then %do;
71532     +                 profittext="%sysfunc(sasmsg(sashelp.dmine, rpt_loss_vlabel, noquote )): "||strip(CATEGORY)||": "||"09"x||put(STATVALUE, 14.&EM_PROPERTY_SPLITPRECISION);
71533     +             %end;
71534     +            %end;
71535     +            %else %do;
71536     +             %if &em_profitflag ne 0 %then %do;
71537     +                profittext="%sysfunc(sasmsg(sashelp.dmine, rpt_profit_vlabel, noquote )): "||strip(CATEGORY)||": "||"09"x||put(ALTERNATIVE_PROFIT, 14.&EM_PROPERTY_SPLITPRECISION)||"09"x||put(VALID__ALTERNATIVE_PROFIT,
71537    !+14.&EM_PROPERTY_SPLITPRECISION);
71538     +             %end;
71539     +             %if &em_lossflag ne 0 %then %do;
71540     +                profittext="%sysfunc(sasmsg(sashelp.dmine, rpt_loss_vlabel, noquote )): "||strip(CATEGORY)||": "||"09"x||put(ALTERNATIVE_LOSS, 14.&EM_PROPERTY_SPLITPRECISION)||"09"x||put(VALID__ALTERNATIVE_LOSS, 14.&EM_PROPERTY_SPLITPRECISION);
71541     +             %end;
71542     +            %end;
71543     +          end;
71544     +          else if last.node then do;
71545     +            %if &validFlag eq N %then %do;
71546     +             %if &em_profitflag ne 0 %then %do;
71547     +                 profittext=strip(profittext)||"0A"x||"%sysfunc(sasmsg(sashelp.dmine, rpt_profit_vlabel, noquote )): "||strip(CATEGORY)||": "||"09"x||put(STATVALUE, 14.&EM_PROPERTY_SPLITPRECISION);
71548     +             %end;
71549     +             %if &em_lossflag ne 0 %then %do;
71550     +                 profittext=strip(profittext)||"0A"x||"%sysfunc(sasmsg(sashelp.dmine, rpt_loss_vlabel, noquote )): "||strip(CATEGORY)||": "||"09"x||put(STATVALUE, 14.&EM_PROPERTY_SPLITPRECISION);
71551     +             %end;
71552     +             /*if CATEGORY="&targetEvent" then do;
71553     +               profitloss=statvalue;
71554     +             end;*/
71555     +            %end;
71556     +            %else %do;
71557     +             %if &em_profitflag ne 0 %then %do;
71558     +                profittext=strip(profittext)||"0A"x||"%sysfunc(sasmsg(sashelp.dmine, rpt_profit_vlabel, noquote )): "||strip(CATEGORY)||": "||"09"x||put(ALTERNATIVE_PROFIT, 14.&EM_PROPERTY_SPLITPRECISION)||"09"x||put(VALID__ALTERNATIVE_PROFIT,
71558    !+14.&EM_PROPERTY_SPLITPRECISION);
71559     +                if CATEGORY="&targetEvent" then do;
71560     +                 profitloss=ALTERNATIVE_PROFIT;
71561     +                end;
71562     +             %end;
71563     +             %if &em_lossflag ne 0 %then %do;
71564     +                profittext=strip(profittext)||"0A"x||"%sysfunc(sasmsg(sashelp.dmine, rpt_loss_vlabel, noquote )): "||strip(CATEGORY)||": "||"09"x||put(ALTERNATIVE_LOSS, 14.&EM_PROPERTY_SPLITPRECISION)||"09"x||put(VALID__ALTERNATIVE_LOSS,
71564    !+14.&EM_PROPERTY_SPLITPRECISION);
71565     +                if CATEGORY="&targetEvent" then do;
71566     +                  profitloss=ALTERNATIVE_LOSS;
71567     +                end;
71568     +             %end;
71569     +            %end;
71570     +            output;
71571     +          end;
71572     +          else do;
71573     +            %if &validFlag eq N %then %do;
71574     +             %if &em_profitflag ne 0 %then %do;
71575     +                 profittext=strip(profittext)||"0A"x||"%sysfunc(sasmsg(sashelp.dmine, rpt_profit_vlabel, noquote )): "||strip(CATEGORY)||": "||"09"x||put(STATVALUE, 14.&EM_PROPERTY_SPLITPRECISION);
71576     +             %end;
71577     +             %if &em_lossflag ne 0 %then %do;
71578     +                 profittext=strip(profittext)||"0A"x||"%sysfunc(sasmsg(sashelp.dmine, rpt_loss_vlabel, noquote )): "||strip(CATEGORY)||": "||"09"x||put(STATVALUE, 14.&EM_PROPERTY_SPLITPRECISION);
71579     +             %end;
71580     +            %end;
71581     +            %else %do;
71582     +             %if &em_profitflag ne 0 %then %do;
71583     +                profittext=strip(profittext)||"0A"x||"%sysfunc(sasmsg(sashelp.dmine, rpt_profit_vlabel, noquote )): "||strip(CATEGORY)||": "||"09"x||put(ALTERNATIVE_PROFIT, 14.&EM_PROPERTY_SPLITPRECISION)||"09"x||put(VALID__ALTERNATIVE_PROFIT,
71583    !+14.&EM_PROPERTY_SPLITPRECISION);
71584     +             %end;
71585     +             %if &em_lossflag ne 0 %then %do;
71586     +                profittext=strip(profittext)||"0A"x||"%sysfunc(sasmsg(sashelp.dmine, rpt_loss_vlabel, noquote )): "||strip(CATEGORY)||": "||"09"x||put(ALTERNATIVE_LOSS, 14.&EM_PROPERTY_SPLITPRECISION)||"09"x||put(VALID__ALTERNATIVE_LOSS,
71586    !+14.&EM_PROPERTY_SPLITPRECISION);
71587     +             %end;
71588     +            %end;
71589     +          end;
71590     +        %end;
71591     +        %else %if (("&profittype" eq "EVENT") AND ("&targetEvent" ne "" )) %then %do;
71592     +          if strip(CATEGORY) = "&targetevent" then do;
71593     +            %if &validFlag eq N %then %do;
71594     +             %if &em_profitflag ne 0 %then %do;
71595     +                 profittext="%sysfunc(sasmsg(sashelp.dmine, rpt_profit_vlabel, noquote )): "||strip(CATEGORY)||": "||"09"x||put(STATVALUE, 14.&EM_PROPERTY_SPLITPRECISION);
71596     +             %end;
71597     +             %if &em_lossflag ne 0 %then %do;
71598     +                 profittext="%sysfunc(sasmsg(sashelp.dmine, rpt_loss_vlabel, noquote )): "||strip(CATEGORY)||": "||"09"x||put(STATVALUE, 14.&EM_PROPERTY_SPLITPRECISION);
71599     +             %end;
71600     +             profitloss=statvalue;
71601     +            %end;
71602     +            %else %do;
71603     +             %if &em_profitflag ne 0 %then %do;
71604     +                profittext="%sysfunc(sasmsg(sashelp.dmine, rpt_profit_vlabel, noquote )): "||strip(CATEGORY)||": "||"09"x||put(ALTERNATIVE_PROFIT, 14.&EM_PROPERTY_SPLITPRECISION)||"09"x||put(VALID__ALTERNATIVE_PROFIT,
71604    !+14.&EM_PROPERTY_SPLITPRECISION);
71605     +                profitloss=ALTERNATIVE_PROFIT;
71606     +             %end;
71607     +             %if &em_lossflag ne 0 %then %do;
71608     +                profittext="%sysfunc(sasmsg(sashelp.dmine, rpt_loss_vlabel, noquote )): "||strip(CATEGORY)||": "||"09"x||put(ALTERNATIVE_LOSS, 14.&EM_PROPERTY_SPLITPRECISION)||"09"x||put(VALID__ALTERNATIVE_LOSS, 14.&EM_PROPERTY_SPLITPRECISION);
71609     +                profitloss=ALTERNATIVE_LOSS;
71610     +             %end;
71611     +            %end;
71612     +            output;
71613     +          end;
71614     +        %end;
71615     +        %else %if (("&profittype" eq "NONE") AND ("&targetEvent" ne "" )) %then %do;
71616     +          if strip(CATEGORY) = "&targetevent" then do;
71617     +            %if &validFlag eq N %then %do;
71618     +             profitloss=statvalue;
71619     +            %end;
71620     +            %else %do;
71621     +             %if &em_profitflag ne 0 %then %do;
71622     +                profitloss=ALTERNATIVE_PROFIT;
71623     +             %end;
71624     +             %if &em_lossflag ne 0 %then %do;
71625     +                profitloss=ALTERNATIVE_LOSS;
71626     +             %end;
71627     +            %end;
71628     +            output;
71629     +          end;
71630     +        %end;
71631     +      run;
71632     +    %end;
71634     +    data tempprob(keep= node probtext);
71635     +      length probtext $800;
71636     +      retain probtext;
71637     +      set tempprob ;
71638     +      by node;
71640     +      /* EVENT ONLY IS NOT AVAILABLE FOR MULTIPLE TARGETS AS ONLY PRIMARY TARGET IS IN EM_TARGETDECINFO TO RETRIEVE EVENT LEVEL */
71641     +      %let probtype = &EM_PROPERTY_TARGET;
71642     +      %if ((&multipleTar eq Y) AND ("&EM_PROPERTY_TARGET" eq "EVENT"))  %then %do;
71643     +        %let probtype = ALL;
71644     +      %end;
71646     +      %if "&probtype" eq "ALL" %then %do;
71647     +        if first.node then do;
71648     +          %if &validFlag eq N %then %do;
71649     +            probtext=strip(CATEGORY)||": "||"09"x||put(statvalue, percent10.2);
71650     +          %end;
71651     +          %else %do;
71652     +            probtext=strip(CATEGORY)||": "||"09"x||put(statvalue, percent10.2)||"09"x||put(vstatvalue, percent10.2);
71653     +          %end;
71654     +        end;
71655     +        else if last.node then do;
71656     +          %if &validFlag eq N %then %do;
71657     +            probtext=strip(probtext)||"0A"x||strip(CATEGORY)||": "||"09"x||put(statvalue, percent10.2);
71658     +          %end;
71659     +          %else %do;
71660     +            probtext=strip(probtext)||"0A"x||strip(CATEGORY)||": "||"09"x||put(statvalue, percent10.2)||"09"x||put(vstatvalue, percent10.2);
71661     +          %end;
71662     +          output;
71663     +        end;
71664     +        else do;
71665     +          %if &validFlag eq N %then %do;
71666     +            probtext=strip(probtext)||"0A"x||strip(CATEGORY)||": "||"09"x||put(statvalue, percent10.2);
71667     +          %end;
71668     +          %else %do;
71669     +            probtext=strip(probtext)||"0A"x||strip(CATEGORY)||": "||"09"x||put(statvalue, percent10.2)||"09"x||put(vstatvalue, percent10.2);
71670     +          %end;
71671     +        end;
71672     +      %end;
71673     +      %else %if (("&probtype" eq "EVENT") AND ("&targetEvent" ne "" )) %then %do;
71674     +        if strip(CATEGORY) = "&targetevent" then do;
71675     +          %if &validFlag eq N %then %do;
71676     +            probtext=strip(CATEGORY)||": "||"09"x||put(statvalue, percent10.2);
71677     +          %end;
71678     +          %else %do;
71679     +            probtext=strip(CATEGORY)||": "||"09"x||put(statvalue, percent10.2)||"09"x||put(vstatvalue, percent10.2);
71680     +          %end;
71681     +          output;
71682     +        end;
71683     +      %end;
71684     +      %else %if "&probtype" eq "NONE" %then %do;
71685     +        if last.node then do;
71686     +          output;
71687     +        end;
71688     +      %end;
71689     +    run;
71690     +  %end;
71692     +  proc sort data=tempoutnodes out=tempoutnodes; by node; run;
71694     +  %let oldexists=0;
71695     +  %if %sysfunc(exist(&EM_USER_TREE_PLOT)) %then %do;
71696     +     data old_tree_plot;
71697     +        set &EM_USER_TREE_PLOT(keep=node nodecolor);
71698     +        rename nodecolor=oldnodecolor;
71699     +     run;
71701     +     proc sort data=old_tree_plot;
71702     +        by node;
71703     +     run;
71705     +     %let oldexists=1;
71706     +  %end;
71708     +  data &EM_USER_TREE_PLOT;
71709     +    length textall $800;
71710     +    merge tempoutnodes temptargetused
71712     +    %if &em_intTarget eq Y %then %do;
71713     +      tempinterval
71714     +    %end;
71716     +    %if &em_classTarget eq Y %then %do;
71718     +      %if &validFlag eq N %then %do;
71719     +        tempn(rename=(statvalue=N))
71720     +      %end;
71721     +      %else %do;
71722     +        tempn
71723     +      %end;
71725     +      temppredict tempprob
71727     +      %if ((&em_profitflag ne 0) OR (&em_lossflag ne 0)) %then %do;
71728     +        tempprofittext
71729     +      %end;
71730     +    %end;
71731     +    ;
71732     +    by node;
71734     +    /* build nodetext based on user selection */
71735     +    textall="";
71737     +    %if &em_intTarget eq Y %then %do;
71738     +    if tarlevel="INTERVAL" then do;
71739     +      /* Nodeid */
71740     +      %if "&EM_PROPERTY_SHOWNODEID" eq "Y" %then %do;
71741     +        textall=strip(textall)||"0A"x||"%sysfunc(sasmsg(sashelp.dmine, rpt_nodeId_vlabel, noquote )): "||"09"x||strip(Node);
71742     +      %end;
71744     +      /* Target identifier if multiple targets are used */
71745     +      %if "&multipleTar" eq "Y" %then %do;
71746     +        textall=strip(textall)||"0A"x||"%sysfunc(sasmsg(sashelp.dmine, rpt_target_title, noquote, )) "||"09"x||strip(target);
71747     +      %end;
71749     +      %if &validFlag eq Y %then %do;
71750     +         /* Column labels displayed in validflag eq Y only */
71751     +         %if (("&EM_PROPERTY_AVG" eq "Y") OR ("&EM_PROPERTY_RASE" eq "Y") OR ("&EM_PROPERTY_COUNT" eq "Y")) %then %do;
71752     +           textall=strip(textall)||"0A"x||"%sysfunc(sasmsg(sashelp.dmine, rpt_rptstatistic_vlabel, noquote)) "||"09"x||"%sysfunc(sasmsg(sashelp.dmine, rpt_train_vlabel , noquote ))" ||"09"x|| "%sysfunc(sasmsg(sashelp.dmine, rpt_validate_vlabel ,
71752    !+ noquote ))";
71753     +         %end;
71755     +         /* Average values */
71756     +         %if "&EM_PROPERTY_AVG" eq "Y" %then %do;
71757     +           textall=strip(textall)||"0A"x||"%sysfunc(sasmsg(sashelp.dmine, rpt_average_vlabel, noquote)): "||"09"x||put(PREDICTION, 14.&EM_PROPERTY_SPLITPRECISION)||"09"x||put(VPREDICTION, 14.&EM_PROPERTY_SPLITPRECISION);
71758     +         %end;
71760     +         /* RASE */
71761     +         %if "&EM_PROPERTY_RASE" eq "Y" %then %do;
71762     +           textall=strip(textall)||"0A"x||"%sysfunc(sasmsg(sashelp.dmine, rpt_rase_vlabel, noquote)): "||"09"x||put(RASE, 14.&EM_PROPERTY_SPLITPRECISION)||"09"x||put(VRASE, 14.&EM_PROPERTY_SPLITPRECISION);
71763     +         %end;
71765     +         /* Count */
71766     +         %if "&EM_PROPERTY_COUNT" eq "Y" %then %do;
71767     +           textall=strip(textall)||"0A"x||" %sysfunc(sasmsg(sashelp.dmine, rpt_rptcount_vlabel, noquote )): "||"09"x||strip(N)||"09"x||strip(VN);
71768     +         %end;
71769     +      %end;
71770     +      %else %do;
71771     +         /* Average values */
71772     +         %if "&EM_PROPERTY_AVG" eq "Y" %then %do;
71773     +           textall=strip(textall)||"0A"x||"%sysfunc(sasmsg(sashelp.dmine, rpt_average_vlabel, noquote)): "||"09"x||put(PREDICTION, 14.&EM_PROPERTY_SPLITPRECISION);
71774     +         %end;
71776     +         /* RASE */
71777     +         %if "&EM_PROPERTY_RASE" eq "Y" %then %do;
71778     +           textall=strip(textall)||"0A"x||"%sysfunc(sasmsg(sashelp.dmine, rpt_rase_vlabel, noquote)): "||"09"x||put(RASE, 14.&EM_PROPERTY_SPLITPRECISION);
71779     +         %end;
71781     +         /* Count */
71782     +         %if "&EM_PROPERTY_COUNT" eq "Y" %then %do;
71783     +           textall=strip(textall)||"0A"x||" %sysfunc(sasmsg(sashelp.dmine, rpt_rptcount_vlabel, noquote )): "||"09"x||strip(N);
71784     +         %end;
71785     +      %end;
71787     +      /* nodecolor */
71788     +      %if "&EM_PROPERTY_INTCOLORBY" eq "AVG" %then %do;
71789     +        nodecolor=PREDICTION;
71790     +      %end;
71791     +      %else %if "&EM_PROPERTY_INTCOLORBY" eq "RASE" %then %do;
71792     +        nodecolor=RASE;
71793     +      %end;
71794     +      %else %if "&EM_PROPERTY_INTCOLORBY" eq "SINGLE" %then %do;
71795     +        nodecolor=1;
71796     +      %end;
71798     +    end;
71799     +    %end;
71800     +    %if &em_classTarget eq Y %then %do;
71801     +    if tarlevel^="INTERVAL" then  do;
71803     +      /* Nodeid */
71804     +      %if "&EM_PROPERTY_SHOWNODEID" eq "Y" %then %do;
71805     +        textall=strip(textall)||"0A"x||"%sysfunc(sasmsg(sashelp.dmine, rpt_nodeId_vlabel, noquote )): "||"09"x||strip(Node);
71806     +      %end;
71807     +      /* Target identifier if multiple targets are used */
71808     +      %if "&multipleTar" eq "Y" %then %do;
71809     +        textall=strip(textall)||"0A"x||"%sysfunc(sasmsg(sashelp.dmine, rpt_target_title, noquote, )) "||"09"x||strip(target);
71810     +      %end;
71812     +      /* Predicted values */
71813     +      %if "&EM_PROPERTY_PRED" eq "Y" %then %do;
71814     +        textall=strip(textall)||"0A"x||"%sysfunc(sasmsg(sashelp.dmine, rpt_pls_score_predvalue, noquote, )): "||"09"x||strip(CATEGORY);
71815     +      %end;
71817     +      /* Column labels displayed in validflag eq Y only */
71818     +      %if "&ValidFlag" eq "Y" %then %do;
71819     +        %if (("&EM_PROPERTY_TARGET" ne "NONE") OR ("&EM_PROPERTY_PROFITLOSS" ne "NONE") OR ("&EM_PROPERTY_PERCENTCORRECT" eq "Y") OR ("&EM_PROPERTY_COUNT" eq "Y")) %then %do;
71820     +           textall=strip(textall)||"0A"x||"%sysfunc(sasmsg(sashelp.dmine, rpt_rptstatistic_vlabel, noquote)) "||"09"x||"%sysfunc(sasmsg(sashelp.dmine, rpt_train_vlabel , noquote ))" ||"09"x|| "%sysfunc(sasmsg(sashelp.dmine, rpt_validate_vlabel ,
71820    !+ noquote ))";
71821     +        %end;
71822     +      %end;
71824     +      /* Target Values */
71825     +      %if "&EM_PROPERTY_TARGET" ne "NONE" %then %do;
71826     +        textall=strip(textall)||"0A"x||strip(probtext);
71827     +      %end;
71829     +      /* include profit or loss for all target levels */
71830     +      %if ( "&EM_PROPERTY_PROFITLOSS" ne "NONE" AND ((&em_profitflag ne 0) OR (&em_lossflag ne 0))) %then %do;
71831     +        textall=strip(textall)||"0A"x||strip(profittext);
71832     +      %end;
71834     +      %if &validFlag eq N %then %do;
71835     +        /* Percent Correct */
71836     +        %if "&EM_PROPERTY_PERCENTCORRECT" eq "Y" %then %do;
71837     +          textall=strip(textall)||"0A"x||"Percent Correct: "||"09"x||strip(put(percentcorrect, percent10.2));
71838     +        %end;
71840     +         /* Count */
71841     +         %if "&EM_PROPERTY_COUNT" eq "Y" %then %do;
71842     +          %if "&adjusted" eq "N" %then %do;
71843     +            textall=strip(textall)||"0A"x||" %sysfunc(sasmsg(sashelp.dmine, rpt_rptcount_vlabel, noquote )): "||"09"x||strip(put(N, best12.));
71844     +          %end;
71845     +          %else %do;
71846     +            textall=strip(textall)||"0A"x||" %sysfunc(sasmsg(sashelp.dmine, rpt_rptcount_vlabel, noquote )): "||"09"x||strip(put(NPRIORS, 15.&EM_PROPERTY_SPLITPRECISION));
71847     +          %end;
71848     +         %end;
71849     +      %end;
71850     +      %else %do;
71851     +        /* Percent Correct */
71852     +        %if "&EM_PROPERTY_PERCENTCORRECT" eq "Y" %then %do;
71853     +          textall=strip(textall)||"0A"x||"Percent Correct: "||"09"x||strip(put(percentcorrect, percent10.2))||"09"x||strip(put(vpercentcorrect, percent10.2));
71854     +        %end;
71856     +         /* Count */
71857     +         %if "&EM_PROPERTY_COUNT" eq "Y" %then %do;
71858     +          %if "&adjusted" eq "N" %then %do;
71859     +           textall=strip(textall)||"0A"x||" %sysfunc(sasmsg(sashelp.dmine, rpt_rptcount_vlabel, noquote )): "||"09"x||strip(put(N, best12.))||"09"x||strip(put(VN, best12.));
71860     +          %end;
71861     +          %else %do;
71862     +           textall=strip(textall)||"0A"x||" %sysfunc(sasmsg(sashelp.dmine, rpt_rptcount_vlabel, noquote )): "||"09"x||strip(put(NPRIORS,15.&EM_PROPERTY_SPLITPRECISION))||"09"x||strip(put(VNPRIORS,15.&EM_PROPERTY_SPLITPRECISION));
71863     +          %end;
71864     +         %end;
71865     +      %end;
71867     +      /* nodecolor */
71868     +      %if "&EM_PROPERTY_CLASSCOLORBY" eq "PERCENTEVENT" %then %do;
71869     +       %if &multipleTar ne Y %then %do;
71870     +        nodecolor=&predTarget;
71871     +       %end;
71872     +       %else %do;
71873     +         nodecolor=percentcorrect;
71874     +       %end;
71875     +      %end;
71876     +      %else %if "&EM_PROPERTY_CLASSCOLORBY" eq "PERCENTCORRECT" %then %do;
71877     +        nodecolor=percentcorrect;
71878     +      %end;
71879     +      %else %if "&EM_PROPERTY_CLASSCOLORBY" eq "SINGLE" %then %do;
71880     +        nodecolor=1;
71881     +      %end;
71882     +      %else %if "&EM_PROPERTY_CLASSCOLORBY" eq "PROFITLOSS" %then %do;
71883     +        %if ((&em_profitflag eq 0) AND (&em_lossflag eq 0)) %then %do;
71884     +          nodecolor=percentcorrect;
71885     +        %end;
71886     +        %else %do;
71887     +          nodecolor=profitloss;
71888     +        %end;
71889     +      %end;
71891     +    end;
71892     +    %end;
71893     +    %if &em_intTarget eq Y %then %do;
71894     +     drop  PREDICTION  TARGET TARLEVEL
71895     +     %if &ValidFlag eq Y %then %do;
71896     +         VPREDICTION
71897     +     %end;
71898     +     ;
71899     +    %end;
71900     +    %if &em_classTarget eq Y %then %do;
71901     +     drop CATEGORY PROBTEXT  TARGET TARLEVEL STATVALUE
71902     +     %if &ValidFlag eq Y %then %do;
71903     +         VSTATVALUE
71904     +     %end;
71905     +     ;
71906     +    %end;
71908     +  run;
71910     +  /* add leaf index information to plotds - based on primary target only*/
71911     +  %if "%EM_TARGET_LEVEL" ne "INTERVAL" %then %do;
71912     +    data tempprob(keep=node statname statvalue rename=(statvalue=&predTarget));
71913     +      set &EM_USER_OUTSTATS;
71914     +      if ((statname="PROBABILITY"
71915     +      %if &validexist %then %do;
71916     +       or statname="VALID: PROBABILITY"
71917     +      %end;
71918     +      ) AND (CATEGORY="&TARGETEVENT")
71919     +      %if "&multipleTar" eq "Y" %then %do;
71920     +        AND (Target="%EM_TARGET")
71921     +      %end;
71922     +      );
71923     +    run;
71925     +    %if &validexist %then %do;
71926     +      proc sort data=tempprob; by node; run;
71927     +      %let vpredTarget = V%substr(&predTarget, 2);
71928     +      proc transpose data=tempprob out=tempprob(keep=NODE PROBABILITY VALID__PROBABILITY rename=(PROBABILITY=&predTarget VALID__PROBABILITY=&vpredTarget));
71929     +         by node;
71930     +         id statname;
71931     +      run;
71932     +    %end;
71933     +  %end;
71934     +  %else %do;
71935     +    data tempprob(keep=node statname statvalue rename=(statvalue=&predTarget));
71936     +      set &EM_USER_OUTSTATS;
71937     +      if ((statname="PREDICTION"
71938     +      %if &validexist %then %do;
71939     +       or statname="VALID: PREDICTION"
71940     +      %end;
71941     +      )
71942     +      %if "&multipleTar" eq "Y" %then %do;
71943     +        AND (Target="%EM_TARGET")
71944     +      %end;
71945     +      );
71946     +    run;
71947     +    %if &validexist %then %do;
71948     +      proc sort data=tempprob; by node; run;
71949     +      %let vpredTarget = V%substr(&predTarget, 2);
71950     +      proc transpose data=tempprob out=tempprob(keep=NODE PREDICTION VALID__PREDICTION rename=(PREDICTION=&predTarget VALID__PREDICTION=&vpredTarget));
71951     +         by node;
71952     +         id statname;
71953     +      run;
71954     +    %end;
71955     +  %end;
71957     +  proc sort data=tempprob; by node; run;
71958     +  data tempoutnodes;
71959     +    merge tempoutnodes tempprob;
71960     +    by node;
71961     +  run;
71963     +  proc sort data=tempoutnodes out=tempnodes; by descending &predTarget; run;
71964     +  data tempnodes;
71965     +    retain traintotal validtotal;
71966     +    set tempnodes(where=(leaf ne . ));
71967     +    tprob=round(&predTarget, .01);
71968     +    %if "%EM_TARGET_LEVEL" ne "INTERVAL" %then %do;
71969     +      percevent_train=round(tprob*100, .01);
71970     +    %end;
71971     +    %else %do;
71972     +      percevent_train=tprob;
71973     +    %end;
71975     +    perc_train=round((n/traintotal)*100, 0.01);
71976     +    /* leafwidth already has a *10 multiplier */
71977     +    if missing(perc_train) then perc_train = round(linkwidth*10, 0.01);
71979     +    %if &validexist %then %do;
71980     +      %let vpredTarget = V%substr(&predTarget,2);
71981     +      vprob=round(&vpredTarget, .01);
71982     +      %if "%EM_TARGET_LEVEL" ne "INTERVAL" %then %do;
71983     +        percevent_valid=round(vprob*100, .01);
71984     +      %end;
71985     +      %else %do;
71986     +        percevent_valid=vprob;
71987     +      %end;
71988     +      perc_valid=round((vn/validtotal)*100, .01);
71989     +    %end;
71991     +    index=_N_;
71992     +    keep node index tprob perc_train percevent_train
71993     +    %if &validexist %then %do;
71994     +        vprob percevent_valid perc_valid
71995     +    %end;
71996     +    ;
71997     +  run;
71998     +  proc sort data=tempnodes; by node; run;
71999     +  data &EM_USER_TREE_PLOT;
72000     +    merge &EM_USER_TREE_PLOT tempnodes %if &oldexists %then old_tree_plot;;
72001     +    by node;
72002     +    if missing(node) then delete;
72003     +    %if &oldexists %then %do;
72004     +      if missing(nodecolor) then nodecolor=oldnodecolor;
72005     +      drop oldnodecolor;
72006     +    %end;
72007     +    abovetext = compbl(abovetext);
72009     +    /* add variable labels */
72010     +    label textall      = "%sysfunc(sasmsg(sashelp.dmine, rpt_textall_vlabel, noquote))"
72011     +          parent       = "%sysfunc(sasmsg(sashelp.dmine, rpt_parentId_vlabel, noquote))"
72012     +          node         = "%sysfunc(sasmsg(sashelp.dmine, rpt_nodeid_vlabel, noquote))"
72013     +          abovetext    = "%sysfunc(sasmsg(sashelp.dmine, rpt_abovetext_vlabel, noquote))"
72014     +          traintotal   = "%sysfunc(sasmsg(sashelp.dmine, rpt_traintotal_vlabel, noquote))"
72015     +          nodecolor    = "%sysfunc(sasmsg(sashelp.dmine, rpt_nodecolor_vlabel, noquote))"
72017     +          %if "%EM_TARGET_LEVEL" ne "INTERVAL" %then %do;
72018     +            tprob        = "%sysfunc(sasmsg(sashelp.dmine, rpt_prob_vlabel, noquote, %nrbquote(&targetEvent)))"
72019     +            percevent_train = "%sysfunc(sasmsg(sashelp.dmine, rpt_percevent_train_vlabel, noquote))"
72020     +            perc_train      = "%sysfunc(sasmsg(sashelp.dmine, rpt_perc_train_vlabel, noquote))"
72021     +          %end;
72022     +          %else %do;
72023     +            tprob           = "%sysfunc(sasmsg(sashelp.dmine, rpt_average_vlabel, noquote))"
72024     +            percevent_train = "%sysfunc(sasmsg(sashelp.dmine, rpt_perc_int_train_vlabel, noquote))"
72025     +            perc_train = "%sysfunc(sasmsg(sashelp.dmine, rpt_perc_train_vlabel, noquote))"
72026     +          %end;
72027     +          index           = "%sysfunc(sasmsg(sashelp.dmine, meta_index_vlabel, noquote))"
72029     +          validtotal      = "%sysfunc(sasmsg(sashelp.dmine, rpt_validtotal_vlabel, noquote))"
72030     +          VN              = "%sysfunc(sasmsg(sashelp.dmine, rpt_validn_vlabel, noquote))"
72031     +          %if "%EM_TARGET_LEVEL" ne "INTERVAL" %then %do;
72032     +            vprob           = "%sysfunc(sasmsg(sashelp.dmine, rpt_vprob_vlabel, noquote, %nrbquote(&targetEvent)))"
72033     +            perc_valid      = "%sysfunc(sasmsg(sashelp.dmine, rpt_perc_valid_vlabel, noquote))"
72034     +            percevent_valid = "%sysfunc(sasmsg(sashelp.dmine, rpt_percevent_valid_vlabel, noquote))"
72035     +          %end;
72036     +          %else %do;
72037     +            vprob           = "%sysfunc(sasmsg(sashelp.dmine, rpt_validaverage_vlabel, noquote))"
72038     +            perc_valid = "%sysfunc(sasmsg(sashelp.dmine, rpt_perc_valid_vlabel, noquote))"
72039     +            percevent_valid = "%sysfunc(sasmsg(sashelp.dmine, rpt_perc_int_valid_vlabel, noquote))"
72040     +          %end;
72041     +    ;
72042     +  run;
72044     +  /* delete temporary tables */
72045     +  proc datasets lib=work nolist;
72046     +    delete abovetext belowtext tempoutnodes tempmissing temp tempnodes tempstats;
72047     +  run;
72049     +%mend em_tree_makePlotDs;
72053     +%macro em_tree_report;
72055     +   /* report properties */
72056     +   %em_checkmacro(name=EM_PROPERTY_Precision, value=4, global=Y);
72057     +   %em_checkmacro(name=EM_PROPERTY_SplitPrecision, value=4, global=Y);
72058     +   %em_checkmacro(name=EM_PROPERTY_ClassColorBy, value=PERCENTCORRECT, global=Y);
72059     +   %em_checkmacro(name=EM_PROPERTY_IntColorBy, value=AVG, global=Y);
72060     +   %em_checkmacro(name=EM_PROPERTY_ShowNodeId, value=Y, global=Y);
72061     +   %em_checkmacro(name=EM_PROPERTY_ShowValid, value=Y, global=Y);
72062     +   %em_checkmacro(name=EM_PROPERTY_Pred, value=N, global=Y);
72063     +   %em_checkmacro(name=EM_PROPERTY_Target, value=ALL, global=Y);
72064     +   %em_checkmacro(name=EM_PROPERTY_Count, value=Y, global=Y);
72065     +   %em_checkmacro(name=EM_PROPERTY_PercentCorrect, value=N, global=Y);
72066     +   %em_checkmacro(name=EM_PROPERTY_ProfitLoss, value=NONE, global=Y);
72067     +   %em_checkmacro(name=EM_PROPERTY_AVG, value=Y, global=Y);
72068     +   %em_checkmacro(name=EM_PROPERTY_RASE, value=N, global=Y);
72070     +   %let validexist=0;
72071     +   %if (("&EM_IMPORT_VALIDATE" ne "") AND (%sysfunc(exist(&EM_IMPORT_VALIDATE)) or %sysfunc(exist(&EM_IMPORT_VALIDATE,VIEW)))) %then %do;
72072     +     %let validexist=1;
72073     +   %end;
72075     +   /* determine if multiple targets will be processed */
72076     +   %let em_tree_multipleTargets=N;
72077     +   %let em_tree_numTarget=1;
72078     +   %if "&EM_PROPERTY_USEMULTIPLETARGET" eq "Y" %then %do;
72079     +      /* determine if there are any ordinal target variables - if so, multiple targets are not supported */
72080     +      %if &EM_NUM_ORDINAL_TARGET gt 0 %then %do;
72081     +         %let em_tree_multipleTargets=N;
72082     +      %end;
72083     +      %else %do;
72084     +        data _null_;
72085     +          set &EM_DATA_VARIABLESET(where=(ROLE='TARGET' AND LEVEL^='ORDINAL')) end=eof;
72086     +          if eof then
72087     +            call symput('em_tree_numTarget', strip(put(_N_, BEST.)));
72088     +        run;
72090     +        %if &em_tree_numTarget gt 1 %then %do;
72091     +           %let em_tree_multipleTargets=Y;
72092     +        %end;
72093     +     %end;
72094     +   %end;
72096     +  %if "&em_tree_multipleTargets" eq "N" %then %do;
72098     +   /* variable importance */
72099     +   %EM_GETNAME(key=OUTIMPORT, type=DATA);
72100     +   %if %sysfunc(exist(&EM_USER_OUTIMPORT)) eq 1 %then %do;
72102     +     /* determine if vars exists - properties could indicate they are they but freeze=Y would mean the node wasn't retrained */
72103     +     /* and the columns may not be generated                                                                                 */
72104     +     %let em_tree_cvexists=;
72105     +     %let em_tree_surrexists=.;
72106     +     data _null_;
72107     +       set &EM_USER_OUTIMPORT (obs=2) end=eof;
72108     +       if eof then do ;
72109     +        call symput("em_tree_cvexists" , strip(put(cvimportance,best.))) ;
72110     +        call symput("em_tree_surrexists", strip(put(nsurrogates, best.)));
72111     +       end;
72112     +     run;
72114     +     data &EM_USER_OUTIMPORT;
72115     +         set &EM_USER_OUTIMPORT;
72116     +         /* format columns based on Precison value specified */
72117     +         format importance 15.&EM_PROPERTY_PRECISION
72118     +              %if &validexist %then %do;
72119     +                vimportance ratio 15.&EM_PROPERTY_PRECISION
72120     +              %end;
72121     +              %if "&EM_TREE_CVEXISTS" ne "." %then %do;
72122     +                cvimportance vimportance ratio 15.&EM_PROPERTY_PRECISION
72123     +              %end;
72124     +         ;
72125     +     run;
72127     +     title10 "%sysfunc(sasmsg(sashelp.dmine, rpt_variableImportance_title  , NOQUOTE))";
72128     +     proc print data=&EM_USER_OUTIMPORT
72129     +        %if "&EM_TREE_SURREXISTS" ne "." %then %do;
72130     +          (where=((nrules>0) OR (nsurrogates>0)))
72131     +        %end;
72132     +        %else %do;
72133     +           (where=(nrules>0))
72134     +        %end;
72135     +        label noobs
72136     +        ;
72137     +     run;
72138     +     title10;
72140     +   %end;
72142     +   /* Sequence */
72143     +   %EM_GETNAME(key=OUTSEQ, type=DATA);
72144     +   %EM_GETNAME(key=OUTOBSIMP, type=DATA);
72145     +   data _null_ ;
72146     +      set &EM_USER_outseq (obs=2) end=eof ;
72147     +      if eof then do ;
72148     +        call symput("em_tree_xase" , strip(put(_XASE_,best.))) ;
72149     +        call symput("em_tree_vase" , strip(put(_VASE_, best.)));
72150     +        call symput("em_tree_seq"  , strip(put(_SEQUENCE_, best.)));
72151     +        call symput("em_tree_vseq"  , strip(put(_VSEQUENCE_, best.)));
72152     +        call symput("em_tree_aprof" , strip(put(_APROF_, best.)));
72153     +        call symput("em_tree_aloss" , strip(put(_ALOSS_, best.)));
72154     +        call symput("em_tree_prior" , strip(put(_PASE_, best.)));
72155     +      end;
72156     +    run;
72158     +   %if %sysfunc(exist(&EM_USER_OUTSEQ)) eq 1 %then %do;
72159     +      data &EM_USER_OUTSEQ;
72160     +      %if (("&EM_PROPERTY_CV" eq "Y") AND ("&em_tree_xase" ne ".")) %then %do;
72161     +        set &EM_USER_OUTSEQ(rename=(_XASE_=_VASE_ _XMAX_=_VMAX_ _XSSE_=_VSSE_ _XRASE_=_VRASE_
72162     +        %if "%EM_TARGET_LEVEL" ne "INTERVAL" %then %do;
72163     +           _XMISC_=_VMISC_
72164     +        %end;
72165     +        %if "&em_tree_aprof" ne "."  %then %do;
72166     +           _XAPROF_=_VAPROF_
72167     +           _XPROF_ = _VPROF_
72168     +        %end;
72169     +        %if "&em_tree_aloss" ne "."  %then %do;
72170     +           _XALOSS_=_VALOSS_
72171     +        %end;
72172     +        %if "&EM_TREE_PRIOR" ne "." %then %do;
72173     +           _XPASE_ = _VPASE_
72174     +           _XPMISC_ = _VPMISC_
72175     +        %end;
72177     +        ));
72178     +     %end;
72179     +     %else %do;
72180     +        set &EM_USER_OUTSEQ;
72181     +     %end;
72183     +     format _ASE_  _ASSESS_ _MAX_ _SSE_ _RASE_  15.&EM_PROPERTY_PRECISION
72184     +         %if "%EM_TARGET_LEVEL" ne "INTERVAL" %then %do;
72185     +            _MISC_   15.&EM_PROPERTY_PRECISION
72186     +         %end;
72187     +         %if "&EM_TREE_PRIOR" ne "." %then %do;
72188     +            _PASE_  15.&EM_PROPERTY_PRECISION
72189     +            _PMISC_ 15.&EM_PROPERTY_PRECISION
72190     +         %end;
72191     +         %if (("&EM_PROPERTY_CV" eq "Y") AND (("&em_tree_xase" ne ".") or ("&em_tree_vase" ne "."))) %then %do;
72192     +            _VASE_  _VASSESS_ _VMAX_ _VSSE_ _VRASE_ _COST_COMPLEXITY_ 15.&EM_PROPERTY_PRECISION
72193     +            %if "%EM_TARGET_LEVEL" ne "INTERVAL" %then %do;
72194     +               _VMISC_ 15.&EM_PROPERTY_PRECISION
72195     +            %end;
72196     +            %if "&EM_TREE_PRIOR" ne "." %then %do;
72197     +              _VPASE_  15.&EM_PROPERTY_PRECISION
72198     +              _VPMISC_ 15.&EM_PROPERTY_PRECISION
72199     +            %end;
72200     +         %end;
72201     +         %if (("&EM_PROPERTY_CV" eq "N") AND &validexist) %then %do;
72202     +            _VASE_  _VASSESS_ _VMAX_ _VSSE_ _VRASE_  15.&EM_PROPERTY_PRECISION
72203     +            %if "%EM_TARGET_LEVEL" ne "INTERVAL" %then %do;
72204     +               _VMISC_ 15.&EM_PROPERTY_PRECISION
72205     +            %end;
72206     +         %end;
72207     +         %if "&em_tree_seq" ne "." %then %do;
72208     +           _SEQUENCE_ 15.&EM_PROPERTY_PRECISION
72209     +         %end;
72210     +         %if "&em_tree_vseq" ne "." %then %do;
72211     +           _VSEQUENCE_  15.&EM_PROPERTY_PRECISION
72212     +         %end;
72213     +         %if "&em_tree_aprof" ne "." %then %do;
72214     +           _APROF_ 15.&EM_PROPERTY_PRECISION
72215     +           _PROF_ 15.&EM_PROPERTY_PRECISION
72216     +           %if (("&EM_PROPERTY_CV" eq "Y") OR &validexist) %then %do;
72217     +             _VAPROF_ 15.&EM_PROPERTY_PRECISION
72218     +             _VPROF_ 15.&EM_PROPERTY_PRECISION
72219     +           %end;
72220     +         %end;
72221     +         %else %if "&em_tree_aloss" ne "." %then %do;
72222     +           _ALOSS_  15.&EM_PROPERTY_PRECISION
72223     +           %if (("&EM_PROPERTY_CV" eq "Y") OR &validexist) %then %do;
72224     +             _VALOSS_ 15.&EM_PROPERTY_PRECISION
72225     +           %end;
72226     +         %end;
72227     +      ;
72228     +    run;
72229     +   %end;
72231     +   /* Observation Based Importance */
72232     +   %if (  ("&EM_PROPERTY_OBSIMPORTANCE" eq "Y") AND ( %sysfunc(exist(&EM_USER_OUTOBSIMP)) eq 1)) %then %do;
72234     +      /* need to check for 0 obs */
72235     +      %let dsid = %sysfunc(open(&EM_USER_OUTOBSIMP));
72236     +      %let onobs=%sysfunc(attrn(&dsid,NOBS));
72237     +      %let rc=%sysfunc(close(&dsid));
72239     +      %if &onobs %then %do;
72240     +         proc sort data=&EM_USER_OUTOBSIMP; by _INPUT1_; run;
72241     +         proc sort data=&em_data_variableset out=_tempvars; by NAME; run;
72243     +         data &EM_USER_OUTOBSIMP;
72244     +           merge _tempvars(rename=(NAME=_INPUT1_) keep=NAME LABEL) &EM_USER_OUTOBSIMP(in=_a)  ;
72245     +           if _a;
72246     +           by _INPUT1_;
72247     +           format  _ASE_ _MAX_ _SSE_ _RASE_ 15.&EM_PROPERTY_PRECISION
72248     +                   %if "%EM_TARGET_LEVEL" ne "INTERVAL" %then %do;
72249     +                     _MISC_ 15.&EM_PROPERTY_PRECISION
72250     +                   %end;
72251     +                   ;
72252     +         run;
72253     +         %EM_REPORT(key=OUTOBSIMP, viewtype=DATA, block=MODEL, description=OBSIMPFIT, autodisplay=N);
72254     +      %end;
72255     +   %end;
72257     +  %end;
72259     +  /* create dataset to support tree diagram and icicle plot */
72260     +  %EM_GETNAME(key=TREE_PLOT, type=DATA);
72261     +  %em_tree_makePlotDs(multipleTar = &em_tree_multipleTargets);
72263     +  /* display tree diagram */
72264     +  %em_report(key=TREE_PLOT, viewtype=DTree, id=NODE, parent=PARENT, nodetext=NODETEXT, tipText=TEXTALL, abovetext=ABOVETEXT, belowText=BELOWTEXT,
72265     +             nodesize=N, nodecolor=NODECOLOR, linkwidth=LINKWIDTH,  block=MODEL, description=TREE, autodisplay=Y);
72267     +  /* display icicle diagram */
72268     +  %em_report(key=TREE_PLOT, viewtype=Icicle, id=NODE, parent=PARENT, nodetext=NODETEXT, tipText=TEXTALL,
72269     +             nodesize=N, nodecolor=NODECOLOR, block=MODEL, description=ICICLE, autodisplay=Y);
72271     +  /* Leaf Statistics Plot */
72272     +  %em_report(key=TREE_PLOT, viewtype=AREABAR, x=NODE, y=PERCEVENT_TRAIN, WIDTH=PERC_TRAIN,block=MODEL, description=VARWIDTH, autodisplay=N);
72274     +  /* print leaf information to output window */
72275     +  %if %sysfunc(exist(&EM_USER_TREE_PLOT)) eq 1 %then %do;
72277     +     proc sort data=&EM_USER_TREE_PLOT out=t;
72278     +       by descending N;
72279     +     run;
72281     +     /* determine if vn is present in the data -- combinations of decisions/partition/cv cause the proc not to generate this stat */
72282     +     %local vn;
72283     +     data _null_;
72284     +       set t (obs=2) end=eof;
72285     +       if eof then do;
72286     +         call symput("vn", strip(put(vn, best.)));
72287     +       end;
72288     +     run;
72290     +     data t;
72291     +       set t;
72292     +       label N="%sysfunc(sasmsg(sashelp.dmine, rpt_trainingobs_vlabel  , NOQUOTE))"
72293     +             DEPTH="%sysfunc(sasmsg(sashelp.dmine, rpt_depth_vlabel  , NOQUOTE))"
72294     +       %if "%EM_TARGET_LEVEL" eq "INTERVAL" %then %do;
72295     +            tprob = "%sysfunc(sasmsg(sashelp.dmine, rpt_trainaverage_vlabel  , NOQUOTE))"
72296     +            RASE="%sysfunc(sasmsg(sashelp.dmine, rpt_trainrase_vlabel  , NOQUOTE))"
72297     +       %end;
72298     +       %if (("&EM_IMPORT_VALIDATE" ne "") AND (%sysfunc(exist(&EM_IMPORT_VALIDATE)) eq 1)) %then %do;
72299     +            VN="%sysfunc(sasmsg(sashelp.dmine, rpt_validobs_vlabel  , NOQUOTE))"
72300     +           %if "%EM_TARGET_LEVEL" eq "INTERVAL" %then %do;
72301     +              vprob = "%sysfunc(sasmsg(sashelp.dmine, rpt_validaverage_vlabel  , NOQUOTE))"
72302     +              VRASE="%sysfunc(sasmsg(sashelp.dmine, rpt_validrase_vlabel  , NOQUOTE))"
72303     +          %end;
72304     +       %end;
72305     +       ;
72306     +     run;
72308     +     /* determine if rase is found in t */
72309     +    %let dsid=%sysfunc(open(t,i));
72310     +    %let raseexists=%sysfunc(varnum(&dsid,RASE));
72311     +    %let rc=%sysfunc(close(&dsid));
72313     +     title10 "%sysfunc(sasmsg(sashelp.dmine, rpt_treeleafreport_title  , NOQUOTE))";
72314     +     proc print data=t noobs label;
72315     +       where tprob ne .;
72316     +       var node depth N tprob
72317     +       %if (("&EM_IMPORT_VALIDATE" ne "") AND (%sysfunc(exist(&EM_IMPORT_VALIDATE)) eq 1)) %then %do;
72318     +         %if "&vn" ne "." %then %do;
72319     +           VN
72320     +         %end;
72321     +         vprob
72322     +       %end;
72323     +       %if &raseexists %then %do;
72324     +            RASE
72325     +            %if ( ("&EM_IMPORT_VALIDATE" ne "") AND (%sysfunc(exist(&EM_IMPORT_VALIDATE)) eq 1) AND ("&EM_PROPERTY_CV" eq "N")) %then %do;
72326     +              VRASE
72327     +            %end;
72328     +       %end;
72329     +       ;
72330     +     run;
72331     +     title10;
72332     +  %end;
72334     +  /* create plots that are done during training of node */
72335     +  /* display iterative plot, including reference line */
72336     +  %if "&em_Tree_multipleTargets" eq "N" %then %do;
72337     +   /* %if &nleaves eq  %then %do; */
72338     +      %EM_GETNAME(key=OUTTOPOLOGY, type=DATA);
72339     +      data _null_;
72340     +        set &EM_USER_OUTTOPOLOGY end=eof;
72341     +        if eof then do;
72342     +          call symput('nleaves', LEAF);
72343     +        end;
72344     +      run;
72345     +   /* %end; */
72347     +    %EM_REPORT(KEY=OUTSEQ, VIEWTYPE=ITERATIONPLOT, block=MODEL,  X=_NW_, XRef=&Nleaves, autodisplay=N, Description=SUBTREE);
72348     +    /*%EM_REPORT(view=1, Y=_ASE_); */
72349     +  %end;
72351     +  /* display leaf statistics */
72352     +  %EM_REPORT(KEY=TREE_PLOT, VIEWTYPE=RESPONSEBAR, block=MODEL, view=1, X=INDEX, Y1=tprob, y2=vprob, where=%nrbquote(INDEX ne .), autodisplay=Y, Description=LEAFSTATS);
72354     +  /* stats by node if multiple targets = Y */
72355     +  %EM_GETNAME(key=OUTSTATS, type=DATA);
72356     +  %if "&em_tree_multipleTargets" eq "Y" %then %do;
72357     +    data &EM_USER_OUTSTATS;
72358     +      set &EM_USER_OUTSTATS;
72360     +     * if STATNAME="TARGET" then delete;
72361     +     * if STATNAME="PREDICTION" and STATVALUE=. then delete;
72362     +      drop leaf;
72363     +    run;
72364     +    %EM_REPORT(key=OUTSTATS, viewtype=DATA, block=MODEL, description=OUTSTATS, autodisplay=N);
72366     +  %end;
72367     +  %else %do;
72368     +    /* add outstats and outdescribe to spk but not results */
72369     +    %EM_REPORT(viewtype=, key=OUTSTATS);
72370     +  %end;
72372     +%mend em_tree_report;
NOTE: %INCLUDE (level 1) ending.
MPRINT(MAIN):   filename temp;
NOTE: Fileref TEMP has been deassigned.
MPRINT(EM_TREE_REPORT):  ;
MPRINT(EM_TREE_REPORT):  ;
MPRINT(EM_TREE_REPORT):  ;
MPRINT(EM_TREE_REPORT):  ;
MPRINT(EM_TREE_REPORT):  ;
MPRINT(EM_TREE_REPORT):  ;
MPRINT(EM_TREE_REPORT):  ;
MPRINT(EM_TREE_REPORT):  ;
MPRINT(EM_TREE_REPORT):  ;
MPRINT(EM_TREE_REPORT):  ;
MPRINT(EM_TREE_REPORT):  ;
MPRINT(EM_TREE_REPORT):  ;
MPRINT(EM_TREE_REPORT):  ;
MPRINT(EM_TREE_REPORT):  ;
MPRINT(EM_TREE_REPORT):   data _null_;
MPRINT(EM_TREE_REPORT):   set EMWS1.Tree6_OUTIMPORT (obs=2) end=eof;
MPRINT(EM_TREE_REPORT):   if eof then do ;
MPRINT(EM_TREE_REPORT):   call symput("em_tree_cvexists" , strip(put(cvimportance,best.))) ;
MPRINT(EM_TREE_REPORT):   call symput("em_tree_surrexists", strip(put(nsurrogates, best.)));
MPRINT(EM_TREE_REPORT):   end;
MPRINT(EM_TREE_REPORT):   run;

NOTE: Variable cvimportance is uninitialized.
NOTE: Variable nsurrogates is uninitialized.
NOTE: There were 2 observations read from the data set EMWS1.TREE6_OUTIMPORT.
NOTE: DATA statement used (Total process time):
      real time           0.00 seconds
      cpu time            0.00 seconds
      

MPRINT(EM_TREE_REPORT):   data EMWS1.Tree6_OUTIMPORT;
MPRINT(EM_TREE_REPORT):   set EMWS1.Tree6_OUTIMPORT;
MPRINT(EM_TREE_REPORT):   format importance 15.4 vimportance ratio 15.4 ;
MPRINT(EM_TREE_REPORT):   run;

NOTE: There were 27 observations read from the data set EMWS1.TREE6_OUTIMPORT.
NOTE: The data set EMWS1.TREE6_OUTIMPORT has 27 observations and 6 variables.
NOTE: DATA statement used (Total process time):
      real time           0.00 seconds
      cpu time            0.00 seconds
      

MPRINT(EM_TREE_REPORT):   title10 "Variable Importance";
MPRINT(EM_TREE_REPORT):   proc print data=EMWS1.Tree6_OUTIMPORT (where=(nrules>0)) label noobs ;
MPRINT(EM_TREE_REPORT):   run;

NOTE: There were 5 observations read from the data set EMWS1.TREE6_OUTIMPORT.
      WHERE nrules>0;
NOTE: The PROCEDURE PRINT printed page 27.
NOTE: PROCEDURE PRINT used (Total process time):
      real time           0.02 seconds
      cpu time            0.00 seconds
      

MPRINT(EM_TREE_REPORT):   title10;
MPRINT(EM_TREE_REPORT):  ;
MPRINT(EM_TREE_REPORT):  ;
MPRINT(EM_TREE_REPORT):   data _null_ ;
MPRINT(EM_TREE_REPORT):   set EMWS1.Tree6_OUTSEQ (obs=2) end=eof ;
MPRINT(EM_TREE_REPORT):   if eof then do ;
MPRINT(EM_TREE_REPORT):   call symput("em_tree_xase" , strip(put(_XASE_,best.))) ;
MPRINT(EM_TREE_REPORT):   call symput("em_tree_vase" , strip(put(_VASE_, best.)));
MPRINT(EM_TREE_REPORT):   call symput("em_tree_seq" , strip(put(_SEQUENCE_, best.)));
MPRINT(EM_TREE_REPORT):   call symput("em_tree_vseq" , strip(put(_VSEQUENCE_, best.)));
MPRINT(EM_TREE_REPORT):   call symput("em_tree_aprof" , strip(put(_APROF_, best.)));
MPRINT(EM_TREE_REPORT):   call symput("em_tree_aloss" , strip(put(_ALOSS_, best.)));
MPRINT(EM_TREE_REPORT):   call symput("em_tree_prior" , strip(put(_PASE_, best.)));
MPRINT(EM_TREE_REPORT):   end;
MPRINT(EM_TREE_REPORT):   run;

NOTE: Variable _XASE_ is uninitialized.
NOTE: Variable _SEQUENCE_ is uninitialized.
NOTE: Variable _VSEQUENCE_ is uninitialized.
NOTE: Variable _APROF_ is uninitialized.
NOTE: Variable _ALOSS_ is uninitialized.
NOTE: Variable _PASE_ is uninitialized.
NOTE: There were 2 observations read from the data set EMWS1.TREE6_OUTSEQ.
NOTE: DATA statement used (Total process time):
      real time           0.00 seconds
      cpu time            0.01 seconds
      

MPRINT(EM_TREE_REPORT):   data EMWS1.Tree6_OUTSEQ;
MPRINT(EM_TREE_REPORT):   set EMWS1.Tree6_OUTSEQ;
MPRINT(EM_TREE_REPORT):   format _ASE_ _ASSESS_ _MAX_ _SSE_ _RASE_ 15.4
MPRINT(EM_TREE_REPORT):   _MISC_ 15.4 _VASE_ _VASSESS_ _VMAX_ _VSSE_ _VRASE_ 15.4
MPRINT(EM_TREE_REPORT):   _VMISC_ 15.4 ;
MPRINT(EM_TREE_REPORT):   run;

NOTE: There were 9 observations read from the data set EMWS1.TREE6_OUTSEQ.
NOTE: The data set EMWS1.TREE6_OUTSEQ has 9 observations and 20 variables.
NOTE: DATA statement used (Total process time):
      real time           0.01 seconds
      cpu time            0.01 seconds
      

MPRINT(EM_TREE_REPORT):  ;
MPRINT(EM_TREE_MAKEPLOTDS):  ;
MPRINT(EM_TREE_MAKEPLOTDS):  ;
MPRINT(EM_TREE_MAKEPLOTDS):  ;
MPRINT(EM_TREE_MAKEPLOTDS):  ;
MPRINT(EM_TREE_MAKEPLOTDS):   data _null_;
MPRINT(EM_TREE_MAKEPLOTDS):   set EMWS1.Tree6_diagnosis_DM(where=(_TYPE_="TARGET"));
MPRINT(EM_TREE_MAKEPLOTDS):   call symput('targetEvent', strip(tranwrd(EVENT,'"','""')));
MPRINT(EM_TREE_MAKEPLOTDS):   run;

NOTE: There were 1 observations read from the data set EMWS1.TREE6_DIAGNOSIS_DM.
      WHERE _TYPE_='TARGET';
NOTE: DATA statement used (Total process time):
      real time           0.00 seconds
      cpu time            0.00 seconds
      

MPRINT(EM_TREE_MAKEPLOTDS):   data _null_;
MPRINT(EM_TREE_MAKEPLOTDS):   set EMWS1.Tree6_diagnosis_DM(where=(_TYPE_="PREDICTED" AND LEVEL="M"));
MPRINT(EM_TREE_MAKEPLOTDS):   call symput('predTarget', strip(VARIABLE));
MPRINT(EM_TREE_MAKEPLOTDS):   call symput('predLvl', strip(LEVEL));
MPRINT(EM_TREE_MAKEPLOTDS):   run;

NOTE: There were 1 observations read from the data set EMWS1.TREE6_DIAGNOSIS_DM.
      WHERE (_TYPE_='PREDICTED') and (LEVEL='M');
NOTE: DATA statement used (Total process time):
      real time           0.00 seconds
      cpu time            0.00 seconds
      

MPRINT(EM_TREE_MAKEPLOTDS):   data belowtext;
MPRINT(EM_TREE_MAKEPLOTDS):   set EMWS1.Tree6_OUTRULES(where=(ROLE="PRIMARY" AND STAT="VARIABLE") rename=(character_value=belowtext));
MPRINT(EM_TREE_MAKEPLOTDS):   keep node belowtext;
MPRINT(EM_TREE_MAKEPLOTDS):   run;

NOTE: There were 6 observations read from the data set EMWS1.TREE6_OUTRULES.
      WHERE (ROLE='PRIMARY') and (STAT='VARIABLE');
NOTE: The data set WORK.BELOWTEXT has 6 observations and 2 variables.
NOTE: DATA statement used (Total process time):
      real time           0.01 seconds
      cpu time            0.01 seconds
      

MPRINT(EM_TREE_MAKEPLOTDS):   data belowtext2;
MPRINT(EM_TREE_MAKEPLOTDS):   set EMWS1.Tree6_OUTRULES(where=(ROLE="PRIMARY" AND STAT="LABEL") rename=(character_value=belowtextlbl));
MPRINT(EM_TREE_MAKEPLOTDS):   keep node belowtextlbl;
MPRINT(EM_TREE_MAKEPLOTDS):   run;

NOTE: There were 2 observations read from the data set EMWS1.TREE6_OUTRULES.
      WHERE (ROLE='PRIMARY') and (STAT='LABEL');
NOTE: The data set WORK.BELOWTEXT2 has 2 observations and 2 variables.
NOTE: DATA statement used (Total process time):
      real time           0.02 seconds
      cpu time            0.01 seconds
      

MPRINT(EM_TREE_MAKEPLOTDS):   proc sort data=belowtext;
MPRINT(EM_TREE_MAKEPLOTDS):   by node;
MPRINT(EM_TREE_MAKEPLOTDS):   run;

NOTE: There were 6 observations read from the data set WORK.BELOWTEXT.
NOTE: The data set WORK.BELOWTEXT has 6 observations and 2 variables.
NOTE: PROCEDURE SORT used (Total process time):
      real time           0.01 seconds
      cpu time            0.01 seconds
      

MPRINT(EM_TREE_MAKEPLOTDS):   proc sort data=belowtext2;
MPRINT(EM_TREE_MAKEPLOTDS):   by node;
MPRINT(EM_TREE_MAKEPLOTDS):   run;

NOTE: There were 2 observations read from the data set WORK.BELOWTEXT2.
NOTE: The data set WORK.BELOWTEXT2 has 2 observations and 2 variables.
NOTE: PROCEDURE SORT used (Total process time):
      real time           0.01 seconds
      cpu time            0.00 seconds
      

MPRINT(EM_TREE_MAKEPLOTDS):   data belowtext;
MPRINT(EM_TREE_MAKEPLOTDS):   merge belowtext belowtext2(in=_a);
MPRINT(EM_TREE_MAKEPLOTDS):   by node;
MPRINT(EM_TREE_MAKEPLOTDS):   if _a then belowtext=belowtextlbl;
MPRINT(EM_TREE_MAKEPLOTDS):   keep node belowtext;
MPRINT(EM_TREE_MAKEPLOTDS):   run;

NOTE: There were 6 observations read from the data set WORK.BELOWTEXT.
NOTE: There were 2 observations read from the data set WORK.BELOWTEXT2.
NOTE: The data set WORK.BELOWTEXT has 6 observations and 2 variables.
NOTE: DATA statement used (Total process time):
      real time           0.02 seconds
      cpu time            0.03 seconds
      

MPRINT(EM_TREE_MAKEPLOTDS):   data abovetext;
MPRINT(EM_TREE_MAKEPLOTDS):   set EMWS1.Tree6_OUTRULES(where=(ROLE="PRIMARY" AND STAT in ("INTERVAL", "ORDINAL", "NOMINAL")) );
MPRINT(EM_TREE_MAKEPLOTDS):   run;

NOTE: There were 6 observations read from the data set EMWS1.TREE6_OUTRULES.
      WHERE (ROLE='PRIMARY') and STAT in ('INTERVAL', 'NOMINAL', 'ORDINAL');
NOTE: The data set WORK.ABOVETEXT has 6 observations and 6 variables.
NOTE: DATA statement used (Total process time):
      real time           0.01 seconds
      cpu time            0.01 seconds
      

MPRINT(EM_TREE_MAKEPLOTDS):   proc sort data=abovetext;
MPRINT(EM_TREE_MAKEPLOTDS):   by node numeric_value;
MPRINT(EM_TREE_MAKEPLOTDS):   run;

NOTE: There were 6 observations read from the data set WORK.ABOVETEXT.
NOTE: The data set WORK.ABOVETEXT has 6 observations and 6 variables.
NOTE: PROCEDURE SORT used (Total process time):
      real time           0.01 seconds
      cpu time            0.00 seconds
      

MPRINT(EM_TREE_MAKEPLOTDS):   data abovetext;
MPRINT(EM_TREE_MAKEPLOTDS):   set abovetext(rename=(node=parent));
MPRINT(EM_TREE_MAKEPLOTDS):   by parent numeric_value;
MPRINT(EM_TREE_MAKEPLOTDS):   retain abovetext tempstring flag branch origval origchar ;
MPRINT(EM_TREE_MAKEPLOTDS):   length abovetext $256;
MPRINT(EM_TREE_MAKEPLOTDS):   length tempstring origchar $64;
MPRINT(EM_TREE_MAKEPLOTDS):   if STAT in ("INTERVAL", "ORDINAL") then do;
MPRINT(EM_TREE_MAKEPLOTDS):   if first.parent then do;
MPRINT(EM_TREE_MAKEPLOTDS):   if missing(character_value) then do;
MPRINT(EM_TREE_MAKEPLOTDS):   numeric_value = round(numeric_value, 0.0001);
MPRINT(EM_TREE_MAKEPLOTDS):   abovetext = "< "||strip(NUMERIC_VALUE);
MPRINT(EM_TREE_MAKEPLOTDS):   branch = 1;
MPRINT(EM_TREE_MAKEPLOTDS):   origval = numeric_value;
MPRINT(EM_TREE_MAKEPLOTDS):   output;
MPRINT(EM_TREE_MAKEPLOTDS):   end;
MPRINT(EM_TREE_MAKEPLOTDS):   else do;
MPRINT(EM_TREE_MAKEPLOTDS):   abovetext = "< "||strip(CHARACTER_VALUE);
MPRINT(EM_TREE_MAKEPLOTDS):   branch = 1;
MPRINT(EM_TREE_MAKEPLOTDS):   origchar = character_value;
MPRINT(EM_TREE_MAKEPLOTDS):   output;
MPRINT(EM_TREE_MAKEPLOTDS):   end;
MPRINT(EM_TREE_MAKEPLOTDS):   if first.parent AND last.parent then do;
MPRINT(EM_TREE_MAKEPLOTDS):   if missing(character_value) then do;
MPRINT(EM_TREE_MAKEPLOTDS):   numeric_value = round(numeric_value, 0.0001);
MPRINT(EM_TREE_MAKEPLOTDS):   branch = branch + 1;
MPRINT(EM_TREE_MAKEPLOTDS):   abovetext = ">= "||strip(NUMERIC_VALUE);
MPRINT(EM_TREE_MAKEPLOTDS):   output;
MPRINT(EM_TREE_MAKEPLOTDS):   end;
MPRINT(EM_TREE_MAKEPLOTDS):   else do;
MPRINT(EM_TREE_MAKEPLOTDS):   branch = branch + 1;
MPRINT(EM_TREE_MAKEPLOTDS):   abovetext = ">= "||strip(CHARACTER_VALUE);
MPRINT(EM_TREE_MAKEPLOTDS):   output;
MPRINT(EM_TREE_MAKEPLOTDS):   end;
MPRINT(EM_TREE_MAKEPLOTDS):   end;
MPRINT(EM_TREE_MAKEPLOTDS):   end;
MPRINT(EM_TREE_MAKEPLOTDS):   else if last.parent then do;
MPRINT(EM_TREE_MAKEPLOTDS):   if ( missing(character_value) AND (origval ne numeric_value)) or ( ^missing(character_value) AND (origchar ne character_value)) then do;
MPRINT(EM_TREE_MAKEPLOTDS):   if missing(character_value) then do;
MPRINT(EM_TREE_MAKEPLOTDS):   numeric_value = round(numeric_value, 0.0001);
MPRINT(EM_TREE_MAKEPLOTDS):   abovetext= "[ "||strip(origval)||", "|| strip(numeric_value)||" )";
MPRINT(EM_TREE_MAKEPLOTDS):   end;
MPRINT(EM_TREE_MAKEPLOTDS):   else do;
MPRINT(EM_TREE_MAKEPLOTDS):   abovetext= ">= "||strip(origchar)||" AND < "|| strip(character_value);
MPRINT(EM_TREE_MAKEPLOTDS):   end;
MPRINT(EM_TREE_MAKEPLOTDS):   branch = branch + 1;
MPRINT(EM_TREE_MAKEPLOTDS):   output;
MPRINT(EM_TREE_MAKEPLOTDS):   if missing(character_value) then do;
MPRINT(EM_TREE_MAKEPLOTDS):   numeric_value = round(numeric_value, 0.0001);
MPRINT(EM_TREE_MAKEPLOTDS):   abovetext = ">= "||strip(NUMERIC_VALUE);
MPRINT(EM_TREE_MAKEPLOTDS):   end;
MPRINT(EM_TREE_MAKEPLOTDS):   else do;
MPRINT(EM_TREE_MAKEPLOTDS):   abovetext = ">= "||strip(CHARACTER_VALUE);
MPRINT(EM_TREE_MAKEPLOTDS):   end;
MPRINT(EM_TREE_MAKEPLOTDS):   branch = branch + 1;
MPRINT(EM_TREE_MAKEPLOTDS):   output;
MPRINT(EM_TREE_MAKEPLOTDS):   end;
MPRINT(EM_TREE_MAKEPLOTDS):   else do;
MPRINT(EM_TREE_MAKEPLOTDS):   if missing(character_value) then do;
MPRINT(EM_TREE_MAKEPLOTDS):   numeric_value = round(numeric_value, 0.0001);
MPRINT(EM_TREE_MAKEPLOTDS):   abovetext = ">= "||strip(NUMERIC_VALUE);
MPRINT(EM_TREE_MAKEPLOTDS):   end;
MPRINT(EM_TREE_MAKEPLOTDS):   else do;
MPRINT(EM_TREE_MAKEPLOTDS):   abovetext = ">= "||strip(CHARACTER_VALUE);
MPRINT(EM_TREE_MAKEPLOTDS):   end;
MPRINT(EM_TREE_MAKEPLOTDS):   branch = branch + 1;
MPRINT(EM_TREE_MAKEPLOTDS):   output;
MPRINT(EM_TREE_MAKEPLOTDS):   end;
MPRINT(EM_TREE_MAKEPLOTDS):   end;
MPRINT(EM_TREE_MAKEPLOTDS):   else do;
MPRINT(EM_TREE_MAKEPLOTDS):   if ( missing(character_value) AND (origval ne numeric_value)) or ( ^missing(character_value) AND (origchar ne character_value)) then do;
MPRINT(EM_TREE_MAKEPLOTDS):   if missing(character_value) then do;
MPRINT(EM_TREE_MAKEPLOTDS):   numeric_value = round(numeric_value,0.0001);
MPRINT(EM_TREE_MAKEPLOTDS):   abovetext= "[ "||strip(origval)||", "|| strip(numeric_value)||" )";
MPRINT(EM_TREE_MAKEPLOTDS):   origval = numeric_value;
MPRINT(EM_TREE_MAKEPLOTDS):   end;
MPRINT(EM_TREE_MAKEPLOTDS):   else do;
MPRINT(EM_TREE_MAKEPLOTDS):   abovetext= ">= "||strip(origchar)||" AND < "|| strip(character_value);
MPRINT(EM_TREE_MAKEPLOTDS):   origchar = character_value;
MPRINT(EM_TREE_MAKEPLOTDS):   end;
MPRINT(EM_TREE_MAKEPLOTDS):   branch = branch + 1;
MPRINT(EM_TREE_MAKEPLOTDS):   output;
MPRINT(EM_TREE_MAKEPLOTDS):   end;
MPRINT(EM_TREE_MAKEPLOTDS):   else do;
MPRINT(EM_TREE_MAKEPLOTDS):   if missing(character_value) then do;
MPRINT(EM_TREE_MAKEPLOTDS):   numeric_value = round(numeric_value, 0.0001);
MPRINT(EM_TREE_MAKEPLOTDS):   abovetext = ">= "||strip(NUMERIC_VALUE);
MPRINT(EM_TREE_MAKEPLOTDS):   origval = numeric_value;
MPRINT(EM_TREE_MAKEPLOTDS):   end;
MPRINT(EM_TREE_MAKEPLOTDS):   else do;
MPRINT(EM_TREE_MAKEPLOTDS):   abovetext = ">= "||strip(CHARACTER_VALUE);
MPRINT(EM_TREE_MAKEPLOTDS):   origval = character_value;
MPRINT(EM_TREE_MAKEPLOTDS):   end;
MPRINT(EM_TREE_MAKEPLOTDS):   branch = branch + 1;
MPRINT(EM_TREE_MAKEPLOTDS):   output;
MPRINT(EM_TREE_MAKEPLOTDS):   end;
MPRINT(EM_TREE_MAKEPLOTDS):   end;
MPRINT(EM_TREE_MAKEPLOTDS):   end;
MPRINT(EM_TREE_MAKEPLOTDS):   else do;
MPRINT(EM_TREE_MAKEPLOTDS):   if first.numeric_value then do;
MPRINT(EM_TREE_MAKEPLOTDS):   flag = 0;
MPRINT(EM_TREE_MAKEPLOTDS):   abovetext = strip(CHARACTER_VALUE);
MPRINT(EM_TREE_MAKEPLOTDS):   branch = numeric_value;
MPRINT(EM_TREE_MAKEPLOTDS):   if first.numeric_value AND last.numeric_value then do;
MPRINT(EM_TREE_MAKEPLOTDS):   output;
MPRINT(EM_TREE_MAKEPLOTDS):   end;
MPRINT(EM_TREE_MAKEPLOTDS):   end;
MPRINT(EM_TREE_MAKEPLOTDS):   else if last.numeric_value then do;
MPRINT(EM_TREE_MAKEPLOTDS):   if flag=0 then do;
MPRINT(EM_TREE_MAKEPLOTDS):   tempstring = strip(abovetext)||", "||strip(CHARACTER_VALUE);
MPRINT(EM_TREE_MAKEPLOTDS):   length = length(strip(tempstring));
MPRINT(EM_TREE_MAKEPLOTDS):   if length < 32 then do;
MPRINT(EM_TREE_MAKEPLOTDS):   abovetext = strip(tempstring);
MPRINT(EM_TREE_MAKEPLOTDS):   end;
MPRINT(EM_TREE_MAKEPLOTDS):   else do;
MPRINT(EM_TREE_MAKEPLOTDS):   abovetext = strip(abovetext)||", ...";
MPRINT(EM_TREE_MAKEPLOTDS):   flag = 1;
MPRINT(EM_TREE_MAKEPLOTDS):   end;
MPRINT(EM_TREE_MAKEPLOTDS):   end;
MPRINT(EM_TREE_MAKEPLOTDS):   branch = numeric_value;
MPRINT(EM_TREE_MAKEPLOTDS):   output;
MPRINT(EM_TREE_MAKEPLOTDS):   end;
MPRINT(EM_TREE_MAKEPLOTDS):   else do;
MPRINT(EM_TREE_MAKEPLOTDS):   if flag=0 then do;
MPRINT(EM_TREE_MAKEPLOTDS):   tempstring = strip(abovetext)||", "||strip(CHARACTER_VALUE);
MPRINT(EM_TREE_MAKEPLOTDS):   length = length(strip(tempstring));
MPRINT(EM_TREE_MAKEPLOTDS):   if length < 32 then do;
MPRINT(EM_TREE_MAKEPLOTDS):   abovetext = strip(tempstring);
MPRINT(EM_TREE_MAKEPLOTDS):   end;
MPRINT(EM_TREE_MAKEPLOTDS):   else do;
MPRINT(EM_TREE_MAKEPLOTDS):   abovetext = strip(abovetext)||", ...";
MPRINT(EM_TREE_MAKEPLOTDS):   flag=1;
MPRINT(EM_TREE_MAKEPLOTDS):   end;
MPRINT(EM_TREE_MAKEPLOTDS):   end;
MPRINT(EM_TREE_MAKEPLOTDS):   branch = numeric_value;
MPRINT(EM_TREE_MAKEPLOTDS):   end;
MPRINT(EM_TREE_MAKEPLOTDS):   end;
MPRINT(EM_TREE_MAKEPLOTDS):   keep parent branch abovetext;
MPRINT(EM_TREE_MAKEPLOTDS):   run;

NOTE: Numeric values have been converted to character values at the places given by: (Line):(Column).
      172:103   221:136   264:102   264:125   296:104   330:104   372:103   372:126   415:104   
NOTE: Character values have been converted to numeric values at the places given by: (Line):(Column).
      431:99   
NOTE: There were 6 observations read from the data set WORK.ABOVETEXT.
NOTE: The data set WORK.ABOVETEXT has 12 observations and 3 variables.
NOTE: DATA statement used (Total process time):
      real time           0.01 seconds
      cpu time            0.01 seconds
      

MPRINT(EM_TREE_MAKEPLOTDS):   data tempmissing;
MPRINT(EM_TREE_MAKEPLOTDS):   set EMWS1.Tree6_OUTRULES;
MPRINT(EM_TREE_MAKEPLOTDS):   if ((ROLE="PRIMARY") AND (STAT in ("MISSING")));
MPRINT(EM_TREE_MAKEPLOTDS):   rename node=parent numeric_value=branch character_value=misschar;
MPRINT(EM_TREE_MAKEPLOTDS):   run;

NOTE: There were 216 observations read from the data set EMWS1.TREE6_OUTRULES.
NOTE: The data set WORK.TEMPMISSING has 6 observations and 6 variables.
NOTE: DATA statement used (Total process time):
      real time           0.00 seconds
      cpu time            0.01 seconds
      

MPRINT(EM_TREE_MAKEPLOTDS):   proc sort data=abovetext;
MPRINT(EM_TREE_MAKEPLOTDS):   by parent branch;
MPRINT(EM_TREE_MAKEPLOTDS):   run;

NOTE: There were 12 observations read from the data set WORK.ABOVETEXT.
NOTE: The data set WORK.ABOVETEXT has 12 observations and 3 variables.
NOTE: PROCEDURE SORT used (Total process time):
      real time           0.02 seconds
      cpu time            0.01 seconds
      

MPRINT(EM_TREE_MAKEPLOTDS):   proc sort data=tempmissing;
MPRINT(EM_TREE_MAKEPLOTDS):   by parent branch;
MPRINT(EM_TREE_MAKEPLOTDS):   run;

NOTE: There were 6 observations read from the data set WORK.TEMPMISSING.
NOTE: The data set WORK.TEMPMISSING has 6 observations and 6 variables.
NOTE: PROCEDURE SORT used (Total process time):
      real time           0.01 seconds
      cpu time            0.00 seconds
      

MPRINT(EM_TREE_MAKEPLOTDS):   proc sort data=EMWS1.Tree6_OUTNODES out=tempoutnodes;
MPRINT(EM_TREE_MAKEPLOTDS):   by parent branch;
MPRINT(EM_TREE_MAKEPLOTDS):   run;

NOTE: There were 13 observations read from the data set EMWS1.TREE6_OUTNODES.
NOTE: The data set WORK.TEMPOUTNODES has 13 observations and 24 variables.
NOTE: PROCEDURE SORT used (Total process time):
      real time           0.02 seconds
      cpu time            0.03 seconds
      

MPRINT(EM_TREE_MAKEPLOTDS):   data tempoutnodes;
MPRINT(EM_TREE_MAKEPLOTDS):   merge abovetext tempoutNodes(drop=abovetext) tempmissing(in=_a);
MPRINT(EM_TREE_MAKEPLOTDS):   by parent branch;
MPRINT(EM_TREE_MAKEPLOTDS):   length traintotal validtotal 8;
MPRINT(EM_TREE_MAKEPLOTDS):   retain traintotal validtotal;
MPRINT(EM_TREE_MAKEPLOTDS):   if _a then do;
MPRINT(EM_TREE_MAKEPLOTDS):   if ^MISSING(abovetext) then do;
MPRINT(EM_TREE_MAKEPLOTDS):   abovetext= strip(abovetext)||" Or Missing";
MPRINT(EM_TREE_MAKEPLOTDS):   end;
MPRINT(EM_TREE_MAKEPLOTDS):   else do;
MPRINT(EM_TREE_MAKEPLOTDS):   abovetext = " Missing Values Only";
MPRINT(EM_TREE_MAKEPLOTDS):   end;
MPRINT(EM_TREE_MAKEPLOTDS):   end;
MPRINT(EM_TREE_MAKEPLOTDS):   if MISSING(abovetext) then abovetext="Non-Missing Values";
MPRINT(EM_TREE_MAKEPLOTDS):   if node=1 then do;
MPRINT(EM_TREE_MAKEPLOTDS):   traintotal = N;
MPRINT(EM_TREE_MAKEPLOTDS):   validtotal=VN;
MPRINT(EM_TREE_MAKEPLOTDS):   end;
MPRINT(EM_TREE_MAKEPLOTDS):   drop role rank stat misschar belowtext;
MPRINT(EM_TREE_MAKEPLOTDS):   run;

NOTE: There were 12 observations read from the data set WORK.ABOVETEXT.
NOTE: There were 13 observations read from the data set WORK.TEMPOUTNODES.
NOTE: There were 6 observations read from the data set WORK.TEMPMISSING.
NOTE: The data set WORK.TEMPOUTNODES has 13 observations and 25 variables.
NOTE: DATA statement used (Total process time):
      real time           0.04 seconds
      cpu time            0.03 seconds
      

MPRINT(EM_TREE_MAKEPLOTDS):   proc sort data=tempoutnodes;
MPRINT(EM_TREE_MAKEPLOTDS):   by node;
MPRINT(EM_TREE_MAKEPLOTDS):   run;

NOTE: There were 13 observations read from the data set WORK.TEMPOUTNODES.
NOTE: The data set WORK.TEMPOUTNODES has 13 observations and 25 variables.
NOTE: PROCEDURE SORT used (Total process time):
      real time           0.03 seconds
      cpu time            0.01 seconds
      

MPRINT(EM_TREE_MAKEPLOTDS):   proc sort data=belowtext;
MPRINT(EM_TREE_MAKEPLOTDS):   by node;
MPRINT(EM_TREE_MAKEPLOTDS):   run;

NOTE: There were 6 observations read from the data set WORK.BELOWTEXT.
NOTE: The data set WORK.BELOWTEXT has 6 observations and 2 variables.
NOTE: PROCEDURE SORT used (Total process time):
      real time           0.01 seconds
      cpu time            0.00 seconds
      

MPRINT(EM_TREE_MAKEPLOTDS):   data tempoutnodes;
MPRINT(EM_TREE_MAKEPLOTDS):   merge tempoutnodes belowtext;
MPRINT(EM_TREE_MAKEPLOTDS):   by node;
MPRINT(EM_TREE_MAKEPLOTDS):   run;

NOTE: There were 13 observations read from the data set WORK.TEMPOUTNODES.
NOTE: There were 6 observations read from the data set WORK.BELOWTEXT.
NOTE: The data set WORK.TEMPOUTNODES has 13 observations and 26 variables.
NOTE: DATA statement used (Total process time):
      real time           0.03 seconds
      cpu time            0.03 seconds
      

MPRINT(EM_TREE_MAKEPLOTDS):   data _null_ ;
MPRINT(EM_TREE_MAKEPLOTDS):   set EMWS1.Tree6_OUTSTATS(where=(STATNAME="NPRIORS")) end=eof ;
MPRINT(EM_TREE_MAKEPLOTDS):   if eof then do ;
MPRINT(EM_TREE_MAKEPLOTDS):   call symput("npriors" , strip(put(_N_,best.))) ;
MPRINT(EM_TREE_MAKEPLOTDS):   end;
MPRINT(EM_TREE_MAKEPLOTDS):   run;

NOTE: There were 0 observations read from the data set EMWS1.TREE6_OUTSTATS.
      WHERE STATNAME='NPRIORS';
NOTE: DATA statement used (Total process time):
      real time           0.00 seconds
      cpu time            0.00 seconds
      

MPRINT(EM_TREE_MAKEPLOTDS):   data temptarmeta;
MPRINT(EM_TREE_MAKEPLOTDS):   set EMWS1.Tree6_VariableSet(where=(ROLE='TARGET' AND LEVEL^='ORDINAL' AND USE in ('D', 'Y') ));
MPRINT(EM_TREE_MAKEPLOTDS):   length TARGET $32;
MPRINT(EM_TREE_MAKEPLOTDS):   Target=name;
MPRINT(EM_TREE_MAKEPLOTDS):   keep target level;
MPRINT(EM_TREE_MAKEPLOTDS):   run;

NOTE: There were 1 observations read from the data set EMWS1.TREE6_VARIABLESET.
      WHERE (ROLE='TARGET') and (LEVEL not = 'ORDINAL') and USE in ('D', 'Y');
NOTE: The data set WORK.TEMPTARMETA has 1 observations and 2 variables.
NOTE: DATA statement used (Total process time):
      real time           0.01 seconds
      cpu time            0.01 seconds
      

MPRINT(EM_TREE_MAKEPLOTDS):   data temptargetused;
MPRINT(EM_TREE_MAKEPLOTDS):   set EMWS1.Tree6_OUTSTATS;
MPRINT(EM_TREE_MAKEPLOTDS):   length target $32 tarlevel $10;
MPRINT(EM_TREE_MAKEPLOTDS):   target=
MPRINT(EM_TREE_MAKEPLOTDS):  "diagnosis";
MPRINT(EM_TREE_MAKEPLOTDS):   tarlevel=
MPRINT(EM_TREE_MAKEPLOTDS):  "BINARY";
MPRINT(EM_TREE_MAKEPLOTDS):   keep node target tarlevel;
MPRINT(EM_TREE_MAKEPLOTDS):   run;

NOTE: There were 91 observations read from the data set EMWS1.TREE6_OUTSTATS.
NOTE: The data set WORK.TEMPTARGETUSED has 91 observations and 3 variables.
NOTE: DATA statement used (Total process time):
      real time           0.01 seconds
      cpu time            0.01 seconds
      

MPRINT(EM_TREE_MAKEPLOTDS):   proc sort data=temptargetused nodupkey;
MPRINT(EM_TREE_MAKEPLOTDS):   by node;
MPRINT(EM_TREE_MAKEPLOTDS):   run;

NOTE: There were 91 observations read from the data set WORK.TEMPTARGETUSED.
NOTE: 78 observations with duplicate key values were deleted.
NOTE: The data set WORK.TEMPTARGETUSED has 13 observations and 3 variables.
NOTE: PROCEDURE SORT used (Total process time):
      real time           0.02 seconds
      cpu time            0.01 seconds
      

MPRINT(EM_TREE_MAKEPLOTDS):   proc sort data=EMWS1.Tree6_OUTSTATS out=tempoutstats;
MPRINT(EM_TREE_MAKEPLOTDS):   by node;
MPRINT(EM_TREE_MAKEPLOTDS):   run;

NOTE: There were 91 observations read from the data set EMWS1.TREE6_OUTSTATS.
NOTE: The data set WORK.TEMPOUTSTATS has 91 observations and 5 variables.
NOTE: PROCEDURE SORT used (Total process time):
      real time           0.02 seconds
      cpu time            0.00 seconds
      

MPRINT(EM_TREE_MAKEPLOTDS):   proc sort data=temptargetused;
MPRINT(EM_TREE_MAKEPLOTDS):   by node;
MPRINT(EM_TREE_MAKEPLOTDS):   run;

NOTE: Input data set is already sorted, no sorting done.
NOTE: PROCEDURE SORT used (Total process time):
      real time           0.00 seconds
      cpu time            0.01 seconds
      

MPRINT(EM_TREE_MAKEPLOTDS):   data tempinterval tempclass;
MPRINT(EM_TREE_MAKEPLOTDS):   merge tempoutstats temptargetused( rename=(target=targetused));
MPRINT(EM_TREE_MAKEPLOTDS):   by node;
MPRINT(EM_TREE_MAKEPLOTDS):   if tarlevel="INTERVAL" then output tempinterval;
MPRINT(EM_TREE_MAKEPLOTDS):   else output tempclass;
MPRINT(EM_TREE_MAKEPLOTDS):   run;

NOTE: There were 91 observations read from the data set WORK.TEMPOUTSTATS.
NOTE: There were 13 observations read from the data set WORK.TEMPTARGETUSED.
NOTE: The data set WORK.TEMPINTERVAL has 0 observations and 7 variables.
NOTE: The data set WORK.TEMPCLASS has 91 observations and 7 variables.
NOTE: DATA statement used (Total process time):
      real time           0.05 seconds
      cpu time            0.04 seconds
      

MPRINT(EM_TREE_MAKEPLOTDS):   proc sql;
MPRINT(EM_TREE_MAKEPLOTDS):   reset noprint;
MPRINT(EM_TREE_MAKEPLOTDS):   select count(*) into :em_intNobs from tempinterval;
MPRINT(EM_TREE_MAKEPLOTDS):   quit;
NOTE: PROCEDURE SQL used (Total process time):
      real time           0.01 seconds
      cpu time            0.00 seconds
      

MPRINT(EM_TREE_MAKEPLOTDS):   proc sql;
MPRINT(EM_TREE_MAKEPLOTDS):   reset noprint;
MPRINT(EM_TREE_MAKEPLOTDS):   select count(*) into :em_classNobs from tempclass;
MPRINT(EM_TREE_MAKEPLOTDS):   quit;
NOTE: PROCEDURE SQL used (Total process time):
      real time           0.00 seconds
      cpu time            0.00 seconds
      

MPRINT(EM_TREE_MAKEPLOTDS):   proc sort data=tempclass;
MPRINT(EM_TREE_MAKEPLOTDS):   by node category;
MPRINT(EM_TREE_MAKEPLOTDS):   run;

NOTE: There were 91 observations read from the data set WORK.TEMPCLASS.
NOTE: The data set WORK.TEMPCLASS has 91 observations and 7 variables.
NOTE: PROCEDURE SORT used (Total process time):
      real time           0.00 seconds
      cpu time            0.00 seconds
      

MPRINT(EM_TREE_MAKEPLOTDS):   data tempn(keep=NODE STATVALUE STATNAME) temppredict(Keep=NODE CATEGORY) tempprob(keep=NODE STATVALUE CATEGORY TARGET ) tempvprob(keep=NODE STATVALUE CATEGORY TARGET ) tempprofit(KEEP=NODE STATVALUE STATNAME CATEGORY ) 
temploss(KEEP=NODE STATVALUE STATNAME CATEGORY );
MPRINT(EM_TREE_MAKEPLOTDS):   set tempclass;
MPRINT(EM_TREE_MAKEPLOTDS):   if ((statname="N") OR (statname="VALID: N")) then output tempn;
MPRINT(EM_TREE_MAKEPLOTDS):   else if statname="PREDICTION" then output temppredict;
MPRINT(EM_TREE_MAKEPLOTDS):   else if statname="PROBABILITY" then output tempprob;
MPRINT(EM_TREE_MAKEPLOTDS):   else if statname="VALID: PROBABILITY" then output tempvprob;
MPRINT(EM_TREE_MAKEPLOTDS):   else if ((statname="ALTERNATIVE PROFIT") or (statname="VALID: ALTERNATIVE PROFIT")) then output tempprofit;
MPRINT(EM_TREE_MAKEPLOTDS):   else if ((statname="ALTERNATIVE LOSS") OR (statname="VALID: ALTERNATIVE LOSS")) then output temploss;
MPRINT(EM_TREE_MAKEPLOTDS):   run;

WARNING: The variable TARGET in the DROP, KEEP, or RENAME list has never been referenced.
WARNING: The variable TARGET in the DROP, KEEP, or RENAME list has never been referenced.
NOTE: There were 91 observations read from the data set WORK.TEMPCLASS.
NOTE: The data set WORK.TEMPN has 26 observations and 3 variables.
NOTE: The data set WORK.TEMPPREDICT has 13 observations and 2 variables.
NOTE: The data set WORK.TEMPPROB has 26 observations and 3 variables.
NOTE: The data set WORK.TEMPVPROB has 26 observations and 3 variables.
NOTE: The data set WORK.TEMPPROFIT has 0 observations and 4 variables.
NOTE: The data set WORK.TEMPLOSS has 0 observations and 4 variables.
NOTE: DATA statement used (Total process time):
      real time           0.09 seconds
      cpu time            0.06 seconds
      

MPRINT(EM_TREE_MAKEPLOTDS):   proc sql;
MPRINT(EM_TREE_MAKEPLOTDS):   reset noprint;
MPRINT(EM_TREE_MAKEPLOTDS):   select count(*) into :em_profitflag from tempprofit;
MPRINT(EM_TREE_MAKEPLOTDS):   quit;
NOTE: PROCEDURE SQL used (Total process time):
      real time           0.00 seconds
      cpu time            0.01 seconds
      

MPRINT(EM_TREE_MAKEPLOTDS):   proc sql;
MPRINT(EM_TREE_MAKEPLOTDS):   reset noprint;
MPRINT(EM_TREE_MAKEPLOTDS):   select count(*) into :em_lossflag from temploss;
MPRINT(EM_TREE_MAKEPLOTDS):   quit;
NOTE: PROCEDURE SQL used (Total process time):
      real time           0.00 seconds
      cpu time            0.00 seconds
      

MPRINT(EM_TREE_MAKEPLOTDS):   proc transpose data=tempn out=tempn(keep=node N VALID__N rename=(VALID__N=VN));
MPRINT(EM_TREE_MAKEPLOTDS):   by node;
MPRINT(EM_TREE_MAKEPLOTDS):   id statname;
MPRINT(EM_TREE_MAKEPLOTDS):   run;

NOTE: There were 26 observations read from the data set WORK.TEMPN.
NOTE: The data set WORK.TEMPN has 13 observations and 3 variables.
NOTE: PROCEDURE TRANSPOSE used (Total process time):
      real time           0.02 seconds
      cpu time            0.01 seconds
      

MPRINT(EM_TREE_MAKEPLOTDS):   data tempprob;
MPRINT(EM_TREE_MAKEPLOTDS):   merge tempprob tempvprob(rename=(statvalue=vstatvalue));
MPRINT(EM_TREE_MAKEPLOTDS):   by node category;
MPRINT(EM_TREE_MAKEPLOTDS):   run;

NOTE: There were 26 observations read from the data set WORK.TEMPPROB.
NOTE: There were 26 observations read from the data set WORK.TEMPVPROB.
NOTE: The data set WORK.TEMPPROB has 26 observations and 4 variables.
NOTE: DATA statement used (Total process time):
      real time           0.01 seconds
      cpu time            0.03 seconds
      

MPRINT(EM_TREE_MAKEPLOTDS):   data temppredict;
MPRINT(EM_TREE_MAKEPLOTDS):   merge tempprob temppredict(in=_a);
MPRINT(EM_TREE_MAKEPLOTDS):   by node category;
MPRINT(EM_TREE_MAKEPLOTDS):   if _a then do;
MPRINT(EM_TREE_MAKEPLOTDS):   percentCorrect = statvalue;
MPRINT(EM_TREE_MAKEPLOTDS):   vpercentCorrect= vstatvalue;
MPRINT(EM_TREE_MAKEPLOTDS):   end;
MPRINT(EM_TREE_MAKEPLOTDS):   label percentCorrect= "Percent Correct" vpercentCorrect= "Valid Percent Correct" ;
MPRINT(EM_TREE_MAKEPLOTDS):   if missing(percentCorrect) then delete;
MPRINT(EM_TREE_MAKEPLOTDS):   drop target;
MPRINT(EM_TREE_MAKEPLOTDS):   run;

WARNING: The variable target in the DROP, KEEP, or RENAME list has never been referenced.
NOTE: There were 26 observations read from the data set WORK.TEMPPROB.
NOTE: There were 13 observations read from the data set WORK.TEMPPREDICT.
NOTE: The data set WORK.TEMPPREDICT has 13 observations and 6 variables.
NOTE: DATA statement used (Total process time):
      real time           0.04 seconds
      cpu time            0.01 seconds
      

MPRINT(EM_TREE_MAKEPLOTDS):   data tempprob(keep= node probtext);
MPRINT(EM_TREE_MAKEPLOTDS):   length probtext $800;
MPRINT(EM_TREE_MAKEPLOTDS):   retain probtext;
MPRINT(EM_TREE_MAKEPLOTDS):   set tempprob ;
MPRINT(EM_TREE_MAKEPLOTDS):   by node;
MPRINT(EM_TREE_MAKEPLOTDS):   if first.node then do;
MPRINT(EM_TREE_MAKEPLOTDS):   probtext=strip(CATEGORY)||": "||"09"x||put(statvalue, percent10.2)||"09"x||put(vstatvalue, percent10.2);
MPRINT(EM_TREE_MAKEPLOTDS):   end;
MPRINT(EM_TREE_MAKEPLOTDS):   else if last.node then do;
MPRINT(EM_TREE_MAKEPLOTDS):   probtext=strip(probtext)||"0A"x||strip(CATEGORY)||": "||"09"x||put(statvalue, percent10.2)||"09"x||put(vstatvalue, percent10.2);
MPRINT(EM_TREE_MAKEPLOTDS):   output;
MPRINT(EM_TREE_MAKEPLOTDS):   end;
MPRINT(EM_TREE_MAKEPLOTDS):   else do;
MPRINT(EM_TREE_MAKEPLOTDS):   probtext=strip(probtext)||"0A"x||strip(CATEGORY)||": "||"09"x||put(statvalue, percent10.2)||"09"x||put(vstatvalue, percent10.2);
MPRINT(EM_TREE_MAKEPLOTDS):   end;
MPRINT(EM_TREE_MAKEPLOTDS):   run;

NOTE: There were 26 observations read from the data set WORK.TEMPPROB.
NOTE: The data set WORK.TEMPPROB has 13 observations and 2 variables.
NOTE: DATA statement used (Total process time):
      real time           0.01 seconds
      cpu time            0.01 seconds
      

MPRINT(EM_TREE_MAKEPLOTDS):   proc sort data=tempoutnodes out=tempoutnodes;
MPRINT(EM_TREE_MAKEPLOTDS):   by node;
MPRINT(EM_TREE_MAKEPLOTDS):   run;

NOTE: There were 13 observations read from the data set WORK.TEMPOUTNODES.
NOTE: The data set WORK.TEMPOUTNODES has 13 observations and 26 variables.
NOTE: PROCEDURE SORT used (Total process time):
      real time           0.01 seconds
      cpu time            0.01 seconds
      

MPRINT(EM_TREE_MAKEPLOTDS):   data EMWS1.Tree6_TREE_PLOT;
MPRINT(EM_TREE_MAKEPLOTDS):   length textall $800;
MPRINT(EM_TREE_MAKEPLOTDS):   merge tempoutnodes temptargetused tempn temppredict tempprob ;
MPRINT(EM_TREE_MAKEPLOTDS):   by node;
MPRINT(EM_TREE_MAKEPLOTDS):   textall="";
MPRINT(EM_TREE_MAKEPLOTDS):   if tarlevel^="INTERVAL" then do;
MPRINT(EM_TREE_MAKEPLOTDS):   textall=strip(textall)||"0A"x||"Node Id: "||"09"x||strip(Node);
MPRINT(EM_TREE_MAKEPLOTDS):   textall=strip(textall)||"0A"x||"Statistic "||"09"x||"Train" ||"09"x|| "Validation";
MPRINT(EM_TREE_MAKEPLOTDS):   textall=strip(textall)||"0A"x||strip(probtext);
MPRINT(EM_TREE_MAKEPLOTDS):   textall=strip(textall)||"0A"x||" Count: "||"09"x||strip(put(N, best12.))||"09"x||strip(put(VN, best12.));
MPRINT(EM_TREE_MAKEPLOTDS):   nodecolor=percentcorrect;
MPRINT(EM_TREE_MAKEPLOTDS):   end;
MPRINT(EM_TREE_MAKEPLOTDS):   drop CATEGORY PROBTEXT TARGET TARLEVEL STATVALUE VSTATVALUE ;
MPRINT(EM_TREE_MAKEPLOTDS):   run;

NOTE: Numeric values have been converted to character values at the places given by: (Line):(Column).
      1141:196   
NOTE: There were 13 observations read from the data set WORK.TEMPOUTNODES.
NOTE: There were 13 observations read from the data set WORK.TEMPTARGETUSED.
NOTE: There were 13 observations read from the data set WORK.TEMPN.
NOTE: There were 13 observations read from the data set WORK.TEMPPREDICT.
NOTE: There were 13 observations read from the data set WORK.TEMPPROB.
NOTE: The data set EMWS1.TREE6_TREE_PLOT has 13 observations and 30 variables.
NOTE: DATA statement used (Total process time):
      real time           0.02 seconds
      cpu time            0.03 seconds
      

MPRINT(EM_TREE_MAKEPLOTDS):   data tempprob(keep=node statname statvalue rename=(statvalue=P_diagnosisM));
MPRINT(EM_TREE_MAKEPLOTDS):   set EMWS1.Tree6_OUTSTATS;
MPRINT(EM_TREE_MAKEPLOTDS):   if ((statname="PROBABILITY" or statname="VALID: PROBABILITY" ) AND (CATEGORY="M") );
MPRINT(EM_TREE_MAKEPLOTDS):   run;

NOTE: There were 91 observations read from the data set EMWS1.TREE6_OUTSTATS.
NOTE: The data set WORK.TEMPPROB has 26 observations and 3 variables.
NOTE: DATA statement used (Total process time):
      real time           0.02 seconds
      cpu time            0.01 seconds
      

MPRINT(EM_TREE_MAKEPLOTDS):   proc sort data=tempprob;
MPRINT(EM_TREE_MAKEPLOTDS):   by node;
MPRINT(EM_TREE_MAKEPLOTDS):   run;

NOTE: There were 26 observations read from the data set WORK.TEMPPROB.
NOTE: The data set WORK.TEMPPROB has 26 observations and 3 variables.
NOTE: PROCEDURE SORT used (Total process time):
      real time           0.03 seconds
      cpu time            0.00 seconds
      

MPRINT(EM_TREE_MAKEPLOTDS):   proc transpose data=tempprob out=tempprob(keep=NODE PROBABILITY VALID__PROBABILITY rename=(PROBABILITY=P_diagnosisM VALID__PROBABILITY=V_diagnosisM));
MPRINT(EM_TREE_MAKEPLOTDS):   by node;
MPRINT(EM_TREE_MAKEPLOTDS):   id statname;
MPRINT(EM_TREE_MAKEPLOTDS):   run;

NOTE: There were 26 observations read from the data set WORK.TEMPPROB.
NOTE: The data set WORK.TEMPPROB has 13 observations and 3 variables.
NOTE: PROCEDURE TRANSPOSE used (Total process time):
      real time           0.08 seconds
      cpu time            0.01 seconds
      

MPRINT(EM_TREE_MAKEPLOTDS):   proc sort data=tempprob;
MPRINT(EM_TREE_MAKEPLOTDS):   by node;
MPRINT(EM_TREE_MAKEPLOTDS):   run;

NOTE: There were 13 observations read from the data set WORK.TEMPPROB.
NOTE: The data set WORK.TEMPPROB has 13 observations and 3 variables.
NOTE: PROCEDURE SORT used (Total process time):
      real time           0.02 seconds
      cpu time            0.01 seconds
      

MPRINT(EM_TREE_MAKEPLOTDS):   data tempoutnodes;
MPRINT(EM_TREE_MAKEPLOTDS):   merge tempoutnodes tempprob;
MPRINT(EM_TREE_MAKEPLOTDS):   by node;
MPRINT(EM_TREE_MAKEPLOTDS):   run;

NOTE: There were 13 observations read from the data set WORK.TEMPOUTNODES.
NOTE: There were 13 observations read from the data set WORK.TEMPPROB.
NOTE: The data set WORK.TEMPOUTNODES has 13 observations and 26 variables.
NOTE: DATA statement used (Total process time):
      real time           0.01 seconds
      cpu time            0.01 seconds
      

MPRINT(EM_TREE_MAKEPLOTDS):   proc sort data=tempoutnodes out=tempnodes;
MPRINT(EM_TREE_MAKEPLOTDS):   by descending P_diagnosisM;
MPRINT(EM_TREE_MAKEPLOTDS):   run;

NOTE: There were 13 observations read from the data set WORK.TEMPOUTNODES.
NOTE: The data set WORK.TEMPNODES has 13 observations and 26 variables.
NOTE: PROCEDURE SORT used (Total process time):
      real time           0.01 seconds
      cpu time            0.00 seconds
      

MPRINT(EM_TREE_MAKEPLOTDS):   data tempnodes;
MPRINT(EM_TREE_MAKEPLOTDS):   retain traintotal validtotal;
MPRINT(EM_TREE_MAKEPLOTDS):   set tempnodes(where=(leaf ne . ));
MPRINT(EM_TREE_MAKEPLOTDS):   tprob=round(P_diagnosisM, .01);
MPRINT(EM_TREE_MAKEPLOTDS):   percevent_train=round(tprob*100, .01);
MPRINT(EM_TREE_MAKEPLOTDS):   perc_train=round((n/traintotal)*100, 0.01);
MPRINT(EM_TREE_MAKEPLOTDS):   if missing(perc_train) then perc_train = round(linkwidth*10, 0.01);
MPRINT(EM_TREE_MAKEPLOTDS):   vprob=round(V_diagnosisM, .01);
MPRINT(EM_TREE_MAKEPLOTDS):   percevent_valid=round(vprob*100, .01);
MPRINT(EM_TREE_MAKEPLOTDS):   perc_valid=round((vn/validtotal)*100, .01);
MPRINT(EM_TREE_MAKEPLOTDS):   index=_N_;
MPRINT(EM_TREE_MAKEPLOTDS):   keep node index tprob perc_train percevent_train vprob percevent_valid perc_valid ;
MPRINT(EM_TREE_MAKEPLOTDS):   run;

NOTE: There were 7 observations read from the data set WORK.TEMPNODES.
      WHERE leaf not = .;
NOTE: The data set WORK.TEMPNODES has 7 observations and 8 variables.
NOTE: DATA statement used (Total process time):
      real time           0.03 seconds
      cpu time            0.01 seconds
      

MPRINT(EM_TREE_MAKEPLOTDS):   proc sort data=tempnodes;
MPRINT(EM_TREE_MAKEPLOTDS):   by node;
MPRINT(EM_TREE_MAKEPLOTDS):   run;

NOTE: There were 7 observations read from the data set WORK.TEMPNODES.
NOTE: The data set WORK.TEMPNODES has 7 observations and 8 variables.
NOTE: PROCEDURE SORT used (Total process time):
      real time           0.04 seconds
      cpu time            0.01 seconds
      

MPRINT(EM_TREE_MAKEPLOTDS):   data EMWS1.Tree6_TREE_PLOT;
MPRINT(EM_TREE_MAKEPLOTDS):   merge EMWS1.Tree6_TREE_PLOT tempnodes;
MPRINT(EM_TREE_MAKEPLOTDS):   by node;
MPRINT(EM_TREE_MAKEPLOTDS):   if missing(node) then delete;
MPRINT(EM_TREE_MAKEPLOTDS):   abovetext = compbl(abovetext);
MPRINT(EM_TREE_MAKEPLOTDS):   label textall = "All Text" parent = "Parent Id" node = "Node Id" abovetext = "Above Text" traintotal = "Train Total" nodecolor =
MPRINT(EM_TREE_MAKEPLOTDS):   "Node Color" tprob = "Training Percent M" percevent_train = "Event Percentage" perc_train = "Percent Cases" index = "Index" validtotal = "Valid Total" VN =
MPRINT(EM_TREE_MAKEPLOTDS):   "Valid: Number of Observations" vprob = "Validation Percent M" perc_valid = "Valid: Percent Cases" percevent_valid = "Valid: Event Percentage" ;
MPRINT(EM_TREE_MAKEPLOTDS):   run;

NOTE: There were 13 observations read from the data set EMWS1.TREE6_TREE_PLOT.
NOTE: There were 7 observations read from the data set WORK.TEMPNODES.
NOTE: The data set EMWS1.TREE6_TREE_PLOT has 13 observations and 37 variables.
NOTE: DATA statement used (Total process time):
      real time           0.06 seconds
      cpu time            0.03 seconds
      

MPRINT(EM_TREE_MAKEPLOTDS):   proc datasets lib=work nolist;
MPRINT(EM_TREE_MAKEPLOTDS):   delete abovetext belowtext tempoutnodes tempmissing temp tempnodes tempstats;
MPRINT(EM_TREE_MAKEPLOTDS):   run;

NOTE: The file WORK.TEMP (memtype=DATA) was not found, but appears on a DELETE statement.
NOTE: The file WORK.TEMPSTATS (memtype=DATA) was not found, but appears on a DELETE statement.
NOTE: Deleting WORK.ABOVETEXT (memtype=DATA).
NOTE: Deleting WORK.BELOWTEXT (memtype=DATA).
NOTE: Deleting WORK.TEMPOUTNODES (memtype=DATA).
NOTE: Deleting WORK.TEMPMISSING (memtype=DATA).
NOTE: Deleting WORK.TEMPNODES (memtype=DATA).
MPRINT(EM_TREE_REPORT):  ;

NOTE: PROCEDURE DATASETS used (Total process time):
      real time           0.03 seconds
      cpu time            0.01 seconds
      

MPRINT(EM_REPORT):   data WORK.EM_USER_REPORT;
MPRINT(EM_REPORT):   retain id 0;
MPRINT(EM_REPORT):   id + 1;
MPRINT(EM_REPORT):   length VIEW 8 NAME $32 VALUE $400;
MPRINT(EM_REPORT):   NAME = "KEY";
MPRINT(EM_REPORT):   VALUE = "TREE_PLOT";
MPRINT(EM_REPORT):   VIEW = 0.17136154238663;
MPRINT(EM_REPORT):   output;
MPRINT(EM_REPORT):   NAME = "VIEWTYPE";
MPRINT(EM_REPORT):   VALUE = "DTree";
MPRINT(EM_REPORT):   VIEW = 0.17136154238663;
MPRINT(EM_REPORT):   output;
MPRINT(EM_REPORT):   NAME = "AUTODISPLAY";
MPRINT(EM_REPORT):   VALUE = "Y";
MPRINT(EM_REPORT):   VIEW = 0.17136154238663;
MPRINT(EM_REPORT):   output;
MPRINT(EM_REPORT):   NAME = "SPK";
MPRINT(EM_REPORT):   VALUE = "Y";
MPRINT(EM_REPORT):   VIEW = 0.17136154238663;
MPRINT(EM_REPORT):   output;
MPRINT(EM_REPORT):   NAME = "COMPARE";
MPRINT(EM_REPORT):   VALUE = "N";
MPRINT(EM_REPORT):   VIEW = 0.17136154238663;
MPRINT(EM_REPORT):   output;
MPRINT(EM_REPORT):   NAME = "LOCALIZE";
MPRINT(EM_REPORT):   VALUE = "N";
MPRINT(EM_REPORT):   VIEW = 0.17136154238663;
MPRINT(EM_REPORT):   output;
MPRINT(EM_REPORT):   NAME = "EQUALIZEROWX";
MPRINT(EM_REPORT):   VALUE = "N";
MPRINT(EM_REPORT):   VIEW = 0.17136154238663;
MPRINT(EM_REPORT):   output;
MPRINT(EM_REPORT):   NAME = "EQUALIZEROWY";
MPRINT(EM_REPORT):   VALUE = "N";
MPRINT(EM_REPORT):   VIEW = 0.17136154238663;
MPRINT(EM_REPORT):   output;
MPRINT(EM_REPORT):   NAME = "EQUALIZECOLX";
MPRINT(EM_REPORT):   VALUE = "N";
MPRINT(EM_REPORT):   VIEW = 0.17136154238663;
MPRINT(EM_REPORT):   output;
MPRINT(EM_REPORT):   NAME = "EQUALIZECOLY";
MPRINT(EM_REPORT):   VALUE = "N";
MPRINT(EM_REPORT):   VIEW = 0.17136154238663;
MPRINT(EM_REPORT):   output;
MPRINT(EM_REPORT):   NAME = "NROWS";
MPRINT(EM_REPORT):   VALUE = "";
MPRINT(EM_REPORT):   VIEW = 0.17136154238663;
MPRINT(EM_REPORT):   output;
MPRINT(EM_REPORT):   NAME = "NCOLS";
MPRINT(EM_REPORT):   VALUE = "";
MPRINT(EM_REPORT):   VIEW = 0.17136154238663;
MPRINT(EM_REPORT):   output;
MPRINT(EM_REPORT):   NAME = "DISCRETEX";
MPRINT(EM_REPORT):   VALUE = "";
MPRINT(EM_REPORT):   VIEW = 0.17136154238663;
MPRINT(EM_REPORT):   output;
MPRINT(EM_REPORT):   NAME = "DISCRETEY";
MPRINT(EM_REPORT):   VALUE = "";
MPRINT(EM_REPORT):   VIEW = 0.17136154238663;
MPRINT(EM_REPORT):   output;
MPRINT(EM_REPORT):   NAME = "LATTICEX";
MPRINT(EM_REPORT):   VALUE = "";
MPRINT(EM_REPORT):   VIEW = 0.17136154238663;
MPRINT(EM_REPORT):   output;
MPRINT(EM_REPORT):   NAME = "LATTICEY";
MPRINT(EM_REPORT):   VALUE = "";
MPRINT(EM_REPORT):   VIEW = 0.17136154238663;
MPRINT(EM_REPORT):   output;
MPRINT(EM_REPORT):   NAME = "LATTICETYPE";
MPRINT(EM_REPORT):   VALUE = "";
MPRINT(EM_REPORT):   VIEW = 0.17136154238663;
MPRINT(EM_REPORT):   output;
MPRINT(EM_REPORT):   NAME = "ABSOLUTEVALUE";
MPRINT(EM_REPORT):   VALUE = "";
MPRINT(EM_REPORT):   VIEW = 0.17136154238663;
MPRINT(EM_REPORT):   output;
MPRINT(EM_REPORT):   NAME = "SORTORDER";
MPRINT(EM_REPORT):   VALUE = "";
MPRINT(EM_REPORT):   VIEW = 0.17136154238663;
MPRINT(EM_REPORT):   output;
MPRINT(EM_REPORT):   NAME = "SORTORDERY";
MPRINT(EM_REPORT):   VALUE = "";
MPRINT(EM_REPORT):   VIEW = 0.17136154238663;
MPRINT(EM_REPORT):   output;
MPRINT(EM_REPORT):   NAME = "ORIENTATION";
MPRINT(EM_REPORT):   VALUE = "";
MPRINT(EM_REPORT):   VIEW = 0.17136154238663;
MPRINT(EM_REPORT):   output;
MPRINT(EM_REPORT):   NAME = "METHOD";
MPRINT(EM_REPORT):   VALUE = "";
MPRINT(EM_REPORT):   VIEW = 0.17136154238663;
MPRINT(EM_REPORT):   output;
MPRINT(EM_REPORT):   NAME = "DIRECTION";
MPRINT(EM_REPORT):   VALUE = "";
MPRINT(EM_REPORT):   VIEW = 0.17136154238663;
MPRINT(EM_REPORT):   output;
MPRINT(EM_REPORT):   NAME = "BYSET";
MPRINT(EM_REPORT):   VALUE = "";
MPRINT(EM_REPORT):   VIEW = 0.17136154238663;
MPRINT(EM_REPORT):   output;
MPRINT(EM_REPORT):   NAME = "RENDERMODE";
MPRINT(EM_REPORT):   VALUE = "";
MPRINT(EM_REPORT):   VIEW = 0.17136154238663;
MPRINT(EM_REPORT):   output;
MPRINT(EM_REPORT):   NAME = "DESCRIPTION";
MPRINT(EM_REPORT):   VALUE = "TREE";
MPRINT(EM_REPORT):   VIEW = 0.17136154238663;
MPRINT(EM_REPORT):   output;
MPRINT(EM_REPORT):   NAME = "X";
MPRINT(EM_REPORT):   VALUE = "";
MPRINT(EM_REPORT):   VIEW = 0.17136154238663;
MPRINT(EM_REPORT):   output;
MPRINT(EM_REPORT):   NAME = "EXCLUDEVARS";
MPRINT(EM_REPORT):   VALUE = "";
MPRINT(EM_REPORT):   VIEW = 0.17136154238663;
MPRINT(EM_REPORT):   output;
MPRINT(EM_REPORT):   NAME = "Z";
MPRINT(EM_REPORT):   VALUE = "";
MPRINT(EM_REPORT):   VIEW = 0.17136154238663;
MPRINT(EM_REPORT):   output;
MPRINT(EM_REPORT):   NAME = "YVARS";
MPRINT(EM_REPORT):   VALUE = "";
MPRINT(EM_REPORT):   VIEW = 0.17136154238663;
MPRINT(EM_REPORT):   output;
MPRINT(EM_REPORT):   NAME = "FREQVARS";
MPRINT(EM_REPORT):   VALUE = "";
MPRINT(EM_REPORT):   VIEW = 0.17136154238663;
MPRINT(EM_REPORT):   output;
MPRINT(EM_REPORT):   NAME = "AXIS";
MPRINT(EM_REPORT):   VALUE = "";
MPRINT(EM_REPORT):   VIEW = 0.17136154238663;
MPRINT(EM_REPORT):   output;
MPRINT(EM_REPORT):   NAME = "FREQ";
MPRINT(EM_REPORT):   VALUE = "";
MPRINT(EM_REPORT):   VIEW = 0.17136154238663;
MPRINT(EM_REPORT):   output;
MPRINT(EM_REPORT):   NAME = "GROUP";
MPRINT(EM_REPORT):   VALUE = "";
MPRINT(EM_REPORT):   VIEW = 0.17136154238663;
MPRINT(EM_REPORT):   output;
MPRINT(EM_REPORT):   NAME = "SUBGROUP";
MPRINT(EM_REPORT):   VALUE = "";
MPRINT(EM_REPORT):   VIEW = 0.17136154238663;
MPRINT(EM_REPORT):   output;
MPRINT(EM_REPORT):   NAME = "BLOCK";
MPRINT(EM_REPORT):   VALUE = "MODEL";
MPRINT(EM_REPORT):   VIEW = 0.17136154238663;
MPRINT(EM_REPORT):   output;
MPRINT(EM_REPORT):   NAME = "COLOR";
MPRINT(EM_REPORT):   VALUE = "";
MPRINT(EM_REPORT):   VIEW = 0.17136154238663;
MPRINT(EM_REPORT):   output;
MPRINT(EM_REPORT):   NAME = "COLORINDEX";
MPRINT(EM_REPORT):   VALUE = "";
MPRINT(EM_REPORT):   VIEW = 0.17136154238663;
MPRINT(EM_REPORT):   output;
MPRINT(EM_REPORT):   NAME = "TIPTEXT";
MPRINT(EM_REPORT):   VALUE = "TEXTALL";
MPRINT(EM_REPORT):   VIEW = 0.17136154238663;
MPRINT(EM_REPORT):   output;
MPRINT(EM_REPORT):   NAME = "TIP";
MPRINT(EM_REPORT):   VALUE = "";
MPRINT(EM_REPORT):   VIEW = 0.17136154238663;
MPRINT(EM_REPORT):   output;
MPRINT(EM_REPORT):   NAME = "TOOLTIP";
MPRINT(EM_REPORT):   VALUE = "";
MPRINT(EM_REPORT):   VIEW = 0.17136154238663;
MPRINT(EM_REPORT):   output;
MPRINT(EM_REPORT):   NAME = "REPORTID";
MPRINT(EM_REPORT):   VALUE = "";
MPRINT(EM_REPORT):   VIEW = 0.17136154238663;
MPRINT(EM_REPORT):   output;
MPRINT(EM_REPORT):   NAME = "IDVALUE";
MPRINT(EM_REPORT):   VALUE = "";
MPRINT(EM_REPORT):   VIEW = 0.17136154238663;
MPRINT(EM_REPORT):   output;
MPRINT(EM_REPORT):   NAME = "ID";
MPRINT(EM_REPORT):   VALUE = "NODE";
MPRINT(EM_REPORT):   VIEW = 0.17136154238663;
MPRINT(EM_REPORT):   output;
MPRINT(EM_REPORT):   NAME = "SIZE";
MPRINT(EM_REPORT):   VALUE = "";
MPRINT(EM_REPORT):   VIEW = 0.17136154238663;
MPRINT(EM_REPORT):   output;
MPRINT(EM_REPORT):   NAME = "FROM";
MPRINT(EM_REPORT):   VALUE = "";
MPRINT(EM_REPORT):   VIEW = 0.17136154238663;
MPRINT(EM_REPORT):   output;
MPRINT(EM_REPORT):   NAME = "TO";
MPRINT(EM_REPORT):   VALUE = "";
MPRINT(EM_REPORT):   VIEW = 0.17136154238663;
MPRINT(EM_REPORT):   output;
MPRINT(EM_REPORT):   NAME = "VALUE";
MPRINT(EM_REPORT):   VALUE = "";
MPRINT(EM_REPORT):   VIEW = 0.17136154238663;
MPRINT(EM_REPORT):   output;
MPRINT(EM_REPORT):   NAME = "VIEWS";
MPRINT(EM_REPORT):   VALUE = "";
MPRINT(EM_REPORT):   VIEW = 0.17136154238663;
MPRINT(EM_REPORT):   output;
MPRINT(EM_REPORT):   NAME = "PARENT";
MPRINT(EM_REPORT):   VALUE = "PARENT";
MPRINT(EM_REPORT):   VIEW = 0.17136154238663;
MPRINT(EM_REPORT):   output;
MPRINT(EM_REPORT):   NAME = "NODETEXT";
MPRINT(EM_REPORT):   VALUE = "NODETEXT";
MPRINT(EM_REPORT):   VIEW = 0.17136154238663;
MPRINT(EM_REPORT):   output;
MPRINT(EM_REPORT):   NAME = "ABOVETEXT";
MPRINT(EM_REPORT):   VALUE = "ABOVETEXT";
MPRINT(EM_REPORT):   VIEW = 0.17136154238663;
MPRINT(EM_REPORT):   output;
MPRINT(EM_REPORT):   NAME = "BELOWTEXT";
MPRINT(EM_REPORT):   VALUE = "BELOWTEXT";
MPRINT(EM_REPORT):   VIEW = 0.17136154238663;
MPRINT(EM_REPORT):   output;
MPRINT(EM_REPORT):   NAME = "NODESIZE";
MPRINT(EM_REPORT):   VALUE = "N";
MPRINT(EM_REPORT):   VIEW = 0.17136154238663;
MPRINT(EM_REPORT):   output;
MPRINT(EM_REPORT):   NAME = "STATS";
MPRINT(EM_REPORT):   VALUE = "";
MPRINT(EM_REPORT):   VIEW = 0.17136154238663;
MPRINT(EM_REPORT):   output;
MPRINT(EM_REPORT):   NAME = "CLASSDIST";
MPRINT(EM_REPORT):   VALUE = "";
MPRINT(EM_REPORT):   VIEW = 0.17136154238663;
MPRINT(EM_REPORT):   output;
MPRINT(EM_REPORT):   NAME = "INTDIST";
MPRINT(EM_REPORT):   VALUE = "";
MPRINT(EM_REPORT):   VIEW = 0.17136154238663;
MPRINT(EM_REPORT):   output;
MPRINT(EM_REPORT):   NAME = "FOLDER";
MPRINT(EM_REPORT):   VALUE = "";
MPRINT(EM_REPORT):   VIEW = 0.17136154238663;
MPRINT(EM_REPORT):   output;
MPRINT(EM_REPORT):   NAME = "YPLOTTYPE";
MPRINT(EM_REPORT):   VALUE = "";
MPRINT(EM_REPORT):   VIEW = 0.17136154238663;
MPRINT(EM_REPORT):   output;
MPRINT(EM_REPORT):   NAME = "XREF";
MPRINT(EM_REPORT):   VALUE = "";
MPRINT(EM_REPORT):   VIEW = 0.17136154238663;
MPRINT(EM_REPORT):   output;
MPRINT(EM_REPORT):   NAME = "XREF2";
MPRINT(EM_REPORT):   VALUE = "";
MPRINT(EM_REPORT):   VIEW = 0.17136154238663;
MPRINT(EM_REPORT):   output;
MPRINT(EM_REPORT):   NAME = "YREF";
MPRINT(EM_REPORT):   VALUE = "";
MPRINT(EM_REPORT):   VIEW = 0.17136154238663;
MPRINT(EM_REPORT):   output;
MPRINT(EM_REPORT):   NAME = "Y2REF";
MPRINT(EM_REPORT):   VALUE = "";
MPRINT(EM_REPORT):   VIEW = 0.17136154238663;
MPRINT(EM_REPORT):   output;
MPRINT(EM_REPORT):   NAME = "YREF2";
MPRINT(EM_REPORT):   VALUE = "";
MPRINT(EM_REPORT):   VIEW = 0.17136154238663;
MPRINT(EM_REPORT):   output;
MPRINT(EM_REPORT):   NAME = "Y2REF2";
MPRINT(EM_REPORT):   VALUE = "";
MPRINT(EM_REPORT):   VIEW = 0.17136154238663;
MPRINT(EM_REPORT):   output;
MPRINT(EM_REPORT):   NAME = "GROUPINDEX";
MPRINT(EM_REPORT):   VALUE = "";
MPRINT(EM_REPORT):   VIEW = 0.17136154238663;
MPRINT(EM_REPORT):   output;
MPRINT(EM_REPORT):   NAME = "JOIN";
MPRINT(EM_REPORT):   VALUE = "";
MPRINT(EM_REPORT):   VIEW = 0.17136154238663;
MPRINT(EM_REPORT):   output;
MPRINT(EM_REPORT):   NAME = "XEXCLUDE";
MPRINT(EM_REPORT):   VALUE = "";
MPRINT(EM_REPORT):   VIEW = 0.17136154238663;
MPRINT(EM_REPORT):   output;
MPRINT(EM_REPORT):   NAME = "FREQEXCLUDE";
MPRINT(EM_REPORT):   VALUE = "";
MPRINT(EM_REPORT):   VIEW = 0.17136154238663;
MPRINT(EM_REPORT):   output;
MPRINT(EM_REPORT):   NAME = "YEXCLUDE";
MPRINT(EM_REPORT):   VALUE = "";
MPRINT(EM_REPORT):   VIEW = 0.17136154238663;
MPRINT(EM_REPORT):   output;
MPRINT(EM_REPORT):   NAME = "NAME";
MPRINT(EM_REPORT):   VALUE = "";
MPRINT(EM_REPORT):   VIEW = 0.17136154238663;
MPRINT(EM_REPORT):   output;
MPRINT(EM_REPORT):   NAME = "HEIGHT";
MPRINT(EM_REPORT):   VALUE = "";
MPRINT(EM_REPORT):   VIEW = 0.17136154238663;
MPRINT(EM_REPORT):   output;
MPRINT(EM_REPORT):   NAME = "WIDTH";
MPRINT(EM_REPORT):   VALUE = "";
MPRINT(EM_REPORT):   VIEW = 0.17136154238663;
MPRINT(EM_REPORT):   output;
MPRINT(EM_REPORT):   NAME = "XAXISLABEL";
MPRINT(EM_REPORT):   VALUE = "";
MPRINT(EM_REPORT):   VIEW = 0.17136154238663;
MPRINT(EM_REPORT):   output;
MPRINT(EM_REPORT):   NAME = "Y2AXISLABEL";
MPRINT(EM_REPORT):   VALUE = "";
MPRINT(EM_REPORT):   VIEW = 0.17136154238663;
MPRINT(EM_REPORT):   output;
MPRINT(EM_REPORT):   NAME = "YAXISLABEL";
MPRINT(EM_REPORT):   VALUE = "";
MPRINT(EM_REPORT):   VIEW = 0.17136154238663;
MPRINT(EM_REPORT):   output;
MPRINT(EM_REPORT):   NAME = "DISPLAYXLABEL";
MPRINT(EM_REPORT):   VALUE = "Y";
MPRINT(EM_REPORT):   VIEW = 0.17136154238663;
MPRINT(EM_REPORT):   output;
MPRINT(EM_REPORT):   NAME = "DISPLAYYLABEL";
MPRINT(EM_REPORT):   VALUE = "Y";
MPRINT(EM_REPORT):   VIEW = 0.17136154238663;
MPRINT(EM_REPORT):   output;
MPRINT(EM_REPORT):   NAME = "CHOICETEXT";
MPRINT(EM_REPORT):   VALUE = "";
MPRINT(EM_REPORT):   VIEW = 0.17136154238663;
MPRINT(EM_REPORT):   output;
MPRINT(EM_REPORT):   NAME = "SEGMENTVALUE";
MPRINT(EM_REPORT):   VALUE = "";
MPRINT(EM_REPORT):   VIEW = 0.17136154238663;
MPRINT(EM_REPORT):   output;
MPRINT(EM_REPORT):   NAME = "LOWERBAND";
MPRINT(EM_REPORT):   VALUE = "";
MPRINT(EM_REPORT):   VIEW = 0.17136154238663;
MPRINT(EM_REPORT):   output;
MPRINT(EM_REPORT):   NAME = "UPPERBAND";
MPRINT(EM_REPORT):   VALUE = "";
MPRINT(EM_REPORT):   VIEW = 0.17136154238663;
MPRINT(EM_REPORT):   output;
MPRINT(EM_REPORT):   NAME = "YLINE";
MPRINT(EM_REPORT):   VALUE = "";
MPRINT(EM_REPORT):   VIEW = 0.17136154238663;
MPRINT(EM_REPORT):   output;
MPRINT(EM_REPORT):   NAME = "LINKKEY";
MPRINT(EM_REPORT):   VALUE = "";
MPRINT(EM_REPORT):   VIEW = 0.17136154238663;
MPRINT(EM_REPORT):   output;
MPRINT(EM_REPORT):   NAME = "NODEKEY";
MPRINT(EM_REPORT):   VALUE = "";
MPRINT(EM_REPORT):   VIEW = 0.17136154238663;
MPRINT(EM_REPORT):   output;
MPRINT(EM_REPORT):   NAME = "NODEID";
MPRINT(EM_REPORT):   VALUE = "";
MPRINT(EM_REPORT):   VIEW = 0.17136154238663;
MPRINT(EM_REPORT):   output;
MPRINT(EM_REPORT):   NAME = "NODEVALUE";
MPRINT(EM_REPORT):   VALUE = "";
MPRINT(EM_REPORT):   VIEW = 0.17136154238663;
MPRINT(EM_REPORT):   output;
MPRINT(EM_REPORT):   NAME = "NODECOLOR";
MPRINT(EM_REPORT):   VALUE = "NODECOLOR";
MPRINT(EM_REPORT):   VIEW = 0.17136154238663;
MPRINT(EM_REPORT):   output;
MPRINT(EM_REPORT):   NAME = "NODESHAPE";
MPRINT(EM_REPORT):   VALUE = "";
MPRINT(EM_REPORT):   VIEW = 0.17136154238663;
MPRINT(EM_REPORT):   output;
MPRINT(EM_REPORT):   NAME = "NODESHAPEVAR";
MPRINT(EM_REPORT):   VALUE = "";
MPRINT(EM_REPORT):   VIEW = 0.17136154238663;
MPRINT(EM_REPORT):   output;
MPRINT(EM_REPORT):   NAME = "NODELABEL";
MPRINT(EM_REPORT):   VALUE = "";
MPRINT(EM_REPORT):   VIEW = 0.17136154238663;
MPRINT(EM_REPORT):   output;
MPRINT(EM_REPORT):   NAME = "NODETIP";
MPRINT(EM_REPORT):   VALUE = "";
MPRINT(EM_REPORT):   VIEW = 0.17136154238663;
MPRINT(EM_REPORT):   output;
MPRINT(EM_REPORT):   NAME = "LINKID";
MPRINT(EM_REPORT):   VALUE = "";
MPRINT(EM_REPORT):   VIEW = 0.17136154238663;
MPRINT(EM_REPORT):   output;
MPRINT(EM_REPORT):   NAME = "LINKVALUE";
MPRINT(EM_REPORT):   VALUE = "";
MPRINT(EM_REPORT):   VIEW = 0.17136154238663;
MPRINT(EM_REPORT):   output;
MPRINT(EM_REPORT):   NAME = "LINKFROM";
MPRINT(EM_REPORT):   VALUE = "";
MPRINT(EM_REPORT):   VIEW = 0.17136154238663;
MPRINT(EM_REPORT):   output;
MPRINT(EM_REPORT):   NAME = "LINKTO";
MPRINT(EM_REPORT):   VALUE = "";
MPRINT(EM_REPORT):   VIEW = 0.17136154238663;
MPRINT(EM_REPORT):   output;
MPRINT(EM_REPORT):   NAME = "LINKCOLOR";
MPRINT(EM_REPORT):   VALUE = "";
MPRINT(EM_REPORT):   VIEW = 0.17136154238663;
MPRINT(EM_REPORT):   output;
MPRINT(EM_REPORT):   NAME = "LINKWIDTH";
MPRINT(EM_REPORT):   VALUE = "LINKWIDTH";
MPRINT(EM_REPORT):   VIEW = 0.17136154238663;
MPRINT(EM_REPORT):   output;
MPRINT(EM_REPORT):   NAME = "LINKTIP";
MPRINT(EM_REPORT):   VALUE = "";
MPRINT(EM_REPORT):   VIEW = 0.17136154238663;
MPRINT(EM_REPORT):   output;
MPRINT(EM_REPORT):   NAME = "XFROM";
MPRINT(EM_REPORT):   VALUE = "";
MPRINT(EM_REPORT):   VIEW = 0.17136154238663;
MPRINT(EM_REPORT):   output;
MPRINT(EM_REPORT):   NAME = "XTO";
MPRINT(EM_REPORT):   VALUE = "";
MPRINT(EM_REPORT):   VIEW = 0.17136154238663;
MPRINT(EM_REPORT):   output;
MPRINT(EM_REPORT):   NAME = "YFROM";
MPRINT(EM_REPORT):   VALUE = "";
MPRINT(EM_REPORT):   VIEW = 0.17136154238663;
MPRINT(EM_REPORT):   output;
MPRINT(EM_REPORT):   NAME = "YTO";
MPRINT(EM_REPORT):   VALUE = "";
MPRINT(EM_REPORT):   VIEW = 0.17136154238663;
MPRINT(EM_REPORT):   output;
MPRINT(EM_REPORT):   NAME = "MATRIXVAR";
MPRINT(EM_REPORT):   VALUE = "";
MPRINT(EM_REPORT):   VIEW = 0.17136154238663;
MPRINT(EM_REPORT):   output;
MPRINT(EM_REPORT):   NAME = "RESPONSE";
MPRINT(EM_REPORT):   VALUE = "";
MPRINT(EM_REPORT):   VIEW = 0.17136154238663;
MPRINT(EM_REPORT):   output;
MPRINT(EM_REPORT):   NAME = "SERIES";
MPRINT(EM_REPORT):   VALUE = "";
MPRINT(EM_REPORT):   VIEW = 0.17136154238663;
MPRINT(EM_REPORT):   output;
MPRINT(EM_REPORT):   NAME = "DESCARG";
MPRINT(EM_REPORT):   VALUE = "";
MPRINT(EM_REPORT):   VIEW = 0.17136154238663;
MPRINT(EM_REPORT):   output;
MPRINT(EM_REPORT):   NAME = "SLIDER";
MPRINT(EM_REPORT):   VALUE = "";
MPRINT(EM_REPORT):   VIEW = 0.17136154238663;
MPRINT(EM_REPORT):   output;
MPRINT(EM_REPORT):   NAME = "MarkerSize";
MPRINT(EM_REPORT):   VALUE = "";
MPRINT(EM_REPORT):   VIEW = 0.17136154238663;
MPRINT(EM_REPORT):   output;
MPRINT(EM_REPORT):   NAME = "Marker";
MPRINT(EM_REPORT):   VALUE = "";
MPRINT(EM_REPORT):   VIEW = 0.17136154238663;
MPRINT(EM_REPORT):   output;
MPRINT(EM_REPORT):   NAME = "Y1";
MPRINT(EM_REPORT):   VALUE = "";
MPRINT(EM_REPORT):   VIEW = 0.17136154238663;
MPRINT(EM_REPORT):   output;
MPRINT(EM_REPORT):   NAME = "Y2";
MPRINT(EM_REPORT):   VALUE = "";
MPRINT(EM_REPORT):   VIEW = 0.17136154238663;
MPRINT(EM_REPORT):   output;
MPRINT(EM_REPORT):   NAME = "Y3";
MPRINT(EM_REPORT):   VALUE = "";
MPRINT(EM_REPORT):   VIEW = 0.17136154238663;
MPRINT(EM_REPORT):   output;
MPRINT(EM_REPORT):   NAME = "Y4";
MPRINT(EM_REPORT):   VALUE = "";
MPRINT(EM_REPORT):   VIEW = 0.17136154238663;
MPRINT(EM_REPORT):   output;
MPRINT(EM_REPORT):   NAME = "Y5";
MPRINT(EM_REPORT):   VALUE = "";
MPRINT(EM_REPORT):   VIEW = 0.17136154238663;
MPRINT(EM_REPORT):   output;
MPRINT(EM_REPORT):   NAME = "Y6";
MPRINT(EM_REPORT):   VALUE = "";
MPRINT(EM_REPORT):   VIEW = 0.17136154238663;
MPRINT(EM_REPORT):   output;
MPRINT(EM_REPORT):   NAME = "Y7";
MPRINT(EM_REPORT):   VALUE = "";
MPRINT(EM_REPORT):   VIEW = 0.17136154238663;
MPRINT(EM_REPORT):   output;
MPRINT(EM_REPORT):   NAME = "Y8";
MPRINT(EM_REPORT):   VALUE = "";
MPRINT(EM_REPORT):   VIEW = 0.17136154238663;
MPRINT(EM_REPORT):   output;
MPRINT(EM_REPORT):   NAME = "Y9";
MPRINT(EM_REPORT):   VALUE = "";
MPRINT(EM_REPORT):   VIEW = 0.17136154238663;
MPRINT(EM_REPORT):   output;
MPRINT(EM_REPORT):   NAME = "Y10";
MPRINT(EM_REPORT):   VALUE = "";
MPRINT(EM_REPORT):   VIEW = 0.17136154238663;
MPRINT(EM_REPORT):   output;
MPRINT(EM_REPORT):   NAME = "Y11";
MPRINT(EM_REPORT):   VALUE = "";
MPRINT(EM_REPORT):   VIEW = 0.17136154238663;
MPRINT(EM_REPORT):   output;
MPRINT(EM_REPORT):   NAME = "Y12";
MPRINT(EM_REPORT):   VALUE = "";
MPRINT(EM_REPORT):   VIEW = 0.17136154238663;
MPRINT(EM_REPORT):   output;
MPRINT(EM_REPORT):   NAME = "Y13";
MPRINT(EM_REPORT):   VALUE = "";
MPRINT(EM_REPORT):   VIEW = 0.17136154238663;
MPRINT(EM_REPORT):   output;
MPRINT(EM_REPORT):   NAME = "Y14";
MPRINT(EM_REPORT):   VALUE = "";
MPRINT(EM_REPORT):   VIEW = 0.17136154238663;
MPRINT(EM_REPORT):   output;
MPRINT(EM_REPORT):   NAME = "Y15";
MPRINT(EM_REPORT):   VALUE = "";
MPRINT(EM_REPORT):   VIEW = 0.17136154238663;
MPRINT(EM_REPORT):   output;
MPRINT(EM_REPORT):   NAME = "Y16";
MPRINT(EM_REPORT):   VALUE = "";
MPRINT(EM_REPORT):   VIEW = 0.17136154238663;
MPRINT(EM_REPORT):   output;
MPRINT(EM_REPORT):   NAME = "TITLE";
MPRINT(EM_REPORT):   VALUE = "";
MPRINT(EM_REPORT):   VIEW = 0.17136154238663;
MPRINT(EM_REPORT):   output;
MPRINT(EM_REPORT):   NAME = "LEGEND";
MPRINT(EM_REPORT):   VALUE = "";
MPRINT(EM_REPORT):   VIEW = 0.17136154238663;
MPRINT(EM_REPORT):   output;
MPRINT(EM_REPORT):   NAME = "LEGENDTITLE";
MPRINT(EM_REPORT):   VALUE = "";
MPRINT(EM_REPORT):   VIEW = 0.17136154238663;
MPRINT(EM_REPORT):   output;
MPRINT(EM_REPORT):   NAME = "SHAPE";
MPRINT(EM_REPORT):   VALUE = "";
MPRINT(EM_REPORT):   VIEW = 0.17136154238663;
MPRINT(EM_REPORT):   output;
MPRINT(EM_REPORT):   NAME = "METHOD";
MPRINT(EM_REPORT):   VALUE = "";
MPRINT(EM_REPORT):   VIEW = 0.17136154238663;
MPRINT(EM_REPORT):   output;
MPRINT(EM_REPORT):   NAME = "NOBINMISS";
MPRINT(EM_REPORT):   VALUE = "";
MPRINT(EM_REPORT):   VIEW = 0.17136154238663;
MPRINT(EM_REPORT):   output;
MPRINT(EM_REPORT):   run;

NOTE: The data set WORK.EM_USER_REPORT has 132 observations and 4 variables.
NOTE: DATA statement used (Total process time):
      real time           0.02 seconds
      cpu time            0.03 seconds
      

MPRINT(EM_TREE_REPORT):  ;
MPRINT(EM_REPORT):   data WORK.EM_USER_REPORT;
MPRINT(EM_REPORT):   set WORK.EM_USER_REPORT end=eof;
MPRINT(EM_REPORT):   output;
MPRINT(EM_REPORT):   if eof then do;
MPRINT(EM_REPORT):   id+1;
MPRINT(EM_REPORT):   NAME = "KEY";
MPRINT(EM_REPORT):   VALUE = "TREE_PLOT";
MPRINT(EM_REPORT):   VIEW = 0.19012669017078;
MPRINT(EM_REPORT):   output;
MPRINT(EM_REPORT):   NAME = "VIEWTYPE";
MPRINT(EM_REPORT):   VALUE = "Icicle";
MPRINT(EM_REPORT):   VIEW = 0.19012669017078;
MPRINT(EM_REPORT):   output;
MPRINT(EM_REPORT):   NAME = "AUTODISPLAY";
MPRINT(EM_REPORT):   VALUE = "Y";
MPRINT(EM_REPORT):   VIEW = 0.19012669017078;
MPRINT(EM_REPORT):   output;
MPRINT(EM_REPORT):   NAME = "SPK";
MPRINT(EM_REPORT):   VALUE = "Y";
MPRINT(EM_REPORT):   VIEW = 0.19012669017078;
MPRINT(EM_REPORT):   output;
MPRINT(EM_REPORT):   NAME = "COMPARE";
MPRINT(EM_REPORT):   VALUE = "N";
MPRINT(EM_REPORT):   VIEW = 0.19012669017078;
MPRINT(EM_REPORT):   output;
MPRINT(EM_REPORT):   NAME = "LOCALIZE";
MPRINT(EM_REPORT):   VALUE = "N";
MPRINT(EM_REPORT):   VIEW = 0.19012669017078;
MPRINT(EM_REPORT):   output;
MPRINT(EM_REPORT):   NAME = "EQUALIZEROWX";
MPRINT(EM_REPORT):   VALUE = "N";
MPRINT(EM_REPORT):   VIEW = 0.19012669017078;
MPRINT(EM_REPORT):   output;
MPRINT(EM_REPORT):   NAME = "EQUALIZEROWY";
MPRINT(EM_REPORT):   VALUE = "N";
MPRINT(EM_REPORT):   VIEW = 0.19012669017078;
MPRINT(EM_REPORT):   output;
MPRINT(EM_REPORT):   NAME = "EQUALIZECOLX";
MPRINT(EM_REPORT):   VALUE = "N";
MPRINT(EM_REPORT):   VIEW = 0.19012669017078;
MPRINT(EM_REPORT):   output;
MPRINT(EM_REPORT):   NAME = "EQUALIZECOLY";
MPRINT(EM_REPORT):   VALUE = "N";
MPRINT(EM_REPORT):   VIEW = 0.19012669017078;
MPRINT(EM_REPORT):   output;
MPRINT(EM_REPORT):   NAME = "NROWS";
MPRINT(EM_REPORT):   VALUE = "";
MPRINT(EM_REPORT):   VIEW = 0.19012669017078;
MPRINT(EM_REPORT):   output;
MPRINT(EM_REPORT):   NAME = "NCOLS";
MPRINT(EM_REPORT):   VALUE = "";
MPRINT(EM_REPORT):   VIEW = 0.19012669017078;
MPRINT(EM_REPORT):   output;
MPRINT(EM_REPORT):   NAME = "DISCRETEX";
MPRINT(EM_REPORT):   VALUE = "";
MPRINT(EM_REPORT):   VIEW = 0.19012669017078;
MPRINT(EM_REPORT):   output;
MPRINT(EM_REPORT):   NAME = "DISCRETEY";
MPRINT(EM_REPORT):   VALUE = "";
MPRINT(EM_REPORT):   VIEW = 0.19012669017078;
MPRINT(EM_REPORT):   output;
MPRINT(EM_REPORT):   NAME = "LATTICEX";
MPRINT(EM_REPORT):   VALUE = "";
MPRINT(EM_REPORT):   VIEW = 0.19012669017078;
MPRINT(EM_REPORT):   output;
MPRINT(EM_REPORT):   NAME = "LATTICEY";
MPRINT(EM_REPORT):   VALUE = "";
MPRINT(EM_REPORT):   VIEW = 0.19012669017078;
MPRINT(EM_REPORT):   output;
MPRINT(EM_REPORT):   NAME = "LATTICETYPE";
MPRINT(EM_REPORT):   VALUE = "";
MPRINT(EM_REPORT):   VIEW = 0.19012669017078;
MPRINT(EM_REPORT):   output;
MPRINT(EM_REPORT):   NAME = "ABSOLUTEVALUE";
MPRINT(EM_REPORT):   VALUE = "";
MPRINT(EM_REPORT):   VIEW = 0.19012669017078;
MPRINT(EM_REPORT):   output;
MPRINT(EM_REPORT):   NAME = "SORTORDER";
MPRINT(EM_REPORT):   VALUE = "";
MPRINT(EM_REPORT):   VIEW = 0.19012669017078;
MPRINT(EM_REPORT):   output;
MPRINT(EM_REPORT):   NAME = "SORTORDERY";
MPRINT(EM_REPORT):   VALUE = "";
MPRINT(EM_REPORT):   VIEW = 0.19012669017078;
MPRINT(EM_REPORT):   output;
MPRINT(EM_REPORT):   NAME = "ORIENTATION";
MPRINT(EM_REPORT):   VALUE = "";
MPRINT(EM_REPORT):   VIEW = 0.19012669017078;
MPRINT(EM_REPORT):   output;
MPRINT(EM_REPORT):   NAME = "METHOD";
MPRINT(EM_REPORT):   VALUE = "";
MPRINT(EM_REPORT):   VIEW = 0.19012669017078;
MPRINT(EM_REPORT):   output;
MPRINT(EM_REPORT):   NAME = "DIRECTION";
MPRINT(EM_REPORT):   VALUE = "";
MPRINT(EM_REPORT):   VIEW = 0.19012669017078;
MPRINT(EM_REPORT):   output;
MPRINT(EM_REPORT):   NAME = "BYSET";
MPRINT(EM_REPORT):   VALUE = "";
MPRINT(EM_REPORT):   VIEW = 0.19012669017078;
MPRINT(EM_REPORT):   output;
MPRINT(EM_REPORT):   NAME = "RENDERMODE";
MPRINT(EM_REPORT):   VALUE = "";
MPRINT(EM_REPORT):   VIEW = 0.19012669017078;
MPRINT(EM_REPORT):   output;
MPRINT(EM_REPORT):   NAME = "DESCRIPTION";
MPRINT(EM_REPORT):   VALUE = "ICICLE";
MPRINT(EM_REPORT):   VIEW = 0.19012669017078;
MPRINT(EM_REPORT):   output;
MPRINT(EM_REPORT):   NAME = "X";
MPRINT(EM_REPORT):   VALUE = "";
MPRINT(EM_REPORT):   VIEW = 0.19012669017078;
MPRINT(EM_REPORT):   output;
MPRINT(EM_REPORT):   NAME = "EXCLUDEVARS";
MPRINT(EM_REPORT):   VALUE = "";
MPRINT(EM_REPORT):   VIEW = 0.19012669017078;
MPRINT(EM_REPORT):   output;
MPRINT(EM_REPORT):   NAME = "Z";
MPRINT(EM_REPORT):   VALUE = "";
MPRINT(EM_REPORT):   VIEW = 0.19012669017078;
MPRINT(EM_REPORT):   output;
MPRINT(EM_REPORT):   NAME = "YVARS";
MPRINT(EM_REPORT):   VALUE = "";
MPRINT(EM_REPORT):   VIEW = 0.19012669017078;
MPRINT(EM_REPORT):   output;
MPRINT(EM_REPORT):   NAME = "FREQVARS";
MPRINT(EM_REPORT):   VALUE = "";
MPRINT(EM_REPORT):   VIEW = 0.19012669017078;
MPRINT(EM_REPORT):   output;
MPRINT(EM_REPORT):   NAME = "AXIS";
MPRINT(EM_REPORT):   VALUE = "";
MPRINT(EM_REPORT):   VIEW = 0.19012669017078;
MPRINT(EM_REPORT):   output;
MPRINT(EM_REPORT):   NAME = "FREQ";
MPRINT(EM_REPORT):   VALUE = "";
MPRINT(EM_REPORT):   VIEW = 0.19012669017078;
MPRINT(EM_REPORT):   output;
MPRINT(EM_REPORT):   NAME = "GROUP";
MPRINT(EM_REPORT):   VALUE = "";
MPRINT(EM_REPORT):   VIEW = 0.19012669017078;
MPRINT(EM_REPORT):   output;
MPRINT(EM_REPORT):   NAME = "SUBGROUP";
MPRINT(EM_REPORT):   VALUE = "";
MPRINT(EM_REPORT):   VIEW = 0.19012669017078;
MPRINT(EM_REPORT):   output;
MPRINT(EM_REPORT):   NAME = "BLOCK";
MPRINT(EM_REPORT):   VALUE = "MODEL";
MPRINT(EM_REPORT):   VIEW = 0.19012669017078;
MPRINT(EM_REPORT):   output;
MPRINT(EM_REPORT):   NAME = "COLOR";
MPRINT(EM_REPORT):   VALUE = "";
MPRINT(EM_REPORT):   VIEW = 0.19012669017078;
MPRINT(EM_REPORT):   output;
MPRINT(EM_REPORT):   NAME = "COLORINDEX";
MPRINT(EM_REPORT):   VALUE = "";
MPRINT(EM_REPORT):   VIEW = 0.19012669017078;
MPRINT(EM_REPORT):   output;
MPRINT(EM_REPORT):   NAME = "TIPTEXT";
MPRINT(EM_REPORT):   VALUE = "TEXTALL";
MPRINT(EM_REPORT):   VIEW = 0.19012669017078;
MPRINT(EM_REPORT):   output;
MPRINT(EM_REPORT):   NAME = "TIP";
MPRINT(EM_REPORT):   VALUE = "";
MPRINT(EM_REPORT):   VIEW = 0.19012669017078;
MPRINT(EM_REPORT):   output;
MPRINT(EM_REPORT):   NAME = "TOOLTIP";
MPRINT(EM_REPORT):   VALUE = "";
MPRINT(EM_REPORT):   VIEW = 0.19012669017078;
MPRINT(EM_REPORT):   output;
MPRINT(EM_REPORT):   NAME = "REPORTID";
MPRINT(EM_REPORT):   VALUE = "";
MPRINT(EM_REPORT):   VIEW = 0.19012669017078;
MPRINT(EM_REPORT):   output;
MPRINT(EM_REPORT):   NAME = "IDVALUE";
MPRINT(EM_REPORT):   VALUE = "";
MPRINT(EM_REPORT):   VIEW = 0.19012669017078;
MPRINT(EM_REPORT):   output;
MPRINT(EM_REPORT):   NAME = "ID";
MPRINT(EM_REPORT):   VALUE = "NODE";
MPRINT(EM_REPORT):   VIEW = 0.19012669017078;
MPRINT(EM_REPORT):   output;
MPRINT(EM_REPORT):   NAME = "SIZE";
MPRINT(EM_REPORT):   VALUE = "";
MPRINT(EM_REPORT):   VIEW = 0.19012669017078;
MPRINT(EM_REPORT):   output;
MPRINT(EM_REPORT):   NAME = "FROM";
MPRINT(EM_REPORT):   VALUE = "";
MPRINT(EM_REPORT):   VIEW = 0.19012669017078;
MPRINT(EM_REPORT):   output;
MPRINT(EM_REPORT):   NAME = "TO";
MPRINT(EM_REPORT):   VALUE = "";
MPRINT(EM_REPORT):   VIEW = 0.19012669017078;
MPRINT(EM_REPORT):   output;
MPRINT(EM_REPORT):   NAME = "VALUE";
MPRINT(EM_REPORT):   VALUE = "";
MPRINT(EM_REPORT):   VIEW = 0.19012669017078;
MPRINT(EM_REPORT):   output;
MPRINT(EM_REPORT):   NAME = "VIEWS";
MPRINT(EM_REPORT):   VALUE = "";
MPRINT(EM_REPORT):   VIEW = 0.19012669017078;
MPRINT(EM_REPORT):   output;
MPRINT(EM_REPORT):   NAME = "PARENT";
MPRINT(EM_REPORT):   VALUE = "PARENT";
MPRINT(EM_REPORT):   VIEW = 0.19012669017078;
MPRINT(EM_REPORT):   output;
MPRINT(EM_REPORT):   NAME = "NODETEXT";
MPRINT(EM_REPORT):   VALUE = "NODETEXT";
MPRINT(EM_REPORT):   VIEW = 0.19012669017078;
MPRINT(EM_REPORT):   output;
MPRINT(EM_REPORT):   NAME = "ABOVETEXT";
MPRINT(EM_REPORT):   VALUE = "";
MPRINT(EM_REPORT):   VIEW = 0.19012669017078;
MPRINT(EM_REPORT):   output;
MPRINT(EM_REPORT):   NAME = "BELOWTEXT";
MPRINT(EM_REPORT):   VALUE = "";
MPRINT(EM_REPORT):   VIEW = 0.19012669017078;
MPRINT(EM_REPORT):   output;
MPRINT(EM_REPORT):   NAME = "NODESIZE";
MPRINT(EM_REPORT):   VALUE = "N";
MPRINT(EM_REPORT):   VIEW = 0.19012669017078;
MPRINT(EM_REPORT):   output;
MPRINT(EM_REPORT):   NAME = "STATS";
MPRINT(EM_REPORT):   VALUE = "";
MPRINT(EM_REPORT):   VIEW = 0.19012669017078;
MPRINT(EM_REPORT):   output;
MPRINT(EM_REPORT):   NAME = "CLASSDIST";
MPRINT(EM_REPORT):   VALUE = "";
MPRINT(EM_REPORT):   VIEW = 0.19012669017078;
MPRINT(EM_REPORT):   output;
MPRINT(EM_REPORT):   NAME = "INTDIST";
MPRINT(EM_REPORT):   VALUE = "";
MPRINT(EM_REPORT):   VIEW = 0.19012669017078;
MPRINT(EM_REPORT):   output;
MPRINT(EM_REPORT):   NAME = "FOLDER";
MPRINT(EM_REPORT):   VALUE = "";
MPRINT(EM_REPORT):   VIEW = 0.19012669017078;
MPRINT(EM_REPORT):   output;
MPRINT(EM_REPORT):   NAME = "YPLOTTYPE";
MPRINT(EM_REPORT):   VALUE = "";
MPRINT(EM_REPORT):   VIEW = 0.19012669017078;
MPRINT(EM_REPORT):   output;
MPRINT(EM_REPORT):   NAME = "XREF";
MPRINT(EM_REPORT):   VALUE = "";
MPRINT(EM_REPORT):   VIEW = 0.19012669017078;
MPRINT(EM_REPORT):   output;
MPRINT(EM_REPORT):   NAME = "XREF2";
MPRINT(EM_REPORT):   VALUE = "";
MPRINT(EM_REPORT):   VIEW = 0.19012669017078;
MPRINT(EM_REPORT):   output;
MPRINT(EM_REPORT):   NAME = "YREF";
MPRINT(EM_REPORT):   VALUE = "";
MPRINT(EM_REPORT):   VIEW = 0.19012669017078;
MPRINT(EM_REPORT):   output;
MPRINT(EM_REPORT):   NAME = "Y2REF";
MPRINT(EM_REPORT):   VALUE = "";
MPRINT(EM_REPORT):   VIEW = 0.19012669017078;
MPRINT(EM_REPORT):   output;
MPRINT(EM_REPORT):   NAME = "YREF2";
MPRINT(EM_REPORT):   VALUE = "";
MPRINT(EM_REPORT):   VIEW = 0.19012669017078;
MPRINT(EM_REPORT):   output;
MPRINT(EM_REPORT):   NAME = "Y2REF2";
MPRINT(EM_REPORT):   VALUE = "";
MPRINT(EM_REPORT):   VIEW = 0.19012669017078;
MPRINT(EM_REPORT):   output;
MPRINT(EM_REPORT):   NAME = "GROUPINDEX";
MPRINT(EM_REPORT):   VALUE = "";
MPRINT(EM_REPORT):   VIEW = 0.19012669017078;
MPRINT(EM_REPORT):   output;
MPRINT(EM_REPORT):   NAME = "JOIN";
MPRINT(EM_REPORT):   VALUE = "";
MPRINT(EM_REPORT):   VIEW = 0.19012669017078;
MPRINT(EM_REPORT):   output;
MPRINT(EM_REPORT):   NAME = "XEXCLUDE";
MPRINT(EM_REPORT):   VALUE = "";
MPRINT(EM_REPORT):   VIEW = 0.19012669017078;
MPRINT(EM_REPORT):   output;
MPRINT(EM_REPORT):   NAME = "FREQEXCLUDE";
MPRINT(EM_REPORT):   VALUE = "";
MPRINT(EM_REPORT):   VIEW = 0.19012669017078;
MPRINT(EM_REPORT):   output;
MPRINT(EM_REPORT):   NAME = "YEXCLUDE";
MPRINT(EM_REPORT):   VALUE = "";
MPRINT(EM_REPORT):   VIEW = 0.19012669017078;
MPRINT(EM_REPORT):   output;
MPRINT(EM_REPORT):   NAME = "NAME";
MPRINT(EM_REPORT):   VALUE = "";
MPRINT(EM_REPORT):   VIEW = 0.19012669017078;
MPRINT(EM_REPORT):   output;
MPRINT(EM_REPORT):   NAME = "HEIGHT";
MPRINT(EM_REPORT):   VALUE = "";
MPRINT(EM_REPORT):   VIEW = 0.19012669017078;
MPRINT(EM_REPORT):   output;
MPRINT(EM_REPORT):   NAME = "WIDTH";
MPRINT(EM_REPORT):   VALUE = "";
MPRINT(EM_REPORT):   VIEW = 0.19012669017078;
MPRINT(EM_REPORT):   output;
MPRINT(EM_REPORT):   NAME = "XAXISLABEL";
MPRINT(EM_REPORT):   VALUE = "";
MPRINT(EM_REPORT):   VIEW = 0.19012669017078;
MPRINT(EM_REPORT):   output;
MPRINT(EM_REPORT):   NAME = "Y2AXISLABEL";
MPRINT(EM_REPORT):   VALUE = "";
MPRINT(EM_REPORT):   VIEW = 0.19012669017078;
MPRINT(EM_REPORT):   output;
MPRINT(EM_REPORT):   NAME = "YAXISLABEL";
MPRINT(EM_REPORT):   VALUE = "";
MPRINT(EM_REPORT):   VIEW = 0.19012669017078;
MPRINT(EM_REPORT):   output;
MPRINT(EM_REPORT):   NAME = "DISPLAYXLABEL";
MPRINT(EM_REPORT):   VALUE = "Y";
MPRINT(EM_REPORT):   VIEW = 0.19012669017078;
MPRINT(EM_REPORT):   output;
MPRINT(EM_REPORT):   NAME = "DISPLAYYLABEL";
MPRINT(EM_REPORT):   VALUE = "Y";
MPRINT(EM_REPORT):   VIEW = 0.19012669017078;
MPRINT(EM_REPORT):   output;
MPRINT(EM_REPORT):   NAME = "CHOICETEXT";
MPRINT(EM_REPORT):   VALUE = "";
MPRINT(EM_REPORT):   VIEW = 0.19012669017078;
MPRINT(EM_REPORT):   output;
MPRINT(EM_REPORT):   NAME = "SEGMENTVALUE";
MPRINT(EM_REPORT):   VALUE = "";
MPRINT(EM_REPORT):   VIEW = 0.19012669017078;
MPRINT(EM_REPORT):   output;
MPRINT(EM_REPORT):   NAME = "LOWERBAND";
MPRINT(EM_REPORT):   VALUE = "";
MPRINT(EM_REPORT):   VIEW = 0.19012669017078;
MPRINT(EM_REPORT):   output;
MPRINT(EM_REPORT):   NAME = "UPPERBAND";
MPRINT(EM_REPORT):   VALUE = "";
MPRINT(EM_REPORT):   VIEW = 0.19012669017078;
MPRINT(EM_REPORT):   output;
MPRINT(EM_REPORT):   NAME = "YLINE";
MPRINT(EM_REPORT):   VALUE = "";
MPRINT(EM_REPORT):   VIEW = 0.19012669017078;
MPRINT(EM_REPORT):   output;
MPRINT(EM_REPORT):   NAME = "LINKKEY";
MPRINT(EM_REPORT):   VALUE = "";
MPRINT(EM_REPORT):   VIEW = 0.19012669017078;
MPRINT(EM_REPORT):   output;
MPRINT(EM_REPORT):   NAME = "NODEKEY";
MPRINT(EM_REPORT):   VALUE = "";
MPRINT(EM_REPORT):   VIEW = 0.19012669017078;
MPRINT(EM_REPORT):   output;
MPRINT(EM_REPORT):   NAME = "NODEID";
MPRINT(EM_REPORT):   VALUE = "";
MPRINT(EM_REPORT):   VIEW = 0.19012669017078;
MPRINT(EM_REPORT):   output;
MPRINT(EM_REPORT):   NAME = "NODEVALUE";
MPRINT(EM_REPORT):   VALUE = "";
MPRINT(EM_REPORT):   VIEW = 0.19012669017078;
MPRINT(EM_REPORT):   output;
MPRINT(EM_REPORT):   NAME = "NODECOLOR";
MPRINT(EM_REPORT):   VALUE = "NODECOLOR";
MPRINT(EM_REPORT):   VIEW = 0.19012669017078;
MPRINT(EM_REPORT):   output;
MPRINT(EM_REPORT):   NAME = "NODESHAPE";
MPRINT(EM_REPORT):   VALUE = "";
MPRINT(EM_REPORT):   VIEW = 0.19012669017078;
MPRINT(EM_REPORT):   output;
MPRINT(EM_REPORT):   NAME = "NODESHAPEVAR";
MPRINT(EM_REPORT):   VALUE = "";
MPRINT(EM_REPORT):   VIEW = 0.19012669017078;
MPRINT(EM_REPORT):   output;
MPRINT(EM_REPORT):   NAME = "NODELABEL";
MPRINT(EM_REPORT):   VALUE = "";
MPRINT(EM_REPORT):   VIEW = 0.19012669017078;
MPRINT(EM_REPORT):   output;
MPRINT(EM_REPORT):   NAME = "NODETIP";
MPRINT(EM_REPORT):   VALUE = "";
MPRINT(EM_REPORT):   VIEW = 0.19012669017078;
MPRINT(EM_REPORT):   output;
MPRINT(EM_REPORT):   NAME = "LINKID";
MPRINT(EM_REPORT):   VALUE = "";
MPRINT(EM_REPORT):   VIEW = 0.19012669017078;
MPRINT(EM_REPORT):   output;
MPRINT(EM_REPORT):   NAME = "LINKVALUE";
MPRINT(EM_REPORT):   VALUE = "";
MPRINT(EM_REPORT):   VIEW = 0.19012669017078;
MPRINT(EM_REPORT):   output;
MPRINT(EM_REPORT):   NAME = "LINKFROM";
MPRINT(EM_REPORT):   VALUE = "";
MPRINT(EM_REPORT):   VIEW = 0.19012669017078;
MPRINT(EM_REPORT):   output;
MPRINT(EM_REPORT):   NAME = "LINKTO";
MPRINT(EM_REPORT):   VALUE = "";
MPRINT(EM_REPORT):   VIEW = 0.19012669017078;
MPRINT(EM_REPORT):   output;
MPRINT(EM_REPORT):   NAME = "LINKCOLOR";
MPRINT(EM_REPORT):   VALUE = "";
MPRINT(EM_REPORT):   VIEW = 0.19012669017078;
MPRINT(EM_REPORT):   output;
MPRINT(EM_REPORT):   NAME = "LINKWIDTH";
MPRINT(EM_REPORT):   VALUE = "";
MPRINT(EM_REPORT):   VIEW = 0.19012669017078;
MPRINT(EM_REPORT):   output;
MPRINT(EM_REPORT):   NAME = "LINKTIP";
MPRINT(EM_REPORT):   VALUE = "";
MPRINT(EM_REPORT):   VIEW = 0.19012669017078;
MPRINT(EM_REPORT):   output;
MPRINT(EM_REPORT):   NAME = "XFROM";
MPRINT(EM_REPORT):   VALUE = "";
MPRINT(EM_REPORT):   VIEW = 0.19012669017078;
MPRINT(EM_REPORT):   output;
MPRINT(EM_REPORT):   NAME = "XTO";
MPRINT(EM_REPORT):   VALUE = "";
MPRINT(EM_REPORT):   VIEW = 0.19012669017078;
MPRINT(EM_REPORT):   output;
MPRINT(EM_REPORT):   NAME = "YFROM";
MPRINT(EM_REPORT):   VALUE = "";
MPRINT(EM_REPORT):   VIEW = 0.19012669017078;
MPRINT(EM_REPORT):   output;
MPRINT(EM_REPORT):   NAME = "YTO";
MPRINT(EM_REPORT):   VALUE = "";
MPRINT(EM_REPORT):   VIEW = 0.19012669017078;
MPRINT(EM_REPORT):   output;
MPRINT(EM_REPORT):   NAME = "MATRIXVAR";
MPRINT(EM_REPORT):   VALUE = "";
MPRINT(EM_REPORT):   VIEW = 0.19012669017078;
MPRINT(EM_REPORT):   output;
MPRINT(EM_REPORT):   NAME = "RESPONSE";
MPRINT(EM_REPORT):   VALUE = "";
MPRINT(EM_REPORT):   VIEW = 0.19012669017078;
MPRINT(EM_REPORT):   output;
MPRINT(EM_REPORT):   NAME = "SERIES";
MPRINT(EM_REPORT):   VALUE = "";
MPRINT(EM_REPORT):   VIEW = 0.19012669017078;
MPRINT(EM_REPORT):   output;
MPRINT(EM_REPORT):   NAME = "DESCARG";
MPRINT(EM_REPORT):   VALUE = "";
MPRINT(EM_REPORT):   VIEW = 0.19012669017078;
MPRINT(EM_REPORT):   output;
MPRINT(EM_REPORT):   NAME = "SLIDER";
MPRINT(EM_REPORT):   VALUE = "";
MPRINT(EM_REPORT):   VIEW = 0.19012669017078;
MPRINT(EM_REPORT):   output;
MPRINT(EM_REPORT):   NAME = "MarkerSize";
MPRINT(EM_REPORT):   VALUE = "";
MPRINT(EM_REPORT):   VIEW = 0.19012669017078;
MPRINT(EM_REPORT):   output;
MPRINT(EM_REPORT):   NAME = "Marker";
MPRINT(EM_REPORT):   VALUE = "";
MPRINT(EM_REPORT):   VIEW = 0.19012669017078;
MPRINT(EM_REPORT):   output;
MPRINT(EM_REPORT):   NAME = "Y1";
MPRINT(EM_REPORT):   VALUE = "";
MPRINT(EM_REPORT):   VIEW = 0.19012669017078;
MPRINT(EM_REPORT):   output;
MPRINT(EM_REPORT):   NAME = "Y2";
MPRINT(EM_REPORT):   VALUE = "";
MPRINT(EM_REPORT):   VIEW = 0.19012669017078;
MPRINT(EM_REPORT):   output;
MPRINT(EM_REPORT):   NAME = "Y3";
MPRINT(EM_REPORT):   VALUE = "";
MPRINT(EM_REPORT):   VIEW = 0.19012669017078;
MPRINT(EM_REPORT):   output;
MPRINT(EM_REPORT):   NAME = "Y4";
MPRINT(EM_REPORT):   VALUE = "";
MPRINT(EM_REPORT):   VIEW = 0.19012669017078;
MPRINT(EM_REPORT):   output;
MPRINT(EM_REPORT):   NAME = "Y5";
MPRINT(EM_REPORT):   VALUE = "";
MPRINT(EM_REPORT):   VIEW = 0.19012669017078;
MPRINT(EM_REPORT):   output;
MPRINT(EM_REPORT):   NAME = "Y6";
MPRINT(EM_REPORT):   VALUE = "";
MPRINT(EM_REPORT):   VIEW = 0.19012669017078;
MPRINT(EM_REPORT):   output;
MPRINT(EM_REPORT):   NAME = "Y7";
MPRINT(EM_REPORT):   VALUE = "";
MPRINT(EM_REPORT):   VIEW = 0.19012669017078;
MPRINT(EM_REPORT):   output;
MPRINT(EM_REPORT):   NAME = "Y8";
MPRINT(EM_REPORT):   VALUE = "";
MPRINT(EM_REPORT):   VIEW = 0.19012669017078;
MPRINT(EM_REPORT):   output;
MPRINT(EM_REPORT):   NAME = "Y9";
MPRINT(EM_REPORT):   VALUE = "";
MPRINT(EM_REPORT):   VIEW = 0.19012669017078;
MPRINT(EM_REPORT):   output;
MPRINT(EM_REPORT):   NAME = "Y10";
MPRINT(EM_REPORT):   VALUE = "";
MPRINT(EM_REPORT):   VIEW = 0.19012669017078;
MPRINT(EM_REPORT):   output;
MPRINT(EM_REPORT):   NAME = "Y11";
MPRINT(EM_REPORT):   VALUE = "";
MPRINT(EM_REPORT):   VIEW = 0.19012669017078;
MPRINT(EM_REPORT):   output;
MPRINT(EM_REPORT):   NAME = "Y12";
MPRINT(EM_REPORT):   VALUE = "";
MPRINT(EM_REPORT):   VIEW = 0.19012669017078;
MPRINT(EM_REPORT):   output;
MPRINT(EM_REPORT):   NAME = "Y13";
MPRINT(EM_REPORT):   VALUE = "";
MPRINT(EM_REPORT):   VIEW = 0.19012669017078;
MPRINT(EM_REPORT):   output;
MPRINT(EM_REPORT):   NAME = "Y14";
MPRINT(EM_REPORT):   VALUE = "";
MPRINT(EM_REPORT):   VIEW = 0.19012669017078;
MPRINT(EM_REPORT):   output;
MPRINT(EM_REPORT):   NAME = "Y15";
MPRINT(EM_REPORT):   VALUE = "";
MPRINT(EM_REPORT):   VIEW = 0.19012669017078;
MPRINT(EM_REPORT):   output;
MPRINT(EM_REPORT):   NAME = "Y16";
MPRINT(EM_REPORT):   VALUE = "";
MPRINT(EM_REPORT):   VIEW = 0.19012669017078;
MPRINT(EM_REPORT):   output;
MPRINT(EM_REPORT):   NAME = "TITLE";
MPRINT(EM_REPORT):   VALUE = "";
MPRINT(EM_REPORT):   VIEW = 0.19012669017078;
MPRINT(EM_REPORT):   output;
MPRINT(EM_REPORT):   NAME = "LEGEND";
MPRINT(EM_REPORT):   VALUE = "";
MPRINT(EM_REPORT):   VIEW = 0.19012669017078;
MPRINT(EM_REPORT):   output;
MPRINT(EM_REPORT):   NAME = "LEGENDTITLE";
MPRINT(EM_REPORT):   VALUE = "";
MPRINT(EM_REPORT):   VIEW = 0.19012669017078;
MPRINT(EM_REPORT):   output;
MPRINT(EM_REPORT):   NAME = "SHAPE";
MPRINT(EM_REPORT):   VALUE = "";
MPRINT(EM_REPORT):   VIEW = 0.19012669017078;
MPRINT(EM_REPORT):   output;
MPRINT(EM_REPORT):   NAME = "METHOD";
MPRINT(EM_REPORT):   VALUE = "";
MPRINT(EM_REPORT):   VIEW = 0.19012669017078;
MPRINT(EM_REPORT):   output;
MPRINT(EM_REPORT):   NAME = "NOBINMISS";
MPRINT(EM_REPORT):   VALUE = "";
MPRINT(EM_REPORT):   VIEW = 0.19012669017078;
MPRINT(EM_REPORT):   output;
MPRINT(EM_REPORT):   end;
MPRINT(EM_REPORT):   run;

NOTE: There were 132 observations read from the data set WORK.EM_USER_REPORT.
NOTE: The data set WORK.EM_USER_REPORT has 264 observations and 4 variables.
NOTE: DATA statement used (Total process time):
      real time           0.05 seconds
      cpu time            0.03 seconds
      

MPRINT(EM_TREE_REPORT):  ;
MPRINT(EM_REPORT):   data WORK.EM_USER_REPORT;
MPRINT(EM_REPORT):   set WORK.EM_USER_REPORT end=eof;
MPRINT(EM_REPORT):   output;
MPRINT(EM_REPORT):   if eof then do;
MPRINT(EM_REPORT):   id+1;
MPRINT(EM_REPORT):   NAME = "KEY";
MPRINT(EM_REPORT):   VALUE = "TREE_PLOT";
MPRINT(EM_REPORT):   VIEW = 0.71450602249917;
MPRINT(EM_REPORT):   output;
MPRINT(EM_REPORT):   NAME = "VIEWTYPE";
MPRINT(EM_REPORT):   VALUE = "AREABAR";
MPRINT(EM_REPORT):   VIEW = 0.71450602249917;
MPRINT(EM_REPORT):   output;
MPRINT(EM_REPORT):   NAME = "AUTODISPLAY";
MPRINT(EM_REPORT):   VALUE = "N";
MPRINT(EM_REPORT):   VIEW = 0.71450602249917;
MPRINT(EM_REPORT):   output;
MPRINT(EM_REPORT):   NAME = "SPK";
MPRINT(EM_REPORT):   VALUE = "Y";
MPRINT(EM_REPORT):   VIEW = 0.71450602249917;
MPRINT(EM_REPORT):   output;
MPRINT(EM_REPORT):   NAME = "COMPARE";
MPRINT(EM_REPORT):   VALUE = "N";
MPRINT(EM_REPORT):   VIEW = 0.71450602249917;
MPRINT(EM_REPORT):   output;
MPRINT(EM_REPORT):   NAME = "LOCALIZE";
MPRINT(EM_REPORT):   VALUE = "N";
MPRINT(EM_REPORT):   VIEW = 0.71450602249917;
MPRINT(EM_REPORT):   output;
MPRINT(EM_REPORT):   NAME = "EQUALIZEROWX";
MPRINT(EM_REPORT):   VALUE = "N";
MPRINT(EM_REPORT):   VIEW = 0.71450602249917;
MPRINT(EM_REPORT):   output;
MPRINT(EM_REPORT):   NAME = "EQUALIZEROWY";
MPRINT(EM_REPORT):   VALUE = "N";
MPRINT(EM_REPORT):   VIEW = 0.71450602249917;
MPRINT(EM_REPORT):   output;
MPRINT(EM_REPORT):   NAME = "EQUALIZECOLX";
MPRINT(EM_REPORT):   VALUE = "N";
MPRINT(EM_REPORT):   VIEW = 0.71450602249917;
MPRINT(EM_REPORT):   output;
MPRINT(EM_REPORT):   NAME = "EQUALIZECOLY";
MPRINT(EM_REPORT):   VALUE = "N";
MPRINT(EM_REPORT):   VIEW = 0.71450602249917;
MPRINT(EM_REPORT):   output;
MPRINT(EM_REPORT):   NAME = "NROWS";
MPRINT(EM_REPORT):   VALUE = "";
MPRINT(EM_REPORT):   VIEW = 0.71450602249917;
MPRINT(EM_REPORT):   output;
MPRINT(EM_REPORT):   NAME = "NCOLS";
MPRINT(EM_REPORT):   VALUE = "";
MPRINT(EM_REPORT):   VIEW = 0.71450602249917;
MPRINT(EM_REPORT):   output;
MPRINT(EM_REPORT):   NAME = "DISCRETEX";
MPRINT(EM_REPORT):   VALUE = "";
MPRINT(EM_REPORT):   VIEW = 0.71450602249917;
MPRINT(EM_REPORT):   output;
MPRINT(EM_REPORT):   NAME = "DISCRETEY";
MPRINT(EM_REPORT):   VALUE = "";
MPRINT(EM_REPORT):   VIEW = 0.71450602249917;
MPRINT(EM_REPORT):   output;
MPRINT(EM_REPORT):   NAME = "LATTICEX";
MPRINT(EM_REPORT):   VALUE = "";
MPRINT(EM_REPORT):   VIEW = 0.71450602249917;
MPRINT(EM_REPORT):   output;
MPRINT(EM_REPORT):   NAME = "LATTICEY";
MPRINT(EM_REPORT):   VALUE = "";
MPRINT(EM_REPORT):   VIEW = 0.71450602249917;
MPRINT(EM_REPORT):   output;
MPRINT(EM_REPORT):   NAME = "LATTICETYPE";
MPRINT(EM_REPORT):   VALUE = "";
MPRINT(EM_REPORT):   VIEW = 0.71450602249917;
MPRINT(EM_REPORT):   output;
MPRINT(EM_REPORT):   NAME = "ABSOLUTEVALUE";
MPRINT(EM_REPORT):   VALUE = "";
MPRINT(EM_REPORT):   VIEW = 0.71450602249917;
MPRINT(EM_REPORT):   output;
MPRINT(EM_REPORT):   NAME = "SORTORDER";
MPRINT(EM_REPORT):   VALUE = "";
MPRINT(EM_REPORT):   VIEW = 0.71450602249917;
MPRINT(EM_REPORT):   output;
MPRINT(EM_REPORT):   NAME = "SORTORDERY";
MPRINT(EM_REPORT):   VALUE = "";
MPRINT(EM_REPORT):   VIEW = 0.71450602249917;
MPRINT(EM_REPORT):   output;
MPRINT(EM_REPORT):   NAME = "ORIENTATION";
MPRINT(EM_REPORT):   VALUE = "";
MPRINT(EM_REPORT):   VIEW = 0.71450602249917;
MPRINT(EM_REPORT):   output;
MPRINT(EM_REPORT):   NAME = "METHOD";
MPRINT(EM_REPORT):   VALUE = "";
MPRINT(EM_REPORT):   VIEW = 0.71450602249917;
MPRINT(EM_REPORT):   output;
MPRINT(EM_REPORT):   NAME = "DIRECTION";
MPRINT(EM_REPORT):   VALUE = "";
MPRINT(EM_REPORT):   VIEW = 0.71450602249917;
MPRINT(EM_REPORT):   output;
MPRINT(EM_REPORT):   NAME = "BYSET";
MPRINT(EM_REPORT):   VALUE = "";
MPRINT(EM_REPORT):   VIEW = 0.71450602249917;
MPRINT(EM_REPORT):   output;
MPRINT(EM_REPORT):   NAME = "RENDERMODE";
MPRINT(EM_REPORT):   VALUE = "";
MPRINT(EM_REPORT):   VIEW = 0.71450602249917;
MPRINT(EM_REPORT):   output;
MPRINT(EM_REPORT):   NAME = "DESCRIPTION";
MPRINT(EM_REPORT):   VALUE = "VARWIDTH";
MPRINT(EM_REPORT):   VIEW = 0.71450602249917;
MPRINT(EM_REPORT):   output;
MPRINT(EM_REPORT):   NAME = "X";
MPRINT(EM_REPORT):   VALUE = "NODE";
MPRINT(EM_REPORT):   VIEW = 0.71450602249917;
MPRINT(EM_REPORT):   output;
MPRINT(EM_REPORT):   NAME = "EXCLUDEVARS";
MPRINT(EM_REPORT):   VALUE = "";
MPRINT(EM_REPORT):   VIEW = 0.71450602249917;
MPRINT(EM_REPORT):   output;
MPRINT(EM_REPORT):   NAME = "Y";
MPRINT(EM_REPORT):   VALUE = "PERCEVENT_TRAIN";
MPRINT(EM_REPORT):   VIEW = 0.71450602249917;
MPRINT(EM_REPORT):   output;
MPRINT(EM_REPORT):   NAME = "Z";
MPRINT(EM_REPORT):   VALUE = "";
MPRINT(EM_REPORT):   VIEW = 0.71450602249917;
MPRINT(EM_REPORT):   output;
MPRINT(EM_REPORT):   NAME = "YVARS";
MPRINT(EM_REPORT):   VALUE = "";
MPRINT(EM_REPORT):   VIEW = 0.71450602249917;
MPRINT(EM_REPORT):   output;
MPRINT(EM_REPORT):   NAME = "FREQVARS";
MPRINT(EM_REPORT):   VALUE = "";
MPRINT(EM_REPORT):   VIEW = 0.71450602249917;
MPRINT(EM_REPORT):   output;
MPRINT(EM_REPORT):   NAME = "AXIS";
MPRINT(EM_REPORT):   VALUE = "";
MPRINT(EM_REPORT):   VIEW = 0.71450602249917;
MPRINT(EM_REPORT):   output;
MPRINT(EM_REPORT):   NAME = "FREQ";
MPRINT(EM_REPORT):   VALUE = "";
MPRINT(EM_REPORT):   VIEW = 0.71450602249917;
MPRINT(EM_REPORT):   output;
MPRINT(EM_REPORT):   NAME = "GROUP";
MPRINT(EM_REPORT):   VALUE = "";
MPRINT(EM_REPORT):   VIEW = 0.71450602249917;
MPRINT(EM_REPORT):   output;
MPRINT(EM_REPORT):   NAME = "SUBGROUP";
MPRINT(EM_REPORT):   VALUE = "";
MPRINT(EM_REPORT):   VIEW = 0.71450602249917;
MPRINT(EM_REPORT):   output;
MPRINT(EM_REPORT):   NAME = "BLOCK";
MPRINT(EM_REPORT):   VALUE = "MODEL";
MPRINT(EM_REPORT):   VIEW = 0.71450602249917;
MPRINT(EM_REPORT):   output;
MPRINT(EM_REPORT):   NAME = "COLOR";
MPRINT(EM_REPORT):   VALUE = "";
MPRINT(EM_REPORT):   VIEW = 0.71450602249917;
MPRINT(EM_REPORT):   output;
MPRINT(EM_REPORT):   NAME = "COLORINDEX";
MPRINT(EM_REPORT):   VALUE = "";
MPRINT(EM_REPORT):   VIEW = 0.71450602249917;
MPRINT(EM_REPORT):   output;
MPRINT(EM_REPORT):   NAME = "TIPTEXT";
MPRINT(EM_REPORT):   VALUE = "";
MPRINT(EM_REPORT):   VIEW = 0.71450602249917;
MPRINT(EM_REPORT):   output;
MPRINT(EM_REPORT):   NAME = "TIP";
MPRINT(EM_REPORT):   VALUE = "";
MPRINT(EM_REPORT):   VIEW = 0.71450602249917;
MPRINT(EM_REPORT):   output;
MPRINT(EM_REPORT):   NAME = "TOOLTIP";
MPRINT(EM_REPORT):   VALUE = "";
MPRINT(EM_REPORT):   VIEW = 0.71450602249917;
MPRINT(EM_REPORT):   output;
MPRINT(EM_REPORT):   NAME = "REPORTID";
MPRINT(EM_REPORT):   VALUE = "";
MPRINT(EM_REPORT):   VIEW = 0.71450602249917;
MPRINT(EM_REPORT):   output;
MPRINT(EM_REPORT):   NAME = "IDVALUE";
MPRINT(EM_REPORT):   VALUE = "";
MPRINT(EM_REPORT):   VIEW = 0.71450602249917;
MPRINT(EM_REPORT):   output;
MPRINT(EM_REPORT):   NAME = "ID";
MPRINT(EM_REPORT):   VALUE = "";
MPRINT(EM_REPORT):   VIEW = 0.71450602249917;
MPRINT(EM_REPORT):   output;
MPRINT(EM_REPORT):   NAME = "SIZE";
MPRINT(EM_REPORT):   VALUE = "";
MPRINT(EM_REPORT):   VIEW = 0.71450602249917;
MPRINT(EM_REPORT):   output;
MPRINT(EM_REPORT):   NAME = "FROM";
MPRINT(EM_REPORT):   VALUE = "";
MPRINT(EM_REPORT):   VIEW = 0.71450602249917;
MPRINT(EM_REPORT):   output;
MPRINT(EM_REPORT):   NAME = "TO";
MPRINT(EM_REPORT):   VALUE = "";
MPRINT(EM_REPORT):   VIEW = 0.71450602249917;
MPRINT(EM_REPORT):   output;
MPRINT(EM_REPORT):   NAME = "VALUE";
MPRINT(EM_REPORT):   VALUE = "";
MPRINT(EM_REPORT):   VIEW = 0.71450602249917;
MPRINT(EM_REPORT):   output;
MPRINT(EM_REPORT):   NAME = "VIEWS";
MPRINT(EM_REPORT):   VALUE = "";
MPRINT(EM_REPORT):   VIEW = 0.71450602249917;
MPRINT(EM_REPORT):   output;
MPRINT(EM_REPORT):   NAME = "PARENT";
MPRINT(EM_REPORT):   VALUE = "";
MPRINT(EM_REPORT):   VIEW = 0.71450602249917;
MPRINT(EM_REPORT):   output;
MPRINT(EM_REPORT):   NAME = "NODETEXT";
MPRINT(EM_REPORT):   VALUE = "";
MPRINT(EM_REPORT):   VIEW = 0.71450602249917;
MPRINT(EM_REPORT):   output;
MPRINT(EM_REPORT):   NAME = "ABOVETEXT";
MPRINT(EM_REPORT):   VALUE = "";
MPRINT(EM_REPORT):   VIEW = 0.71450602249917;
MPRINT(EM_REPORT):   output;
MPRINT(EM_REPORT):   NAME = "BELOWTEXT";
MPRINT(EM_REPORT):   VALUE = "";
MPRINT(EM_REPORT):   VIEW = 0.71450602249917;
MPRINT(EM_REPORT):   output;
MPRINT(EM_REPORT):   NAME = "NODESIZE";
MPRINT(EM_REPORT):   VALUE = "";
MPRINT(EM_REPORT):   VIEW = 0.71450602249917;
MPRINT(EM_REPORT):   output;
MPRINT(EM_REPORT):   NAME = "STATS";
MPRINT(EM_REPORT):   VALUE = "";
MPRINT(EM_REPORT):   VIEW = 0.71450602249917;
MPRINT(EM_REPORT):   output;
MPRINT(EM_REPORT):   NAME = "CLASSDIST";
MPRINT(EM_REPORT):   VALUE = "";
MPRINT(EM_REPORT):   VIEW = 0.71450602249917;
MPRINT(EM_REPORT):   output;
MPRINT(EM_REPORT):   NAME = "INTDIST";
MPRINT(EM_REPORT):   VALUE = "";
MPRINT(EM_REPORT):   VIEW = 0.71450602249917;
MPRINT(EM_REPORT):   output;
MPRINT(EM_REPORT):   NAME = "FOLDER";
MPRINT(EM_REPORT):   VALUE = "";
MPRINT(EM_REPORT):   VIEW = 0.71450602249917;
MPRINT(EM_REPORT):   output;
MPRINT(EM_REPORT):   NAME = "YPLOTTYPE";
MPRINT(EM_REPORT):   VALUE = "";
MPRINT(EM_REPORT):   VIEW = 0.71450602249917;
MPRINT(EM_REPORT):   output;
MPRINT(EM_REPORT):   NAME = "XREF";
MPRINT(EM_REPORT):   VALUE = "";
MPRINT(EM_REPORT):   VIEW = 0.71450602249917;
MPRINT(EM_REPORT):   output;
MPRINT(EM_REPORT):   NAME = "XREF2";
MPRINT(EM_REPORT):   VALUE = "";
MPRINT(EM_REPORT):   VIEW = 0.71450602249917;
MPRINT(EM_REPORT):   output;
MPRINT(EM_REPORT):   NAME = "YREF";
MPRINT(EM_REPORT):   VALUE = "";
MPRINT(EM_REPORT):   VIEW = 0.71450602249917;
MPRINT(EM_REPORT):   output;
MPRINT(EM_REPORT):   NAME = "Y2REF";
MPRINT(EM_REPORT):   VALUE = "";
MPRINT(EM_REPORT):   VIEW = 0.71450602249917;
MPRINT(EM_REPORT):   output;
MPRINT(EM_REPORT):   NAME = "YREF2";
MPRINT(EM_REPORT):   VALUE = "";
MPRINT(EM_REPORT):   VIEW = 0.71450602249917;
MPRINT(EM_REPORT):   output;
MPRINT(EM_REPORT):   NAME = "Y2REF2";
MPRINT(EM_REPORT):   VALUE = "";
MPRINT(EM_REPORT):   VIEW = 0.71450602249917;
MPRINT(EM_REPORT):   output;
MPRINT(EM_REPORT):   NAME = "GROUPINDEX";
MPRINT(EM_REPORT):   VALUE = "";
MPRINT(EM_REPORT):   VIEW = 0.71450602249917;
MPRINT(EM_REPORT):   output;
MPRINT(EM_REPORT):   NAME = "JOIN";
MPRINT(EM_REPORT):   VALUE = "";
MPRINT(EM_REPORT):   VIEW = 0.71450602249917;
MPRINT(EM_REPORT):   output;
MPRINT(EM_REPORT):   NAME = "XEXCLUDE";
MPRINT(EM_REPORT):   VALUE = "";
MPRINT(EM_REPORT):   VIEW = 0.71450602249917;
MPRINT(EM_REPORT):   output;
MPRINT(EM_REPORT):   NAME = "FREQEXCLUDE";
MPRINT(EM_REPORT):   VALUE = "";
MPRINT(EM_REPORT):   VIEW = 0.71450602249917;
MPRINT(EM_REPORT):   output;
MPRINT(EM_REPORT):   NAME = "YEXCLUDE";
MPRINT(EM_REPORT):   VALUE = "";
MPRINT(EM_REPORT):   VIEW = 0.71450602249917;
MPRINT(EM_REPORT):   output;
MPRINT(EM_REPORT):   NAME = "NAME";
MPRINT(EM_REPORT):   VALUE = "";
MPRINT(EM_REPORT):   VIEW = 0.71450602249917;
MPRINT(EM_REPORT):   output;
MPRINT(EM_REPORT):   NAME = "HEIGHT";
MPRINT(EM_REPORT):   VALUE = "";
MPRINT(EM_REPORT):   VIEW = 0.71450602249917;
MPRINT(EM_REPORT):   output;
MPRINT(EM_REPORT):   NAME = "WIDTH";
MPRINT(EM_REPORT):   VALUE = "PERC_TRAIN";
MPRINT(EM_REPORT):   VIEW = 0.71450602249917;
MPRINT(EM_REPORT):   output;
MPRINT(EM_REPORT):   NAME = "XAXISLABEL";
MPRINT(EM_REPORT):   VALUE = "";
MPRINT(EM_REPORT):   VIEW = 0.71450602249917;
MPRINT(EM_REPORT):   output;
MPRINT(EM_REPORT):   NAME = "Y2AXISLABEL";
MPRINT(EM_REPORT):   VALUE = "";
MPRINT(EM_REPORT):   VIEW = 0.71450602249917;
MPRINT(EM_REPORT):   output;
MPRINT(EM_REPORT):   NAME = "YAXISLABEL";
MPRINT(EM_REPORT):   VALUE = "";
MPRINT(EM_REPORT):   VIEW = 0.71450602249917;
MPRINT(EM_REPORT):   output;
MPRINT(EM_REPORT):   NAME = "DISPLAYXLABEL";
MPRINT(EM_REPORT):   VALUE = "Y";
MPRINT(EM_REPORT):   VIEW = 0.71450602249917;
MPRINT(EM_REPORT):   output;
MPRINT(EM_REPORT):   NAME = "DISPLAYYLABEL";
MPRINT(EM_REPORT):   VALUE = "Y";
MPRINT(EM_REPORT):   VIEW = 0.71450602249917;
MPRINT(EM_REPORT):   output;
MPRINT(EM_REPORT):   NAME = "CHOICETEXT";
MPRINT(EM_REPORT):   VALUE = "";
MPRINT(EM_REPORT):   VIEW = 0.71450602249917;
MPRINT(EM_REPORT):   output;
MPRINT(EM_REPORT):   NAME = "SEGMENTVALUE";
MPRINT(EM_REPORT):   VALUE = "";
MPRINT(EM_REPORT):   VIEW = 0.71450602249917;
MPRINT(EM_REPORT):   output;
MPRINT(EM_REPORT):   NAME = "LOWERBAND";
MPRINT(EM_REPORT):   VALUE = "";
MPRINT(EM_REPORT):   VIEW = 0.71450602249917;
MPRINT(EM_REPORT):   output;
MPRINT(EM_REPORT):   NAME = "UPPERBAND";
MPRINT(EM_REPORT):   VALUE = "";
MPRINT(EM_REPORT):   VIEW = 0.71450602249917;
MPRINT(EM_REPORT):   output;
MPRINT(EM_REPORT):   NAME = "YLINE";
MPRINT(EM_REPORT):   VALUE = "";
MPRINT(EM_REPORT):   VIEW = 0.71450602249917;
MPRINT(EM_REPORT):   output;
MPRINT(EM_REPORT):   NAME = "LINKKEY";
MPRINT(EM_REPORT):   VALUE = "";
MPRINT(EM_REPORT):   VIEW = 0.71450602249917;
MPRINT(EM_REPORT):   output;
MPRINT(EM_REPORT):   NAME = "NODEKEY";
MPRINT(EM_REPORT):   VALUE = "";
MPRINT(EM_REPORT):   VIEW = 0.71450602249917;
MPRINT(EM_REPORT):   output;
MPRINT(EM_REPORT):   NAME = "NODEID";
MPRINT(EM_REPORT):   VALUE = "";
MPRINT(EM_REPORT):   VIEW = 0.71450602249917;
MPRINT(EM_REPORT):   output;
MPRINT(EM_REPORT):   NAME = "NODEVALUE";
MPRINT(EM_REPORT):   VALUE = "";
MPRINT(EM_REPORT):   VIEW = 0.71450602249917;
MPRINT(EM_REPORT):   output;
MPRINT(EM_REPORT):   NAME = "NODECOLOR";
MPRINT(EM_REPORT):   VALUE = "";
MPRINT(EM_REPORT):   VIEW = 0.71450602249917;
MPRINT(EM_REPORT):   output;
MPRINT(EM_REPORT):   NAME = "NODESHAPE";
MPRINT(EM_REPORT):   VALUE = "";
MPRINT(EM_REPORT):   VIEW = 0.71450602249917;
MPRINT(EM_REPORT):   output;
MPRINT(EM_REPORT):   NAME = "NODESHAPEVAR";
MPRINT(EM_REPORT):   VALUE = "";
MPRINT(EM_REPORT):   VIEW = 0.71450602249917;
MPRINT(EM_REPORT):   output;
MPRINT(EM_REPORT):   NAME = "NODELABEL";
MPRINT(EM_REPORT):   VALUE = "";
MPRINT(EM_REPORT):   VIEW = 0.71450602249917;
MPRINT(EM_REPORT):   output;
MPRINT(EM_REPORT):   NAME = "NODETIP";
MPRINT(EM_REPORT):   VALUE = "";
MPRINT(EM_REPORT):   VIEW = 0.71450602249917;
MPRINT(EM_REPORT):   output;
MPRINT(EM_REPORT):   NAME = "LINKID";
MPRINT(EM_REPORT):   VALUE = "";
MPRINT(EM_REPORT):   VIEW = 0.71450602249917;
MPRINT(EM_REPORT):   output;
MPRINT(EM_REPORT):   NAME = "LINKVALUE";
MPRINT(EM_REPORT):   VALUE = "";
MPRINT(EM_REPORT):   VIEW = 0.71450602249917;
MPRINT(EM_REPORT):   output;
MPRINT(EM_REPORT):   NAME = "LINKFROM";
MPRINT(EM_REPORT):   VALUE = "";
MPRINT(EM_REPORT):   VIEW = 0.71450602249917;
MPRINT(EM_REPORT):   output;
MPRINT(EM_REPORT):   NAME = "LINKTO";
MPRINT(EM_REPORT):   VALUE = "";
MPRINT(EM_REPORT):   VIEW = 0.71450602249917;
MPRINT(EM_REPORT):   output;
MPRINT(EM_REPORT):   NAME = "LINKCOLOR";
MPRINT(EM_REPORT):   VALUE = "";
MPRINT(EM_REPORT):   VIEW = 0.71450602249917;
MPRINT(EM_REPORT):   output;
MPRINT(EM_REPORT):   NAME = "LINKWIDTH";
MPRINT(EM_REPORT):   VALUE = "";
MPRINT(EM_REPORT):   VIEW = 0.71450602249917;
MPRINT(EM_REPORT):   output;
MPRINT(EM_REPORT):   NAME = "LINKTIP";
MPRINT(EM_REPORT):   VALUE = "";
MPRINT(EM_REPORT):   VIEW = 0.71450602249917;
MPRINT(EM_REPORT):   output;
MPRINT(EM_REPORT):   NAME = "XFROM";
MPRINT(EM_REPORT):   VALUE = "";
MPRINT(EM_REPORT):   VIEW = 0.71450602249917;
MPRINT(EM_REPORT):   output;
MPRINT(EM_REPORT):   NAME = "XTO";
MPRINT(EM_REPORT):   VALUE = "";
MPRINT(EM_REPORT):   VIEW = 0.71450602249917;
MPRINT(EM_REPORT):   output;
MPRINT(EM_REPORT):   NAME = "YFROM";
MPRINT(EM_REPORT):   VALUE = "";
MPRINT(EM_REPORT):   VIEW = 0.71450602249917;
MPRINT(EM_REPORT):   output;
MPRINT(EM_REPORT):   NAME = "YTO";
MPRINT(EM_REPORT):   VALUE = "";
MPRINT(EM_REPORT):   VIEW = 0.71450602249917;
MPRINT(EM_REPORT):   output;
MPRINT(EM_REPORT):   NAME = "MATRIXVAR";
MPRINT(EM_REPORT):   VALUE = "";
MPRINT(EM_REPORT):   VIEW = 0.71450602249917;
MPRINT(EM_REPORT):   output;
MPRINT(EM_REPORT):   NAME = "RESPONSE";
MPRINT(EM_REPORT):   VALUE = "";
MPRINT(EM_REPORT):   VIEW = 0.71450602249917;
MPRINT(EM_REPORT):   output;
MPRINT(EM_REPORT):   NAME = "SERIES";
MPRINT(EM_REPORT):   VALUE = "";
MPRINT(EM_REPORT):   VIEW = 0.71450602249917;
MPRINT(EM_REPORT):   output;
MPRINT(EM_REPORT):   NAME = "DESCARG";
MPRINT(EM_REPORT):   VALUE = "";
MPRINT(EM_REPORT):   VIEW = 0.71450602249917;
MPRINT(EM_REPORT):   output;
MPRINT(EM_REPORT):   NAME = "SLIDER";
MPRINT(EM_REPORT):   VALUE = "";
MPRINT(EM_REPORT):   VIEW = 0.71450602249917;
MPRINT(EM_REPORT):   output;
MPRINT(EM_REPORT):   NAME = "MarkerSize";
MPRINT(EM_REPORT):   VALUE = "";
MPRINT(EM_REPORT):   VIEW = 0.71450602249917;
MPRINT(EM_REPORT):   output;
MPRINT(EM_REPORT):   NAME = "Marker";
MPRINT(EM_REPORT):   VALUE = "";
MPRINT(EM_REPORT):   VIEW = 0.71450602249917;
MPRINT(EM_REPORT):   output;
MPRINT(EM_REPORT):   NAME = "Y1";
MPRINT(EM_REPORT):   VALUE = "";
MPRINT(EM_REPORT):   VIEW = 0.71450602249917;
MPRINT(EM_REPORT):   output;
MPRINT(EM_REPORT):   NAME = "Y2";
MPRINT(EM_REPORT):   VALUE = "";
MPRINT(EM_REPORT):   VIEW = 0.71450602249917;
MPRINT(EM_REPORT):   output;
MPRINT(EM_REPORT):   NAME = "Y3";
MPRINT(EM_REPORT):   VALUE = "";
MPRINT(EM_REPORT):   VIEW = 0.71450602249917;
MPRINT(EM_REPORT):   output;
MPRINT(EM_REPORT):   NAME = "Y4";
MPRINT(EM_REPORT):   VALUE = "";
MPRINT(EM_REPORT):   VIEW = 0.71450602249917;
MPRINT(EM_REPORT):   output;
MPRINT(EM_REPORT):   NAME = "Y5";
MPRINT(EM_REPORT):   VALUE = "";
MPRINT(EM_REPORT):   VIEW = 0.71450602249917;
MPRINT(EM_REPORT):   output;
MPRINT(EM_REPORT):   NAME = "Y6";
MPRINT(EM_REPORT):   VALUE = "";
MPRINT(EM_REPORT):   VIEW = 0.71450602249917;
MPRINT(EM_REPORT):   output;
MPRINT(EM_REPORT):   NAME = "Y7";
MPRINT(EM_REPORT):   VALUE = "";
MPRINT(EM_REPORT):   VIEW = 0.71450602249917;
MPRINT(EM_REPORT):   output;
MPRINT(EM_REPORT):   NAME = "Y8";
MPRINT(EM_REPORT):   VALUE = "";
MPRINT(EM_REPORT):   VIEW = 0.71450602249917;
MPRINT(EM_REPORT):   output;
MPRINT(EM_REPORT):   NAME = "Y9";
MPRINT(EM_REPORT):   VALUE = "";
MPRINT(EM_REPORT):   VIEW = 0.71450602249917;
MPRINT(EM_REPORT):   output;
MPRINT(EM_REPORT):   NAME = "Y10";
MPRINT(EM_REPORT):   VALUE = "";
MPRINT(EM_REPORT):   VIEW = 0.71450602249917;
MPRINT(EM_REPORT):   output;
MPRINT(EM_REPORT):   NAME = "Y11";
MPRINT(EM_REPORT):   VALUE = "";
MPRINT(EM_REPORT):   VIEW = 0.71450602249917;
MPRINT(EM_REPORT):   output;
MPRINT(EM_REPORT):   NAME = "Y12";
MPRINT(EM_REPORT):   VALUE = "";
MPRINT(EM_REPORT):   VIEW = 0.71450602249917;
MPRINT(EM_REPORT):   output;
MPRINT(EM_REPORT):   NAME = "Y13";
MPRINT(EM_REPORT):   VALUE = "";
MPRINT(EM_REPORT):   VIEW = 0.71450602249917;
MPRINT(EM_REPORT):   output;
MPRINT(EM_REPORT):   NAME = "Y14";
MPRINT(EM_REPORT):   VALUE = "";
MPRINT(EM_REPORT):   VIEW = 0.71450602249917;
MPRINT(EM_REPORT):   output;
MPRINT(EM_REPORT):   NAME = "Y15";
MPRINT(EM_REPORT):   VALUE = "";
MPRINT(EM_REPORT):   VIEW = 0.71450602249917;
MPRINT(EM_REPORT):   output;
MPRINT(EM_REPORT):   NAME = "Y16";
MPRINT(EM_REPORT):   VALUE = "";
MPRINT(EM_REPORT):   VIEW = 0.71450602249917;
MPRINT(EM_REPORT):   output;
MPRINT(EM_REPORT):   NAME = "TITLE";
MPRINT(EM_REPORT):   VALUE = "";
MPRINT(EM_REPORT):   VIEW = 0.71450602249917;
MPRINT(EM_REPORT):   output;
MPRINT(EM_REPORT):   NAME = "LEGEND";
MPRINT(EM_REPORT):   VALUE = "";
MPRINT(EM_REPORT):   VIEW = 0.71450602249917;
MPRINT(EM_REPORT):   output;
MPRINT(EM_REPORT):   NAME = "LEGENDTITLE";
MPRINT(EM_REPORT):   VALUE = "";
MPRINT(EM_REPORT):   VIEW = 0.71450602249917;
MPRINT(EM_REPORT):   output;
MPRINT(EM_REPORT):   NAME = "SHAPE";
MPRINT(EM_REPORT):   VALUE = "";
MPRINT(EM_REPORT):   VIEW = 0.71450602249917;
MPRINT(EM_REPORT):   output;
MPRINT(EM_REPORT):   NAME = "METHOD";
MPRINT(EM_REPORT):   VALUE = "";
MPRINT(EM_REPORT):   VIEW = 0.71450602249917;
MPRINT(EM_REPORT):   output;
MPRINT(EM_REPORT):   NAME = "NOBINMISS";
MPRINT(EM_REPORT):   VALUE = "";
MPRINT(EM_REPORT):   VIEW = 0.71450602249917;
MPRINT(EM_REPORT):   output;
MPRINT(EM_REPORT):   end;
MPRINT(EM_REPORT):   run;

NOTE: There were 264 observations read from the data set WORK.EM_USER_REPORT.
NOTE: The data set WORK.EM_USER_REPORT has 397 observations and 4 variables.
NOTE: DATA statement used (Total process time):
      real time           0.03 seconds
      cpu time            0.01 seconds
      

MPRINT(EM_TREE_REPORT):  ;
MPRINT(EM_TREE_REPORT):   proc sort data=EMWS1.Tree6_TREE_PLOT out=t;
MPRINT(EM_TREE_REPORT):   by descending N;
MPRINT(EM_TREE_REPORT):   run;

NOTE: There were 13 observations read from the data set EMWS1.TREE6_TREE_PLOT.
NOTE: The data set WORK.T has 13 observations and 37 variables.
NOTE: PROCEDURE SORT used (Total process time):
      real time           0.01 seconds
      cpu time            0.01 seconds
      

MPRINT(EM_TREE_REPORT):   data _null_;
MPRINT(EM_TREE_REPORT):   set t (obs=2) end=eof;
MPRINT(EM_TREE_REPORT):   if eof then do;
MPRINT(EM_TREE_REPORT):   call symput("vn", strip(put(vn, best.)));
MPRINT(EM_TREE_REPORT):   end;
MPRINT(EM_TREE_REPORT):   run;

NOTE: There were 2 observations read from the data set WORK.T.
NOTE: DATA statement used (Total process time):
      real time           0.02 seconds
      cpu time            0.00 seconds
      

MPRINT(EM_TREE_REPORT):   data t;
MPRINT(EM_TREE_REPORT):   set t;
MPRINT(EM_TREE_REPORT):   label N= "Training Observations" DEPTH=
MPRINT(EM_TREE_REPORT):   "Depth" VN=
MPRINT(EM_TREE_REPORT):   "Validation Observations" ;
MPRINT(EM_TREE_REPORT):   run;

NOTE: There were 13 observations read from the data set WORK.T.
NOTE: The data set WORK.T has 13 observations and 37 variables.
NOTE: DATA statement used (Total process time):
      real time           0.02 seconds
      cpu time            0.03 seconds
      

MPRINT(EM_TREE_REPORT):   title10 "Tree Leaf Report";
MPRINT(EM_TREE_REPORT):   proc print data=t noobs label;
MPRINT(EM_TREE_REPORT):   where tprob ne .;
MPRINT(EM_TREE_REPORT):   var node depth N tprob VN vprob ;
MPRINT(EM_TREE_REPORT):   run;

NOTE: There were 7 observations read from the data set WORK.T.
      WHERE tprob not = .;
NOTE: The PROCEDURE PRINT printed page 28.
NOTE: PROCEDURE PRINT used (Total process time):
      real time           0.00 seconds
      cpu time            0.00 seconds
      

MPRINT(EM_TREE_REPORT):   title10;
MPRINT(EM_TREE_REPORT):  ;
MPRINT(EM_TREE_REPORT):   data _null_;
MPRINT(EM_TREE_REPORT):   set EMWS1.Tree6_OUTTOPOLOGY end=eof;
MPRINT(EM_TREE_REPORT):   if eof then do;
MPRINT(EM_TREE_REPORT):   call symput('nleaves', LEAF);
MPRINT(EM_TREE_REPORT):   end;
MPRINT(EM_TREE_REPORT):   run;

NOTE: Numeric values have been converted to character values at the places given by: (Line):(Column).
      306:141   
NOTE: There were 13 observations read from the data set EMWS1.TREE6_OUTTOPOLOGY.
NOTE: DATA statement used (Total process time):
      real time           0.00 seconds
      cpu time            0.00 seconds
      

MPRINT(EM_REPORT):   data WORK.EM_USER_REPORT;
MPRINT(EM_REPORT):   set WORK.EM_USER_REPORT end=eof;
MPRINT(EM_REPORT):   output;
MPRINT(EM_REPORT):   if eof then do;
MPRINT(EM_REPORT):   id+1;
MPRINT(EM_REPORT):   NAME = "KEY";
MPRINT(EM_REPORT):   VALUE = "OUTSEQ";
MPRINT(EM_REPORT):   VIEW = 0.32432983039148;
MPRINT(EM_REPORT):   output;
MPRINT(EM_REPORT):   NAME = "VIEWTYPE";
MPRINT(EM_REPORT):   VALUE = "ITERATIONPLOT";
MPRINT(EM_REPORT):   VIEW = 0.32432983039148;
MPRINT(EM_REPORT):   output;
MPRINT(EM_REPORT):   NAME = "AUTODISPLAY";
MPRINT(EM_REPORT):   VALUE = "N";
MPRINT(EM_REPORT):   VIEW = 0.32432983039148;
MPRINT(EM_REPORT):   output;
MPRINT(EM_REPORT):   NAME = "SPK";
MPRINT(EM_REPORT):   VALUE = "Y";
MPRINT(EM_REPORT):   VIEW = 0.32432983039148;
MPRINT(EM_REPORT):   output;
MPRINT(EM_REPORT):   NAME = "COMPARE";
MPRINT(EM_REPORT):   VALUE = "N";
MPRINT(EM_REPORT):   VIEW = 0.32432983039148;
MPRINT(EM_REPORT):   output;
MPRINT(EM_REPORT):   NAME = "LOCALIZE";
MPRINT(EM_REPORT):   VALUE = "N";
MPRINT(EM_REPORT):   VIEW = 0.32432983039148;
MPRINT(EM_REPORT):   output;
MPRINT(EM_REPORT):   NAME = "EQUALIZEROWX";
MPRINT(EM_REPORT):   VALUE = "N";
MPRINT(EM_REPORT):   VIEW = 0.32432983039148;
MPRINT(EM_REPORT):   output;
MPRINT(EM_REPORT):   NAME = "EQUALIZEROWY";
MPRINT(EM_REPORT):   VALUE = "N";
MPRINT(EM_REPORT):   VIEW = 0.32432983039148;
MPRINT(EM_REPORT):   output;
MPRINT(EM_REPORT):   NAME = "EQUALIZECOLX";
MPRINT(EM_REPORT):   VALUE = "N";
MPRINT(EM_REPORT):   VIEW = 0.32432983039148;
MPRINT(EM_REPORT):   output;
MPRINT(EM_REPORT):   NAME = "EQUALIZECOLY";
MPRINT(EM_REPORT):   VALUE = "N";
MPRINT(EM_REPORT):   VIEW = 0.32432983039148;
MPRINT(EM_REPORT):   output;
MPRINT(EM_REPORT):   NAME = "NROWS";
MPRINT(EM_REPORT):   VALUE = "";
MPRINT(EM_REPORT):   VIEW = 0.32432983039148;
MPRINT(EM_REPORT):   output;
MPRINT(EM_REPORT):   NAME = "NCOLS";
MPRINT(EM_REPORT):   VALUE = "";
MPRINT(EM_REPORT):   VIEW = 0.32432983039148;
MPRINT(EM_REPORT):   output;
MPRINT(EM_REPORT):   NAME = "DISCRETEX";
MPRINT(EM_REPORT):   VALUE = "";
MPRINT(EM_REPORT):   VIEW = 0.32432983039148;
MPRINT(EM_REPORT):   output;
MPRINT(EM_REPORT):   NAME = "DISCRETEY";
MPRINT(EM_REPORT):   VALUE = "";
MPRINT(EM_REPORT):   VIEW = 0.32432983039148;
MPRINT(EM_REPORT):   output;
MPRINT(EM_REPORT):   NAME = "LATTICEX";
MPRINT(EM_REPORT):   VALUE = "";
MPRINT(EM_REPORT):   VIEW = 0.32432983039148;
MPRINT(EM_REPORT):   output;
MPRINT(EM_REPORT):   NAME = "LATTICEY";
MPRINT(EM_REPORT):   VALUE = "";
MPRINT(EM_REPORT):   VIEW = 0.32432983039148;
MPRINT(EM_REPORT):   output;
MPRINT(EM_REPORT):   NAME = "LATTICETYPE";
MPRINT(EM_REPORT):   VALUE = "";
MPRINT(EM_REPORT):   VIEW = 0.32432983039148;
MPRINT(EM_REPORT):   output;
MPRINT(EM_REPORT):   NAME = "ABSOLUTEVALUE";
MPRINT(EM_REPORT):   VALUE = "";
MPRINT(EM_REPORT):   VIEW = 0.32432983039148;
MPRINT(EM_REPORT):   output;
MPRINT(EM_REPORT):   NAME = "SORTORDER";
MPRINT(EM_REPORT):   VALUE = "";
MPRINT(EM_REPORT):   VIEW = 0.32432983039148;
MPRINT(EM_REPORT):   output;
MPRINT(EM_REPORT):   NAME = "SORTORDERY";
MPRINT(EM_REPORT):   VALUE = "";
MPRINT(EM_REPORT):   VIEW = 0.32432983039148;
MPRINT(EM_REPORT):   output;
MPRINT(EM_REPORT):   NAME = "ORIENTATION";
MPRINT(EM_REPORT):   VALUE = "";
MPRINT(EM_REPORT):   VIEW = 0.32432983039148;
MPRINT(EM_REPORT):   output;
MPRINT(EM_REPORT):   NAME = "METHOD";
MPRINT(EM_REPORT):   VALUE = "";
MPRINT(EM_REPORT):   VIEW = 0.32432983039148;
MPRINT(EM_REPORT):   output;
MPRINT(EM_REPORT):   NAME = "DIRECTION";
MPRINT(EM_REPORT):   VALUE = "";
MPRINT(EM_REPORT):   VIEW = 0.32432983039148;
MPRINT(EM_REPORT):   output;
MPRINT(EM_REPORT):   NAME = "BYSET";
MPRINT(EM_REPORT):   VALUE = "";
MPRINT(EM_REPORT):   VIEW = 0.32432983039148;
MPRINT(EM_REPORT):   output;
MPRINT(EM_REPORT):   NAME = "RENDERMODE";
MPRINT(EM_REPORT):   VALUE = "";
MPRINT(EM_REPORT):   VIEW = 0.32432983039148;
MPRINT(EM_REPORT):   output;
MPRINT(EM_REPORT):   NAME = "DESCRIPTION";
MPRINT(EM_REPORT):   VALUE = "SUBTREE";
MPRINT(EM_REPORT):   VIEW = 0.32432983039148;
MPRINT(EM_REPORT):   output;
MPRINT(EM_REPORT):   NAME = "X";
MPRINT(EM_REPORT):   VALUE = "_NW_";
MPRINT(EM_REPORT):   VIEW = 0.32432983039148;
MPRINT(EM_REPORT):   output;
MPRINT(EM_REPORT):   NAME = "EXCLUDEVARS";
MPRINT(EM_REPORT):   VALUE = "";
MPRINT(EM_REPORT):   VIEW = 0.32432983039148;
MPRINT(EM_REPORT):   output;
MPRINT(EM_REPORT):   NAME = "Z";
MPRINT(EM_REPORT):   VALUE = "";
MPRINT(EM_REPORT):   VIEW = 0.32432983039148;
MPRINT(EM_REPORT):   output;
MPRINT(EM_REPORT):   NAME = "YVARS";
MPRINT(EM_REPORT):   VALUE = "";
MPRINT(EM_REPORT):   VIEW = 0.32432983039148;
MPRINT(EM_REPORT):   output;
MPRINT(EM_REPORT):   NAME = "FREQVARS";
MPRINT(EM_REPORT):   VALUE = "";
MPRINT(EM_REPORT):   VIEW = 0.32432983039148;
MPRINT(EM_REPORT):   output;
MPRINT(EM_REPORT):   NAME = "AXIS";
MPRINT(EM_REPORT):   VALUE = "";
MPRINT(EM_REPORT):   VIEW = 0.32432983039148;
MPRINT(EM_REPORT):   output;
MPRINT(EM_REPORT):   NAME = "FREQ";
MPRINT(EM_REPORT):   VALUE = "";
MPRINT(EM_REPORT):   VIEW = 0.32432983039148;
MPRINT(EM_REPORT):   output;
MPRINT(EM_REPORT):   NAME = "GROUP";
MPRINT(EM_REPORT):   VALUE = "";
MPRINT(EM_REPORT):   VIEW = 0.32432983039148;
MPRINT(EM_REPORT):   output;
MPRINT(EM_REPORT):   NAME = "SUBGROUP";
MPRINT(EM_REPORT):   VALUE = "";
MPRINT(EM_REPORT):   VIEW = 0.32432983039148;
MPRINT(EM_REPORT):   output;
MPRINT(EM_REPORT):   NAME = "BLOCK";
MPRINT(EM_REPORT):   VALUE = "MODEL";
MPRINT(EM_REPORT):   VIEW = 0.32432983039148;
MPRINT(EM_REPORT):   output;
MPRINT(EM_REPORT):   NAME = "COLOR";
MPRINT(EM_REPORT):   VALUE = "";
MPRINT(EM_REPORT):   VIEW = 0.32432983039148;
MPRINT(EM_REPORT):   output;
MPRINT(EM_REPORT):   NAME = "COLORINDEX";
MPRINT(EM_REPORT):   VALUE = "";
MPRINT(EM_REPORT):   VIEW = 0.32432983039148;
MPRINT(EM_REPORT):   output;
MPRINT(EM_REPORT):   NAME = "TIPTEXT";
MPRINT(EM_REPORT):   VALUE = "";
MPRINT(EM_REPORT):   VIEW = 0.32432983039148;
MPRINT(EM_REPORT):   output;
MPRINT(EM_REPORT):   NAME = "TIP";
MPRINT(EM_REPORT):   VALUE = "";
MPRINT(EM_REPORT):   VIEW = 0.32432983039148;
MPRINT(EM_REPORT):   output;
MPRINT(EM_REPORT):   NAME = "TOOLTIP";
MPRINT(EM_REPORT):   VALUE = "";
MPRINT(EM_REPORT):   VIEW = 0.32432983039148;
MPRINT(EM_REPORT):   output;
MPRINT(EM_REPORT):   NAME = "REPORTID";
MPRINT(EM_REPORT):   VALUE = "";
MPRINT(EM_REPORT):   VIEW = 0.32432983039148;
MPRINT(EM_REPORT):   output;
MPRINT(EM_REPORT):   NAME = "IDVALUE";
MPRINT(EM_REPORT):   VALUE = "";
MPRINT(EM_REPORT):   VIEW = 0.32432983039148;
MPRINT(EM_REPORT):   output;
MPRINT(EM_REPORT):   NAME = "ID";
MPRINT(EM_REPORT):   VALUE = "";
MPRINT(EM_REPORT):   VIEW = 0.32432983039148;
MPRINT(EM_REPORT):   output;
MPRINT(EM_REPORT):   NAME = "SIZE";
MPRINT(EM_REPORT):   VALUE = "";
MPRINT(EM_REPORT):   VIEW = 0.32432983039148;
MPRINT(EM_REPORT):   output;
MPRINT(EM_REPORT):   NAME = "FROM";
MPRINT(EM_REPORT):   VALUE = "";
MPRINT(EM_REPORT):   VIEW = 0.32432983039148;
MPRINT(EM_REPORT):   output;
MPRINT(EM_REPORT):   NAME = "TO";
MPRINT(EM_REPORT):   VALUE = "";
MPRINT(EM_REPORT):   VIEW = 0.32432983039148;
MPRINT(EM_REPORT):   output;
MPRINT(EM_REPORT):   NAME = "VALUE";
MPRINT(EM_REPORT):   VALUE = "";
MPRINT(EM_REPORT):   VIEW = 0.32432983039148;
MPRINT(EM_REPORT):   output;
MPRINT(EM_REPORT):   NAME = "VIEWS";
MPRINT(EM_REPORT):   VALUE = "";
MPRINT(EM_REPORT):   VIEW = 0.32432983039148;
MPRINT(EM_REPORT):   output;
MPRINT(EM_REPORT):   NAME = "PARENT";
MPRINT(EM_REPORT):   VALUE = "";
MPRINT(EM_REPORT):   VIEW = 0.32432983039148;
MPRINT(EM_REPORT):   output;
MPRINT(EM_REPORT):   NAME = "NODETEXT";
MPRINT(EM_REPORT):   VALUE = "";
MPRINT(EM_REPORT):   VIEW = 0.32432983039148;
MPRINT(EM_REPORT):   output;
MPRINT(EM_REPORT):   NAME = "ABOVETEXT";
MPRINT(EM_REPORT):   VALUE = "";
MPRINT(EM_REPORT):   VIEW = 0.32432983039148;
MPRINT(EM_REPORT):   output;
MPRINT(EM_REPORT):   NAME = "BELOWTEXT";
MPRINT(EM_REPORT):   VALUE = "";
MPRINT(EM_REPORT):   VIEW = 0.32432983039148;
MPRINT(EM_REPORT):   output;
MPRINT(EM_REPORT):   NAME = "NODESIZE";
MPRINT(EM_REPORT):   VALUE = "";
MPRINT(EM_REPORT):   VIEW = 0.32432983039148;
MPRINT(EM_REPORT):   output;
MPRINT(EM_REPORT):   NAME = "STATS";
MPRINT(EM_REPORT):   VALUE = "";
MPRINT(EM_REPORT):   VIEW = 0.32432983039148;
MPRINT(EM_REPORT):   output;
MPRINT(EM_REPORT):   NAME = "CLASSDIST";
MPRINT(EM_REPORT):   VALUE = "";
MPRINT(EM_REPORT):   VIEW = 0.32432983039148;
MPRINT(EM_REPORT):   output;
MPRINT(EM_REPORT):   NAME = "INTDIST";
MPRINT(EM_REPORT):   VALUE = "";
MPRINT(EM_REPORT):   VIEW = 0.32432983039148;
MPRINT(EM_REPORT):   output;
MPRINT(EM_REPORT):   NAME = "FOLDER";
MPRINT(EM_REPORT):   VALUE = "";
MPRINT(EM_REPORT):   VIEW = 0.32432983039148;
MPRINT(EM_REPORT):   output;
MPRINT(EM_REPORT):   NAME = "YPLOTTYPE";
MPRINT(EM_REPORT):   VALUE = "";
MPRINT(EM_REPORT):   VIEW = 0.32432983039148;
MPRINT(EM_REPORT):   output;
MPRINT(EM_REPORT):   NAME = "XREF";
MPRINT(EM_REPORT):   VALUE = "7";
MPRINT(EM_REPORT):   VIEW = 0.32432983039148;
MPRINT(EM_REPORT):   output;
MPRINT(EM_REPORT):   NAME = "XREF2";
MPRINT(EM_REPORT):   VALUE = "";
MPRINT(EM_REPORT):   VIEW = 0.32432983039148;
MPRINT(EM_REPORT):   output;
MPRINT(EM_REPORT):   NAME = "YREF";
MPRINT(EM_REPORT):   VALUE = "";
MPRINT(EM_REPORT):   VIEW = 0.32432983039148;
MPRINT(EM_REPORT):   output;
MPRINT(EM_REPORT):   NAME = "Y2REF";
MPRINT(EM_REPORT):   VALUE = "";
MPRINT(EM_REPORT):   VIEW = 0.32432983039148;
MPRINT(EM_REPORT):   output;
MPRINT(EM_REPORT):   NAME = "YREF2";
MPRINT(EM_REPORT):   VALUE = "";
MPRINT(EM_REPORT):   VIEW = 0.32432983039148;
MPRINT(EM_REPORT):   output;
MPRINT(EM_REPORT):   NAME = "Y2REF2";
MPRINT(EM_REPORT):   VALUE = "";
MPRINT(EM_REPORT):   VIEW = 0.32432983039148;
MPRINT(EM_REPORT):   output;
MPRINT(EM_REPORT):   NAME = "GROUPINDEX";
MPRINT(EM_REPORT):   VALUE = "";
MPRINT(EM_REPORT):   VIEW = 0.32432983039148;
MPRINT(EM_REPORT):   output;
MPRINT(EM_REPORT):   NAME = "JOIN";
MPRINT(EM_REPORT):   VALUE = "";
MPRINT(EM_REPORT):   VIEW = 0.32432983039148;
MPRINT(EM_REPORT):   output;
MPRINT(EM_REPORT):   NAME = "XEXCLUDE";
MPRINT(EM_REPORT):   VALUE = "";
MPRINT(EM_REPORT):   VIEW = 0.32432983039148;
MPRINT(EM_REPORT):   output;
MPRINT(EM_REPORT):   NAME = "FREQEXCLUDE";
MPRINT(EM_REPORT):   VALUE = "";
MPRINT(EM_REPORT):   VIEW = 0.32432983039148;
MPRINT(EM_REPORT):   output;
MPRINT(EM_REPORT):   NAME = "YEXCLUDE";
MPRINT(EM_REPORT):   VALUE = "";
MPRINT(EM_REPORT):   VIEW = 0.32432983039148;
MPRINT(EM_REPORT):   output;
MPRINT(EM_REPORT):   NAME = "NAME";
MPRINT(EM_REPORT):   VALUE = "";
MPRINT(EM_REPORT):   VIEW = 0.32432983039148;
MPRINT(EM_REPORT):   output;
MPRINT(EM_REPORT):   NAME = "HEIGHT";
MPRINT(EM_REPORT):   VALUE = "";
MPRINT(EM_REPORT):   VIEW = 0.32432983039148;
MPRINT(EM_REPORT):   output;
MPRINT(EM_REPORT):   NAME = "WIDTH";
MPRINT(EM_REPORT):   VALUE = "";
MPRINT(EM_REPORT):   VIEW = 0.32432983039148;
MPRINT(EM_REPORT):   output;
MPRINT(EM_REPORT):   NAME = "XAXISLABEL";
MPRINT(EM_REPORT):   VALUE = "";
MPRINT(EM_REPORT):   VIEW = 0.32432983039148;
MPRINT(EM_REPORT):   output;
MPRINT(EM_REPORT):   NAME = "Y2AXISLABEL";
MPRINT(EM_REPORT):   VALUE = "";
MPRINT(EM_REPORT):   VIEW = 0.32432983039148;
MPRINT(EM_REPORT):   output;
MPRINT(EM_REPORT):   NAME = "YAXISLABEL";
MPRINT(EM_REPORT):   VALUE = "";
MPRINT(EM_REPORT):   VIEW = 0.32432983039148;
MPRINT(EM_REPORT):   output;
MPRINT(EM_REPORT):   NAME = "DISPLAYXLABEL";
MPRINT(EM_REPORT):   VALUE = "Y";
MPRINT(EM_REPORT):   VIEW = 0.32432983039148;
MPRINT(EM_REPORT):   output;
MPRINT(EM_REPORT):   NAME = "DISPLAYYLABEL";
MPRINT(EM_REPORT):   VALUE = "Y";
MPRINT(EM_REPORT):   VIEW = 0.32432983039148;
MPRINT(EM_REPORT):   output;
MPRINT(EM_REPORT):   NAME = "CHOICETEXT";
MPRINT(EM_REPORT):   VALUE = "";
MPRINT(EM_REPORT):   VIEW = 0.32432983039148;
MPRINT(EM_REPORT):   output;
MPRINT(EM_REPORT):   NAME = "SEGMENTVALUE";
MPRINT(EM_REPORT):   VALUE = "";
MPRINT(EM_REPORT):   VIEW = 0.32432983039148;
MPRINT(EM_REPORT):   output;
MPRINT(EM_REPORT):   NAME = "LOWERBAND";
MPRINT(EM_REPORT):   VALUE = "";
MPRINT(EM_REPORT):   VIEW = 0.32432983039148;
MPRINT(EM_REPORT):   output;
MPRINT(EM_REPORT):   NAME = "UPPERBAND";
MPRINT(EM_REPORT):   VALUE = "";
MPRINT(EM_REPORT):   VIEW = 0.32432983039148;
MPRINT(EM_REPORT):   output;
MPRINT(EM_REPORT):   NAME = "YLINE";
MPRINT(EM_REPORT):   VALUE = "";
MPRINT(EM_REPORT):   VIEW = 0.32432983039148;
MPRINT(EM_REPORT):   output;
MPRINT(EM_REPORT):   NAME = "LINKKEY";
MPRINT(EM_REPORT):   VALUE = "";
MPRINT(EM_REPORT):   VIEW = 0.32432983039148;
MPRINT(EM_REPORT):   output;
MPRINT(EM_REPORT):   NAME = "NODEKEY";
MPRINT(EM_REPORT):   VALUE = "";
MPRINT(EM_REPORT):   VIEW = 0.32432983039148;
MPRINT(EM_REPORT):   output;
MPRINT(EM_REPORT):   NAME = "NODEID";
MPRINT(EM_REPORT):   VALUE = "";
MPRINT(EM_REPORT):   VIEW = 0.32432983039148;
MPRINT(EM_REPORT):   output;
MPRINT(EM_REPORT):   NAME = "NODEVALUE";
MPRINT(EM_REPORT):   VALUE = "";
MPRINT(EM_REPORT):   VIEW = 0.32432983039148;
MPRINT(EM_REPORT):   output;
MPRINT(EM_REPORT):   NAME = "NODECOLOR";
MPRINT(EM_REPORT):   VALUE = "";
MPRINT(EM_REPORT):   VIEW = 0.32432983039148;
MPRINT(EM_REPORT):   output;
MPRINT(EM_REPORT):   NAME = "NODESHAPE";
MPRINT(EM_REPORT):   VALUE = "";
MPRINT(EM_REPORT):   VIEW = 0.32432983039148;
MPRINT(EM_REPORT):   output;
MPRINT(EM_REPORT):   NAME = "NODESHAPEVAR";
MPRINT(EM_REPORT):   VALUE = "";
MPRINT(EM_REPORT):   VIEW = 0.32432983039148;
MPRINT(EM_REPORT):   output;
MPRINT(EM_REPORT):   NAME = "NODELABEL";
MPRINT(EM_REPORT):   VALUE = "";
MPRINT(EM_REPORT):   VIEW = 0.32432983039148;
MPRINT(EM_REPORT):   output;
MPRINT(EM_REPORT):   NAME = "NODETIP";
MPRINT(EM_REPORT):   VALUE = "";
MPRINT(EM_REPORT):   VIEW = 0.32432983039148;
MPRINT(EM_REPORT):   output;
MPRINT(EM_REPORT):   NAME = "LINKID";
MPRINT(EM_REPORT):   VALUE = "";
MPRINT(EM_REPORT):   VIEW = 0.32432983039148;
MPRINT(EM_REPORT):   output;
MPRINT(EM_REPORT):   NAME = "LINKVALUE";
MPRINT(EM_REPORT):   VALUE = "";
MPRINT(EM_REPORT):   VIEW = 0.32432983039148;
MPRINT(EM_REPORT):   output;
MPRINT(EM_REPORT):   NAME = "LINKFROM";
MPRINT(EM_REPORT):   VALUE = "";
MPRINT(EM_REPORT):   VIEW = 0.32432983039148;
MPRINT(EM_REPORT):   output;
MPRINT(EM_REPORT):   NAME = "LINKTO";
MPRINT(EM_REPORT):   VALUE = "";
MPRINT(EM_REPORT):   VIEW = 0.32432983039148;
MPRINT(EM_REPORT):   output;
MPRINT(EM_REPORT):   NAME = "LINKCOLOR";
MPRINT(EM_REPORT):   VALUE = "";
MPRINT(EM_REPORT):   VIEW = 0.32432983039148;
MPRINT(EM_REPORT):   output;
MPRINT(EM_REPORT):   NAME = "LINKWIDTH";
MPRINT(EM_REPORT):   VALUE = "";
MPRINT(EM_REPORT):   VIEW = 0.32432983039148;
MPRINT(EM_REPORT):   output;
MPRINT(EM_REPORT):   NAME = "LINKTIP";
MPRINT(EM_REPORT):   VALUE = "";
MPRINT(EM_REPORT):   VIEW = 0.32432983039148;
MPRINT(EM_REPORT):   output;
MPRINT(EM_REPORT):   NAME = "XFROM";
MPRINT(EM_REPORT):   VALUE = "";
MPRINT(EM_REPORT):   VIEW = 0.32432983039148;
MPRINT(EM_REPORT):   output;
MPRINT(EM_REPORT):   NAME = "XTO";
MPRINT(EM_REPORT):   VALUE = "";
MPRINT(EM_REPORT):   VIEW = 0.32432983039148;
MPRINT(EM_REPORT):   output;
MPRINT(EM_REPORT):   NAME = "YFROM";
MPRINT(EM_REPORT):   VALUE = "";
MPRINT(EM_REPORT):   VIEW = 0.32432983039148;
MPRINT(EM_REPORT):   output;
MPRINT(EM_REPORT):   NAME = "YTO";
MPRINT(EM_REPORT):   VALUE = "";
MPRINT(EM_REPORT):   VIEW = 0.32432983039148;
MPRINT(EM_REPORT):   output;
MPRINT(EM_REPORT):   NAME = "MATRIXVAR";
MPRINT(EM_REPORT):   VALUE = "";
MPRINT(EM_REPORT):   VIEW = 0.32432983039148;
MPRINT(EM_REPORT):   output;
MPRINT(EM_REPORT):   NAME = "RESPONSE";
MPRINT(EM_REPORT):   VALUE = "";
MPRINT(EM_REPORT):   VIEW = 0.32432983039148;
MPRINT(EM_REPORT):   output;
MPRINT(EM_REPORT):   NAME = "SERIES";
MPRINT(EM_REPORT):   VALUE = "";
MPRINT(EM_REPORT):   VIEW = 0.32432983039148;
MPRINT(EM_REPORT):   output;
MPRINT(EM_REPORT):   NAME = "DESCARG";
MPRINT(EM_REPORT):   VALUE = "";
MPRINT(EM_REPORT):   VIEW = 0.32432983039148;
MPRINT(EM_REPORT):   output;
MPRINT(EM_REPORT):   NAME = "SLIDER";
MPRINT(EM_REPORT):   VALUE = "";
MPRINT(EM_REPORT):   VIEW = 0.32432983039148;
MPRINT(EM_REPORT):   output;
MPRINT(EM_REPORT):   NAME = "MarkerSize";
MPRINT(EM_REPORT):   VALUE = "";
MPRINT(EM_REPORT):   VIEW = 0.32432983039148;
MPRINT(EM_REPORT):   output;
MPRINT(EM_REPORT):   NAME = "Marker";
MPRINT(EM_REPORT):   VALUE = "";
MPRINT(EM_REPORT):   VIEW = 0.32432983039148;
MPRINT(EM_REPORT):   output;
MPRINT(EM_REPORT):   NAME = "Y1";
MPRINT(EM_REPORT):   VALUE = "";
MPRINT(EM_REPORT):   VIEW = 0.32432983039148;
MPRINT(EM_REPORT):   output;
MPRINT(EM_REPORT):   NAME = "Y2";
MPRINT(EM_REPORT):   VALUE = "";
MPRINT(EM_REPORT):   VIEW = 0.32432983039148;
MPRINT(EM_REPORT):   output;
MPRINT(EM_REPORT):   NAME = "Y3";
MPRINT(EM_REPORT):   VALUE = "";
MPRINT(EM_REPORT):   VIEW = 0.32432983039148;
MPRINT(EM_REPORT):   output;
MPRINT(EM_REPORT):   NAME = "Y4";
MPRINT(EM_REPORT):   VALUE = "";
MPRINT(EM_REPORT):   VIEW = 0.32432983039148;
MPRINT(EM_REPORT):   output;
MPRINT(EM_REPORT):   NAME = "Y5";
MPRINT(EM_REPORT):   VALUE = "";
MPRINT(EM_REPORT):   VIEW = 0.32432983039148;
MPRINT(EM_REPORT):   output;
MPRINT(EM_REPORT):   NAME = "Y6";
MPRINT(EM_REPORT):   VALUE = "";
MPRINT(EM_REPORT):   VIEW = 0.32432983039148;
MPRINT(EM_REPORT):   output;
MPRINT(EM_REPORT):   NAME = "Y7";
MPRINT(EM_REPORT):   VALUE = "";
MPRINT(EM_REPORT):   VIEW = 0.32432983039148;
MPRINT(EM_REPORT):   output;
MPRINT(EM_REPORT):   NAME = "Y8";
MPRINT(EM_REPORT):   VALUE = "";
MPRINT(EM_REPORT):   VIEW = 0.32432983039148;
MPRINT(EM_REPORT):   output;
MPRINT(EM_REPORT):   NAME = "Y9";
MPRINT(EM_REPORT):   VALUE = "";
MPRINT(EM_REPORT):   VIEW = 0.32432983039148;
MPRINT(EM_REPORT):   output;
MPRINT(EM_REPORT):   NAME = "Y10";
MPRINT(EM_REPORT):   VALUE = "";
MPRINT(EM_REPORT):   VIEW = 0.32432983039148;
MPRINT(EM_REPORT):   output;
MPRINT(EM_REPORT):   NAME = "Y11";
MPRINT(EM_REPORT):   VALUE = "";
MPRINT(EM_REPORT):   VIEW = 0.32432983039148;
MPRINT(EM_REPORT):   output;
MPRINT(EM_REPORT):   NAME = "Y12";
MPRINT(EM_REPORT):   VALUE = "";
MPRINT(EM_REPORT):   VIEW = 0.32432983039148;
MPRINT(EM_REPORT):   output;
MPRINT(EM_REPORT):   NAME = "Y13";
MPRINT(EM_REPORT):   VALUE = "";
MPRINT(EM_REPORT):   VIEW = 0.32432983039148;
MPRINT(EM_REPORT):   output;
MPRINT(EM_REPORT):   NAME = "Y14";
MPRINT(EM_REPORT):   VALUE = "";
MPRINT(EM_REPORT):   VIEW = 0.32432983039148;
MPRINT(EM_REPORT):   output;
MPRINT(EM_REPORT):   NAME = "Y15";
MPRINT(EM_REPORT):   VALUE = "";
MPRINT(EM_REPORT):   VIEW = 0.32432983039148;
MPRINT(EM_REPORT):   output;
MPRINT(EM_REPORT):   NAME = "Y16";
MPRINT(EM_REPORT):   VALUE = "";
MPRINT(EM_REPORT):   VIEW = 0.32432983039148;
MPRINT(EM_REPORT):   output;
MPRINT(EM_REPORT):   NAME = "TITLE";
MPRINT(EM_REPORT):   VALUE = "";
MPRINT(EM_REPORT):   VIEW = 0.32432983039148;
MPRINT(EM_REPORT):   output;
MPRINT(EM_REPORT):   NAME = "LEGEND";
MPRINT(EM_REPORT):   VALUE = "";
MPRINT(EM_REPORT):   VIEW = 0.32432983039148;
MPRINT(EM_REPORT):   output;
MPRINT(EM_REPORT):   NAME = "LEGENDTITLE";
MPRINT(EM_REPORT):   VALUE = "";
MPRINT(EM_REPORT):   VIEW = 0.32432983039148;
MPRINT(EM_REPORT):   output;
MPRINT(EM_REPORT):   NAME = "SHAPE";
MPRINT(EM_REPORT):   VALUE = "";
MPRINT(EM_REPORT):   VIEW = 0.32432983039148;
MPRINT(EM_REPORT):   output;
MPRINT(EM_REPORT):   NAME = "METHOD";
MPRINT(EM_REPORT):   VALUE = "";
MPRINT(EM_REPORT):   VIEW = 0.32432983039148;
MPRINT(EM_REPORT):   output;
MPRINT(EM_REPORT):   NAME = "NOBINMISS";
MPRINT(EM_REPORT):   VALUE = "";
MPRINT(EM_REPORT):   VIEW = 0.32432983039148;
MPRINT(EM_REPORT):   output;
MPRINT(EM_REPORT):   end;
MPRINT(EM_REPORT):   run;

NOTE: There were 397 observations read from the data set WORK.EM_USER_REPORT.
NOTE: The data set WORK.EM_USER_REPORT has 529 observations and 4 variables.
NOTE: DATA statement used (Total process time):
      real time           0.03 seconds
      cpu time            0.03 seconds
      

MPRINT(EM_TREE_REPORT):  ;
MPRINT(EM_REPORT):   data WORK.EM_USER_REPORT;
MPRINT(EM_REPORT):   set WORK.EM_USER_REPORT end=eof;
MPRINT(EM_REPORT):   output;
MPRINT(EM_REPORT):   if eof then do;
MPRINT(EM_REPORT):   id+1;
MPRINT(EM_REPORT):   NAME = "KEY";
MPRINT(EM_REPORT):   VALUE = "TREE_PLOT";
MPRINT(EM_REPORT):   VIEW = 1;
MPRINT(EM_REPORT):   output;
MPRINT(EM_REPORT):   NAME = "VIEWTYPE";
MPRINT(EM_REPORT):   VALUE = "RESPONSEBAR";
MPRINT(EM_REPORT):   VIEW = 1;
MPRINT(EM_REPORT):   output;
MPRINT(EM_REPORT):   NAME = "AUTODISPLAY";
MPRINT(EM_REPORT):   VALUE = "Y";
MPRINT(EM_REPORT):   VIEW = 1;
MPRINT(EM_REPORT):   output;
MPRINT(EM_REPORT):   NAME = "SPK";
MPRINT(EM_REPORT):   VALUE = "Y";
MPRINT(EM_REPORT):   VIEW = 1;
MPRINT(EM_REPORT):   output;
MPRINT(EM_REPORT):   NAME = "COMPARE";
MPRINT(EM_REPORT):   VALUE = "N";
MPRINT(EM_REPORT):   VIEW = 1;
MPRINT(EM_REPORT):   output;
MPRINT(EM_REPORT):   NAME = "LOCALIZE";
MPRINT(EM_REPORT):   VALUE = "N";
MPRINT(EM_REPORT):   VIEW = 1;
MPRINT(EM_REPORT):   output;
MPRINT(EM_REPORT):   NAME = "EQUALIZEROWX";
MPRINT(EM_REPORT):   VALUE = "N";
MPRINT(EM_REPORT):   VIEW = 1;
MPRINT(EM_REPORT):   output;
MPRINT(EM_REPORT):   NAME = "EQUALIZEROWY";
MPRINT(EM_REPORT):   VALUE = "N";
MPRINT(EM_REPORT):   VIEW = 1;
MPRINT(EM_REPORT):   output;
MPRINT(EM_REPORT):   NAME = "EQUALIZECOLX";
MPRINT(EM_REPORT):   VALUE = "N";
MPRINT(EM_REPORT):   VIEW = 1;
MPRINT(EM_REPORT):   output;
MPRINT(EM_REPORT):   NAME = "EQUALIZECOLY";
MPRINT(EM_REPORT):   VALUE = "N";
MPRINT(EM_REPORT):   VIEW = 1;
MPRINT(EM_REPORT):   output;
MPRINT(EM_REPORT):   NAME = "NROWS";
MPRINT(EM_REPORT):   VALUE = "";
MPRINT(EM_REPORT):   VIEW = 1;
MPRINT(EM_REPORT):   output;
MPRINT(EM_REPORT):   NAME = "NCOLS";
MPRINT(EM_REPORT):   VALUE = "";
MPRINT(EM_REPORT):   VIEW = 1;
MPRINT(EM_REPORT):   output;
MPRINT(EM_REPORT):   NAME = "DISCRETEX";
MPRINT(EM_REPORT):   VALUE = "";
MPRINT(EM_REPORT):   VIEW = 1;
MPRINT(EM_REPORT):   output;
MPRINT(EM_REPORT):   NAME = "DISCRETEY";
MPRINT(EM_REPORT):   VALUE = "";
MPRINT(EM_REPORT):   VIEW = 1;
MPRINT(EM_REPORT):   output;
MPRINT(EM_REPORT):   NAME = "LATTICEX";
MPRINT(EM_REPORT):   VALUE = "";
MPRINT(EM_REPORT):   VIEW = 1;
MPRINT(EM_REPORT):   output;
MPRINT(EM_REPORT):   NAME = "LATTICEY";
MPRINT(EM_REPORT):   VALUE = "";
MPRINT(EM_REPORT):   VIEW = 1;
MPRINT(EM_REPORT):   output;
MPRINT(EM_REPORT):   NAME = "LATTICETYPE";
MPRINT(EM_REPORT):   VALUE = "";
MPRINT(EM_REPORT):   VIEW = 1;
MPRINT(EM_REPORT):   output;
MPRINT(EM_REPORT):   NAME = "ABSOLUTEVALUE";
MPRINT(EM_REPORT):   VALUE = "";
MPRINT(EM_REPORT):   VIEW = 1;
MPRINT(EM_REPORT):   output;
MPRINT(EM_REPORT):   NAME = "SORTORDER";
MPRINT(EM_REPORT):   VALUE = "";
MPRINT(EM_REPORT):   VIEW = 1;
MPRINT(EM_REPORT):   output;
MPRINT(EM_REPORT):   NAME = "SORTORDERY";
MPRINT(EM_REPORT):   VALUE = "";
MPRINT(EM_REPORT):   VIEW = 1;
MPRINT(EM_REPORT):   output;
MPRINT(EM_REPORT):   NAME = "ORIENTATION";
MPRINT(EM_REPORT):   VALUE = "";
MPRINT(EM_REPORT):   VIEW = 1;
MPRINT(EM_REPORT):   output;
MPRINT(EM_REPORT):   NAME = "METHOD";
MPRINT(EM_REPORT):   VALUE = "";
MPRINT(EM_REPORT):   VIEW = 1;
MPRINT(EM_REPORT):   output;
MPRINT(EM_REPORT):   NAME = "DIRECTION";
MPRINT(EM_REPORT):   VALUE = "";
MPRINT(EM_REPORT):   VIEW = 1;
MPRINT(EM_REPORT):   output;
MPRINT(EM_REPORT):   NAME = "BYSET";
MPRINT(EM_REPORT):   VALUE = "";
MPRINT(EM_REPORT):   VIEW = 1;
MPRINT(EM_REPORT):   output;
MPRINT(EM_REPORT):   NAME = "RENDERMODE";
MPRINT(EM_REPORT):   VALUE = "";
MPRINT(EM_REPORT):   VIEW = 1;
MPRINT(EM_REPORT):   output;
MPRINT(EM_REPORT):   NAME = "WHERECLAUSE";
MPRINT(EM_REPORT):   VALUE = "INDEX ne .";
MPRINT(EM_REPORT):   output;
MPRINT(EM_REPORT):   NAME = "DESCRIPTION";
MPRINT(EM_REPORT):   VALUE = "LEAFSTATS";
MPRINT(EM_REPORT):   VIEW = 1;
MPRINT(EM_REPORT):   output;
MPRINT(EM_REPORT):   NAME = "X";
MPRINT(EM_REPORT):   VALUE = "INDEX";
MPRINT(EM_REPORT):   VIEW = 1;
MPRINT(EM_REPORT):   output;
MPRINT(EM_REPORT):   NAME = "EXCLUDEVARS";
MPRINT(EM_REPORT):   VALUE = "";
MPRINT(EM_REPORT):   VIEW = 1;
MPRINT(EM_REPORT):   output;
MPRINT(EM_REPORT):   NAME = "Z";
MPRINT(EM_REPORT):   VALUE = "";
MPRINT(EM_REPORT):   VIEW = 1;
MPRINT(EM_REPORT):   output;
MPRINT(EM_REPORT):   NAME = "YVARS";
MPRINT(EM_REPORT):   VALUE = "";
MPRINT(EM_REPORT):   VIEW = 1;
MPRINT(EM_REPORT):   output;
MPRINT(EM_REPORT):   NAME = "FREQVARS";
MPRINT(EM_REPORT):   VALUE = "";
MPRINT(EM_REPORT):   VIEW = 1;
MPRINT(EM_REPORT):   output;
MPRINT(EM_REPORT):   NAME = "AXIS";
MPRINT(EM_REPORT):   VALUE = "";
MPRINT(EM_REPORT):   VIEW = 1;
MPRINT(EM_REPORT):   output;
MPRINT(EM_REPORT):   NAME = "FREQ";
MPRINT(EM_REPORT):   VALUE = "";
MPRINT(EM_REPORT):   VIEW = 1;
MPRINT(EM_REPORT):   output;
MPRINT(EM_REPORT):   NAME = "GROUP";
MPRINT(EM_REPORT):   VALUE = "";
MPRINT(EM_REPORT):   VIEW = 1;
MPRINT(EM_REPORT):   output;
MPRINT(EM_REPORT):   NAME = "SUBGROUP";
MPRINT(EM_REPORT):   VALUE = "";
MPRINT(EM_REPORT):   VIEW = 1;
MPRINT(EM_REPORT):   output;
MPRINT(EM_REPORT):   NAME = "BLOCK";
MPRINT(EM_REPORT):   VALUE = "MODEL";
MPRINT(EM_REPORT):   VIEW = 1;
MPRINT(EM_REPORT):   output;
MPRINT(EM_REPORT):   NAME = "COLOR";
MPRINT(EM_REPORT):   VALUE = "";
MPRINT(EM_REPORT):   VIEW = 1;
MPRINT(EM_REPORT):   output;
MPRINT(EM_REPORT):   NAME = "COLORINDEX";
MPRINT(EM_REPORT):   VALUE = "";
MPRINT(EM_REPORT):   VIEW = 1;
MPRINT(EM_REPORT):   output;
MPRINT(EM_REPORT):   NAME = "TIPTEXT";
MPRINT(EM_REPORT):   VALUE = "";
MPRINT(EM_REPORT):   VIEW = 1;
MPRINT(EM_REPORT):   output;
MPRINT(EM_REPORT):   NAME = "TIP";
MPRINT(EM_REPORT):   VALUE = "";
MPRINT(EM_REPORT):   VIEW = 1;
MPRINT(EM_REPORT):   output;
MPRINT(EM_REPORT):   NAME = "TOOLTIP";
MPRINT(EM_REPORT):   VALUE = "";
MPRINT(EM_REPORT):   VIEW = 1;
MPRINT(EM_REPORT):   output;
MPRINT(EM_REPORT):   NAME = "REPORTID";
MPRINT(EM_REPORT):   VALUE = "";
MPRINT(EM_REPORT):   VIEW = 1;
MPRINT(EM_REPORT):   output;
MPRINT(EM_REPORT):   NAME = "IDVALUE";
MPRINT(EM_REPORT):   VALUE = "";
MPRINT(EM_REPORT):   VIEW = 1;
MPRINT(EM_REPORT):   output;
MPRINT(EM_REPORT):   NAME = "ID";
MPRINT(EM_REPORT):   VALUE = "";
MPRINT(EM_REPORT):   VIEW = 1;
MPRINT(EM_REPORT):   output;
MPRINT(EM_REPORT):   NAME = "SIZE";
MPRINT(EM_REPORT):   VALUE = "";
MPRINT(EM_REPORT):   VIEW = 1;
MPRINT(EM_REPORT):   output;
MPRINT(EM_REPORT):   NAME = "FROM";
MPRINT(EM_REPORT):   VALUE = "";
MPRINT(EM_REPORT):   VIEW = 1;
MPRINT(EM_REPORT):   output;
MPRINT(EM_REPORT):   NAME = "TO";
MPRINT(EM_REPORT):   VALUE = "";
MPRINT(EM_REPORT):   VIEW = 1;
MPRINT(EM_REPORT):   output;
MPRINT(EM_REPORT):   NAME = "VALUE";
MPRINT(EM_REPORT):   VALUE = "";
MPRINT(EM_REPORT):   VIEW = 1;
MPRINT(EM_REPORT):   output;
MPRINT(EM_REPORT):   NAME = "VIEWS";
MPRINT(EM_REPORT):   VALUE = "";
MPRINT(EM_REPORT):   VIEW = 1;
MPRINT(EM_REPORT):   output;
MPRINT(EM_REPORT):   NAME = "PARENT";
MPRINT(EM_REPORT):   VALUE = "";
MPRINT(EM_REPORT):   VIEW = 1;
MPRINT(EM_REPORT):   output;
MPRINT(EM_REPORT):   NAME = "NODETEXT";
MPRINT(EM_REPORT):   VALUE = "";
MPRINT(EM_REPORT):   VIEW = 1;
MPRINT(EM_REPORT):   output;
MPRINT(EM_REPORT):   NAME = "ABOVETEXT";
MPRINT(EM_REPORT):   VALUE = "";
MPRINT(EM_REPORT):   VIEW = 1;
MPRINT(EM_REPORT):   output;
MPRINT(EM_REPORT):   NAME = "BELOWTEXT";
MPRINT(EM_REPORT):   VALUE = "";
MPRINT(EM_REPORT):   VIEW = 1;
MPRINT(EM_REPORT):   output;
MPRINT(EM_REPORT):   NAME = "NODESIZE";
MPRINT(EM_REPORT):   VALUE = "";
MPRINT(EM_REPORT):   VIEW = 1;
MPRINT(EM_REPORT):   output;
MPRINT(EM_REPORT):   NAME = "STATS";
MPRINT(EM_REPORT):   VALUE = "";
MPRINT(EM_REPORT):   VIEW = 1;
MPRINT(EM_REPORT):   output;
MPRINT(EM_REPORT):   NAME = "CLASSDIST";
MPRINT(EM_REPORT):   VALUE = "";
MPRINT(EM_REPORT):   VIEW = 1;
MPRINT(EM_REPORT):   output;
MPRINT(EM_REPORT):   NAME = "INTDIST";
MPRINT(EM_REPORT):   VALUE = "";
MPRINT(EM_REPORT):   VIEW = 1;
MPRINT(EM_REPORT):   output;
MPRINT(EM_REPORT):   NAME = "FOLDER";
MPRINT(EM_REPORT):   VALUE = "";
MPRINT(EM_REPORT):   VIEW = 1;
MPRINT(EM_REPORT):   output;
MPRINT(EM_REPORT):   NAME = "YPLOTTYPE";
MPRINT(EM_REPORT):   VALUE = "";
MPRINT(EM_REPORT):   VIEW = 1;
MPRINT(EM_REPORT):   output;
MPRINT(EM_REPORT):   NAME = "XREF";
MPRINT(EM_REPORT):   VALUE = "";
MPRINT(EM_REPORT):   VIEW = 1;
MPRINT(EM_REPORT):   output;
MPRINT(EM_REPORT):   NAME = "XREF2";
MPRINT(EM_REPORT):   VALUE = "";
MPRINT(EM_REPORT):   VIEW = 1;
MPRINT(EM_REPORT):   output;
MPRINT(EM_REPORT):   NAME = "YREF";
MPRINT(EM_REPORT):   VALUE = "";
MPRINT(EM_REPORT):   VIEW = 1;
MPRINT(EM_REPORT):   output;
MPRINT(EM_REPORT):   NAME = "Y2REF";
MPRINT(EM_REPORT):   VALUE = "";
MPRINT(EM_REPORT):   VIEW = 1;
MPRINT(EM_REPORT):   output;
MPRINT(EM_REPORT):   NAME = "YREF2";
MPRINT(EM_REPORT):   VALUE = "";
MPRINT(EM_REPORT):   VIEW = 1;
MPRINT(EM_REPORT):   output;
MPRINT(EM_REPORT):   NAME = "Y2REF2";
MPRINT(EM_REPORT):   VALUE = "";
MPRINT(EM_REPORT):   VIEW = 1;
MPRINT(EM_REPORT):   output;
MPRINT(EM_REPORT):   NAME = "GROUPINDEX";
MPRINT(EM_REPORT):   VALUE = "";
MPRINT(EM_REPORT):   VIEW = 1;
MPRINT(EM_REPORT):   output;
MPRINT(EM_REPORT):   NAME = "JOIN";
MPRINT(EM_REPORT):   VALUE = "";
MPRINT(EM_REPORT):   VIEW = 1;
MPRINT(EM_REPORT):   output;
MPRINT(EM_REPORT):   NAME = "XEXCLUDE";
MPRINT(EM_REPORT):   VALUE = "";
MPRINT(EM_REPORT):   VIEW = 1;
MPRINT(EM_REPORT):   output;
MPRINT(EM_REPORT):   NAME = "FREQEXCLUDE";
MPRINT(EM_REPORT):   VALUE = "";
MPRINT(EM_REPORT):   VIEW = 1;
MPRINT(EM_REPORT):   output;
MPRINT(EM_REPORT):   NAME = "YEXCLUDE";
MPRINT(EM_REPORT):   VALUE = "";
MPRINT(EM_REPORT):   VIEW = 1;
MPRINT(EM_REPORT):   output;
MPRINT(EM_REPORT):   NAME = "NAME";
MPRINT(EM_REPORT):   VALUE = "";
MPRINT(EM_REPORT):   VIEW = 1;
MPRINT(EM_REPORT):   output;
MPRINT(EM_REPORT):   NAME = "HEIGHT";
MPRINT(EM_REPORT):   VALUE = "";
MPRINT(EM_REPORT):   VIEW = 1;
MPRINT(EM_REPORT):   output;
MPRINT(EM_REPORT):   NAME = "WIDTH";
MPRINT(EM_REPORT):   VALUE = "";
MPRINT(EM_REPORT):   VIEW = 1;
MPRINT(EM_REPORT):   output;
MPRINT(EM_REPORT):   NAME = "XAXISLABEL";
MPRINT(EM_REPORT):   VALUE = "";
MPRINT(EM_REPORT):   VIEW = 1;
MPRINT(EM_REPORT):   output;
MPRINT(EM_REPORT):   NAME = "Y2AXISLABEL";
MPRINT(EM_REPORT):   VALUE = "";
MPRINT(EM_REPORT):   VIEW = 1;
MPRINT(EM_REPORT):   output;
MPRINT(EM_REPORT):   NAME = "YAXISLABEL";
MPRINT(EM_REPORT):   VALUE = "";
MPRINT(EM_REPORT):   VIEW = 1;
MPRINT(EM_REPORT):   output;
MPRINT(EM_REPORT):   NAME = "DISPLAYXLABEL";
MPRINT(EM_REPORT):   VALUE = "Y";
MPRINT(EM_REPORT):   VIEW = 1;
MPRINT(EM_REPORT):   output;
MPRINT(EM_REPORT):   NAME = "DISPLAYYLABEL";
MPRINT(EM_REPORT):   VALUE = "Y";
MPRINT(EM_REPORT):   VIEW = 1;
MPRINT(EM_REPORT):   output;
MPRINT(EM_REPORT):   NAME = "CHOICETEXT";
MPRINT(EM_REPORT):   VALUE = "";
MPRINT(EM_REPORT):   VIEW = 1;
MPRINT(EM_REPORT):   output;
MPRINT(EM_REPORT):   NAME = "SEGMENTVALUE";
MPRINT(EM_REPORT):   VALUE = "";
MPRINT(EM_REPORT):   VIEW = 1;
MPRINT(EM_REPORT):   output;
MPRINT(EM_REPORT):   NAME = "LOWERBAND";
MPRINT(EM_REPORT):   VALUE = "";
MPRINT(EM_REPORT):   VIEW = 1;
MPRINT(EM_REPORT):   output;
MPRINT(EM_REPORT):   NAME = "UPPERBAND";
MPRINT(EM_REPORT):   VALUE = "";
MPRINT(EM_REPORT):   VIEW = 1;
MPRINT(EM_REPORT):   output;
MPRINT(EM_REPORT):   NAME = "YLINE";
MPRINT(EM_REPORT):   VALUE = "";
MPRINT(EM_REPORT):   VIEW = 1;
MPRINT(EM_REPORT):   output;
MPRINT(EM_REPORT):   NAME = "LINKKEY";
MPRINT(EM_REPORT):   VALUE = "";
MPRINT(EM_REPORT):   VIEW = 1;
MPRINT(EM_REPORT):   output;
MPRINT(EM_REPORT):   NAME = "NODEKEY";
MPRINT(EM_REPORT):   VALUE = "";
MPRINT(EM_REPORT):   VIEW = 1;
MPRINT(EM_REPORT):   output;
MPRINT(EM_REPORT):   NAME = "NODEID";
MPRINT(EM_REPORT):   VALUE = "";
MPRINT(EM_REPORT):   VIEW = 1;
MPRINT(EM_REPORT):   output;
MPRINT(EM_REPORT):   NAME = "NODEVALUE";
MPRINT(EM_REPORT):   VALUE = "";
MPRINT(EM_REPORT):   VIEW = 1;
MPRINT(EM_REPORT):   output;
MPRINT(EM_REPORT):   NAME = "NODECOLOR";
MPRINT(EM_REPORT):   VALUE = "";
MPRINT(EM_REPORT):   VIEW = 1;
MPRINT(EM_REPORT):   output;
MPRINT(EM_REPORT):   NAME = "NODESHAPE";
MPRINT(EM_REPORT):   VALUE = "";
MPRINT(EM_REPORT):   VIEW = 1;
MPRINT(EM_REPORT):   output;
MPRINT(EM_REPORT):   NAME = "NODESHAPEVAR";
MPRINT(EM_REPORT):   VALUE = "";
MPRINT(EM_REPORT):   VIEW = 1;
MPRINT(EM_REPORT):   output;
MPRINT(EM_REPORT):   NAME = "NODELABEL";
MPRINT(EM_REPORT):   VALUE = "";
MPRINT(EM_REPORT):   VIEW = 1;
MPRINT(EM_REPORT):   output;
MPRINT(EM_REPORT):   NAME = "NODETIP";
MPRINT(EM_REPORT):   VALUE = "";
MPRINT(EM_REPORT):   VIEW = 1;
MPRINT(EM_REPORT):   output;
MPRINT(EM_REPORT):   NAME = "LINKID";
MPRINT(EM_REPORT):   VALUE = "";
MPRINT(EM_REPORT):   VIEW = 1;
MPRINT(EM_REPORT):   output;
MPRINT(EM_REPORT):   NAME = "LINKVALUE";
MPRINT(EM_REPORT):   VALUE = "";
MPRINT(EM_REPORT):   VIEW = 1;
MPRINT(EM_REPORT):   output;
MPRINT(EM_REPORT):   NAME = "LINKFROM";
MPRINT(EM_REPORT):   VALUE = "";
MPRINT(EM_REPORT):   VIEW = 1;
MPRINT(EM_REPORT):   output;
MPRINT(EM_REPORT):   NAME = "LINKTO";
MPRINT(EM_REPORT):   VALUE = "";
MPRINT(EM_REPORT):   VIEW = 1;
MPRINT(EM_REPORT):   output;
MPRINT(EM_REPORT):   NAME = "LINKCOLOR";
MPRINT(EM_REPORT):   VALUE = "";
MPRINT(EM_REPORT):   VIEW = 1;
MPRINT(EM_REPORT):   output;
MPRINT(EM_REPORT):   NAME = "LINKWIDTH";
MPRINT(EM_REPORT):   VALUE = "";
MPRINT(EM_REPORT):   VIEW = 1;
MPRINT(EM_REPORT):   output;
MPRINT(EM_REPORT):   NAME = "LINKTIP";
MPRINT(EM_REPORT):   VALUE = "";
MPRINT(EM_REPORT):   VIEW = 1;
MPRINT(EM_REPORT):   output;
MPRINT(EM_REPORT):   NAME = "XFROM";
MPRINT(EM_REPORT):   VALUE = "";
MPRINT(EM_REPORT):   VIEW = 1;
MPRINT(EM_REPORT):   output;
MPRINT(EM_REPORT):   NAME = "XTO";
MPRINT(EM_REPORT):   VALUE = "";
MPRINT(EM_REPORT):   VIEW = 1;
MPRINT(EM_REPORT):   output;
MPRINT(EM_REPORT):   NAME = "YFROM";
MPRINT(EM_REPORT):   VALUE = "";
MPRINT(EM_REPORT):   VIEW = 1;
MPRINT(EM_REPORT):   output;
MPRINT(EM_REPORT):   NAME = "YTO";
MPRINT(EM_REPORT):   VALUE = "";
MPRINT(EM_REPORT):   VIEW = 1;
MPRINT(EM_REPORT):   output;
MPRINT(EM_REPORT):   NAME = "MATRIXVAR";
MPRINT(EM_REPORT):   VALUE = "";
MPRINT(EM_REPORT):   VIEW = 1;
MPRINT(EM_REPORT):   output;
MPRINT(EM_REPORT):   NAME = "RESPONSE";
MPRINT(EM_REPORT):   VALUE = "";
MPRINT(EM_REPORT):   VIEW = 1;
MPRINT(EM_REPORT):   output;
MPRINT(EM_REPORT):   NAME = "SERIES";
MPRINT(EM_REPORT):   VALUE = "";
MPRINT(EM_REPORT):   VIEW = 1;
MPRINT(EM_REPORT):   output;
MPRINT(EM_REPORT):   NAME = "DESCARG";
MPRINT(EM_REPORT):   VALUE = "";
MPRINT(EM_REPORT):   VIEW = 1;
MPRINT(EM_REPORT):   output;
MPRINT(EM_REPORT):   NAME = "SLIDER";
MPRINT(EM_REPORT):   VALUE = "";
MPRINT(EM_REPORT):   VIEW = 1;
MPRINT(EM_REPORT):   output;
MPRINT(EM_REPORT):   NAME = "MarkerSize";
MPRINT(EM_REPORT):   VALUE = "";
MPRINT(EM_REPORT):   VIEW = 1;
MPRINT(EM_REPORT):   output;
MPRINT(EM_REPORT):   NAME = "Marker";
MPRINT(EM_REPORT):   VALUE = "";
MPRINT(EM_REPORT):   VIEW = 1;
MPRINT(EM_REPORT):   output;
MPRINT(EM_REPORT):   NAME = "Y1";
MPRINT(EM_REPORT):   VALUE = "tprob";
MPRINT(EM_REPORT):   VIEW = 1;
MPRINT(EM_REPORT):   output;
MPRINT(EM_REPORT):   NAME = "Y2";
MPRINT(EM_REPORT):   VALUE = "vprob";
MPRINT(EM_REPORT):   VIEW = 1;
MPRINT(EM_REPORT):   output;
MPRINT(EM_REPORT):   NAME = "Y3";
MPRINT(EM_REPORT):   VALUE = "";
MPRINT(EM_REPORT):   VIEW = 1;
MPRINT(EM_REPORT):   output;
MPRINT(EM_REPORT):   NAME = "Y4";
MPRINT(EM_REPORT):   VALUE = "";
MPRINT(EM_REPORT):   VIEW = 1;
MPRINT(EM_REPORT):   output;
MPRINT(EM_REPORT):   NAME = "Y5";
MPRINT(EM_REPORT):   VALUE = "";
MPRINT(EM_REPORT):   VIEW = 1;
MPRINT(EM_REPORT):   output;
MPRINT(EM_REPORT):   NAME = "Y6";
MPRINT(EM_REPORT):   VALUE = "";
MPRINT(EM_REPORT):   VIEW = 1;
MPRINT(EM_REPORT):   output;
MPRINT(EM_REPORT):   NAME = "Y7";
MPRINT(EM_REPORT):   VALUE = "";
MPRINT(EM_REPORT):   VIEW = 1;
MPRINT(EM_REPORT):   output;
MPRINT(EM_REPORT):   NAME = "Y8";
MPRINT(EM_REPORT):   VALUE = "";
MPRINT(EM_REPORT):   VIEW = 1;
MPRINT(EM_REPORT):   output;
MPRINT(EM_REPORT):   NAME = "Y9";
MPRINT(EM_REPORT):   VALUE = "";
MPRINT(EM_REPORT):   VIEW = 1;
MPRINT(EM_REPORT):   output;
MPRINT(EM_REPORT):   NAME = "Y10";
MPRINT(EM_REPORT):   VALUE = "";
MPRINT(EM_REPORT):   VIEW = 1;
MPRINT(EM_REPORT):   output;
MPRINT(EM_REPORT):   NAME = "Y11";
MPRINT(EM_REPORT):   VALUE = "";
MPRINT(EM_REPORT):   VIEW = 1;
MPRINT(EM_REPORT):   output;
MPRINT(EM_REPORT):   NAME = "Y12";
MPRINT(EM_REPORT):   VALUE = "";
MPRINT(EM_REPORT):   VIEW = 1;
MPRINT(EM_REPORT):   output;
MPRINT(EM_REPORT):   NAME = "Y13";
MPRINT(EM_REPORT):   VALUE = "";
MPRINT(EM_REPORT):   VIEW = 1;
MPRINT(EM_REPORT):   output;
MPRINT(EM_REPORT):   NAME = "Y14";
MPRINT(EM_REPORT):   VALUE = "";
MPRINT(EM_REPORT):   VIEW = 1;
MPRINT(EM_REPORT):   output;
MPRINT(EM_REPORT):   NAME = "Y15";
MPRINT(EM_REPORT):   VALUE = "";
MPRINT(EM_REPORT):   VIEW = 1;
MPRINT(EM_REPORT):   output;
MPRINT(EM_REPORT):   NAME = "Y16";
MPRINT(EM_REPORT):   VALUE = "";
MPRINT(EM_REPORT):   VIEW = 1;
MPRINT(EM_REPORT):   output;
MPRINT(EM_REPORT):   NAME = "TITLE";
MPRINT(EM_REPORT):   VALUE = "";
MPRINT(EM_REPORT):   VIEW = 1;
MPRINT(EM_REPORT):   output;
MPRINT(EM_REPORT):   NAME = "LEGEND";
MPRINT(EM_REPORT):   VALUE = "";
MPRINT(EM_REPORT):   VIEW = 1;
MPRINT(EM_REPORT):   output;
MPRINT(EM_REPORT):   NAME = "LEGENDTITLE";
MPRINT(EM_REPORT):   VALUE = "";
MPRINT(EM_REPORT):   VIEW = 1;
MPRINT(EM_REPORT):   output;
MPRINT(EM_REPORT):   NAME = "SHAPE";
MPRINT(EM_REPORT):   VALUE = "";
MPRINT(EM_REPORT):   VIEW = 1;
MPRINT(EM_REPORT):   output;
MPRINT(EM_REPORT):   NAME = "METHOD";
MPRINT(EM_REPORT):   VALUE = "";
MPRINT(EM_REPORT):   VIEW = 1;
MPRINT(EM_REPORT):   output;
MPRINT(EM_REPORT):   NAME = "NOBINMISS";
MPRINT(EM_REPORT):   VALUE = "";
MPRINT(EM_REPORT):   VIEW = 1;
MPRINT(EM_REPORT):   output;
MPRINT(EM_REPORT):   end;
MPRINT(EM_REPORT):   run;

NOTE: There were 529 observations read from the data set WORK.EM_USER_REPORT.
NOTE: The data set WORK.EM_USER_REPORT has 662 observations and 4 variables.
NOTE: DATA statement used (Total process time):
      real time           0.06 seconds
      cpu time            0.04 seconds
      

MPRINT(EM_TREE_REPORT):  ;
MPRINT(EM_TREE_REPORT):  ;
MPRINT(EM_REPORT):   data WORK.EM_USER_REPORT;
MPRINT(EM_REPORT):   set WORK.EM_USER_REPORT end=eof;
MPRINT(EM_REPORT):   output;
MPRINT(EM_REPORT):   if eof then do;
MPRINT(EM_REPORT):   id+1;
MPRINT(EM_REPORT):   NAME = "KEY";
MPRINT(EM_REPORT):   VALUE = "OUTSTATS";
MPRINT(EM_REPORT):   VIEW = 0.43782390022549;
MPRINT(EM_REPORT):   output;
MPRINT(EM_REPORT):   NAME = "VIEWTYPE";
MPRINT(EM_REPORT):   VALUE = "";
MPRINT(EM_REPORT):   VIEW = 0.43782390022549;
MPRINT(EM_REPORT):   output;
MPRINT(EM_REPORT):   NAME = "AUTODISPLAY";
MPRINT(EM_REPORT):   VALUE = "N";
MPRINT(EM_REPORT):   VIEW = 0.43782390022549;
MPRINT(EM_REPORT):   output;
MPRINT(EM_REPORT):   NAME = "SPK";
MPRINT(EM_REPORT):   VALUE = "Y";
MPRINT(EM_REPORT):   VIEW = 0.43782390022549;
MPRINT(EM_REPORT):   output;
MPRINT(EM_REPORT):   NAME = "COMPARE";
MPRINT(EM_REPORT):   VALUE = "N";
MPRINT(EM_REPORT):   VIEW = 0.43782390022549;
MPRINT(EM_REPORT):   output;
MPRINT(EM_REPORT):   NAME = "LOCALIZE";
MPRINT(EM_REPORT):   VALUE = "N";
MPRINT(EM_REPORT):   VIEW = 0.43782390022549;
MPRINT(EM_REPORT):   output;
MPRINT(EM_REPORT):   NAME = "EQUALIZEROWX";
MPRINT(EM_REPORT):   VALUE = "N";
MPRINT(EM_REPORT):   VIEW = 0.43782390022549;
MPRINT(EM_REPORT):   output;
MPRINT(EM_REPORT):   NAME = "EQUALIZEROWY";
MPRINT(EM_REPORT):   VALUE = "N";
MPRINT(EM_REPORT):   VIEW = 0.43782390022549;
MPRINT(EM_REPORT):   output;
MPRINT(EM_REPORT):   NAME = "EQUALIZECOLX";
MPRINT(EM_REPORT):   VALUE = "N";
MPRINT(EM_REPORT):   VIEW = 0.43782390022549;
MPRINT(EM_REPORT):   output;
MPRINT(EM_REPORT):   NAME = "EQUALIZECOLY";
MPRINT(EM_REPORT):   VALUE = "N";
MPRINT(EM_REPORT):   VIEW = 0.43782390022549;
MPRINT(EM_REPORT):   output;
MPRINT(EM_REPORT):   NAME = "NROWS";
MPRINT(EM_REPORT):   VALUE = "";
MPRINT(EM_REPORT):   VIEW = 0.43782390022549;
MPRINT(EM_REPORT):   output;
MPRINT(EM_REPORT):   NAME = "NCOLS";
MPRINT(EM_REPORT):   VALUE = "";
MPRINT(EM_REPORT):   VIEW = 0.43782390022549;
MPRINT(EM_REPORT):   output;
MPRINT(EM_REPORT):   NAME = "DISCRETEX";
MPRINT(EM_REPORT):   VALUE = "";
MPRINT(EM_REPORT):   VIEW = 0.43782390022549;
MPRINT(EM_REPORT):   output;
MPRINT(EM_REPORT):   NAME = "DISCRETEY";
MPRINT(EM_REPORT):   VALUE = "";
MPRINT(EM_REPORT):   VIEW = 0.43782390022549;
MPRINT(EM_REPORT):   output;
MPRINT(EM_REPORT):   NAME = "LATTICEX";
MPRINT(EM_REPORT):   VALUE = "";
MPRINT(EM_REPORT):   VIEW = 0.43782390022549;
MPRINT(EM_REPORT):   output;
MPRINT(EM_REPORT):   NAME = "LATTICEY";
MPRINT(EM_REPORT):   VALUE = "";
MPRINT(EM_REPORT):   VIEW = 0.43782390022549;
MPRINT(EM_REPORT):   output;
MPRINT(EM_REPORT):   NAME = "LATTICETYPE";
MPRINT(EM_REPORT):   VALUE = "";
MPRINT(EM_REPORT):   VIEW = 0.43782390022549;
MPRINT(EM_REPORT):   output;
MPRINT(EM_REPORT):   NAME = "ABSOLUTEVALUE";
MPRINT(EM_REPORT):   VALUE = "";
MPRINT(EM_REPORT):   VIEW = 0.43782390022549;
MPRINT(EM_REPORT):   output;
MPRINT(EM_REPORT):   NAME = "SORTORDER";
MPRINT(EM_REPORT):   VALUE = "";
MPRINT(EM_REPORT):   VIEW = 0.43782390022549;
MPRINT(EM_REPORT):   output;
MPRINT(EM_REPORT):   NAME = "SORTORDERY";
MPRINT(EM_REPORT):   VALUE = "";
MPRINT(EM_REPORT):   VIEW = 0.43782390022549;
MPRINT(EM_REPORT):   output;
MPRINT(EM_REPORT):   NAME = "ORIENTATION";
MPRINT(EM_REPORT):   VALUE = "";
MPRINT(EM_REPORT):   VIEW = 0.43782390022549;
MPRINT(EM_REPORT):   output;
MPRINT(EM_REPORT):   NAME = "METHOD";
MPRINT(EM_REPORT):   VALUE = "";
MPRINT(EM_REPORT):   VIEW = 0.43782390022549;
MPRINT(EM_REPORT):   output;
MPRINT(EM_REPORT):   NAME = "DIRECTION";
MPRINT(EM_REPORT):   VALUE = "";
MPRINT(EM_REPORT):   VIEW = 0.43782390022549;
MPRINT(EM_REPORT):   output;
MPRINT(EM_REPORT):   NAME = "BYSET";
MPRINT(EM_REPORT):   VALUE = "";
MPRINT(EM_REPORT):   VIEW = 0.43782390022549;
MPRINT(EM_REPORT):   output;
MPRINT(EM_REPORT):   NAME = "RENDERMODE";
MPRINT(EM_REPORT):   VALUE = "";
MPRINT(EM_REPORT):   VIEW = 0.43782390022549;
MPRINT(EM_REPORT):   output;
MPRINT(EM_REPORT):   NAME = "DESCRIPTION";
MPRINT(EM_REPORT):   VALUE = "";
MPRINT(EM_REPORT):   VIEW = 0.43782390022549;
MPRINT(EM_REPORT):   output;
MPRINT(EM_REPORT):   NAME = "X";
MPRINT(EM_REPORT):   VALUE = "";
MPRINT(EM_REPORT):   VIEW = 0.43782390022549;
MPRINT(EM_REPORT):   output;
MPRINT(EM_REPORT):   NAME = "EXCLUDEVARS";
MPRINT(EM_REPORT):   VALUE = "";
MPRINT(EM_REPORT):   VIEW = 0.43782390022549;
MPRINT(EM_REPORT):   output;
MPRINT(EM_REPORT):   NAME = "Z";
MPRINT(EM_REPORT):   VALUE = "";
MPRINT(EM_REPORT):   VIEW = 0.43782390022549;
MPRINT(EM_REPORT):   output;
MPRINT(EM_REPORT):   NAME = "YVARS";
MPRINT(EM_REPORT):   VALUE = "";
MPRINT(EM_REPORT):   VIEW = 0.43782390022549;
MPRINT(EM_REPORT):   output;
MPRINT(EM_REPORT):   NAME = "FREQVARS";
MPRINT(EM_REPORT):   VALUE = "";
MPRINT(EM_REPORT):   VIEW = 0.43782390022549;
MPRINT(EM_REPORT):   output;
MPRINT(EM_REPORT):   NAME = "AXIS";
MPRINT(EM_REPORT):   VALUE = "";
MPRINT(EM_REPORT):   VIEW = 0.43782390022549;
MPRINT(EM_REPORT):   output;
MPRINT(EM_REPORT):   NAME = "FREQ";
MPRINT(EM_REPORT):   VALUE = "";
MPRINT(EM_REPORT):   VIEW = 0.43782390022549;
MPRINT(EM_REPORT):   output;
MPRINT(EM_REPORT):   NAME = "GROUP";
MPRINT(EM_REPORT):   VALUE = "";
MPRINT(EM_REPORT):   VIEW = 0.43782390022549;
MPRINT(EM_REPORT):   output;
MPRINT(EM_REPORT):   NAME = "SUBGROUP";
MPRINT(EM_REPORT):   VALUE = "";
MPRINT(EM_REPORT):   VIEW = 0.43782390022549;
MPRINT(EM_REPORT):   output;
MPRINT(EM_REPORT):   NAME = "BLOCK";
MPRINT(EM_REPORT):   VALUE = "CUSTOM";
MPRINT(EM_REPORT):   VIEW = 0.43782390022549;
MPRINT(EM_REPORT):   output;
MPRINT(EM_REPORT):   NAME = "COLOR";
MPRINT(EM_REPORT):   VALUE = "";
MPRINT(EM_REPORT):   VIEW = 0.43782390022549;
MPRINT(EM_REPORT):   output;
MPRINT(EM_REPORT):   NAME = "COLORINDEX";
MPRINT(EM_REPORT):   VALUE = "";
MPRINT(EM_REPORT):   VIEW = 0.43782390022549;
MPRINT(EM_REPORT):   output;
MPRINT(EM_REPORT):   NAME = "TIPTEXT";
MPRINT(EM_REPORT):   VALUE = "";
MPRINT(EM_REPORT):   VIEW = 0.43782390022549;
MPRINT(EM_REPORT):   output;
MPRINT(EM_REPORT):   NAME = "TIP";
MPRINT(EM_REPORT):   VALUE = "";
MPRINT(EM_REPORT):   VIEW = 0.43782390022549;
MPRINT(EM_REPORT):   output;
MPRINT(EM_REPORT):   NAME = "TOOLTIP";
MPRINT(EM_REPORT):   VALUE = "";
MPRINT(EM_REPORT):   VIEW = 0.43782390022549;
MPRINT(EM_REPORT):   output;
MPRINT(EM_REPORT):   NAME = "REPORTID";
MPRINT(EM_REPORT):   VALUE = "";
MPRINT(EM_REPORT):   VIEW = 0.43782390022549;
MPRINT(EM_REPORT):   output;
MPRINT(EM_REPORT):   NAME = "IDVALUE";
MPRINT(EM_REPORT):   VALUE = "";
MPRINT(EM_REPORT):   VIEW = 0.43782390022549;
MPRINT(EM_REPORT):   output;
MPRINT(EM_REPORT):   NAME = "ID";
MPRINT(EM_REPORT):   VALUE = "";
MPRINT(EM_REPORT):   VIEW = 0.43782390022549;
MPRINT(EM_REPORT):   output;
MPRINT(EM_REPORT):   NAME = "SIZE";
MPRINT(EM_REPORT):   VALUE = "";
MPRINT(EM_REPORT):   VIEW = 0.43782390022549;
MPRINT(EM_REPORT):   output;
MPRINT(EM_REPORT):   NAME = "FROM";
MPRINT(EM_REPORT):   VALUE = "";
MPRINT(EM_REPORT):   VIEW = 0.43782390022549;
MPRINT(EM_REPORT):   output;
MPRINT(EM_REPORT):   NAME = "TO";
MPRINT(EM_REPORT):   VALUE = "";
MPRINT(EM_REPORT):   VIEW = 0.43782390022549;
MPRINT(EM_REPORT):   output;
MPRINT(EM_REPORT):   NAME = "VALUE";
MPRINT(EM_REPORT):   VALUE = "";
MPRINT(EM_REPORT):   VIEW = 0.43782390022549;
MPRINT(EM_REPORT):   output;
MPRINT(EM_REPORT):   NAME = "VIEWS";
MPRINT(EM_REPORT):   VALUE = "";
MPRINT(EM_REPORT):   VIEW = 0.43782390022549;
MPRINT(EM_REPORT):   output;
MPRINT(EM_REPORT):   NAME = "PARENT";
MPRINT(EM_REPORT):   VALUE = "";
MPRINT(EM_REPORT):   VIEW = 0.43782390022549;
MPRINT(EM_REPORT):   output;
MPRINT(EM_REPORT):   NAME = "NODETEXT";
MPRINT(EM_REPORT):   VALUE = "";
MPRINT(EM_REPORT):   VIEW = 0.43782390022549;
MPRINT(EM_REPORT):   output;
MPRINT(EM_REPORT):   NAME = "ABOVETEXT";
MPRINT(EM_REPORT):   VALUE = "";
MPRINT(EM_REPORT):   VIEW = 0.43782390022549;
MPRINT(EM_REPORT):   output;
MPRINT(EM_REPORT):   NAME = "BELOWTEXT";
MPRINT(EM_REPORT):   VALUE = "";
MPRINT(EM_REPORT):   VIEW = 0.43782390022549;
MPRINT(EM_REPORT):   output;
MPRINT(EM_REPORT):   NAME = "NODESIZE";
MPRINT(EM_REPORT):   VALUE = "";
MPRINT(EM_REPORT):   VIEW = 0.43782390022549;
MPRINT(EM_REPORT):   output;
MPRINT(EM_REPORT):   NAME = "STATS";
MPRINT(EM_REPORT):   VALUE = "";
MPRINT(EM_REPORT):   VIEW = 0.43782390022549;
MPRINT(EM_REPORT):   output;
MPRINT(EM_REPORT):   NAME = "CLASSDIST";
MPRINT(EM_REPORT):   VALUE = "";
MPRINT(EM_REPORT):   VIEW = 0.43782390022549;
MPRINT(EM_REPORT):   output;
MPRINT(EM_REPORT):   NAME = "INTDIST";
MPRINT(EM_REPORT):   VALUE = "";
MPRINT(EM_REPORT):   VIEW = 0.43782390022549;
MPRINT(EM_REPORT):   output;
MPRINT(EM_REPORT):   NAME = "FOLDER";
MPRINT(EM_REPORT):   VALUE = "";
MPRINT(EM_REPORT):   VIEW = 0.43782390022549;
MPRINT(EM_REPORT):   output;
MPRINT(EM_REPORT):   NAME = "YPLOTTYPE";
MPRINT(EM_REPORT):   VALUE = "";
MPRINT(EM_REPORT):   VIEW = 0.43782390022549;
MPRINT(EM_REPORT):   output;
MPRINT(EM_REPORT):   NAME = "XREF";
MPRINT(EM_REPORT):   VALUE = "";
MPRINT(EM_REPORT):   VIEW = 0.43782390022549;
MPRINT(EM_REPORT):   output;
MPRINT(EM_REPORT):   NAME = "XREF2";
MPRINT(EM_REPORT):   VALUE = "";
MPRINT(EM_REPORT):   VIEW = 0.43782390022549;
MPRINT(EM_REPORT):   output;
MPRINT(EM_REPORT):   NAME = "YREF";
MPRINT(EM_REPORT):   VALUE = "";
MPRINT(EM_REPORT):   VIEW = 0.43782390022549;
MPRINT(EM_REPORT):   output;
MPRINT(EM_REPORT):   NAME = "Y2REF";
MPRINT(EM_REPORT):   VALUE = "";
MPRINT(EM_REPORT):   VIEW = 0.43782390022549;
MPRINT(EM_REPORT):   output;
MPRINT(EM_REPORT):   NAME = "YREF2";
MPRINT(EM_REPORT):   VALUE = "";
MPRINT(EM_REPORT):   VIEW = 0.43782390022549;
MPRINT(EM_REPORT):   output;
MPRINT(EM_REPORT):   NAME = "Y2REF2";
MPRINT(EM_REPORT):   VALUE = "";
MPRINT(EM_REPORT):   VIEW = 0.43782390022549;
MPRINT(EM_REPORT):   output;
MPRINT(EM_REPORT):   NAME = "GROUPINDEX";
MPRINT(EM_REPORT):   VALUE = "";
MPRINT(EM_REPORT):   VIEW = 0.43782390022549;
MPRINT(EM_REPORT):   output;
MPRINT(EM_REPORT):   NAME = "JOIN";
MPRINT(EM_REPORT):   VALUE = "";
MPRINT(EM_REPORT):   VIEW = 0.43782390022549;
MPRINT(EM_REPORT):   output;
MPRINT(EM_REPORT):   NAME = "XEXCLUDE";
MPRINT(EM_REPORT):   VALUE = "";
MPRINT(EM_REPORT):   VIEW = 0.43782390022549;
MPRINT(EM_REPORT):   output;
MPRINT(EM_REPORT):   NAME = "FREQEXCLUDE";
MPRINT(EM_REPORT):   VALUE = "";
MPRINT(EM_REPORT):   VIEW = 0.43782390022549;
MPRINT(EM_REPORT):   output;
MPRINT(EM_REPORT):   NAME = "YEXCLUDE";
MPRINT(EM_REPORT):   VALUE = "";
MPRINT(EM_REPORT):   VIEW = 0.43782390022549;
MPRINT(EM_REPORT):   output;
MPRINT(EM_REPORT):   NAME = "NAME";
MPRINT(EM_REPORT):   VALUE = "";
MPRINT(EM_REPORT):   VIEW = 0.43782390022549;
MPRINT(EM_REPORT):   output;
MPRINT(EM_REPORT):   NAME = "HEIGHT";
MPRINT(EM_REPORT):   VALUE = "";
MPRINT(EM_REPORT):   VIEW = 0.43782390022549;
MPRINT(EM_REPORT):   output;
MPRINT(EM_REPORT):   NAME = "WIDTH";
MPRINT(EM_REPORT):   VALUE = "";
MPRINT(EM_REPORT):   VIEW = 0.43782390022549;
MPRINT(EM_REPORT):   output;
MPRINT(EM_REPORT):   NAME = "XAXISLABEL";
MPRINT(EM_REPORT):   VALUE = "";
MPRINT(EM_REPORT):   VIEW = 0.43782390022549;
MPRINT(EM_REPORT):   output;
MPRINT(EM_REPORT):   NAME = "Y2AXISLABEL";
MPRINT(EM_REPORT):   VALUE = "";
MPRINT(EM_REPORT):   VIEW = 0.43782390022549;
MPRINT(EM_REPORT):   output;
MPRINT(EM_REPORT):   NAME = "YAXISLABEL";
MPRINT(EM_REPORT):   VALUE = "";
MPRINT(EM_REPORT):   VIEW = 0.43782390022549;
MPRINT(EM_REPORT):   output;
MPRINT(EM_REPORT):   NAME = "DISPLAYXLABEL";
MPRINT(EM_REPORT):   VALUE = "Y";
MPRINT(EM_REPORT):   VIEW = 0.43782390022549;
MPRINT(EM_REPORT):   output;
MPRINT(EM_REPORT):   NAME = "DISPLAYYLABEL";
MPRINT(EM_REPORT):   VALUE = "Y";
MPRINT(EM_REPORT):   VIEW = 0.43782390022549;
MPRINT(EM_REPORT):   output;
MPRINT(EM_REPORT):   NAME = "CHOICETEXT";
MPRINT(EM_REPORT):   VALUE = "";
MPRINT(EM_REPORT):   VIEW = 0.43782390022549;
MPRINT(EM_REPORT):   output;
MPRINT(EM_REPORT):   NAME = "SEGMENTVALUE";
MPRINT(EM_REPORT):   VALUE = "";
MPRINT(EM_REPORT):   VIEW = 0.43782390022549;
MPRINT(EM_REPORT):   output;
MPRINT(EM_REPORT):   NAME = "LOWERBAND";
MPRINT(EM_REPORT):   VALUE = "";
MPRINT(EM_REPORT):   VIEW = 0.43782390022549;
MPRINT(EM_REPORT):   output;
MPRINT(EM_REPORT):   NAME = "UPPERBAND";
MPRINT(EM_REPORT):   VALUE = "";
MPRINT(EM_REPORT):   VIEW = 0.43782390022549;
MPRINT(EM_REPORT):   output;
MPRINT(EM_REPORT):   NAME = "YLINE";
MPRINT(EM_REPORT):   VALUE = "";
MPRINT(EM_REPORT):   VIEW = 0.43782390022549;
MPRINT(EM_REPORT):   output;
MPRINT(EM_REPORT):   NAME = "LINKKEY";
MPRINT(EM_REPORT):   VALUE = "";
MPRINT(EM_REPORT):   VIEW = 0.43782390022549;
MPRINT(EM_REPORT):   output;
MPRINT(EM_REPORT):   NAME = "NODEKEY";
MPRINT(EM_REPORT):   VALUE = "";
MPRINT(EM_REPORT):   VIEW = 0.43782390022549;
MPRINT(EM_REPORT):   output;
MPRINT(EM_REPORT):   NAME = "NODEID";
MPRINT(EM_REPORT):   VALUE = "";
MPRINT(EM_REPORT):   VIEW = 0.43782390022549;
MPRINT(EM_REPORT):   output;
MPRINT(EM_REPORT):   NAME = "NODEVALUE";
MPRINT(EM_REPORT):   VALUE = "";
MPRINT(EM_REPORT):   VIEW = 0.43782390022549;
MPRINT(EM_REPORT):   output;
MPRINT(EM_REPORT):   NAME = "NODECOLOR";
MPRINT(EM_REPORT):   VALUE = "";
MPRINT(EM_REPORT):   VIEW = 0.43782390022549;
MPRINT(EM_REPORT):   output;
MPRINT(EM_REPORT):   NAME = "NODESHAPE";
MPRINT(EM_REPORT):   VALUE = "";
MPRINT(EM_REPORT):   VIEW = 0.43782390022549;
MPRINT(EM_REPORT):   output;
MPRINT(EM_REPORT):   NAME = "NODESHAPEVAR";
MPRINT(EM_REPORT):   VALUE = "";
MPRINT(EM_REPORT):   VIEW = 0.43782390022549;
MPRINT(EM_REPORT):   output;
MPRINT(EM_REPORT):   NAME = "NODELABEL";
MPRINT(EM_REPORT):   VALUE = "";
MPRINT(EM_REPORT):   VIEW = 0.43782390022549;
MPRINT(EM_REPORT):   output;
MPRINT(EM_REPORT):   NAME = "NODETIP";
MPRINT(EM_REPORT):   VALUE = "";
MPRINT(EM_REPORT):   VIEW = 0.43782390022549;
MPRINT(EM_REPORT):   output;
MPRINT(EM_REPORT):   NAME = "LINKID";
MPRINT(EM_REPORT):   VALUE = "";
MPRINT(EM_REPORT):   VIEW = 0.43782390022549;
MPRINT(EM_REPORT):   output;
MPRINT(EM_REPORT):   NAME = "LINKVALUE";
MPRINT(EM_REPORT):   VALUE = "";
MPRINT(EM_REPORT):   VIEW = 0.43782390022549;
MPRINT(EM_REPORT):   output;
MPRINT(EM_REPORT):   NAME = "LINKFROM";
MPRINT(EM_REPORT):   VALUE = "";
MPRINT(EM_REPORT):   VIEW = 0.43782390022549;
MPRINT(EM_REPORT):   output;
MPRINT(EM_REPORT):   NAME = "LINKTO";
MPRINT(EM_REPORT):   VALUE = "";
MPRINT(EM_REPORT):   VIEW = 0.43782390022549;
MPRINT(EM_REPORT):   output;
MPRINT(EM_REPORT):   NAME = "LINKCOLOR";
MPRINT(EM_REPORT):   VALUE = "";
MPRINT(EM_REPORT):   VIEW = 0.43782390022549;
MPRINT(EM_REPORT):   output;
MPRINT(EM_REPORT):   NAME = "LINKWIDTH";
MPRINT(EM_REPORT):   VALUE = "";
MPRINT(EM_REPORT):   VIEW = 0.43782390022549;
MPRINT(EM_REPORT):   output;
MPRINT(EM_REPORT):   NAME = "LINKTIP";
MPRINT(EM_REPORT):   VALUE = "";
MPRINT(EM_REPORT):   VIEW = 0.43782390022549;
MPRINT(EM_REPORT):   output;
MPRINT(EM_REPORT):   NAME = "XFROM";
MPRINT(EM_REPORT):   VALUE = "";
MPRINT(EM_REPORT):   VIEW = 0.43782390022549;
MPRINT(EM_REPORT):   output;
MPRINT(EM_REPORT):   NAME = "XTO";
MPRINT(EM_REPORT):   VALUE = "";
MPRINT(EM_REPORT):   VIEW = 0.43782390022549;
MPRINT(EM_REPORT):   output;
MPRINT(EM_REPORT):   NAME = "YFROM";
MPRINT(EM_REPORT):   VALUE = "";
MPRINT(EM_REPORT):   VIEW = 0.43782390022549;
MPRINT(EM_REPORT):   output;
MPRINT(EM_REPORT):   NAME = "YTO";
MPRINT(EM_REPORT):   VALUE = "";
MPRINT(EM_REPORT):   VIEW = 0.43782390022549;
MPRINT(EM_REPORT):   output;
MPRINT(EM_REPORT):   NAME = "MATRIXVAR";
MPRINT(EM_REPORT):   VALUE = "";
MPRINT(EM_REPORT):   VIEW = 0.43782390022549;
MPRINT(EM_REPORT):   output;
MPRINT(EM_REPORT):   NAME = "RESPONSE";
MPRINT(EM_REPORT):   VALUE = "";
MPRINT(EM_REPORT):   VIEW = 0.43782390022549;
MPRINT(EM_REPORT):   output;
MPRINT(EM_REPORT):   NAME = "SERIES";
MPRINT(EM_REPORT):   VALUE = "";
MPRINT(EM_REPORT):   VIEW = 0.43782390022549;
MPRINT(EM_REPORT):   output;
MPRINT(EM_REPORT):   NAME = "DESCARG";
MPRINT(EM_REPORT):   VALUE = "";
MPRINT(EM_REPORT):   VIEW = 0.43782390022549;
MPRINT(EM_REPORT):   output;
MPRINT(EM_REPORT):   NAME = "SLIDER";
MPRINT(EM_REPORT):   VALUE = "";
MPRINT(EM_REPORT):   VIEW = 0.43782390022549;
MPRINT(EM_REPORT):   output;
MPRINT(EM_REPORT):   NAME = "MarkerSize";
MPRINT(EM_REPORT):   VALUE = "";
MPRINT(EM_REPORT):   VIEW = 0.43782390022549;
MPRINT(EM_REPORT):   output;
MPRINT(EM_REPORT):   NAME = "Marker";
MPRINT(EM_REPORT):   VALUE = "";
MPRINT(EM_REPORT):   VIEW = 0.43782390022549;
MPRINT(EM_REPORT):   output;
MPRINT(EM_REPORT):   NAME = "Y1";
MPRINT(EM_REPORT):   VALUE = "";
MPRINT(EM_REPORT):   VIEW = 0.43782390022549;
MPRINT(EM_REPORT):   output;
MPRINT(EM_REPORT):   NAME = "Y2";
MPRINT(EM_REPORT):   VALUE = "";
MPRINT(EM_REPORT):   VIEW = 0.43782390022549;
MPRINT(EM_REPORT):   output;
MPRINT(EM_REPORT):   NAME = "Y3";
MPRINT(EM_REPORT):   VALUE = "";
MPRINT(EM_REPORT):   VIEW = 0.43782390022549;
MPRINT(EM_REPORT):   output;
MPRINT(EM_REPORT):   NAME = "Y4";
MPRINT(EM_REPORT):   VALUE = "";
MPRINT(EM_REPORT):   VIEW = 0.43782390022549;
MPRINT(EM_REPORT):   output;
MPRINT(EM_REPORT):   NAME = "Y5";
MPRINT(EM_REPORT):   VALUE = "";
MPRINT(EM_REPORT):   VIEW = 0.43782390022549;
MPRINT(EM_REPORT):   output;
MPRINT(EM_REPORT):   NAME = "Y6";
MPRINT(EM_REPORT):   VALUE = "";
MPRINT(EM_REPORT):   VIEW = 0.43782390022549;
MPRINT(EM_REPORT):   output;
MPRINT(EM_REPORT):   NAME = "Y7";
MPRINT(EM_REPORT):   VALUE = "";
MPRINT(EM_REPORT):   VIEW = 0.43782390022549;
MPRINT(EM_REPORT):   output;
MPRINT(EM_REPORT):   NAME = "Y8";
MPRINT(EM_REPORT):   VALUE = "";
MPRINT(EM_REPORT):   VIEW = 0.43782390022549;
MPRINT(EM_REPORT):   output;
MPRINT(EM_REPORT):   NAME = "Y9";
MPRINT(EM_REPORT):   VALUE = "";
MPRINT(EM_REPORT):   VIEW = 0.43782390022549;
MPRINT(EM_REPORT):   output;
MPRINT(EM_REPORT):   NAME = "Y10";
MPRINT(EM_REPORT):   VALUE = "";
MPRINT(EM_REPORT):   VIEW = 0.43782390022549;
MPRINT(EM_REPORT):   output;
MPRINT(EM_REPORT):   NAME = "Y11";
MPRINT(EM_REPORT):   VALUE = "";
MPRINT(EM_REPORT):   VIEW = 0.43782390022549;
MPRINT(EM_REPORT):   output;
MPRINT(EM_REPORT):   NAME = "Y12";
MPRINT(EM_REPORT):   VALUE = "";
MPRINT(EM_REPORT):   VIEW = 0.43782390022549;
MPRINT(EM_REPORT):   output;
MPRINT(EM_REPORT):   NAME = "Y13";
MPRINT(EM_REPORT):   VALUE = "";
MPRINT(EM_REPORT):   VIEW = 0.43782390022549;
MPRINT(EM_REPORT):   output;
MPRINT(EM_REPORT):   NAME = "Y14";
MPRINT(EM_REPORT):   VALUE = "";
MPRINT(EM_REPORT):   VIEW = 0.43782390022549;
MPRINT(EM_REPORT):   output;
MPRINT(EM_REPORT):   NAME = "Y15";
MPRINT(EM_REPORT):   VALUE = "";
MPRINT(EM_REPORT):   VIEW = 0.43782390022549;
MPRINT(EM_REPORT):   output;
MPRINT(EM_REPORT):   NAME = "Y16";
MPRINT(EM_REPORT):   VALUE = "";
MPRINT(EM_REPORT):   VIEW = 0.43782390022549;
MPRINT(EM_REPORT):   output;
MPRINT(EM_REPORT):   NAME = "TITLE";
MPRINT(EM_REPORT):   VALUE = "";
MPRINT(EM_REPORT):   VIEW = 0.43782390022549;
MPRINT(EM_REPORT):   output;
MPRINT(EM_REPORT):   NAME = "LEGEND";
MPRINT(EM_REPORT):   VALUE = "";
MPRINT(EM_REPORT):   VIEW = 0.43782390022549;
MPRINT(EM_REPORT):   output;
MPRINT(EM_REPORT):   NAME = "LEGENDTITLE";
MPRINT(EM_REPORT):   VALUE = "";
MPRINT(EM_REPORT):   VIEW = 0.43782390022549;
MPRINT(EM_REPORT):   output;
MPRINT(EM_REPORT):   NAME = "SHAPE";
MPRINT(EM_REPORT):   VALUE = "";
MPRINT(EM_REPORT):   VIEW = 0.43782390022549;
MPRINT(EM_REPORT):   output;
MPRINT(EM_REPORT):   NAME = "METHOD";
MPRINT(EM_REPORT):   VALUE = "";
MPRINT(EM_REPORT):   VIEW = 0.43782390022549;
MPRINT(EM_REPORT):   output;
MPRINT(EM_REPORT):   NAME = "NOBINMISS";
MPRINT(EM_REPORT):   VALUE = "";
MPRINT(EM_REPORT):   VIEW = 0.43782390022549;
MPRINT(EM_REPORT):   output;
MPRINT(EM_REPORT):   end;
MPRINT(EM_REPORT):   run;

NOTE: There were 662 observations read from the data set WORK.EM_USER_REPORT.
NOTE: The data set WORK.EM_USER_REPORT has 794 observations and 4 variables.
NOTE: DATA statement used (Total process time):
      real time           0.05 seconds
      cpu time            0.03 seconds
      

MPRINT(EM_TREE_REPORT):  ;
MPRINT(MAIN):  ;
MPRINT(EM_DIAGRAM):  ;
MPRINT(EM_DIAGRAM):   *------------------------------------------------------------*;
MPRINT(EM_DIAGRAM):   * End REPORT: Tree6;
MPRINT(EM_DIAGRAM):   *------------------------------------------------------------*;
72373      
72374      *------------------------------------------------------------*;
72375      * End REPORT: Tree6;
72376      *------------------------------------------------------------*;

72377      /* Reset EM Options */
72378      options formchar="|----|+|---+=|-/\<>*";
MPRINT(EM_DIAGRAM):    options formchar="|----|+|---+=|-/\<>*";
72379      options nocenter ls=256 ps=10000;
MPRINT(EM_DIAGRAM):   options nocenter ls=256 ps=10000;
72380      goptions reset=all device=GIF NODISPLAY;
MPRINT(EM_DIAGRAM):   goptions reset=all device=GIF NODISPLAY;
72381      proc sort data=WORK.EM_USER_REPORT;
MPRINT(EM_DIAGRAM):    proc sort data=WORK.EM_USER_REPORT;
72382      by ID VIEW;
MPRINT(EM_DIAGRAM):   by ID VIEW;
72383      run;
MPRINT(EM_DIAGRAM):   run;

NOTE: There were 794 observations read from the data set WORK.EM_USER_REPORT.
NOTE: The data set WORK.EM_USER_REPORT has 794 observations and 4 variables.
NOTE: PROCEDURE SORT used (Total process time):
      real time           0.01 seconds
      cpu time            0.01 seconds
      

72384      proc sort data=EMWS1.Part2_CMeta_TRAIN out=WORK.SUBSETINMETA;
MPRINT(EM_DIAGRAM):    proc sort data=EMWS1.Part2_CMeta_TRAIN out=WORK.SUBSETINMETA;
72385      by NAME;
MPRINT(EM_DIAGRAM):   by NAME;
72386      run;
MPRINT(EM_DIAGRAM):   run;

NOTE: There were 33 observations read from the data set EMWS1.PART2_CMETA_TRAIN.
NOTE: The data set WORK.SUBSETINMETA has 33 observations and 20 variables.
NOTE: PROCEDURE SORT used (Total process time):
      real time           0.00 seconds
      cpu time            0.01 seconds
      

72387      proc sort data=EMWS1.Tree6_VariableSet out=WORK.SUBSETVARSET(keep=NAME REPORT);
MPRINT(EM_DIAGRAM):   proc sort data=EMWS1.Tree6_VariableSet out=WORK.SUBSETVARSET(keep=NAME REPORT);
72388      by NAME;
MPRINT(EM_DIAGRAM):   by NAME;
72389      run;
MPRINT(EM_DIAGRAM):   run;

NOTE: There were 33 observations read from the data set EMWS1.TREE6_VARIABLESET.
NOTE: The data set WORK.SUBSETVARSET has 33 observations and 2 variables.
NOTE: PROCEDURE SORT used (Total process time):
      real time           0.00 seconds
      cpu time            0.00 seconds
      

72390      data WORK.ASSESS_META;
MPRINT(EM_DIAGRAM):   data WORK.ASSESS_META;
72391      merge WORK.SUBSETINMETA WORK.SUBSETVARSET;
MPRINT(EM_DIAGRAM):   merge WORK.SUBSETINMETA WORK.SUBSETVARSET;
72392      by NAME;
MPRINT(EM_DIAGRAM):   by NAME;
72393      run;
MPRINT(EM_DIAGRAM):   run;

NOTE: There were 33 observations read from the data set WORK.SUBSETINMETA.
NOTE: There were 33 observations read from the data set WORK.SUBSETVARSET.
NOTE: The data set WORK.ASSESS_META has 33 observations and 20 variables.
NOTE: DATA statement used (Total process time):
      real time           0.02 seconds
      cpu time            0.01 seconds
      

72394      data EM_temp_assessMeta;
MPRINT(EM_DIAGRAM):    data EM_temp_assessMeta;
72395      set EMWS1.Tree6_CMeta_TRAIN;
MPRINT(EM_DIAGRAM):   set EMWS1.Tree6_CMeta_TRAIN;
72396      where role in('DECISION', 'PREDICT', 'RESIDUAL', 'CLASSIFICATION', 'ASSESS', 'COST');
MPRINT(EM_DIAGRAM):   where role in('DECISION', 'PREDICT', 'RESIDUAL', 'CLASSIFICATION', 'ASSESS', 'COST');
72397      run;
MPRINT(EM_DIAGRAM):   run;

NOTE: There were 12 observations read from the data set EMWS1.TREE6_CMETA_TRAIN.
      WHERE role in ('ASSESS', 'CLASSIFICATION', 'COST', 'DECISION', 'PREDICT', 'RESIDUAL');
NOTE: The data set WORK.EM_TEMP_ASSESSMETA has 12 observations and 21 variables.
NOTE: DATA statement used (Total process time):
      real time           0.01 seconds
      cpu time            0.01 seconds
      

72398      data EM_temp_assessdata;
MPRINT(EM_DIAGRAM):    data EM_temp_assessdata;
72399      set EMWS1.Tree6_TRAIN(keep=
72400      F_diagnosis
72401      I_diagnosis
72402      P_diagnosisB
72403      P_diagnosisM
72404      Q_diagnosisB
72405      Q_diagnosisM
72406      R_diagnosisB
72407      R_diagnosisM
72408      U_diagnosis
72409      V_diagnosisB
72410      V_diagnosisM
72411      _WARN_
72412      diagnosis
72413      );
MPRINT(EM_DIAGRAM):   set EMWS1.Tree6_TRAIN(keep= F_diagnosis I_diagnosis P_diagnosisB P_diagnosisM Q_diagnosisB Q_diagnosisM R_diagnosisB R_diagnosisM U_diagnosis V_diagnosisB V_diagnosisM _WARN_ diagnosis );
72414      run;
MPRINT(EM_DIAGRAM):   run;

NOTE: Variable _WARN_ is uninitialized.
NOTE: View EMWS1.TREE6_TRAIN.VIEW used (Total process time):
      real time           0.09 seconds
      cpu time            0.09 seconds
      
NOTE: There were 396 observations read from the data set EMWS1.PART2_TRAIN.
NOTE: There were 396 observations read from the data set EMWS1.TREE6_TRAIN.
NOTE: The data set WORK.EM_TEMP_ASSESSDATA has 396 observations and 13 variables.
NOTE: DATA statement used (Total process time):
      real time           0.11 seconds
      cpu time            0.10 seconds
      

MPRINT(EM_DIAGRAM):    proc freq data=EM_temp_assessdata noprint;
MPRINT(EM_DIAGRAM):   table I_diagnosis*F_diagnosis / out = WORK.Tree6_2BD2H0P nocol norow outpct;
MPRINT(EM_DIAGRAM):   run;
MPRINT(EM_DIAGRAM):    data WORK.Tree6_2BD2H0P;
MPRINT(EM_DIAGRAM):   length _TYPE_ $10 DATAROLE TARGET $32 TARGETLABEL $200 FROM INTO $32 CORRECTTEXT $40 ;
MPRINT(EM_DIAGRAM):   label _TYPE_ = "Outcome Type";
MPRINT(EM_DIAGRAM):   label DATAROLE = "Data Role";
MPRINT(EM_DIAGRAM):   label TARGET = "Target Variable";
MPRINT(EM_DIAGRAM):   label TARGETLABEL = "Target Label";
MPRINT(EM_DIAGRAM):   label FROM = "Target";
MPRINT(EM_DIAGRAM):   label INTO = "Outcome";
MPRINT(EM_DIAGRAM):   label PCT_ROW = "Target Percentage";
MPRINT(EM_DIAGRAM):   label PCT_COL = "Outcome Percentage";
MPRINT(EM_DIAGRAM):   label COUNT = "Frequency Count";
MPRINT(EM_DIAGRAM):   label PERCENT = "Total Percentage";
MPRINT(EM_DIAGRAM):   label CORRECTTEXT = "Correct Text";
MPRINT(EM_DIAGRAM):   label CORRECT = "Correct";
MPRINT(EM_DIAGRAM):   set WORK.Tree6_2BD2H0P(rename=(F_diagnosis=FROM I_diagnosis=INTO));
MPRINT(EM_DIAGRAM):   retain _TYPE_ 'PREDICTION' DATAROLE "TRAIN" TARGET "diagnosis";
MPRINT(EM_DIAGRAM):   if FROM eq INTO then do;
MPRINT(EM_DIAGRAM):   CORRECT = 0;
MPRINT(EM_DIAGRAM):   CORRECTTEXT="Correct";
MPRINT(EM_DIAGRAM):   end;
MPRINT(EM_DIAGRAM):   else do;
MPRINT(EM_DIAGRAM):   CORRECT = 1;
MPRINT(EM_DIAGRAM):   CORRECTTEXT="Incorrect";
MPRINT(EM_DIAGRAM):   end;
MPRINT(EM_DIAGRAM):   run;
MPRINT(EM_DIAGRAM):    data EMWS1.Tree6_EMCLASSIFICATION;
MPRINT(EM_DIAGRAM):   set WORK.Tree6_2BD2H0P;
MPRINT(EM_DIAGRAM):   run;
MPRINT(EM_DIAGRAM):    data WORK.MISCREPORT;
MPRINT(EM_DIAGRAM):   set WORK.Tree6_2BD2H0P;
MPRINT(EM_DIAGRAM):   run;
MPRINT(EM_DIAGRAM):    data WORK.MISCREPORT(drop=INTO FROM _TYPE_);
MPRINT(EM_DIAGRAM):   set WORK.MISCREPORT;
MPRINT(EM_DIAGRAM):   length MISC $12;
MPRINT(EM_DIAGRAM):   if FROM='M' and INTO='M' then MISC='TRUEEVENT';
MPRINT(EM_DIAGRAM):   else if FROM='M' and INTO ne 'M' then MISC='FALSENEVENT';
MPRINT(EM_DIAGRAM):   else if FROM ne 'M' and INTO='M' then MISC='FALSEEVENT';
MPRINT(EM_DIAGRAM):   else if FROM ne'M' and INTO ne 'M' then MISC='TRUENEVENT';
MPRINT(EM_DIAGRAM):   run;
MPRINT(EM_DIAGRAM):   proc sort data=WORK.MISCREPORT nothreads;
MPRINT(EM_DIAGRAM):   by DATAROLE TARGET;
MPRINT(EM_DIAGRAM):   run;
MPRINT(EM_DIAGRAM):   proc summary data=WORK.MISCREPORT NWAY;
MPRINT(EM_DIAGRAM):   output out=WORK.MISCCOUNT(drop=_FREQ_ _TYPE_) SUM=COUNT;
MPRINT(EM_DIAGRAM):   CLASS MISC;
MPRINT(EM_DIAGRAM):   VAR COUNT;
MPRINT(EM_DIAGRAM):   by DATAROLE TARGET;
MPRINT(EM_DIAGRAM):   run;
MPRINT(EM_DIAGRAM):   proc transpose data=WORK.MISCCOUNT out=WORK.MISCREPORT(drop=_NAME_ _LABEL_);
MPRINT(EM_DIAGRAM):   by DATAROLE TARGET;
MPRINT(EM_DIAGRAM):   ID MISC;
MPRINT(EM_DIAGRAM):   run;
MPRINT(EM_DIAGRAM):    data EMWS1.Tree6_EMEVENTREPORT;
MPRINT(EM_DIAGRAM):   length TARGETLABEL $200;
MPRINT(EM_DIAGRAM):   label TARGETLABEL = "Target Label";
MPRINT(EM_DIAGRAM):   set WORK.MISCREPORT;
MPRINT(EM_DIAGRAM):   run;
MPRINT(EM_DIAGRAM):    data ASSESS_REPORTMETA;
MPRINT(EM_DIAGRAM):   set EMWS1.Tree6_VariableSet;
MPRINT(EM_DIAGRAM):   where REPORT='Y';
MPRINT(EM_DIAGRAM):   run;
MPRINT(EM_DIAGRAM):   filename temp catalog 'sashelp.emassmt.em_assess.source';
MPRINT(EM_DIAGRAM):   filename temp;
MPRINT(EM_DIAGRAM):    data _null_;
MPRINT(EM_DIAGRAM):   set EMWS1.Tree6_diagnosis_DM;
MPRINT(EM_DIAGRAM):   where _TYPE_="TARGET";
MPRINT(EM_DIAGRAM):   call symput('ASSMT_EVENT', strip(event));
MPRINT(EM_DIAGRAM):   run;
MPRINT(EM_DIAGRAM):   
MPRINT(EM_ASSESS):   data _ea_tmpdata;
MPRINT(EM_ASSESS):   set EM_temp_assessdata;
MPRINT(EM_ASSESS):   _tmpfreqvar_=1;
MPRINT(EM_ASSESS):   run;
MPRINT(EM_CHECKEMSETINIT):   DATA _NULL_;
MPRINT(EM_CHECKEMSETINIT):   EM_SETINIT = 'N';
MPRINT(EM_CHECKEMSETINIT):   IF SYSPROD('PRODNUM50') THEN EM_SETINIT = 'Y';
MPRINT(EM_CHECKEMSETINIT):   ELSE IF SYSPROD('PRODNUM448') THEN EM_SETINIT = 'Y';
MPRINT(EM_CHECKEMSETINIT):   ELSE IF SYSPROD('PRODNUM102') THEN EM_SETINIT = 'Y';
MPRINT(EM_CHECKEMSETINIT):   ELSE IF SYSPROD('PRODNUM103') THEN EM_SETINIT = 'Y';
MPRINT(EM_CHECKEMSETINIT):   CALL SYMPUT('EM_SETINIT', EM_SETINIT);
MPRINT(EM_CHECKEMSETINIT):   RUN;
MPRINT(EM_ASSESS):  ;
MPRINT(EM_ASSESS):   *;
MPRINT(EM_ASSESS):   * ............ Reading in reporting data set;
MPRINT(EM_ASSESS):   *;
MPRINT(EM_ASSESS):   DATA _NULL_;
MPRINT(EM_ASSESS):   SET ASSESS_REPORTMETA END = EOF;
MPRINT(EM_ASSESS):   IF TYPE = "C" OR UPCASE (LEVEL) IN ("NOMINAL", "BINARY" , "ORDINAL") THEN DO;
MPRINT(EM_ASSESS):   IF UPCASE (NAME) NE UPCASE ("F_diagnosis") THEN DO;
MPRINT(EM_ASSESS):   NUMCTOREPORT + 1;
MPRINT(EM_ASSESS):   CALL SYMPUTX ("REPORTC" || LEFT (PUT (NUMCTOREPORT, 5.)), NAME);
MPRINT(EM_ASSESS):   END;
MPRINT(EM_ASSESS):   ELSE CALL SYMPUTX ("RPRT_TRGT", "C");
MPRINT(EM_ASSESS):   END;
MPRINT(EM_ASSESS):   ELSE IF TYPE = "N" THEN DO;
MPRINT(EM_ASSESS):   IF UPCASE(NAME) NE UPCASE ("F_diagnosis") THEN DO;
MPRINT(EM_ASSESS):   NUMNTOREPORT + 1;
MPRINT(EM_ASSESS):   CALL SYMPUTX ("REPORTN" || LEFT (PUT (NUMNTOREPORT, 5.)), NAME);
MPRINT(EM_ASSESS):   END;
MPRINT(EM_ASSESS):   ELSE CALL SYMPUTX ("RPRT_TRGT", "N");
MPRINT(EM_ASSESS):   END;
MPRINT(EM_ASSESS):   IF EOF THEN DO;
MPRINT(EM_ASSESS):   CALL SYMPUTX ("NUMNTOREPORT", NUMNTOREPORT);
MPRINT(EM_ASSESS):   CALL SYMPUTX ("NUMCTOREPORT", NUMCTOREPORT);
MPRINT(EM_ASSESS):   CALL SYMPUTX ("NUMTOREPORT", SUM (NUMNTOREPORT, NUMCTOREPORT));
MPRINT(EM_ASSESS):   END;
MPRINT(EM_ASSESS):   RUN;
MPRINT(EM_ASSESS):   PROC DMDB DATA = _ea_tmpdata VAROUT = VAROUT DMDBCAT = _D CLASSOUT = _ASSMT_CLASSOUT;
MPRINT(EM_ASSESS):   CLASS F_diagnosis ;

MPRINT(EM_ASSESS):   VAR P_diagnosisM _tmpfreqvar_ ;
MPRINT(EM_ASSESS):   FREQ _tmpfreqvar_;
MPRINT(EM_ASSESS):   RUN ;
MPRINT(EM_ASSESS):   QUIT;
MPRINT(EM_ASSESS):   PROC SORT DATA = _ASSMT_CLASSOUT;
MPRINT(EM_ASSESS):   BY NAME;
MPRINT(EM_ASSESS):   RUN;
MPRINT(EM_ASSESS):   DATA _auxeventname (keep = __event__) ;
MPRINT(EM_ASSESS):   * ;
MPRINT(EM_ASSESS):   * ...FLAG0_1 = ..... TARGET IS 0, 1 & EVENT = 1;

MPRINT(EM_ASSESS):   ;
MPRINT(EM_ASSESS):   length __event__ $ 32;
MPRINT(EM_ASSESS):   RETAIN FLAG0_1 1 NUM1 . NUM0 . __event__ "_missing_" ;

MPRINT(EM_ASSESS):   SET _ASSMT_CLASSOUT END = EOF;
MPRINT(EM_ASSESS):   BY NAME;
MPRINT(EM_ASSESS):   *;
MPRINT(EM_ASSESS):   *;
MPRINT(EM_ASSESS):   * ....... LEVEL = BINARY OR NOMINAL OR ORDINAL;
MPRINT(EM_ASSESS):   *;
MPRINT(EM_ASSESS):   *;

MPRINT(EM_ASSESS):   IF UPCASE(NAME) = UPCASE ("F_diagnosis") THEN DO;
MPRINT(EM_ASSESS):   CUMFREQ + FREQUENCY;
MPRINT(EM_ASSESS):   IF LEVEL NE "." THEN DO;
MPRINT(EM_ASSESS):   N1 + 1;
MPRINT(EM_ASSESS):   IF (NRAW NE 0 AND NRAW NE 1) OR TYPE NE "N" OR "" > " " THEN FLAG0_1 = 0;
MPRINT(EM_ASSESS):   * ;
MPRINT(EM_ASSESS):   * ......................... IF EVENT NE BLANK;
MPRINT(EM_ASSESS):   * ....................LEVEL IS CHAR VAR ;
MPRINT(EM_ASSESS):   * ;
MPRINT(EM_ASSESS):   IF UPCASE("M") = UPCASE(LEVEL) THEN DO;
MPRINT(EM_ASSESS):   NUM1 = FREQUENCY;
MPRINT(EM_ASSESS):   IF TYPE = "C" THEN do;
MPRINT(EM_ASSESS):   CALL SYMPUTX ("EVENTVALUERAW", CRAW );
MPRINT(EM_ASSESS):   __event__ = craw;
MPRINT(EM_ASSESS):   end;
MPRINT(EM_ASSESS):   ELSE do;
MPRINT(EM_ASSESS):   CALL SYMPUTX ("EVENTVALUERAW", NRAW );
MPRINT(EM_ASSESS):   __event__ = nraw;
MPRINT(EM_ASSESS):   end;
MPRINT(EM_ASSESS):   END;
MPRINT(EM_ASSESS):   IF LAST.NAME THEN DO;

MPRINT(EM_ASSESS):   * ;
MPRINT(EM_ASSESS):   * .............. IN NOMINAL CASE, NEED TO GROUP ALL '0' ;
MPRINT(EM_ASSESS):   *;

MPRINT(EM_ASSESS):   NUM0 = SUM (CUMFREQ, - NUM1);
MPRINT(EM_ASSESS):   IF NUM0 < 0 THEN NUM0 = 0;
MPRINT(EM_ASSESS):   IF NUM1 = . THEN NUM1 = 0;
MPRINT(EM_ASSESS):   CALL SYMPUTX ("NUM0", NUM0 );
MPRINT(EM_ASSESS):   CALL SYMPUTX ("NUM1", NUM1);
MPRINT(EM_ASSESS):   CALL SYMPUTX ("PNUM1", NUM1 / CUMFREQ);
MPRINT(EM_ASSESS):   CALL SYMPUTX ("PNUM0", (CUMFREQ - NUM1) / CUMFREQ);
MPRINT(EM_ASSESS):   IF TYPE = "C" THEN DO;
MPRINT(EM_ASSESS):   FLAG0_1 = 0;
MPRINT(EM_ASSESS):   CALL SYMPUTX ("TARGETTYPE", "C" );
MPRINT(EM_ASSESS):   END;
MPRINT(EM_ASSESS):   ELSE IF TYPE = "N" THEN DO;
MPRINT(EM_ASSESS):   IF "" = " " THEN DO;
MPRINT(EM_ASSESS):   IF "M" NE "1" THEN FLAG0_1 = 0;
MPRINT(EM_ASSESS):   END;
MPRINT(EM_ASSESS):   CALL SYMPUTX ("TARGETTYPE", "N" );
MPRINT(EM_ASSESS):   END;
MPRINT(EM_ASSESS):   * ................... IF TYPE = N;
MPRINT(EM_ASSESS):   CALL SYMPUTX ("FLAG0_1", FLAG0_1 );
MPRINT(EM_ASSESS):   END;
MPRINT(EM_ASSESS):   * ..................IF LAST.NAME ;
MPRINT(EM_ASSESS):   END;
MPRINT(EM_ASSESS):   * ...............IF LEVEL NE '.' ;
MPRINT(EM_ASSESS):   END;
MPRINT(EM_ASSESS):   * .............. IF NAME = TARGET;
MPRINT(EM_ASSESS):   ELSE IF "" > " " AND UPCASE(NAME) = UPCASE("") THEN DO;
MPRINT(EM_ASSESS):   NUMDECISIONS + 1;
MPRINT(EM_ASSESS):   LEVEL = TRANSLATE (LEVEL, "_", "'", "_", '"');
MPRINT(EM_ASSESS):   CALL SYMPUTX ("D_LABEL" || LEFT (PUT (NUMDECISIONS, 3.)), LEVEL );
MPRINT(EM_ASSESS):   END;
MPRINT(EM_ASSESS):   * ..................... ELSE IF UPCASE;
MPRINT(EM_ASSESS):   IF EOF THEN DO;
MPRINT(EM_ASSESS):   output _auxeventname;
MPRINT(EM_ASSESS):   CALL SYMPUTX ("NUMOBS", CUMFREQ);
MPRINT(EM_ASSESS):   CALL SYMPUTX ("NUMDECISIONS", NUMDECISIONS);
MPRINT(EM_ASSESS):   END;
MPRINT(EM_ASSESS):   RUN;
MPRINT(EM_ASSESS):   DATA _NULL_;
MPRINT(EM_ASSESS):   SET VAROUT END = EOF;
MPRINT(EM_ASSESS):   IF UPCASE (NAME) = UPCASE ("P_diagnosisM") THEN DO;
MPRINT(EM_ASSESS):   IF N = 0 THEN DO;
MPRINT(EM_ASSESS):   PUT //// "          Warning: All posterior probabilities are missing values ";
MPRINT(EM_ASSESS):   PUT ///;
MPRINT(EM_ASSESS):   CALL SYMPUTX ("ALLMISS", 1);
MPRINT(EM_ASSESS):   STOP;
MPRINT(EM_ASSESS):   END;
MPRINT(EM_ASSESS):   ELSE CALL SYMPUTX ("ALLMISS", 0);
MPRINT(EM_ASSESS):   CALL SYMPUTX ("MINPROB", MIN);
MPRINT(EM_ASSESS):   CALL SYMPUTX ("MAXPROB", MAX);
MPRINT(EM_ASSESS):   CALL SYMPUTX ("DIFF", MAX - MIN);
MPRINT(EM_ASSESS):   CALL SYMPUTX ("NMISSPROB", NMISS);
MPRINT(EM_ASSESS):   END;
MPRINT(EM_ASSESS):   ELSE IF UPCASE (NAME) = UPCASE ("_tmpfreqvar_") THEN DO;
MPRINT(EM_ASSESS):   AUXMIN = MIN - INT (MIN);
MPRINT(EM_ASSESS):   AUXMAX = MAX - INT (MAX);
MPRINT(EM_ASSESS):   IF AUXMIN > 0 OR AUXMAX > 0 THEN CALL SYMPUTX ("USEWEIGHT", "Y");
MPRINT(EM_ASSESS):   ELSE CALL SYMPUTX ("USEWEIGHT", "N");
MPRINT(EM_ASSESS):   END;
MPRINT(EM_ASSESS):   RUN;
MPRINT(EM_ASSESS):   DATA _ANY0;
MPRINT(EM_ASSESS):   SET _ea_tmpdata (KEEP = F_diagnosis P_diagnosisM _tmpfreqvar_ );
MPRINT(EM_ASSESS):   *;
MPRINT(EM_ASSESS):   * ................... No Formats;
MPRINT(EM_ASSESS):   *;
MPRINT(EM_ASSESS):   IF LEFT ( F_diagnosis ) = "M" THEN NTARGET = 1;
MPRINT(EM_ASSESS):   ELSE NTARGET = 0;
MPRINT(EM_ASSESS):   RUN;
MPRINT(EM_ASSESS):   *;
MPRINT(EM_ASSESS):   * .............. Before proc summary of binary case;
MPRINT(EM_ASSESS):   *;
MPRINT(EM_ASSESS):   PROC SUMMARY DATA = _ANY0 (KEEP = P_diagnosisM NTARGET _tmpfreqvar_ WHERE = (NTARGET > . )) NWAY MISSING;
MPRINT(EM_ASSESS):   ;
MPRINT(EM_ASSESS):   CLASS P_diagnosisM ;
MPRINT(EM_ASSESS):   VAR NTARGET ;
MPRINT(EM_ASSESS):   FREQ _tmpfreqvar_ ;
MPRINT(EM_ASSESS):   OUTPUT OUT = ANYSUM (DROP = _TYPE_) MEAN = _MEANTARGET _MEANFREQVAR ;
MPRINT(EM_ASSESS):   RUN;
MPRINT(EM_ASSESS):   QUIT;
MPRINT(EM_ASSESS):   ;
MPRINT(EM_ASSESS):   *;
MPRINT(EM_ASSESS):   * .................... Main Data Set Processing, Binary case;
MPRINT(EM_ASSESS):   *;

MPRINT(EM_ASSESS):   DATA WORK._TEMPRANK (KEEP = BASECAPC BASECAP __EVENT__ BASEEVENTS BASEGAIN BASELIFT BASERESP BASERESPC BESTCAP BESTCAPC BESTGAIN BESTLIFT BESTLIFTC BESTNUMEVENTS BESTRESP BESTRESPC BIN CBASELIFT C_LIFT C_P_CAPT_RESP C_P_RESP GAIN LIFT 
MAXPROB MINPROB MNPROB NUMNONRESP NUMOBS NUMRESP PERCENTILE P_CAPT_RESP P_RESP ) WORK._TEMPSCOREDIST (KEEP = BIN LOWERPROB UPPERPROB EVENTVALUE SCR_NUMEVENTS MODELSCORE SCR_NUMNONEVENTS RANGE NUMOBSINGROUP PERCOBSINGROUP C_PERCOBSINGROUP SCR_P_EVENTS 
SCR_CP_EVENTS SCR_P_NONEVENTS SCR_CP_NONEVENTS SCR_MNPROB SCR_MINPROB SCR_MAXPROB ) ;

MPRINT(EM_ASSESS):   SET ANYSUM END = EOF;

MPRINT(EM_ASSESS):   IF _N_ = 1 THEN SET _AUXEVENTNAME;

MPRINT(EM_ASSESS):   RETAIN MINPROB1 - MINPROB20 1 MAXPROB1 - MAXPROB20 0 MNPROB1 - MNPROB20 0 NUMOBS1 - NUMOBS20 0 NUMRESP1 - NUMRESP20 0 TRUEPOS1 - TRUEPOS1000 0 TRUENEG1 - TRUENEG1000 0 FALSEPOS1 - FALSEPOS1000 0 FALSENEG1 - FALSENEG1000 0 EVENTS1 - 
EVENTS1000 NONEVENTS1 - NONEVENTS1000 0 FIRSTIN1 - FIRSTIN1000 . LASTIN1 - LASTIN1000 . RESPRATE 0.3712121212 _NEVENTS 147 _NNONEVENTS 249 TARGET "NTARGET" ;
MPRINT(EM_ASSESS):   ARRAY MINPROBS (20) MINPROB1 - MINPROB20;
MPRINT(EM_ASSESS):   ARRAY MAXPROBS (20) MAXPROB1 - MAXPROB20;
MPRINT(EM_ASSESS):   ARRAY MNPROBS (20) MNPROB1 - MNPROB20;
MPRINT(EM_ASSESS):   ARRAY NUMOBSS (20) NUMOBS1 - NUMOBS20;
MPRINT(EM_ASSESS):   ARRAY NUMRESPS (20) NUMRESP1 - NUMRESP20;
MPRINT(EM_ASSESS):   ARRAY TRUEPOSX (1000) TRUEPOS1 - TRUEPOS1000;
MPRINT(EM_ASSESS):   ARRAY FALSEPOSX (1000) FALSEPOS1 - FALSEPOS1000;
MPRINT(EM_ASSESS):   ARRAY FALSENEGX (1000) FALSENEG1 - FALSENEG1000;
MPRINT(EM_ASSESS):   ARRAY TRUENEGX (1000) TRUENEG1 - TRUENEG1000;
MPRINT(EM_ASSESS):   ARRAY _EVENTS (1000) EVENTS1 - EVENTS1000;
MPRINT(EM_ASSESS):   ARRAY NONEVENTS (1000) NONEVENTS1 - NONEVENTS1000;
MPRINT(EM_ASSESS):   ARRAY FIRSTIN (1000) FIRSTIN1 - FIRSTIN1000;
MPRINT(EM_ASSESS):   ARRAY LASTIN (1000) LASTIN1 - LASTIN1000;
MPRINT(EM_ASSESS):   RETAIN SCR_MNPROB1 - SCR_MNPROB1000 0 SCR_MINPROB1 - SCR_MINPROB1000 1 SCR_MAXPROB1 - SCR_MAXPROB1000 0;
MPRINT(EM_ASSESS):   ARRAY SCR_MNPROBS (1000) SCR_MNPROB1 - SCR_MNPROB1000;
MPRINT(EM_ASSESS):   ARRAY SCR_MINPROBS (1000) SCR_MINPROB1 - SCR_MINPROB1000;
MPRINT(EM_ASSESS):   ARRAY SCR_MAXPROBS (1000) SCR_MAXPROB1 - SCR_MAXPROB1000;
MPRINT(EM_ASSESS):   DROP SCR_MINPROB1 - SCR_MINPROB1000 SCR_MAXPROB1 - SCR_MAXPROB1000 SCR_MNPROB1 - SCR_MNPROB1000 ;
MPRINT(EM_ASSESS):   *;
MPRINT(EM_ASSESS):   * ...... Area For 8 Financials ;
MPRINT(EM_ASSESS):   *;
MPRINT(EM_ASSESS):   IF _MEANTARGET = . THEN _MEANTARGET = RESPRATE;
MPRINT(EM_ASSESS):   DROP N1 _K SUMWEIGHTS ;
MPRINT(EM_ASSESS):   SUMWEIGHTS = 1;

MPRINT(EM_ASSESS):   DO _K = 1 TO CEIL (_FREQ_);
MPRINT(EM_ASSESS):   IF _K = CEIL (_FREQ_) THEN DO;
MPRINT(EM_ASSESS):   IF _FREQ_ < CEIL (_FREQ_) THEN _WEIGHT = _FREQ_ - FLOOR (_FREQ_);
MPRINT(EM_ASSESS):   ELSE _WEIGHT = 1;
MPRINT(EM_ASSESS):   END;
MPRINT(EM_ASSESS):   ELSE _WEIGHT = 1;
MPRINT(EM_ASSESS):   N1 + _WEIGHT;
MPRINT(EM_ASSESS):   NTARGET = _MEANTARGET ;
MPRINT(EM_ASSESS):   DECILE = MIN (20, CEIL (N1 * 20 / 396));
MPRINT(EM_ASSESS):   MINPROBS ( DECILE) = MIN (MINPROBS ( DECILE), P_diagnosisM );
MPRINT(EM_ASSESS):   MAXPROBS ( DECILE) = MAX (MAXPROBS ( DECILE), P_diagnosisM );
MPRINT(EM_ASSESS):   MNPROBS ( DECILE) = SUM (MNPROBS ( DECILE), P_diagnosisM * _WEIGHT);
MPRINT(EM_ASSESS):   NUMOBSS ( DECILE) = NUMOBSS ( DECILE) + _WEIGHT;
MPRINT(EM_ASSESS):   NUMRESPS ( DECILE) = NUMRESPS ( DECILE) + _MEANTARGET * _WEIGHT;
MPRINT(EM_ASSESS):   END;
MPRINT(EM_ASSESS):   *;
MPRINT(EM_ASSESS):   * ........ outside of do loop, Area for final ROC;
MPRINT(EM_ASSESS):   *;
MPRINT(EM_ASSESS):   *;
MPRINT(EM_ASSESS):   RANKDELTA = (ROUND ( _FREQ_ ) + 1) / 2;
MPRINT(EM_ASSESS):   RANK = UNTIEDRANK + RANKDELTA;
MPRINT(EM_ASSESS):   DROP RANK ;
MPRINT(EM_ASSESS):   SUMRANK1 + RANK * ROUND (_MEANTARGET * _FREQ_, .0000001);
MPRINT(EM_ASSESS):   UNTIEDRANK + ROUND (_FREQ_, .00000001);
MPRINT(EM_ASSESS):   *;
MPRINT(EM_ASSESS):   * ............ Area For ROC Curve;
MPRINT(EM_ASSESS):   *;
MPRINT(EM_ASSESS):   DO _K = 1 TO 1000;
MPRINT(EM_ASSESS):   IF P_diagnosisM * 1000 >= _K THEN DO;
MPRINT(EM_ASSESS):   TRUEPOSX ( _K ) + _FREQ_ * _MEANTARGET ;
MPRINT(EM_ASSESS):   FALSEPOSX ( _K ) + _FREQ_ * (1 - _MEANTARGET) ;
MPRINT(EM_ASSESS):   END;
MPRINT(EM_ASSESS):   ELSE DO;
MPRINT(EM_ASSESS):   TRUENEGX ( _K ) + _FREQ_ * ( 1 - _MEANTARGET) ;
MPRINT(EM_ASSESS):   FALSENEGX ( _K ) + _FREQ_ * _MEANTARGET ;
MPRINT(EM_ASSESS):   END;
MPRINT(EM_ASSESS):   END;
MPRINT(EM_ASSESS):   SLOT = MIN (MAX (CEIL (P_diagnosisM * 100), 1), 100) ;
MPRINT(EM_ASSESS):   DROP SLOT;
MPRINT(EM_ASSESS):   FIRSTIN ( SLOT ) = MIN ( FIRSTIN ( SLOT ), P_diagnosisM);
MPRINT(EM_ASSESS):   LASTIN ( SLOT ) = MAX ( LASTIN ( SLOT ), P_diagnosisM);
MPRINT(EM_ASSESS):   _EVENTS ( SLOT) = _EVENTS ( SLOT) + _FREQ_ * _MEANTARGET;
MPRINT(EM_ASSESS):   NONEVENTS ( SLOT) = NONEVENTS ( SLOT) + _FREQ_ * (1 - _MEANTARGET);
MPRINT(EM_ASSESS):   *;
MPRINT(EM_ASSESS):   * ........ START OF OUTDIST IN BINARY CASE MAIN DATA STEP ;
MPRINT(EM_ASSESS):   *;
MPRINT(EM_ASSESS):   SCR_MNPROBS ( SLOT ) = SUM (SCR_MNPROBS (SLOT), P_diagnosisM * _FREQ_ );
MPRINT(EM_ASSESS):   SCR_MINPROBS ( SLOT ) = MIN (SCR_MINPROBS (SLOT), P_diagnosisM );
MPRINT(EM_ASSESS):   SCR_MAXPROBS ( SLOT ) = MAX (SCR_MAXPROBS (SLOT), P_diagnosisM );
MPRINT(EM_ASSESS):   *;
MPRINT(EM_ASSESS):   * ........ End of Outdist in Binary case main DATA STEP ;
MPRINT(EM_ASSESS):   *;
MPRINT(EM_ASSESS):   IF EOF THEN DO;
MPRINT(EM_ASSESS):   PUT //;
MPRINT(EM_ASSESS):   DO K = 1 TO 20;
MPRINT(EM_ASSESS):   END;
MPRINT(EM_ASSESS):   LENGTH EVENTVALUE $ 32;
MPRINT(EM_ASSESS):   RETAIN EVENTVALUE "M" ;
MPRINT(EM_ASSESS):   *;
MPRINT(EM_ASSESS):   * ......... Start of EOF area of BINARY processing of main data set ;
MPRINT(EM_ASSESS):   *;
MPRINT(EM_ASSESS):   *;
MPRINT(EM_ASSESS):   CALL SYMPUTX ("SUMRANK1", SUMRANK1);
MPRINT(EM_ASSESS):   LENGTH DATAROLE $ 10;
MPRINT(EM_ASSESS):   RETAIN DATAROLE "TRAIN" ;
MPRINT(EM_ASSESS):   RETAIN OVLMIN 0 OVLMAX 1 ;
MPRINT(EM_ASSESS):   DROP OVLMIN OVLMAX ;
MPRINT(EM_ASSESS):   C_NUMOBS = 0;
MPRINT(EM_ASSESS):   C_NUM_RESP = 0;
MPRINT(EM_ASSESS):   C_NUM_NONRESP = 0;
MPRINT(EM_ASSESS):   C_P_RESP = 0;
MPRINT(EM_ASSESS):   P_CAPT_RESP = 0;
MPRINT(EM_ASSESS):   C_P_CAPT_RESP = 0;
MPRINT(EM_ASSESS):   PREVIOUSPROFIT = 0;
MPRINT(EM_ASSESS):   MAXPROFIT = 0;
MPRINT(EM_ASSESS):   _KS_BIN_ = 0;
MPRINT(EM_ASSESS):   DROP _KS_BIN_;
MPRINT(EM_ASSESS):   AVGNUMRESP = _NEVENTS / 20;
MPRINT(EM_ASSESS):   BASERESP = 100 * RESPRATE;
MPRINT(EM_ASSESS):   BASERESPC = BASERESP;
MPRINT(EM_ASSESS):   BASECAP = 100 / 20;
MPRINT(EM_ASSESS):   *;
MPRINT(EM_ASSESS):   * ........................Start OF Gainschart = Outranks Area;
MPRINT(EM_ASSESS):   *;
MPRINT(EM_ASSESS):   _KS_BIN_PROB = 0;
MPRINT(EM_ASSESS):   numeventwhole = floor(_NEVENTS/20);
MPRINT(EM_ASSESS):   remainevent= _NEVENTS - (numeventwhole)*20;
MPRINT(EM_ASSESS):   drop numeventwhole remainevent;
MPRINT(EM_ASSESS):   DO GROUP = 20 TO 1 BY -1;

MPRINT(EM_ASSESS):   BASECAPC + BASECAP;
MPRINT(EM_ASSESS):   PERCENTILE = GROUP * (100 / 20);
MPRINT(EM_ASSESS):   MINPROB = MINPROBS ( GROUP);
MPRINT(EM_ASSESS):   MAXPROB = MAXPROBS ( GROUP);
MPRINT(EM_ASSESS):   CALL SYMPUTX ("MINPROB" || LEFT ( PUT (GROUP, 3.)), MINPROB);
MPRINT(EM_ASSESS):   CALL SYMPUTX ("MAXPROB" || LEFT ( PUT (GROUP, 3.)), MAXPROB);
MPRINT(EM_ASSESS):   NUMOBS = NUMOBSS ( GROUP);
MPRINT(EM_ASSESS):   IF NUMOBS > 0 THEN MNPROB = MNPROBS ( GROUP) / NUMOBS;
MPRINT(EM_ASSESS):   ELSE MNPROB = .;
MPRINT(EM_ASSESS):   C_NUMOBS = SUM (NUMOBS, C_NUMOBS);
MPRINT(EM_ASSESS):   NUMRESP = NUMRESPS ( GROUP);
MPRINT(EM_ASSESS):   NUMNONRESP = NUMOBS - NUMRESP;
MPRINT(EM_ASSESS):   C_AVGNUM_RESP + AVGNUMRESP;
MPRINT(EM_ASSESS):   BASEEVENTS = numeventwhole;
MPRINT(EM_ASSESS):   if GROUP > 20-remainevent then BASEEVENTS=BASEEVENTS + 1;
MPRINT(EM_ASSESS):   IF C_NUMOBS <= _NEVENTS THEN DO;
MPRINT(EM_ASSESS):   BESTNUMEVENTS = NUMOBS;
MPRINT(EM_ASSESS):   BESTCAPC = C_NUMOBS * 100 / _NEVENTS;
MPRINT(EM_ASSESS):   END;
MPRINT(EM_ASSESS):   ELSE DO;
MPRINT(EM_ASSESS):   FLAG + 1;
MPRINT(EM_ASSESS):   DROP FLAG;
MPRINT(EM_ASSESS):   BESTNUMEVENTS = _NEVENTS - C_NUMOBS + NUMOBS;
MPRINT(EM_ASSESS):   IF FLAG > 1 THEN BESTNUMEVENTS = 0;
MPRINT(EM_ASSESS):   BESTCAPC = 100;
MPRINT(EM_ASSESS):   END;
MPRINT(EM_ASSESS):   BESTCAP = BESTNUMEVENTS * 100 / _NEVENTS;
MPRINT(EM_ASSESS):   IF C_NUMOBS <= _NEVENTS THEN DO;
MPRINT(EM_ASSESS):   BESTLIFT = ((_NEVENTS+_NNONEVENTS) / 20) /AVGNUMRESP;
MPRINT(EM_ASSESS):   END;
MPRINT(EM_ASSESS):   ELSE DO;
MPRINT(EM_ASSESS):   BESTLIFT = BESTNUMEVENTS / AVGNUMRESP;
MPRINT(EM_ASSESS):   END;
MPRINT(EM_ASSESS):   C_BESTNUMEVENTS + BESTNUMEVENTS;
MPRINT(EM_ASSESS):   DROP C_BESTNUMEVENTS;
MPRINT(EM_ASSESS):   IF C_NUMOBS > 0 THEN BESTLIFTC = C_BESTNUMEVENTS / (_NEVENTS / 396 * C_NUMOBS);
MPRINT(EM_ASSESS):   ELSE BESTLIFTC = .;
MPRINT(EM_ASSESS):   IF NUMOBS > 0 THEN DO;
MPRINT(EM_ASSESS):   BESTRESP = BESTNUMEVENTS * 100 / NUMOBS;
MPRINT(EM_ASSESS):   P_RESP = NUMRESP * 100 / NUMOBS;
MPRINT(EM_ASSESS):   P_NONRESP = NUMNONRESP * 100 / NUMOBS;
MPRINT(EM_ASSESS):   END;
MPRINT(EM_ASSESS):   ELSE DO;
MPRINT(EM_ASSESS):   BESTRESP = .;
MPRINT(EM_ASSESS):   P_RESP = .;
MPRINT(EM_ASSESS):   P_NONRESP = .;
MPRINT(EM_ASSESS):   END;
MPRINT(EM_ASSESS):   IF C_NUMOBS > 0 THEN DO;
MPRINT(EM_ASSESS):   BESTRESPC = C_BESTNUMEVENTS * 100 / C_NUMOBS;
MPRINT(EM_ASSESS):   BESTGAIN = MAX (0, ((C_BESTNUMEVENTS / C_NUMOBS ) / ( AVGNUMRESP / (396/20)) - 1) * 100);
MPRINT(EM_ASSESS):   END;
MPRINT(EM_ASSESS):   ELSE DO;
MPRINT(EM_ASSESS):   BESTRESPC = .;
MPRINT(EM_ASSESS):   BESTGAIN = .;
MPRINT(EM_ASSESS):   END;
MPRINT(EM_ASSESS):   IF NUMNONRESP > 0 THEN ODDS = NUMRESP / NUMNONRESP;
MPRINT(EM_ASSESS):   ELSE ODDS = .;
MPRINT(EM_ASSESS):   C_NUM_RESP = SUM (C_NUM_RESP , NUMRESP );
MPRINT(EM_ASSESS):   C_NUM_NONRESP = SUM (C_NUM_NONRESP, NUMNONRESP );
MPRINT(EM_ASSESS):   IF C_NUM_NONRESP > 0 THEN C_ODDS = C_NUM_RESP / C_NUM_NONRESP;
MPRINT(EM_ASSESS):   ELSE C_ODDS = .;
MPRINT(EM_ASSESS):   IF C_NUMOBS > 0 THEN DO;
MPRINT(EM_ASSESS):   C_P_RESP = C_NUM_RESP * 100 / C_NUMOBS;
MPRINT(EM_ASSESS):   GAIN = ABS(100 * (((C_NUM_RESP / C_NUMOBS ) / (_NEVENTS / 396)) - 1));
MPRINT(EM_ASSESS):   BASEGAIN = 100 * (( (C_AVGNUM_RESP /((20-GROUP+1)* 396/20) ) / ( AVGNUMRESP / (396/20))) - 1);
MPRINT(EM_ASSESS):   END;
MPRINT(EM_ASSESS):   ELSE DO;
MPRINT(EM_ASSESS):   GAIN = .;
MPRINT(EM_ASSESS):   BASEGAIN = .;
MPRINT(EM_ASSESS):   C_P_RESP = .;
MPRINT(EM_ASSESS):   END;
MPRINT(EM_ASSESS):   IF BASEGAIN <= 0 THEN BASEGAIN = 0;
MPRINT(EM_ASSESS):   P_CAPT_RESP = NUMRESP * 100 / _NEVENTS;
MPRINT(EM_ASSESS):   P_CAPT_NONRESP = NUMNONRESP * 100 / ( 396 - _NEVENTS);
MPRINT(EM_ASSESS):   C_P_CAPT_RESP = C_NUM_RESP * 100 / _NEVENTS;
MPRINT(EM_ASSESS):   C_P_CAPT_NONRESP = C_NUM_NONRESP * 100 / ( 396 - _NEVENTS);
MPRINT(EM_ASSESS):   *;
MPRINT(EM_ASSESS):   * Area For Binned KS in Outranks area;
MPRINT(EM_ASSESS):   *;
MPRINT(EM_ASSESS):   _DIFFERENCE = C_P_CAPT_RESP - C_P_CAPT_NONRESP ;
MPRINT(EM_ASSESS):   IF _KS_BIN_ < _DIFFERENCE THEN DO;
MPRINT(EM_ASSESS):   _KS_BIN_ = _DIFFERENCE;
MPRINT(EM_ASSESS):   _KS_BIN_PROB = MINPROB + (MAXPROB - MINPROB) / 2 ;
MPRINT(EM_ASSESS):   END;
MPRINT(EM_ASSESS):   LIFT = P_RESP * .01 / RESPRATE ;
MPRINT(EM_ASSESS):   C_LIFT = C_P_RESP * .01 / RESPRATE;
MPRINT(EM_ASSESS):   IF NUMOBS > 0 THEN DO;
MPRINT(EM_ASSESS):   BASELIFT = AVGNUMRESP / ( RESPRATE * 396/20 );
MPRINT(EM_ASSESS):   END;
MPRINT(EM_ASSESS):   ELSE BASELIFT = .;
MPRINT(EM_ASSESS):   IF C_NUMOBS > 0 THEN CBASELIFT = C_AVGNUM_RESP / (RESPRATE * ((20-GROUP+1)* 396/20));
MPRINT(EM_ASSESS):   ELSE CBASELIFT = .;
MPRINT(EM_ASSESS):   *;
MPRINT(EM_ASSESS):   * ........ WITHIN DO LOOP FOR OUTRANKS;
MPRINT(EM_ASSESS):   *;
MPRINT(EM_ASSESS):   BIN = 20 + 1 - GROUP;
MPRINT(EM_ASSESS):   PERCENTILE = BIN * (100 / 20);
MPRINT(EM_ASSESS):   B_C_P_RESP = PERCENTILE;
MPRINT(EM_ASSESS):   OUTPUT WORK._TEMPRANK ;
MPRINT(EM_ASSESS):   END;
MPRINT(EM_ASSESS):   *;
MPRINT(EM_ASSESS):   * ........................ END OF GAINSCHART = OUTRANKS AREA;
MPRINT(EM_ASSESS):   *;
MPRINT(EM_ASSESS):   CALL SYMPUTX ("MAXPROFITGROUP" , MAXPROFITGROUP);
MPRINT(EM_ASSESS):   CALL SYMPUTX ("MAXPROFIT" , MAXPROFIT );
MPRINT(EM_ASSESS):   KS_ABSDIFF = 0 ;
MPRINT(EM_ASSESS):   MINPRECTPR = 9999;
MPRINT(EM_ASSESS):   Y0 = 1 - RESPRATE;
MPRINT(EM_ASSESS):   Y1 = RESPRATE;
MPRINT(EM_ASSESS):   MAXMUTUAL = 0;
MPRINT(EM_ASSESS):   DROP MAXMUTUAL KSPROB Y0 Y1 KS_ABSDIFF MINPRECTPR;
MPRINT(EM_ASSESS):   *;
MPRINT(EM_ASSESS):   *;
MPRINT(EM_ASSESS):   * .....................About to start Processing Outroc ;
MPRINT(EM_ASSESS):   *;
MPRINT(EM_ASSESS):   *;
MPRINT(EM_ASSESS):   *;
MPRINT(EM_ASSESS):   *;
MPRINT(EM_ASSESS):   * ........................... Finished Processing Outroc ;
MPRINT(EM_ASSESS):   *;
MPRINT(EM_ASSESS):   *;
MPRINT(EM_ASSESS):   *;
MPRINT(EM_ASSESS):   * .............. Outdist ;
MPRINT(EM_ASSESS):   *;
MPRINT(EM_ASSESS):   BIN = 20 ;
MPRINT(EM_ASSESS):   LOWERPROB = (BIN - 1) / 20;
MPRINT(EM_ASSESS):   UPPERPROB = LOWERPROB + (1 / 20);
MPRINT(EM_ASSESS):   MODELSCORE = LOWERPROB + (1 / 20) / 2;
MPRINT(EM_ASSESS):   RANGE = COMPRESS (PUT (LOWERPROB, 4.2) || "-" || PUT (UPPERPROB, 4.2));
MPRINT(EM_ASSESS):   SCR_NUMEVENTS = SUM ( OF EVENTS96 - EVENTS100 );
MPRINT(EM_ASSESS):   SCR_P_EVENTS = SCR_NUMEVENTS * 100 / _NEVENTS;
MPRINT(EM_ASSESS):   SCR_CP_EVENTS = SUM (SCR_P_EVENTS, SCR_CP_EVENTS);
MPRINT(EM_ASSESS):   SCR_NUMNONEVENTS = SUM ( OF NONEVENTS96 - NONEVENTS100);
MPRINT(EM_ASSESS):   NUMOBSINGROUP = SUM (SCR_NUMEVENTS, SCR_NUMNONEVENTS);
MPRINT(EM_ASSESS):   IF NUMOBSINGROUP > 0 THEN SCR_MNPROB = SUM (OF SCR_MNPROB96 - SCR_MNPROB100) / NUMOBSINGROUP;
MPRINT(EM_ASSESS):   ELSE SCR_MNPROB = .;
MPRINT(EM_ASSESS):   SCR_MINPROB = MIN (OF SCR_MINPROB96 - SCR_MINPROB100) ;
MPRINT(EM_ASSESS):   SCR_MAXPROB = MAX (OF SCR_MAXPROB96 - SCR_MAXPROB100) ;
MPRINT(EM_ASSESS):   IF SCR_MINPROB = 1 THEN SCR_MINPROB = .;
MPRINT(EM_ASSESS):   IF SCR_MAXPROB = 0 THEN SCR_MAXPROB = .;
MPRINT(EM_ASSESS):   SCR_P_NONEVENTS = SCR_NUMNONEVENTS * 100 / _NNONEVENTS;
MPRINT(EM_ASSESS):   SCR_CP_NONEVENTS = SUM (SCR_P_NONEVENTS, SCR_CP_NONEVENTS);
MPRINT(EM_ASSESS):   PERCOBSINGROUP = NUMOBSINGROUP * 100 / 396;
MPRINT(EM_ASSESS):   C_PERCOBSINGROUP = SUM (C_PERCOBSINGROUP, PERCOBSINGROUP);
MPRINT(EM_ASSESS):   CALL SYMPUTX ("SCR_MINPROB" || LEFT (PUT (BIN, 3.)), LOWERPROB);
MPRINT(EM_ASSESS):   CALL SYMPUTX ("SCR_MAXPROB" || LEFT (PUT (BIN, 3.)), UPPERPROB);
MPRINT(EM_ASSESS):   BIN = 20 + 1 - 20;
MPRINT(EM_ASSESS):   OUTPUT WORK._TEMPSCOREDIST;
MPRINT(EM_ASSESS):   BIN = 19 ;
MPRINT(EM_ASSESS):   LOWERPROB = (BIN - 1) / 20;
MPRINT(EM_ASSESS):   UPPERPROB = LOWERPROB + (1 / 20);
MPRINT(EM_ASSESS):   MODELSCORE = LOWERPROB + (1 / 20) / 2;
MPRINT(EM_ASSESS):   RANGE = COMPRESS (PUT (LOWERPROB, 4.2) || "-" || PUT (UPPERPROB, 4.2));
MPRINT(EM_ASSESS):   SCR_NUMEVENTS = SUM ( OF EVENTS91 - EVENTS95 );
MPRINT(EM_ASSESS):   SCR_P_EVENTS = SCR_NUMEVENTS * 100 / _NEVENTS;
MPRINT(EM_ASSESS):   SCR_CP_EVENTS = SUM (SCR_P_EVENTS, SCR_CP_EVENTS);
MPRINT(EM_ASSESS):   SCR_NUMNONEVENTS = SUM ( OF NONEVENTS91 - NONEVENTS95);
MPRINT(EM_ASSESS):   NUMOBSINGROUP = SUM (SCR_NUMEVENTS, SCR_NUMNONEVENTS);
MPRINT(EM_ASSESS):   IF NUMOBSINGROUP > 0 THEN SCR_MNPROB = SUM (OF SCR_MNPROB91 - SCR_MNPROB95) / NUMOBSINGROUP;
MPRINT(EM_ASSESS):   ELSE SCR_MNPROB = .;
MPRINT(EM_ASSESS):   SCR_MINPROB = MIN (OF SCR_MINPROB91 - SCR_MINPROB95) ;
MPRINT(EM_ASSESS):   SCR_MAXPROB = MAX (OF SCR_MAXPROB91 - SCR_MAXPROB95) ;
MPRINT(EM_ASSESS):   IF SCR_MINPROB = 1 THEN SCR_MINPROB = .;
MPRINT(EM_ASSESS):   IF SCR_MAXPROB = 0 THEN SCR_MAXPROB = .;
MPRINT(EM_ASSESS):   SCR_P_NONEVENTS = SCR_NUMNONEVENTS * 100 / _NNONEVENTS;
MPRINT(EM_ASSESS):   SCR_CP_NONEVENTS = SUM (SCR_P_NONEVENTS, SCR_CP_NONEVENTS);
MPRINT(EM_ASSESS):   PERCOBSINGROUP = NUMOBSINGROUP * 100 / 396;
MPRINT(EM_ASSESS):   C_PERCOBSINGROUP = SUM (C_PERCOBSINGROUP, PERCOBSINGROUP);
MPRINT(EM_ASSESS):   CALL SYMPUTX ("SCR_MINPROB" || LEFT (PUT (BIN, 3.)), LOWERPROB);
MPRINT(EM_ASSESS):   CALL SYMPUTX ("SCR_MAXPROB" || LEFT (PUT (BIN, 3.)), UPPERPROB);
MPRINT(EM_ASSESS):   BIN = 20 + 1 - 19;
MPRINT(EM_ASSESS):   OUTPUT WORK._TEMPSCOREDIST;
MPRINT(EM_ASSESS):   BIN = 18 ;
MPRINT(EM_ASSESS):   LOWERPROB = (BIN - 1) / 20;
MPRINT(EM_ASSESS):   UPPERPROB = LOWERPROB + (1 / 20);
MPRINT(EM_ASSESS):   MODELSCORE = LOWERPROB + (1 / 20) / 2;
MPRINT(EM_ASSESS):   RANGE = COMPRESS (PUT (LOWERPROB, 4.2) || "-" || PUT (UPPERPROB, 4.2));
MPRINT(EM_ASSESS):   SCR_NUMEVENTS = SUM ( OF EVENTS86 - EVENTS90 );
MPRINT(EM_ASSESS):   SCR_P_EVENTS = SCR_NUMEVENTS * 100 / _NEVENTS;
MPRINT(EM_ASSESS):   SCR_CP_EVENTS = SUM (SCR_P_EVENTS, SCR_CP_EVENTS);
MPRINT(EM_ASSESS):   SCR_NUMNONEVENTS = SUM ( OF NONEVENTS86 - NONEVENTS90);
MPRINT(EM_ASSESS):   NUMOBSINGROUP = SUM (SCR_NUMEVENTS, SCR_NUMNONEVENTS);
MPRINT(EM_ASSESS):   IF NUMOBSINGROUP > 0 THEN SCR_MNPROB = SUM (OF SCR_MNPROB86 - SCR_MNPROB90) / NUMOBSINGROUP;
MPRINT(EM_ASSESS):   ELSE SCR_MNPROB = .;
MPRINT(EM_ASSESS):   SCR_MINPROB = MIN (OF SCR_MINPROB86 - SCR_MINPROB90) ;
MPRINT(EM_ASSESS):   SCR_MAXPROB = MAX (OF SCR_MAXPROB86 - SCR_MAXPROB90) ;
MPRINT(EM_ASSESS):   IF SCR_MINPROB = 1 THEN SCR_MINPROB = .;
MPRINT(EM_ASSESS):   IF SCR_MAXPROB = 0 THEN SCR_MAXPROB = .;
MPRINT(EM_ASSESS):   SCR_P_NONEVENTS = SCR_NUMNONEVENTS * 100 / _NNONEVENTS;
MPRINT(EM_ASSESS):   SCR_CP_NONEVENTS = SUM (SCR_P_NONEVENTS, SCR_CP_NONEVENTS);
MPRINT(EM_ASSESS):   PERCOBSINGROUP = NUMOBSINGROUP * 100 / 396;
MPRINT(EM_ASSESS):   C_PERCOBSINGROUP = SUM (C_PERCOBSINGROUP, PERCOBSINGROUP);
MPRINT(EM_ASSESS):   CALL SYMPUTX ("SCR_MINPROB" || LEFT (PUT (BIN, 3.)), LOWERPROB);
MPRINT(EM_ASSESS):   CALL SYMPUTX ("SCR_MAXPROB" || LEFT (PUT (BIN, 3.)), UPPERPROB);
MPRINT(EM_ASSESS):   BIN = 20 + 1 - 18;
MPRINT(EM_ASSESS):   OUTPUT WORK._TEMPSCOREDIST;
MPRINT(EM_ASSESS):   BIN = 17 ;
MPRINT(EM_ASSESS):   LOWERPROB = (BIN - 1) / 20;
MPRINT(EM_ASSESS):   UPPERPROB = LOWERPROB + (1 / 20);
MPRINT(EM_ASSESS):   MODELSCORE = LOWERPROB + (1 / 20) / 2;
MPRINT(EM_ASSESS):   RANGE = COMPRESS (PUT (LOWERPROB, 4.2) || "-" || PUT (UPPERPROB, 4.2));
MPRINT(EM_ASSESS):   SCR_NUMEVENTS = SUM ( OF EVENTS81 - EVENTS85 );
MPRINT(EM_ASSESS):   SCR_P_EVENTS = SCR_NUMEVENTS * 100 / _NEVENTS;
MPRINT(EM_ASSESS):   SCR_CP_EVENTS = SUM (SCR_P_EVENTS, SCR_CP_EVENTS);
MPRINT(EM_ASSESS):   SCR_NUMNONEVENTS = SUM ( OF NONEVENTS81 - NONEVENTS85);
MPRINT(EM_ASSESS):   NUMOBSINGROUP = SUM (SCR_NUMEVENTS, SCR_NUMNONEVENTS);
MPRINT(EM_ASSESS):   IF NUMOBSINGROUP > 0 THEN SCR_MNPROB = SUM (OF SCR_MNPROB81 - SCR_MNPROB85) / NUMOBSINGROUP;
MPRINT(EM_ASSESS):   ELSE SCR_MNPROB = .;
MPRINT(EM_ASSESS):   SCR_MINPROB = MIN (OF SCR_MINPROB81 - SCR_MINPROB85) ;
MPRINT(EM_ASSESS):   SCR_MAXPROB = MAX (OF SCR_MAXPROB81 - SCR_MAXPROB85) ;
MPRINT(EM_ASSESS):   IF SCR_MINPROB = 1 THEN SCR_MINPROB = .;
MPRINT(EM_ASSESS):   IF SCR_MAXPROB = 0 THEN SCR_MAXPROB = .;
MPRINT(EM_ASSESS):   SCR_P_NONEVENTS = SCR_NUMNONEVENTS * 100 / _NNONEVENTS;
MPRINT(EM_ASSESS):   SCR_CP_NONEVENTS = SUM (SCR_P_NONEVENTS, SCR_CP_NONEVENTS);
MPRINT(EM_ASSESS):   PERCOBSINGROUP = NUMOBSINGROUP * 100 / 396;
MPRINT(EM_ASSESS):   C_PERCOBSINGROUP = SUM (C_PERCOBSINGROUP, PERCOBSINGROUP);
MPRINT(EM_ASSESS):   CALL SYMPUTX ("SCR_MINPROB" || LEFT (PUT (BIN, 3.)), LOWERPROB);
MPRINT(EM_ASSESS):   CALL SYMPUTX ("SCR_MAXPROB" || LEFT (PUT (BIN, 3.)), UPPERPROB);
MPRINT(EM_ASSESS):   BIN = 20 + 1 - 17;
MPRINT(EM_ASSESS):   OUTPUT WORK._TEMPSCOREDIST;
MPRINT(EM_ASSESS):   BIN = 16 ;
MPRINT(EM_ASSESS):   LOWERPROB = (BIN - 1) / 20;
MPRINT(EM_ASSESS):   UPPERPROB = LOWERPROB + (1 / 20);
MPRINT(EM_ASSESS):   MODELSCORE = LOWERPROB + (1 / 20) / 2;
MPRINT(EM_ASSESS):   RANGE = COMPRESS (PUT (LOWERPROB, 4.2) || "-" || PUT (UPPERPROB, 4.2));
MPRINT(EM_ASSESS):   SCR_NUMEVENTS = SUM ( OF EVENTS76 - EVENTS80 );
MPRINT(EM_ASSESS):   SCR_P_EVENTS = SCR_NUMEVENTS * 100 / _NEVENTS;
MPRINT(EM_ASSESS):   SCR_CP_EVENTS = SUM (SCR_P_EVENTS, SCR_CP_EVENTS);
MPRINT(EM_ASSESS):   SCR_NUMNONEVENTS = SUM ( OF NONEVENTS76 - NONEVENTS80);
MPRINT(EM_ASSESS):   NUMOBSINGROUP = SUM (SCR_NUMEVENTS, SCR_NUMNONEVENTS);
MPRINT(EM_ASSESS):   IF NUMOBSINGROUP > 0 THEN SCR_MNPROB = SUM (OF SCR_MNPROB76 - SCR_MNPROB80) / NUMOBSINGROUP;
MPRINT(EM_ASSESS):   ELSE SCR_MNPROB = .;
MPRINT(EM_ASSESS):   SCR_MINPROB = MIN (OF SCR_MINPROB76 - SCR_MINPROB80) ;
MPRINT(EM_ASSESS):   SCR_MAXPROB = MAX (OF SCR_MAXPROB76 - SCR_MAXPROB80) ;
MPRINT(EM_ASSESS):   IF SCR_MINPROB = 1 THEN SCR_MINPROB = .;
MPRINT(EM_ASSESS):   IF SCR_MAXPROB = 0 THEN SCR_MAXPROB = .;
MPRINT(EM_ASSESS):   SCR_P_NONEVENTS = SCR_NUMNONEVENTS * 100 / _NNONEVENTS;
MPRINT(EM_ASSESS):   SCR_CP_NONEVENTS = SUM (SCR_P_NONEVENTS, SCR_CP_NONEVENTS);
MPRINT(EM_ASSESS):   PERCOBSINGROUP = NUMOBSINGROUP * 100 / 396;
MPRINT(EM_ASSESS):   C_PERCOBSINGROUP = SUM (C_PERCOBSINGROUP, PERCOBSINGROUP);
MPRINT(EM_ASSESS):   CALL SYMPUTX ("SCR_MINPROB" || LEFT (PUT (BIN, 3.)), LOWERPROB);
MPRINT(EM_ASSESS):   CALL SYMPUTX ("SCR_MAXPROB" || LEFT (PUT (BIN, 3.)), UPPERPROB);
MPRINT(EM_ASSESS):   BIN = 20 + 1 - 16;
MPRINT(EM_ASSESS):   OUTPUT WORK._TEMPSCOREDIST;
MPRINT(EM_ASSESS):   BIN = 15 ;
MPRINT(EM_ASSESS):   LOWERPROB = (BIN - 1) / 20;
MPRINT(EM_ASSESS):   UPPERPROB = LOWERPROB + (1 / 20);
MPRINT(EM_ASSESS):   MODELSCORE = LOWERPROB + (1 / 20) / 2;
MPRINT(EM_ASSESS):   RANGE = COMPRESS (PUT (LOWERPROB, 4.2) || "-" || PUT (UPPERPROB, 4.2));
MPRINT(EM_ASSESS):   SCR_NUMEVENTS = SUM ( OF EVENTS71 - EVENTS75 );
MPRINT(EM_ASSESS):   SCR_P_EVENTS = SCR_NUMEVENTS * 100 / _NEVENTS;
MPRINT(EM_ASSESS):   SCR_CP_EVENTS = SUM (SCR_P_EVENTS, SCR_CP_EVENTS);
MPRINT(EM_ASSESS):   SCR_NUMNONEVENTS = SUM ( OF NONEVENTS71 - NONEVENTS75);
MPRINT(EM_ASSESS):   NUMOBSINGROUP = SUM (SCR_NUMEVENTS, SCR_NUMNONEVENTS);
MPRINT(EM_ASSESS):   IF NUMOBSINGROUP > 0 THEN SCR_MNPROB = SUM (OF SCR_MNPROB71 - SCR_MNPROB75) / NUMOBSINGROUP;
MPRINT(EM_ASSESS):   ELSE SCR_MNPROB = .;
MPRINT(EM_ASSESS):   SCR_MINPROB = MIN (OF SCR_MINPROB71 - SCR_MINPROB75) ;
MPRINT(EM_ASSESS):   SCR_MAXPROB = MAX (OF SCR_MAXPROB71 - SCR_MAXPROB75) ;
MPRINT(EM_ASSESS):   IF SCR_MINPROB = 1 THEN SCR_MINPROB = .;
MPRINT(EM_ASSESS):   IF SCR_MAXPROB = 0 THEN SCR_MAXPROB = .;
MPRINT(EM_ASSESS):   SCR_P_NONEVENTS = SCR_NUMNONEVENTS * 100 / _NNONEVENTS;
MPRINT(EM_ASSESS):   SCR_CP_NONEVENTS = SUM (SCR_P_NONEVENTS, SCR_CP_NONEVENTS);
MPRINT(EM_ASSESS):   PERCOBSINGROUP = NUMOBSINGROUP * 100 / 396;
MPRINT(EM_ASSESS):   C_PERCOBSINGROUP = SUM (C_PERCOBSINGROUP, PERCOBSINGROUP);
MPRINT(EM_ASSESS):   CALL SYMPUTX ("SCR_MINPROB" || LEFT (PUT (BIN, 3.)), LOWERPROB);
MPRINT(EM_ASSESS):   CALL SYMPUTX ("SCR_MAXPROB" || LEFT (PUT (BIN, 3.)), UPPERPROB);
MPRINT(EM_ASSESS):   BIN = 20 + 1 - 15;
MPRINT(EM_ASSESS):   OUTPUT WORK._TEMPSCOREDIST;
MPRINT(EM_ASSESS):   BIN = 14 ;
MPRINT(EM_ASSESS):   LOWERPROB = (BIN - 1) / 20;
MPRINT(EM_ASSESS):   UPPERPROB = LOWERPROB + (1 / 20);
MPRINT(EM_ASSESS):   MODELSCORE = LOWERPROB + (1 / 20) / 2;
MPRINT(EM_ASSESS):   RANGE = COMPRESS (PUT (LOWERPROB, 4.2) || "-" || PUT (UPPERPROB, 4.2));
MPRINT(EM_ASSESS):   SCR_NUMEVENTS = SUM ( OF EVENTS66 - EVENTS70 );
MPRINT(EM_ASSESS):   SCR_P_EVENTS = SCR_NUMEVENTS * 100 / _NEVENTS;
MPRINT(EM_ASSESS):   SCR_CP_EVENTS = SUM (SCR_P_EVENTS, SCR_CP_EVENTS);
MPRINT(EM_ASSESS):   SCR_NUMNONEVENTS = SUM ( OF NONEVENTS66 - NONEVENTS70);
MPRINT(EM_ASSESS):   NUMOBSINGROUP = SUM (SCR_NUMEVENTS, SCR_NUMNONEVENTS);
MPRINT(EM_ASSESS):   IF NUMOBSINGROUP > 0 THEN SCR_MNPROB = SUM (OF SCR_MNPROB66 - SCR_MNPROB70) / NUMOBSINGROUP;
MPRINT(EM_ASSESS):   ELSE SCR_MNPROB = .;
MPRINT(EM_ASSESS):   SCR_MINPROB = MIN (OF SCR_MINPROB66 - SCR_MINPROB70) ;
MPRINT(EM_ASSESS):   SCR_MAXPROB = MAX (OF SCR_MAXPROB66 - SCR_MAXPROB70) ;
MPRINT(EM_ASSESS):   IF SCR_MINPROB = 1 THEN SCR_MINPROB = .;
MPRINT(EM_ASSESS):   IF SCR_MAXPROB = 0 THEN SCR_MAXPROB = .;
MPRINT(EM_ASSESS):   SCR_P_NONEVENTS = SCR_NUMNONEVENTS * 100 / _NNONEVENTS;
MPRINT(EM_ASSESS):   SCR_CP_NONEVENTS = SUM (SCR_P_NONEVENTS, SCR_CP_NONEVENTS);
MPRINT(EM_ASSESS):   PERCOBSINGROUP = NUMOBSINGROUP * 100 / 396;
MPRINT(EM_ASSESS):   C_PERCOBSINGROUP = SUM (C_PERCOBSINGROUP, PERCOBSINGROUP);
MPRINT(EM_ASSESS):   CALL SYMPUTX ("SCR_MINPROB" || LEFT (PUT (BIN, 3.)), LOWERPROB);
MPRINT(EM_ASSESS):   CALL SYMPUTX ("SCR_MAXPROB" || LEFT (PUT (BIN, 3.)), UPPERPROB);
MPRINT(EM_ASSESS):   BIN = 20 + 1 - 14;
MPRINT(EM_ASSESS):   OUTPUT WORK._TEMPSCOREDIST;
MPRINT(EM_ASSESS):   BIN = 13 ;
MPRINT(EM_ASSESS):   LOWERPROB = (BIN - 1) / 20;
MPRINT(EM_ASSESS):   UPPERPROB = LOWERPROB + (1 / 20);
MPRINT(EM_ASSESS):   MODELSCORE = LOWERPROB + (1 / 20) / 2;
MPRINT(EM_ASSESS):   RANGE = COMPRESS (PUT (LOWERPROB, 4.2) || "-" || PUT (UPPERPROB, 4.2));
MPRINT(EM_ASSESS):   SCR_NUMEVENTS = SUM ( OF EVENTS61 - EVENTS65 );
MPRINT(EM_ASSESS):   SCR_P_EVENTS = SCR_NUMEVENTS * 100 / _NEVENTS;
MPRINT(EM_ASSESS):   SCR_CP_EVENTS = SUM (SCR_P_EVENTS, SCR_CP_EVENTS);
MPRINT(EM_ASSESS):   SCR_NUMNONEVENTS = SUM ( OF NONEVENTS61 - NONEVENTS65);
MPRINT(EM_ASSESS):   NUMOBSINGROUP = SUM (SCR_NUMEVENTS, SCR_NUMNONEVENTS);
MPRINT(EM_ASSESS):   IF NUMOBSINGROUP > 0 THEN SCR_MNPROB = SUM (OF SCR_MNPROB61 - SCR_MNPROB65) / NUMOBSINGROUP;
MPRINT(EM_ASSESS):   ELSE SCR_MNPROB = .;
MPRINT(EM_ASSESS):   SCR_MINPROB = MIN (OF SCR_MINPROB61 - SCR_MINPROB65) ;
MPRINT(EM_ASSESS):   SCR_MAXPROB = MAX (OF SCR_MAXPROB61 - SCR_MAXPROB65) ;
MPRINT(EM_ASSESS):   IF SCR_MINPROB = 1 THEN SCR_MINPROB = .;
MPRINT(EM_ASSESS):   IF SCR_MAXPROB = 0 THEN SCR_MAXPROB = .;
MPRINT(EM_ASSESS):   SCR_P_NONEVENTS = SCR_NUMNONEVENTS * 100 / _NNONEVENTS;
MPRINT(EM_ASSESS):   SCR_CP_NONEVENTS = SUM (SCR_P_NONEVENTS, SCR_CP_NONEVENTS);
MPRINT(EM_ASSESS):   PERCOBSINGROUP = NUMOBSINGROUP * 100 / 396;
MPRINT(EM_ASSESS):   C_PERCOBSINGROUP = SUM (C_PERCOBSINGROUP, PERCOBSINGROUP);
MPRINT(EM_ASSESS):   CALL SYMPUTX ("SCR_MINPROB" || LEFT (PUT (BIN, 3.)), LOWERPROB);
MPRINT(EM_ASSESS):   CALL SYMPUTX ("SCR_MAXPROB" || LEFT (PUT (BIN, 3.)), UPPERPROB);
MPRINT(EM_ASSESS):   BIN = 20 + 1 - 13;
MPRINT(EM_ASSESS):   OUTPUT WORK._TEMPSCOREDIST;
MPRINT(EM_ASSESS):   BIN = 12 ;
MPRINT(EM_ASSESS):   LOWERPROB = (BIN - 1) / 20;
MPRINT(EM_ASSESS):   UPPERPROB = LOWERPROB + (1 / 20);
MPRINT(EM_ASSESS):   MODELSCORE = LOWERPROB + (1 / 20) / 2;
MPRINT(EM_ASSESS):   RANGE = COMPRESS (PUT (LOWERPROB, 4.2) || "-" || PUT (UPPERPROB, 4.2));
MPRINT(EM_ASSESS):   SCR_NUMEVENTS = SUM ( OF EVENTS56 - EVENTS60 );
MPRINT(EM_ASSESS):   SCR_P_EVENTS = SCR_NUMEVENTS * 100 / _NEVENTS;
MPRINT(EM_ASSESS):   SCR_CP_EVENTS = SUM (SCR_P_EVENTS, SCR_CP_EVENTS);
MPRINT(EM_ASSESS):   SCR_NUMNONEVENTS = SUM ( OF NONEVENTS56 - NONEVENTS60);
MPRINT(EM_ASSESS):   NUMOBSINGROUP = SUM (SCR_NUMEVENTS, SCR_NUMNONEVENTS);
MPRINT(EM_ASSESS):   IF NUMOBSINGROUP > 0 THEN SCR_MNPROB = SUM (OF SCR_MNPROB56 - SCR_MNPROB60) / NUMOBSINGROUP;
MPRINT(EM_ASSESS):   ELSE SCR_MNPROB = .;
MPRINT(EM_ASSESS):   SCR_MINPROB = MIN (OF SCR_MINPROB56 - SCR_MINPROB60) ;
MPRINT(EM_ASSESS):   SCR_MAXPROB = MAX (OF SCR_MAXPROB56 - SCR_MAXPROB60) ;
MPRINT(EM_ASSESS):   IF SCR_MINPROB = 1 THEN SCR_MINPROB = .;
MPRINT(EM_ASSESS):   IF SCR_MAXPROB = 0 THEN SCR_MAXPROB = .;
MPRINT(EM_ASSESS):   SCR_P_NONEVENTS = SCR_NUMNONEVENTS * 100 / _NNONEVENTS;
MPRINT(EM_ASSESS):   SCR_CP_NONEVENTS = SUM (SCR_P_NONEVENTS, SCR_CP_NONEVENTS);
MPRINT(EM_ASSESS):   PERCOBSINGROUP = NUMOBSINGROUP * 100 / 396;
MPRINT(EM_ASSESS):   C_PERCOBSINGROUP = SUM (C_PERCOBSINGROUP, PERCOBSINGROUP);
MPRINT(EM_ASSESS):   CALL SYMPUTX ("SCR_MINPROB" || LEFT (PUT (BIN, 3.)), LOWERPROB);
MPRINT(EM_ASSESS):   CALL SYMPUTX ("SCR_MAXPROB" || LEFT (PUT (BIN, 3.)), UPPERPROB);
MPRINT(EM_ASSESS):   BIN = 20 + 1 - 12;
MPRINT(EM_ASSESS):   OUTPUT WORK._TEMPSCOREDIST;
MPRINT(EM_ASSESS):   BIN = 11 ;
MPRINT(EM_ASSESS):   LOWERPROB = (BIN - 1) / 20;
MPRINT(EM_ASSESS):   UPPERPROB = LOWERPROB + (1 / 20);
MPRINT(EM_ASSESS):   MODELSCORE = LOWERPROB + (1 / 20) / 2;
MPRINT(EM_ASSESS):   RANGE = COMPRESS (PUT (LOWERPROB, 4.2) || "-" || PUT (UPPERPROB, 4.2));
MPRINT(EM_ASSESS):   SCR_NUMEVENTS = SUM ( OF EVENTS51 - EVENTS55 );
MPRINT(EM_ASSESS):   SCR_P_EVENTS = SCR_NUMEVENTS * 100 / _NEVENTS;
MPRINT(EM_ASSESS):   SCR_CP_EVENTS = SUM (SCR_P_EVENTS, SCR_CP_EVENTS);
MPRINT(EM_ASSESS):   SCR_NUMNONEVENTS = SUM ( OF NONEVENTS51 - NONEVENTS55);
MPRINT(EM_ASSESS):   NUMOBSINGROUP = SUM (SCR_NUMEVENTS, SCR_NUMNONEVENTS);
MPRINT(EM_ASSESS):   IF NUMOBSINGROUP > 0 THEN SCR_MNPROB = SUM (OF SCR_MNPROB51 - SCR_MNPROB55) / NUMOBSINGROUP;
MPRINT(EM_ASSESS):   ELSE SCR_MNPROB = .;
MPRINT(EM_ASSESS):   SCR_MINPROB = MIN (OF SCR_MINPROB51 - SCR_MINPROB55) ;
MPRINT(EM_ASSESS):   SCR_MAXPROB = MAX (OF SCR_MAXPROB51 - SCR_MAXPROB55) ;
MPRINT(EM_ASSESS):   IF SCR_MINPROB = 1 THEN SCR_MINPROB = .;
MPRINT(EM_ASSESS):   IF SCR_MAXPROB = 0 THEN SCR_MAXPROB = .;
MPRINT(EM_ASSESS):   SCR_P_NONEVENTS = SCR_NUMNONEVENTS * 100 / _NNONEVENTS;
MPRINT(EM_ASSESS):   SCR_CP_NONEVENTS = SUM (SCR_P_NONEVENTS, SCR_CP_NONEVENTS);
MPRINT(EM_ASSESS):   PERCOBSINGROUP = NUMOBSINGROUP * 100 / 396;
MPRINT(EM_ASSESS):   C_PERCOBSINGROUP = SUM (C_PERCOBSINGROUP, PERCOBSINGROUP);
MPRINT(EM_ASSESS):   CALL SYMPUTX ("SCR_MINPROB" || LEFT (PUT (BIN, 3.)), LOWERPROB);
MPRINT(EM_ASSESS):   CALL SYMPUTX ("SCR_MAXPROB" || LEFT (PUT (BIN, 3.)), UPPERPROB);
MPRINT(EM_ASSESS):   BIN = 20 + 1 - 11;
MPRINT(EM_ASSESS):   OUTPUT WORK._TEMPSCOREDIST;
MPRINT(EM_ASSESS):   BIN = 10 ;
MPRINT(EM_ASSESS):   LOWERPROB = (BIN - 1) / 20;
MPRINT(EM_ASSESS):   UPPERPROB = LOWERPROB + (1 / 20);
MPRINT(EM_ASSESS):   MODELSCORE = LOWERPROB + (1 / 20) / 2;
MPRINT(EM_ASSESS):   RANGE = COMPRESS (PUT (LOWERPROB, 4.2) || "-" || PUT (UPPERPROB, 4.2));
MPRINT(EM_ASSESS):   SCR_NUMEVENTS = SUM ( OF EVENTS46 - EVENTS50 );
MPRINT(EM_ASSESS):   SCR_P_EVENTS = SCR_NUMEVENTS * 100 / _NEVENTS;
MPRINT(EM_ASSESS):   SCR_CP_EVENTS = SUM (SCR_P_EVENTS, SCR_CP_EVENTS);
MPRINT(EM_ASSESS):   SCR_NUMNONEVENTS = SUM ( OF NONEVENTS46 - NONEVENTS50);
MPRINT(EM_ASSESS):   NUMOBSINGROUP = SUM (SCR_NUMEVENTS, SCR_NUMNONEVENTS);
MPRINT(EM_ASSESS):   IF NUMOBSINGROUP > 0 THEN SCR_MNPROB = SUM (OF SCR_MNPROB46 - SCR_MNPROB50) / NUMOBSINGROUP;
MPRINT(EM_ASSESS):   ELSE SCR_MNPROB = .;
MPRINT(EM_ASSESS):   SCR_MINPROB = MIN (OF SCR_MINPROB46 - SCR_MINPROB50) ;
MPRINT(EM_ASSESS):   SCR_MAXPROB = MAX (OF SCR_MAXPROB46 - SCR_MAXPROB50) ;
MPRINT(EM_ASSESS):   IF SCR_MINPROB = 1 THEN SCR_MINPROB = .;
MPRINT(EM_ASSESS):   IF SCR_MAXPROB = 0 THEN SCR_MAXPROB = .;
MPRINT(EM_ASSESS):   SCR_P_NONEVENTS = SCR_NUMNONEVENTS * 100 / _NNONEVENTS;
MPRINT(EM_ASSESS):   SCR_CP_NONEVENTS = SUM (SCR_P_NONEVENTS, SCR_CP_NONEVENTS);
MPRINT(EM_ASSESS):   PERCOBSINGROUP = NUMOBSINGROUP * 100 / 396;
MPRINT(EM_ASSESS):   C_PERCOBSINGROUP = SUM (C_PERCOBSINGROUP, PERCOBSINGROUP);
MPRINT(EM_ASSESS):   CALL SYMPUTX ("SCR_MINPROB" || LEFT (PUT (BIN, 3.)), LOWERPROB);
MPRINT(EM_ASSESS):   CALL SYMPUTX ("SCR_MAXPROB" || LEFT (PUT (BIN, 3.)), UPPERPROB);
MPRINT(EM_ASSESS):   BIN = 20 + 1 - 10;
MPRINT(EM_ASSESS):   OUTPUT WORK._TEMPSCOREDIST;
MPRINT(EM_ASSESS):   BIN = 9 ;
MPRINT(EM_ASSESS):   LOWERPROB = (BIN - 1) / 20;
MPRINT(EM_ASSESS):   UPPERPROB = LOWERPROB + (1 / 20);
MPRINT(EM_ASSESS):   MODELSCORE = LOWERPROB + (1 / 20) / 2;
MPRINT(EM_ASSESS):   RANGE = COMPRESS (PUT (LOWERPROB, 4.2) || "-" || PUT (UPPERPROB, 4.2));
MPRINT(EM_ASSESS):   SCR_NUMEVENTS = SUM ( OF EVENTS41 - EVENTS45 );
MPRINT(EM_ASSESS):   SCR_P_EVENTS = SCR_NUMEVENTS * 100 / _NEVENTS;
MPRINT(EM_ASSESS):   SCR_CP_EVENTS = SUM (SCR_P_EVENTS, SCR_CP_EVENTS);
MPRINT(EM_ASSESS):   SCR_NUMNONEVENTS = SUM ( OF NONEVENTS41 - NONEVENTS45);
MPRINT(EM_ASSESS):   NUMOBSINGROUP = SUM (SCR_NUMEVENTS, SCR_NUMNONEVENTS);
MPRINT(EM_ASSESS):   IF NUMOBSINGROUP > 0 THEN SCR_MNPROB = SUM (OF SCR_MNPROB41 - SCR_MNPROB45) / NUMOBSINGROUP;
MPRINT(EM_ASSESS):   ELSE SCR_MNPROB = .;
MPRINT(EM_ASSESS):   SCR_MINPROB = MIN (OF SCR_MINPROB41 - SCR_MINPROB45) ;
MPRINT(EM_ASSESS):   SCR_MAXPROB = MAX (OF SCR_MAXPROB41 - SCR_MAXPROB45) ;
MPRINT(EM_ASSESS):   IF SCR_MINPROB = 1 THEN SCR_MINPROB = .;
MPRINT(EM_ASSESS):   IF SCR_MAXPROB = 0 THEN SCR_MAXPROB = .;
MPRINT(EM_ASSESS):   SCR_P_NONEVENTS = SCR_NUMNONEVENTS * 100 / _NNONEVENTS;
MPRINT(EM_ASSESS):   SCR_CP_NONEVENTS = SUM (SCR_P_NONEVENTS, SCR_CP_NONEVENTS);
MPRINT(EM_ASSESS):   PERCOBSINGROUP = NUMOBSINGROUP * 100 / 396;
MPRINT(EM_ASSESS):   C_PERCOBSINGROUP = SUM (C_PERCOBSINGROUP, PERCOBSINGROUP);
MPRINT(EM_ASSESS):   CALL SYMPUTX ("SCR_MINPROB" || LEFT (PUT (BIN, 3.)), LOWERPROB);
MPRINT(EM_ASSESS):   CALL SYMPUTX ("SCR_MAXPROB" || LEFT (PUT (BIN, 3.)), UPPERPROB);
MPRINT(EM_ASSESS):   BIN = 20 + 1 - 9;
MPRINT(EM_ASSESS):   OUTPUT WORK._TEMPSCOREDIST;
MPRINT(EM_ASSESS):   BIN = 8 ;
MPRINT(EM_ASSESS):   LOWERPROB = (BIN - 1) / 20;
MPRINT(EM_ASSESS):   UPPERPROB = LOWERPROB + (1 / 20);
MPRINT(EM_ASSESS):   MODELSCORE = LOWERPROB + (1 / 20) / 2;
MPRINT(EM_ASSESS):   RANGE = COMPRESS (PUT (LOWERPROB, 4.2) || "-" || PUT (UPPERPROB, 4.2));
MPRINT(EM_ASSESS):   SCR_NUMEVENTS = SUM ( OF EVENTS36 - EVENTS40 );
MPRINT(EM_ASSESS):   SCR_P_EVENTS = SCR_NUMEVENTS * 100 / _NEVENTS;
MPRINT(EM_ASSESS):   SCR_CP_EVENTS = SUM (SCR_P_EVENTS, SCR_CP_EVENTS);
MPRINT(EM_ASSESS):   SCR_NUMNONEVENTS = SUM ( OF NONEVENTS36 - NONEVENTS40);
MPRINT(EM_ASSESS):   NUMOBSINGROUP = SUM (SCR_NUMEVENTS, SCR_NUMNONEVENTS);
MPRINT(EM_ASSESS):   IF NUMOBSINGROUP > 0 THEN SCR_MNPROB = SUM (OF SCR_MNPROB36 - SCR_MNPROB40) / NUMOBSINGROUP;
MPRINT(EM_ASSESS):   ELSE SCR_MNPROB = .;
MPRINT(EM_ASSESS):   SCR_MINPROB = MIN (OF SCR_MINPROB36 - SCR_MINPROB40) ;
MPRINT(EM_ASSESS):   SCR_MAXPROB = MAX (OF SCR_MAXPROB36 - SCR_MAXPROB40) ;
MPRINT(EM_ASSESS):   IF SCR_MINPROB = 1 THEN SCR_MINPROB = .;
MPRINT(EM_ASSESS):   IF SCR_MAXPROB = 0 THEN SCR_MAXPROB = .;
MPRINT(EM_ASSESS):   SCR_P_NONEVENTS = SCR_NUMNONEVENTS * 100 / _NNONEVENTS;
MPRINT(EM_ASSESS):   SCR_CP_NONEVENTS = SUM (SCR_P_NONEVENTS, SCR_CP_NONEVENTS);
MPRINT(EM_ASSESS):   PERCOBSINGROUP = NUMOBSINGROUP * 100 / 396;
MPRINT(EM_ASSESS):   C_PERCOBSINGROUP = SUM (C_PERCOBSINGROUP, PERCOBSINGROUP);
MPRINT(EM_ASSESS):   CALL SYMPUTX ("SCR_MINPROB" || LEFT (PUT (BIN, 3.)), LOWERPROB);
MPRINT(EM_ASSESS):   CALL SYMPUTX ("SCR_MAXPROB" || LEFT (PUT (BIN, 3.)), UPPERPROB);
MPRINT(EM_ASSESS):   BIN = 20 + 1 - 8;
MPRINT(EM_ASSESS):   OUTPUT WORK._TEMPSCOREDIST;
MPRINT(EM_ASSESS):   BIN = 7 ;
MPRINT(EM_ASSESS):   LOWERPROB = (BIN - 1) / 20;
MPRINT(EM_ASSESS):   UPPERPROB = LOWERPROB + (1 / 20);
MPRINT(EM_ASSESS):   MODELSCORE = LOWERPROB + (1 / 20) / 2;
MPRINT(EM_ASSESS):   RANGE = COMPRESS (PUT (LOWERPROB, 4.2) || "-" || PUT (UPPERPROB, 4.2));
MPRINT(EM_ASSESS):   SCR_NUMEVENTS = SUM ( OF EVENTS31 - EVENTS35 );
MPRINT(EM_ASSESS):   SCR_P_EVENTS = SCR_NUMEVENTS * 100 / _NEVENTS;
MPRINT(EM_ASSESS):   SCR_CP_EVENTS = SUM (SCR_P_EVENTS, SCR_CP_EVENTS);
MPRINT(EM_ASSESS):   SCR_NUMNONEVENTS = SUM ( OF NONEVENTS31 - NONEVENTS35);
MPRINT(EM_ASSESS):   NUMOBSINGROUP = SUM (SCR_NUMEVENTS, SCR_NUMNONEVENTS);
MPRINT(EM_ASSESS):   IF NUMOBSINGROUP > 0 THEN SCR_MNPROB = SUM (OF SCR_MNPROB31 - SCR_MNPROB35) / NUMOBSINGROUP;
MPRINT(EM_ASSESS):   ELSE SCR_MNPROB = .;
MPRINT(EM_ASSESS):   SCR_MINPROB = MIN (OF SCR_MINPROB31 - SCR_MINPROB35) ;
MPRINT(EM_ASSESS):   SCR_MAXPROB = MAX (OF SCR_MAXPROB31 - SCR_MAXPROB35) ;
MPRINT(EM_ASSESS):   IF SCR_MINPROB = 1 THEN SCR_MINPROB = .;
MPRINT(EM_ASSESS):   IF SCR_MAXPROB = 0 THEN SCR_MAXPROB = .;
MPRINT(EM_ASSESS):   SCR_P_NONEVENTS = SCR_NUMNONEVENTS * 100 / _NNONEVENTS;
MPRINT(EM_ASSESS):   SCR_CP_NONEVENTS = SUM (SCR_P_NONEVENTS, SCR_CP_NONEVENTS);
MPRINT(EM_ASSESS):   PERCOBSINGROUP = NUMOBSINGROUP * 100 / 396;
MPRINT(EM_ASSESS):   C_PERCOBSINGROUP = SUM (C_PERCOBSINGROUP, PERCOBSINGROUP);
MPRINT(EM_ASSESS):   CALL SYMPUTX ("SCR_MINPROB" || LEFT (PUT (BIN, 3.)), LOWERPROB);
MPRINT(EM_ASSESS):   CALL SYMPUTX ("SCR_MAXPROB" || LEFT (PUT (BIN, 3.)), UPPERPROB);
MPRINT(EM_ASSESS):   BIN = 20 + 1 - 7;
MPRINT(EM_ASSESS):   OUTPUT WORK._TEMPSCOREDIST;
MPRINT(EM_ASSESS):   BIN = 6 ;
MPRINT(EM_ASSESS):   LOWERPROB = (BIN - 1) / 20;
MPRINT(EM_ASSESS):   UPPERPROB = LOWERPROB + (1 / 20);
MPRINT(EM_ASSESS):   MODELSCORE = LOWERPROB + (1 / 20) / 2;
MPRINT(EM_ASSESS):   RANGE = COMPRESS (PUT (LOWERPROB, 4.2) || "-" || PUT (UPPERPROB, 4.2));
MPRINT(EM_ASSESS):   SCR_NUMEVENTS = SUM ( OF EVENTS26 - EVENTS30 );
MPRINT(EM_ASSESS):   SCR_P_EVENTS = SCR_NUMEVENTS * 100 / _NEVENTS;
MPRINT(EM_ASSESS):   SCR_CP_EVENTS = SUM (SCR_P_EVENTS, SCR_CP_EVENTS);
MPRINT(EM_ASSESS):   SCR_NUMNONEVENTS = SUM ( OF NONEVENTS26 - NONEVENTS30);
MPRINT(EM_ASSESS):   NUMOBSINGROUP = SUM (SCR_NUMEVENTS, SCR_NUMNONEVENTS);
MPRINT(EM_ASSESS):   IF NUMOBSINGROUP > 0 THEN SCR_MNPROB = SUM (OF SCR_MNPROB26 - SCR_MNPROB30) / NUMOBSINGROUP;
MPRINT(EM_ASSESS):   ELSE SCR_MNPROB = .;
MPRINT(EM_ASSESS):   SCR_MINPROB = MIN (OF SCR_MINPROB26 - SCR_MINPROB30) ;
MPRINT(EM_ASSESS):   SCR_MAXPROB = MAX (OF SCR_MAXPROB26 - SCR_MAXPROB30) ;
MPRINT(EM_ASSESS):   IF SCR_MINPROB = 1 THEN SCR_MINPROB = .;
MPRINT(EM_ASSESS):   IF SCR_MAXPROB = 0 THEN SCR_MAXPROB = .;
MPRINT(EM_ASSESS):   SCR_P_NONEVENTS = SCR_NUMNONEVENTS * 100 / _NNONEVENTS;
MPRINT(EM_ASSESS):   SCR_CP_NONEVENTS = SUM (SCR_P_NONEVENTS, SCR_CP_NONEVENTS);
MPRINT(EM_ASSESS):   PERCOBSINGROUP = NUMOBSINGROUP * 100 / 396;
MPRINT(EM_ASSESS):   C_PERCOBSINGROUP = SUM (C_PERCOBSINGROUP, PERCOBSINGROUP);
MPRINT(EM_ASSESS):   CALL SYMPUTX ("SCR_MINPROB" || LEFT (PUT (BIN, 3.)), LOWERPROB);
MPRINT(EM_ASSESS):   CALL SYMPUTX ("SCR_MAXPROB" || LEFT (PUT (BIN, 3.)), UPPERPROB);
MPRINT(EM_ASSESS):   BIN = 20 + 1 - 6;
MPRINT(EM_ASSESS):   OUTPUT WORK._TEMPSCOREDIST;
MPRINT(EM_ASSESS):   BIN = 5 ;
MPRINT(EM_ASSESS):   LOWERPROB = (BIN - 1) / 20;
MPRINT(EM_ASSESS):   UPPERPROB = LOWERPROB + (1 / 20);
MPRINT(EM_ASSESS):   MODELSCORE = LOWERPROB + (1 / 20) / 2;
MPRINT(EM_ASSESS):   RANGE = COMPRESS (PUT (LOWERPROB, 4.2) || "-" || PUT (UPPERPROB, 4.2));
MPRINT(EM_ASSESS):   SCR_NUMEVENTS = SUM ( OF EVENTS21 - EVENTS25 );
MPRINT(EM_ASSESS):   SCR_P_EVENTS = SCR_NUMEVENTS * 100 / _NEVENTS;
MPRINT(EM_ASSESS):   SCR_CP_EVENTS = SUM (SCR_P_EVENTS, SCR_CP_EVENTS);
MPRINT(EM_ASSESS):   SCR_NUMNONEVENTS = SUM ( OF NONEVENTS21 - NONEVENTS25);
MPRINT(EM_ASSESS):   NUMOBSINGROUP = SUM (SCR_NUMEVENTS, SCR_NUMNONEVENTS);
MPRINT(EM_ASSESS):   IF NUMOBSINGROUP > 0 THEN SCR_MNPROB = SUM (OF SCR_MNPROB21 - SCR_MNPROB25) / NUMOBSINGROUP;
MPRINT(EM_ASSESS):   ELSE SCR_MNPROB = .;
MPRINT(EM_ASSESS):   SCR_MINPROB = MIN (OF SCR_MINPROB21 - SCR_MINPROB25) ;
MPRINT(EM_ASSESS):   SCR_MAXPROB = MAX (OF SCR_MAXPROB21 - SCR_MAXPROB25) ;
MPRINT(EM_ASSESS):   IF SCR_MINPROB = 1 THEN SCR_MINPROB = .;
MPRINT(EM_ASSESS):   IF SCR_MAXPROB = 0 THEN SCR_MAXPROB = .;
MPRINT(EM_ASSESS):   SCR_P_NONEVENTS = SCR_NUMNONEVENTS * 100 / _NNONEVENTS;
MPRINT(EM_ASSESS):   SCR_CP_NONEVENTS = SUM (SCR_P_NONEVENTS, SCR_CP_NONEVENTS);
MPRINT(EM_ASSESS):   PERCOBSINGROUP = NUMOBSINGROUP * 100 / 396;
MPRINT(EM_ASSESS):   C_PERCOBSINGROUP = SUM (C_PERCOBSINGROUP, PERCOBSINGROUP);
MPRINT(EM_ASSESS):   CALL SYMPUTX ("SCR_MINPROB" || LEFT (PUT (BIN, 3.)), LOWERPROB);
MPRINT(EM_ASSESS):   CALL SYMPUTX ("SCR_MAXPROB" || LEFT (PUT (BIN, 3.)), UPPERPROB);
MPRINT(EM_ASSESS):   BIN = 20 + 1 - 5;
MPRINT(EM_ASSESS):   OUTPUT WORK._TEMPSCOREDIST;
MPRINT(EM_ASSESS):   BIN = 4 ;
MPRINT(EM_ASSESS):   LOWERPROB = (BIN - 1) / 20;
MPRINT(EM_ASSESS):   UPPERPROB = LOWERPROB + (1 / 20);
MPRINT(EM_ASSESS):   MODELSCORE = LOWERPROB + (1 / 20) / 2;
MPRINT(EM_ASSESS):   RANGE = COMPRESS (PUT (LOWERPROB, 4.2) || "-" || PUT (UPPERPROB, 4.2));
MPRINT(EM_ASSESS):   SCR_NUMEVENTS = SUM ( OF EVENTS16 - EVENTS20 );
MPRINT(EM_ASSESS):   SCR_P_EVENTS = SCR_NUMEVENTS * 100 / _NEVENTS;
MPRINT(EM_ASSESS):   SCR_CP_EVENTS = SUM (SCR_P_EVENTS, SCR_CP_EVENTS);
MPRINT(EM_ASSESS):   SCR_NUMNONEVENTS = SUM ( OF NONEVENTS16 - NONEVENTS20);
MPRINT(EM_ASSESS):   NUMOBSINGROUP = SUM (SCR_NUMEVENTS, SCR_NUMNONEVENTS);
MPRINT(EM_ASSESS):   IF NUMOBSINGROUP > 0 THEN SCR_MNPROB = SUM (OF SCR_MNPROB16 - SCR_MNPROB20) / NUMOBSINGROUP;
MPRINT(EM_ASSESS):   ELSE SCR_MNPROB = .;
MPRINT(EM_ASSESS):   SCR_MINPROB = MIN (OF SCR_MINPROB16 - SCR_MINPROB20) ;
MPRINT(EM_ASSESS):   SCR_MAXPROB = MAX (OF SCR_MAXPROB16 - SCR_MAXPROB20) ;
MPRINT(EM_ASSESS):   IF SCR_MINPROB = 1 THEN SCR_MINPROB = .;
MPRINT(EM_ASSESS):   IF SCR_MAXPROB = 0 THEN SCR_MAXPROB = .;
MPRINT(EM_ASSESS):   SCR_P_NONEVENTS = SCR_NUMNONEVENTS * 100 / _NNONEVENTS;
MPRINT(EM_ASSESS):   SCR_CP_NONEVENTS = SUM (SCR_P_NONEVENTS, SCR_CP_NONEVENTS);
MPRINT(EM_ASSESS):   PERCOBSINGROUP = NUMOBSINGROUP * 100 / 396;
MPRINT(EM_ASSESS):   C_PERCOBSINGROUP = SUM (C_PERCOBSINGROUP, PERCOBSINGROUP);
MPRINT(EM_ASSESS):   CALL SYMPUTX ("SCR_MINPROB" || LEFT (PUT (BIN, 3.)), LOWERPROB);
MPRINT(EM_ASSESS):   CALL SYMPUTX ("SCR_MAXPROB" || LEFT (PUT (BIN, 3.)), UPPERPROB);
MPRINT(EM_ASSESS):   BIN = 20 + 1 - 4;
MPRINT(EM_ASSESS):   OUTPUT WORK._TEMPSCOREDIST;
MPRINT(EM_ASSESS):   BIN = 3 ;
MPRINT(EM_ASSESS):   LOWERPROB = (BIN - 1) / 20;
MPRINT(EM_ASSESS):   UPPERPROB = LOWERPROB + (1 / 20);
MPRINT(EM_ASSESS):   MODELSCORE = LOWERPROB + (1 / 20) / 2;
MPRINT(EM_ASSESS):   RANGE = COMPRESS (PUT (LOWERPROB, 4.2) || "-" || PUT (UPPERPROB, 4.2));
MPRINT(EM_ASSESS):   SCR_NUMEVENTS = SUM ( OF EVENTS11 - EVENTS15 );
MPRINT(EM_ASSESS):   SCR_P_EVENTS = SCR_NUMEVENTS * 100 / _NEVENTS;
MPRINT(EM_ASSESS):   SCR_CP_EVENTS = SUM (SCR_P_EVENTS, SCR_CP_EVENTS);
MPRINT(EM_ASSESS):   SCR_NUMNONEVENTS = SUM ( OF NONEVENTS11 - NONEVENTS15);
MPRINT(EM_ASSESS):   NUMOBSINGROUP = SUM (SCR_NUMEVENTS, SCR_NUMNONEVENTS);
MPRINT(EM_ASSESS):   IF NUMOBSINGROUP > 0 THEN SCR_MNPROB = SUM (OF SCR_MNPROB11 - SCR_MNPROB15) / NUMOBSINGROUP;
MPRINT(EM_ASSESS):   ELSE SCR_MNPROB = .;
MPRINT(EM_ASSESS):   SCR_MINPROB = MIN (OF SCR_MINPROB11 - SCR_MINPROB15) ;
MPRINT(EM_ASSESS):   SCR_MAXPROB = MAX (OF SCR_MAXPROB11 - SCR_MAXPROB15) ;
MPRINT(EM_ASSESS):   IF SCR_MINPROB = 1 THEN SCR_MINPROB = .;
MPRINT(EM_ASSESS):   IF SCR_MAXPROB = 0 THEN SCR_MAXPROB = .;
MPRINT(EM_ASSESS):   SCR_P_NONEVENTS = SCR_NUMNONEVENTS * 100 / _NNONEVENTS;
MPRINT(EM_ASSESS):   SCR_CP_NONEVENTS = SUM (SCR_P_NONEVENTS, SCR_CP_NONEVENTS);
MPRINT(EM_ASSESS):   PERCOBSINGROUP = NUMOBSINGROUP * 100 / 396;
MPRINT(EM_ASSESS):   C_PERCOBSINGROUP = SUM (C_PERCOBSINGROUP, PERCOBSINGROUP);
MPRINT(EM_ASSESS):   CALL SYMPUTX ("SCR_MINPROB" || LEFT (PUT (BIN, 3.)), LOWERPROB);
MPRINT(EM_ASSESS):   CALL SYMPUTX ("SCR_MAXPROB" || LEFT (PUT (BIN, 3.)), UPPERPROB);
MPRINT(EM_ASSESS):   BIN = 20 + 1 - 3;
MPRINT(EM_ASSESS):   OUTPUT WORK._TEMPSCOREDIST;
MPRINT(EM_ASSESS):   BIN = 2 ;
MPRINT(EM_ASSESS):   LOWERPROB = (BIN - 1) / 20;
MPRINT(EM_ASSESS):   UPPERPROB = LOWERPROB + (1 / 20);
MPRINT(EM_ASSESS):   MODELSCORE = LOWERPROB + (1 / 20) / 2;
MPRINT(EM_ASSESS):   RANGE = COMPRESS (PUT (LOWERPROB, 4.2) || "-" || PUT (UPPERPROB, 4.2));
MPRINT(EM_ASSESS):   SCR_NUMEVENTS = SUM ( OF EVENTS6 - EVENTS10 );
MPRINT(EM_ASSESS):   SCR_P_EVENTS = SCR_NUMEVENTS * 100 / _NEVENTS;
MPRINT(EM_ASSESS):   SCR_CP_EVENTS = SUM (SCR_P_EVENTS, SCR_CP_EVENTS);
MPRINT(EM_ASSESS):   SCR_NUMNONEVENTS = SUM ( OF NONEVENTS6 - NONEVENTS10);
MPRINT(EM_ASSESS):   NUMOBSINGROUP = SUM (SCR_NUMEVENTS, SCR_NUMNONEVENTS);
MPRINT(EM_ASSESS):   IF NUMOBSINGROUP > 0 THEN SCR_MNPROB = SUM (OF SCR_MNPROB6 - SCR_MNPROB10) / NUMOBSINGROUP;
MPRINT(EM_ASSESS):   ELSE SCR_MNPROB = .;
MPRINT(EM_ASSESS):   SCR_MINPROB = MIN (OF SCR_MINPROB6 - SCR_MINPROB10) ;
MPRINT(EM_ASSESS):   SCR_MAXPROB = MAX (OF SCR_MAXPROB6 - SCR_MAXPROB10) ;
MPRINT(EM_ASSESS):   IF SCR_MINPROB = 1 THEN SCR_MINPROB = .;
MPRINT(EM_ASSESS):   IF SCR_MAXPROB = 0 THEN SCR_MAXPROB = .;
MPRINT(EM_ASSESS):   SCR_P_NONEVENTS = SCR_NUMNONEVENTS * 100 / _NNONEVENTS;
MPRINT(EM_ASSESS):   SCR_CP_NONEVENTS = SUM (SCR_P_NONEVENTS, SCR_CP_NONEVENTS);
MPRINT(EM_ASSESS):   PERCOBSINGROUP = NUMOBSINGROUP * 100 / 396;
MPRINT(EM_ASSESS):   C_PERCOBSINGROUP = SUM (C_PERCOBSINGROUP, PERCOBSINGROUP);
MPRINT(EM_ASSESS):   CALL SYMPUTX ("SCR_MINPROB" || LEFT (PUT (BIN, 3.)), LOWERPROB);
MPRINT(EM_ASSESS):   CALL SYMPUTX ("SCR_MAXPROB" || LEFT (PUT (BIN, 3.)), UPPERPROB);
MPRINT(EM_ASSESS):   BIN = 20 + 1 - 2;
MPRINT(EM_ASSESS):   OUTPUT WORK._TEMPSCOREDIST;
MPRINT(EM_ASSESS):   BIN = 1 ;
MPRINT(EM_ASSESS):   LOWERPROB = (BIN - 1) / 20;
MPRINT(EM_ASSESS):   UPPERPROB = LOWERPROB + (1 / 20);
MPRINT(EM_ASSESS):   MODELSCORE = LOWERPROB + (1 / 20) / 2;
MPRINT(EM_ASSESS):   RANGE = COMPRESS (PUT (LOWERPROB, 4.2) || "-" || PUT (UPPERPROB, 4.2));
MPRINT(EM_ASSESS):   SCR_NUMEVENTS = SUM ( OF EVENTS1 - EVENTS5 );
MPRINT(EM_ASSESS):   SCR_P_EVENTS = SCR_NUMEVENTS * 100 / _NEVENTS;
MPRINT(EM_ASSESS):   SCR_CP_EVENTS = SUM (SCR_P_EVENTS, SCR_CP_EVENTS);
MPRINT(EM_ASSESS):   SCR_NUMNONEVENTS = SUM ( OF NONEVENTS1 - NONEVENTS5);
MPRINT(EM_ASSESS):   NUMOBSINGROUP = SUM (SCR_NUMEVENTS, SCR_NUMNONEVENTS);
MPRINT(EM_ASSESS):   IF NUMOBSINGROUP > 0 THEN SCR_MNPROB = SUM (OF SCR_MNPROB1 - SCR_MNPROB5) / NUMOBSINGROUP;
MPRINT(EM_ASSESS):   ELSE SCR_MNPROB = .;
MPRINT(EM_ASSESS):   SCR_MINPROB = MIN (OF SCR_MINPROB1 - SCR_MINPROB5) ;
MPRINT(EM_ASSESS):   SCR_MAXPROB = MAX (OF SCR_MAXPROB1 - SCR_MAXPROB5) ;
MPRINT(EM_ASSESS):   IF SCR_MINPROB = 1 THEN SCR_MINPROB = .;
MPRINT(EM_ASSESS):   IF SCR_MAXPROB = 0 THEN SCR_MAXPROB = .;
MPRINT(EM_ASSESS):   SCR_P_NONEVENTS = SCR_NUMNONEVENTS * 100 / _NNONEVENTS;
MPRINT(EM_ASSESS):   SCR_CP_NONEVENTS = SUM (SCR_P_NONEVENTS, SCR_CP_NONEVENTS);
MPRINT(EM_ASSESS):   PERCOBSINGROUP = NUMOBSINGROUP * 100 / 396;
MPRINT(EM_ASSESS):   C_PERCOBSINGROUP = SUM (C_PERCOBSINGROUP, PERCOBSINGROUP);
MPRINT(EM_ASSESS):   CALL SYMPUTX ("SCR_MINPROB" || LEFT (PUT (BIN, 3.)), LOWERPROB);
MPRINT(EM_ASSESS):   CALL SYMPUTX ("SCR_MAXPROB" || LEFT (PUT (BIN, 3.)), UPPERPROB);
MPRINT(EM_ASSESS):   BIN = 20 + 1 - 1;
MPRINT(EM_ASSESS):   OUTPUT WORK._TEMPSCOREDIST;
MPRINT(EM_ASSESS):   CALL SYMPUTX ("KSPROB" , PUT (KSPROB, 5.3 ) );
MPRINT(EM_ASSESS):   CALL SYMPUTX ("_KS_BIN_PROB" , _KS_BIN_PROB );
MPRINT(EM_ASSESS):   CALL SYMPUTX ("_KS_BIN_" , _KS_BIN_ / 100 );
MPRINT(EM_ASSESS):   CALL SYMPUTX ("KSDIFF" , KS_ABSDIFF );
MPRINT(EM_ASSESS):   CALL SYMPUTX ("PRECTPR" , PRECTPR );
MPRINT(EM_ASSESS):   CALL SYMPUTX ("MAXMUTUALPROB" , MAXMUTUALPROB);
MPRINT(EM_ASSESS):   END;
MPRINT(EM_ASSESS):   LABEL __EVENT__ = "Event" DECILE = "Depth" BIN = "Bin" NUMOBS = "Number of Observations" ;
MPRINT(EM_ASSESS):   RUN;
MPRINT(EM_ASSESS):   *;
MPRINT(EM_ASSESS):   * RUN for large data set;
MPRINT(EM_ASSESS):   *;
MPRINT(EM_ASSESS):   PROC DATASETS NOLIST;
MPRINT(EM_ASSESS):   DELETE _AUXEVENTNAME;
MPRINT(EM_ASSESS):   QUIT;

MPRINT(EM_ASSESS):   *;
MPRINT(EM_ASSESS):   * Report Vars Area.;
MPRINT(EM_ASSESS):   *;
MPRINT(EM_ASSESS):   *;
MPRINT(EM_ASSESS):   * ...........Start OF Outdist Modification;
MPRINT(EM_ASSESS):   *;

MPRINT(EM_ASSESS):   PROC DATASETS NOLIST LIB = WORK;
MPRINT(EM_ASSESS):   MODIFY _TEMPSCOREDIST;
MPRINT(EM_ASSESS):   RENAME MODELSCORE = SCORE UPPERPROB = UPPOSTERIOR SCR_CP_EVENTS = CUMULATIVEPERCENTAGEOFEVENTS SCR_CP_NONEVENTS = CUMULATIVEPERCENTAGEOFNONEVENTS EVENTVALUE = EVENT LOWERPROB = LOWPOSTERIOR NUMOBSINGROUP = N PERCOBSINGROUP = 
PERCENTAGE SCR_MINPROB = _MINP_ SCR_MAXPROB = _MAXP_ SCR_MNPROB = _MEANP_ RANGE = P_LABEL C_PERCOBSINGROUP = CUMULATIVEPERCENTAGE SCR_NUMEVENTS = NUMBEROFEVENTS SCR_NUMNONEVENTS = NUMBEROFNONEVENTS SCR_P_EVENTS = PERCENTAGEOFEVENTS SCR_P_NONEVENTS = 
PERCENTAGEOFNONEVENTS ;
MPRINT(EM_ASSESS):   *;
MPRINT(EM_ASSESS):   * .................... OUTDIST MODIFICATION LABEL AREA;
MPRINT(EM_ASSESS):   *;
MPRINT(EM_ASSESS):   LABEL BIN = "Bin" N = "Number of Observations" P_LABEL = "Posterior Probability Range" EVENT = "Event" LOWPOSTERIOR = "Lower Bound Posterior Probability" PERCENTAGEOFEVENTS = "Percentage of Events" CUMULATIVEPERCENTAGEOFNONEVENTS = 
"Cumulative Percentage of Nonevents" CUMULATIVEPERCENTAGE = "Cumulative Percentage" PERCENTAGEOFEVENTS = "Percentage of Events" PERCENTAGEOFNONEVENTS = "Percentage of Nonevents" CUMULATIVEPERCENTAGEOFEVENTS = "Cumulative Percentage of Events" UPPOSTERIOR 
= "Upper Bound Posterior Probability" NUMBEROFEVENTS = "Number of Events" PERCENTAGE = "Percentage" NUMBEROFNONEVENTS = "Number of Nonevents" _MEANP_ = "Mean Posterior Probability" _MINP_ = "Min Posterior Probability" _MAXP_ = "Max Posterior Probability" 
SCORE = "Model Score" ;
MPRINT(EM_ASSESS):   RUN;
MPRINT(EM_ASSESS):   QUIT;
MPRINT(EM_ASSESS):   DATA WORK._TEMPSCOREDIST;
MPRINT(EM_ASSESS):   SET WORK._TEMPSCOREDIST (WHERE = (_MEANP_ > .));
MPRINT(EM_ASSESS):   RUN;
MPRINT(EM_ASSESS):   *;
MPRINT(EM_ASSESS):   * ........... END OF OUTDIST MODIFICATION;
MPRINT(EM_ASSESS):   *;
MPRINT(EM_ASSESS):   *;
MPRINT(EM_ASSESS):   * ...........Start of OUTRANKS Modification;
MPRINT(EM_ASSESS):   *;

MPRINT(EM_ASSESS):   PROC DATASETS NOLIST LIB = WORK;
MPRINT(EM_ASSESS):   MODIFY _TEMPRANK;
MPRINT(EM_ASSESS):   RENAME __EVENT__ = EVENT P_RESP = RESP C_P_CAPT_RESP = CAPC P_CAPT_RESP = CAP NUMNONRESP = NUMNEVENT NUMRESP = NUMEVENT BASEEVENTS = BASENUMBEROFEVENTS BESTNUMEVENTS = BESTNUMBEROFEVENTS MAXPROB = _MAXP_ MINPROB = _MINP_ CBASELIFT = 
BASELIFTC C_LIFT = LIFTC MNPROB = _MEANP_ PERCENTILE = DECILE NUMOBS = N NUMEVENT = NUMBEROFEVENTS C_P_RESP = RESPC ;
MPRINT(EM_ASSESS):   *;
MPRINT(EM_ASSESS):   * ................. OUTRANKS;
MPRINT(EM_ASSESS):   *;
MPRINT(EM_ASSESS):   LABEL _MAXP_ = "Max Posterior Probability" _MINP_ = "Min Posterior Probability" _MEANP_ = "Mean Posterior Probability" BASECAP = "Baseline % Captured Response" BASECAPC = "Baseline Cumulative % Captured Response" BASENUMBEROFEVENTS = 
"Baseline Number of Events" BASEGAIN = "Baseline Gain" BASELIFT = "Baseline Lift" BASELIFTC = "Baseline Cumulative Lift" BASERESP = "Baseline % Response" BASERESPC = "Baseline Cumulative % Response" BASELIFTC = "Baseline Cumulative Lift" BESTCAP = "Best % 
Captured Response" BESTCAPC = "Best Cumulative % Captured Response" BESTGAIN = "Best Gain" BESTRESP = "Best % Response" BESTRESPC = "Best Cumulative % Response" BESTLIFT = "Best Lift" BESTLIFTC = "Best Cumulative Lift" BESTNUMBEROFEVENTS = "Best Number of 
Events" CAP = "% Captured Response" CAPC = "Cumulative % Captured Response" DECILE = "Depth" GAIN = "Gain" LIFT = "Lift" LIFTC = "Cumulative Lift" NUMNEVENT = "Number of Nonevents" N = "Number of Observations" EVENT = "Event" RESPC = "Cumulative % 
Response" NUMBEROFEVENTS = "Number of Events" RESP = "% Response" ;
MPRINT(EM_ASSESS):   RUN;
MPRINT(EM_ASSESS):   QUIT;
MPRINT(EM_ASSESS):   DATA WORK._TEMPRANK;
MPRINT(EM_ASSESS):   SET WORK._TEMPRANK (WHERE = (_MEANP_ > .));
MPRINT(EM_ASSESS):   RUN;
MPRINT(EM_ASSESS):   proc datasets lib=work nolist;
MPRINT(EM_ASSESS):   delete _ea_tmpdata;
MPRINT(EM_ASSESS):   run;
MPRINT(EM_ASSESS):   quit;
MPRINT(EM_ASSESS):  ;
MPRINT(EM_ASSESS):   OPTION ERRORS = 20;
MPRINT(EM_DIAGRAM):  ;
MPRINT(EM_DIAGRAM):    data WORK._TEMPRANK;
MPRINT(EM_DIAGRAM):   length target $32 TARGETLABEL $200 dataRole $20;
MPRINT(EM_DIAGRAM):   label TARGETLABEL = "Target Label";
MPRINT(EM_DIAGRAM):   set WORK._TEMPRANK;
MPRINT(EM_DIAGRAM):   retain target "diagnosis";
MPRINT(EM_DIAGRAM):   retain dataRole "TRAIN";
MPRINT(EM_DIAGRAM):   run;
MPRINT(EM_DIAGRAM):   data EMWS1.Tree6_EMRANK;
MPRINT(EM_DIAGRAM):   set WORK._TEMPRANK;
MPRINT(EM_DIAGRAM):   run;
MPRINT(EM_DIAGRAM):    data WORK._TEMPSCOREDIST;
MPRINT(EM_DIAGRAM):   length target $32 TARGETLABEL $200 dataRole $20;
MPRINT(EM_DIAGRAM):   label TARGETLABEL = "Target Label";
MPRINT(EM_DIAGRAM):   set WORK._TEMPSCOREDIST;
MPRINT(EM_DIAGRAM):   retain target "diagnosis";
MPRINT(EM_DIAGRAM):   retain dataRole "TRAIN";
MPRINT(EM_DIAGRAM):   run;
MPRINT(EM_DIAGRAM):   data EMWS1.Tree6_EMSCOREDIST;
MPRINT(EM_DIAGRAM):   set WORK._TEMPSCOREDIST;
MPRINT(EM_DIAGRAM):   run;
76692      data EM_temp_assessMeta;
MPRINT(EM_DIAGRAM):    data EM_temp_assessMeta;
76693      set EMWS1.Tree6_CMeta_TRAIN;
MPRINT(EM_DIAGRAM):   set EMWS1.Tree6_CMeta_TRAIN;
76694      where role in('DECISION', 'PREDICT', 'RESIDUAL', 'CLASSIFICATION', 'ASSESS', 'COST');
MPRINT(EM_DIAGRAM):   where role in('DECISION', 'PREDICT', 'RESIDUAL', 'CLASSIFICATION', 'ASSESS', 'COST');
76695      run;
MPRINT(EM_DIAGRAM):   run;

NOTE: There were 12 observations read from the data set EMWS1.TREE6_CMETA_TRAIN.
      WHERE role in ('ASSESS', 'CLASSIFICATION', 'COST', 'DECISION', 'PREDICT', 'RESIDUAL');
NOTE: The data set WORK.EM_TEMP_ASSESSMETA has 12 observations and 21 variables.
NOTE: DATA statement used (Total process time):
      real time           0.01 seconds
      cpu time            0.01 seconds
      

76696      data EM_temp_assessdata;
MPRINT(EM_DIAGRAM):    data EM_temp_assessdata;
76697      set EMWS1.Tree6_VALIDATE(keep=
76698      F_diagnosis
76699      I_diagnosis
76700      P_diagnosisB
76701      P_diagnosisM
76702      Q_diagnosisB
76703      Q_diagnosisM
76704      R_diagnosisB
76705      R_diagnosisM
76706      U_diagnosis
76707      V_diagnosisB
76708      V_diagnosisM
76709      _WARN_
76710      diagnosis
76711      );
MPRINT(EM_DIAGRAM):   set EMWS1.Tree6_VALIDATE(keep= F_diagnosis I_diagnosis P_diagnosisB P_diagnosisM Q_diagnosisB Q_diagnosisM R_diagnosisB R_diagnosisM U_diagnosis V_diagnosisB V_diagnosisM _WARN_ diagnosis );
76712      run;
MPRINT(EM_DIAGRAM):   run;

NOTE: Variable _WARN_ is uninitialized.
NOTE: View EMWS1.TREE6_VALIDATE.VIEW used (Total process time):
      real time           0.03 seconds
      cpu time            0.04 seconds
      
NOTE: There were 173 observations read from the data set EMWS1.PART2_VALIDATE.
NOTE: There were 173 observations read from the data set EMWS1.TREE6_VALIDATE.
NOTE: The data set WORK.EM_TEMP_ASSESSDATA has 173 observations and 13 variables.
NOTE: DATA statement used (Total process time):
      real time           0.05 seconds
      cpu time            0.04 seconds
      

MPRINT(EM_DIAGRAM):    proc freq data=EM_temp_assessdata noprint;
MPRINT(EM_DIAGRAM):   table I_diagnosis*F_diagnosis / out = WORK.Tree6_3ARQGCO nocol norow outpct;
MPRINT(EM_DIAGRAM):   run;
MPRINT(EM_DIAGRAM):    data WORK.Tree6_3ARQGCO;
MPRINT(EM_DIAGRAM):   length _TYPE_ $10 DATAROLE TARGET $32 TARGETLABEL $200 FROM INTO $32 CORRECTTEXT $40 ;
MPRINT(EM_DIAGRAM):   label _TYPE_ = "Outcome Type";
MPRINT(EM_DIAGRAM):   label DATAROLE = "Data Role";
MPRINT(EM_DIAGRAM):   label TARGET = "Target Variable";
MPRINT(EM_DIAGRAM):   label TARGETLABEL = "Target Label";
MPRINT(EM_DIAGRAM):   label FROM = "Target";
MPRINT(EM_DIAGRAM):   label INTO = "Outcome";
MPRINT(EM_DIAGRAM):   label PCT_ROW = "Target Percentage";
MPRINT(EM_DIAGRAM):   label PCT_COL = "Outcome Percentage";
MPRINT(EM_DIAGRAM):   label COUNT = "Frequency Count";
MPRINT(EM_DIAGRAM):   label PERCENT = "Total Percentage";
MPRINT(EM_DIAGRAM):   label CORRECTTEXT = "Correct Text";
MPRINT(EM_DIAGRAM):   label CORRECT = "Correct";
MPRINT(EM_DIAGRAM):   set WORK.Tree6_3ARQGCO(rename=(F_diagnosis=FROM I_diagnosis=INTO));
MPRINT(EM_DIAGRAM):   retain _TYPE_ 'PREDICTION' DATAROLE "VALIDATE" TARGET "diagnosis";
MPRINT(EM_DIAGRAM):   if FROM eq INTO then do;
MPRINT(EM_DIAGRAM):   CORRECT = 0;
MPRINT(EM_DIAGRAM):   CORRECTTEXT="Correct";
MPRINT(EM_DIAGRAM):   end;
MPRINT(EM_DIAGRAM):   else do;
MPRINT(EM_DIAGRAM):   CORRECT = 1;
MPRINT(EM_DIAGRAM):   CORRECTTEXT="Incorrect";
MPRINT(EM_DIAGRAM):   end;
MPRINT(EM_DIAGRAM):   run;
MPRINT(EM_DIAGRAM):    data EMWS1.Tree6_EMCLASSIFICATION;
MPRINT(EM_DIAGRAM):   set EMWS1.Tree6_EMCLASSIFICATION WORK.Tree6_3ARQGCO;
MPRINT(EM_DIAGRAM):   run;
MPRINT(EM_DIAGRAM):    data WORK.MISCREPORT;
MPRINT(EM_DIAGRAM):   set WORK.Tree6_3ARQGCO;
MPRINT(EM_DIAGRAM):   run;
MPRINT(EM_DIAGRAM):    data WORK.MISCREPORT(drop=INTO FROM _TYPE_);
MPRINT(EM_DIAGRAM):   set WORK.MISCREPORT;
MPRINT(EM_DIAGRAM):   length MISC $12;
MPRINT(EM_DIAGRAM):   if FROM='M' and INTO='M' then MISC='TRUEEVENT';
MPRINT(EM_DIAGRAM):   else if FROM='M' and INTO ne 'M' then MISC='FALSENEVENT';
MPRINT(EM_DIAGRAM):   else if FROM ne 'M' and INTO='M' then MISC='FALSEEVENT';
MPRINT(EM_DIAGRAM):   else if FROM ne'M' and INTO ne 'M' then MISC='TRUENEVENT';
MPRINT(EM_DIAGRAM):   run;
MPRINT(EM_DIAGRAM):   proc sort data=WORK.MISCREPORT nothreads;
MPRINT(EM_DIAGRAM):   by DATAROLE TARGET;
MPRINT(EM_DIAGRAM):   run;
MPRINT(EM_DIAGRAM):   proc summary data=WORK.MISCREPORT NWAY;
MPRINT(EM_DIAGRAM):   output out=WORK.MISCCOUNT(drop=_FREQ_ _TYPE_) SUM=COUNT;
MPRINT(EM_DIAGRAM):   CLASS MISC;
MPRINT(EM_DIAGRAM):   VAR COUNT;
MPRINT(EM_DIAGRAM):   by DATAROLE TARGET;
MPRINT(EM_DIAGRAM):   run;
MPRINT(EM_DIAGRAM):   proc transpose data=WORK.MISCCOUNT out=WORK.MISCREPORT(drop=_NAME_ _LABEL_);
MPRINT(EM_DIAGRAM):   by DATAROLE TARGET;
MPRINT(EM_DIAGRAM):   ID MISC;
MPRINT(EM_DIAGRAM):   run;
MPRINT(EM_DIAGRAM):    data EMWS1.Tree6_EMEVENTREPORT;
MPRINT(EM_DIAGRAM):   length TARGETLABEL $200;
MPRINT(EM_DIAGRAM):   label TARGETLABEL = "Target Label";
MPRINT(EM_DIAGRAM):   set EMWS1.Tree6_EMEVENTREPORT WORK.MISCREPORT;
MPRINT(EM_DIAGRAM):   run;
MPRINT(EM_DIAGRAM):    data ASSESS_REPORTMETA;
MPRINT(EM_DIAGRAM):   set EMWS1.Tree6_VariableSet;
MPRINT(EM_DIAGRAM):   where REPORT='Y';
MPRINT(EM_DIAGRAM):   run;
MPRINT(EM_DIAGRAM):   filename temp catalog 'sashelp.emassmt.em_assess.source';
MPRINT(EM_DIAGRAM):   filename temp;
MPRINT(EM_DIAGRAM):    data _null_;
MPRINT(EM_DIAGRAM):   set EMWS1.Tree6_diagnosis_DM;
MPRINT(EM_DIAGRAM):   where _TYPE_="TARGET";
MPRINT(EM_DIAGRAM):   call symput('ASSMT_EVENT', strip(event));
MPRINT(EM_DIAGRAM):   run;
MPRINT(EM_DIAGRAM):   
MPRINT(EM_ASSESS):   data _ea_tmpdata;
MPRINT(EM_ASSESS):   set EM_temp_assessdata;
MPRINT(EM_ASSESS):   _tmpfreqvar_=1;
MPRINT(EM_ASSESS):   run;
MPRINT(EM_CHECKEMSETINIT):   DATA _NULL_;
MPRINT(EM_CHECKEMSETINIT):   EM_SETINIT = 'N';
MPRINT(EM_CHECKEMSETINIT):   IF SYSPROD('PRODNUM50') THEN EM_SETINIT = 'Y';
MPRINT(EM_CHECKEMSETINIT):   ELSE IF SYSPROD('PRODNUM448') THEN EM_SETINIT = 'Y';
MPRINT(EM_CHECKEMSETINIT):   ELSE IF SYSPROD('PRODNUM102') THEN EM_SETINIT = 'Y';
MPRINT(EM_CHECKEMSETINIT):   ELSE IF SYSPROD('PRODNUM103') THEN EM_SETINIT = 'Y';
MPRINT(EM_CHECKEMSETINIT):   CALL SYMPUT('EM_SETINIT', EM_SETINIT);
MPRINT(EM_CHECKEMSETINIT):   RUN;
MPRINT(EM_ASSESS):  ;
MPRINT(EM_ASSESS):   *;
MPRINT(EM_ASSESS):   * ............ Reading in reporting data set;
MPRINT(EM_ASSESS):   *;
MPRINT(EM_ASSESS):   DATA _NULL_;
MPRINT(EM_ASSESS):   SET ASSESS_REPORTMETA END = EOF;
MPRINT(EM_ASSESS):   IF TYPE = "C" OR UPCASE (LEVEL) IN ("NOMINAL", "BINARY" , "ORDINAL") THEN DO;
MPRINT(EM_ASSESS):   IF UPCASE (NAME) NE UPCASE ("F_diagnosis") THEN DO;
MPRINT(EM_ASSESS):   NUMCTOREPORT + 1;
MPRINT(EM_ASSESS):   CALL SYMPUTX ("REPORTC" || LEFT (PUT (NUMCTOREPORT, 5.)), NAME);
MPRINT(EM_ASSESS):   END;
MPRINT(EM_ASSESS):   ELSE CALL SYMPUTX ("RPRT_TRGT", "C");
MPRINT(EM_ASSESS):   END;
MPRINT(EM_ASSESS):   ELSE IF TYPE = "N" THEN DO;
MPRINT(EM_ASSESS):   IF UPCASE(NAME) NE UPCASE ("F_diagnosis") THEN DO;
MPRINT(EM_ASSESS):   NUMNTOREPORT + 1;
MPRINT(EM_ASSESS):   CALL SYMPUTX ("REPORTN" || LEFT (PUT (NUMNTOREPORT, 5.)), NAME);
MPRINT(EM_ASSESS):   END;
MPRINT(EM_ASSESS):   ELSE CALL SYMPUTX ("RPRT_TRGT", "N");
MPRINT(EM_ASSESS):   END;
MPRINT(EM_ASSESS):   IF EOF THEN DO;
MPRINT(EM_ASSESS):   CALL SYMPUTX ("NUMNTOREPORT", NUMNTOREPORT);
MPRINT(EM_ASSESS):   CALL SYMPUTX ("NUMCTOREPORT", NUMCTOREPORT);
MPRINT(EM_ASSESS):   CALL SYMPUTX ("NUMTOREPORT", SUM (NUMNTOREPORT, NUMCTOREPORT));
MPRINT(EM_ASSESS):   END;
MPRINT(EM_ASSESS):   RUN;
MPRINT(EM_ASSESS):   PROC DMDB DATA = _ea_tmpdata VAROUT = VAROUT DMDBCAT = _D CLASSOUT = _ASSMT_CLASSOUT;
MPRINT(EM_ASSESS):   CLASS F_diagnosis ;

MPRINT(EM_ASSESS):   VAR P_diagnosisM _tmpfreqvar_ ;
MPRINT(EM_ASSESS):   FREQ _tmpfreqvar_;
MPRINT(EM_ASSESS):   RUN ;
MPRINT(EM_ASSESS):   QUIT;
MPRINT(EM_ASSESS):   PROC SORT DATA = _ASSMT_CLASSOUT;
MPRINT(EM_ASSESS):   BY NAME;
MPRINT(EM_ASSESS):   RUN;
MPRINT(EM_ASSESS):   DATA _auxeventname (keep = __event__) ;
MPRINT(EM_ASSESS):   * ;
MPRINT(EM_ASSESS):   * ...FLAG0_1 = ..... TARGET IS 0, 1 & EVENT = 1;

MPRINT(EM_ASSESS):   ;
MPRINT(EM_ASSESS):   length __event__ $ 32;
MPRINT(EM_ASSESS):   RETAIN FLAG0_1 1 NUM1 . NUM0 . __event__ "_missing_" ;

MPRINT(EM_ASSESS):   SET _ASSMT_CLASSOUT END = EOF;
MPRINT(EM_ASSESS):   BY NAME;
MPRINT(EM_ASSESS):   *;
MPRINT(EM_ASSESS):   *;
MPRINT(EM_ASSESS):   * ....... LEVEL = BINARY OR NOMINAL OR ORDINAL;
MPRINT(EM_ASSESS):   *;
MPRINT(EM_ASSESS):   *;

MPRINT(EM_ASSESS):   IF UPCASE(NAME) = UPCASE ("F_diagnosis") THEN DO;
MPRINT(EM_ASSESS):   CUMFREQ + FREQUENCY;
MPRINT(EM_ASSESS):   IF LEVEL NE "." THEN DO;
MPRINT(EM_ASSESS):   N1 + 1;
MPRINT(EM_ASSESS):   IF (NRAW NE 0 AND NRAW NE 1) OR TYPE NE "N" OR "" > " " THEN FLAG0_1 = 0;
MPRINT(EM_ASSESS):   * ;
MPRINT(EM_ASSESS):   * ......................... IF EVENT NE BLANK;
MPRINT(EM_ASSESS):   * ....................LEVEL IS CHAR VAR ;
MPRINT(EM_ASSESS):   * ;
MPRINT(EM_ASSESS):   IF UPCASE("M") = UPCASE(LEVEL) THEN DO;
MPRINT(EM_ASSESS):   NUM1 = FREQUENCY;
MPRINT(EM_ASSESS):   IF TYPE = "C" THEN do;
MPRINT(EM_ASSESS):   CALL SYMPUTX ("EVENTVALUERAW", CRAW );
MPRINT(EM_ASSESS):   __event__ = craw;
MPRINT(EM_ASSESS):   end;
MPRINT(EM_ASSESS):   ELSE do;
MPRINT(EM_ASSESS):   CALL SYMPUTX ("EVENTVALUERAW", NRAW );
MPRINT(EM_ASSESS):   __event__ = nraw;
MPRINT(EM_ASSESS):   end;
MPRINT(EM_ASSESS):   END;
MPRINT(EM_ASSESS):   IF LAST.NAME THEN DO;

MPRINT(EM_ASSESS):   * ;
MPRINT(EM_ASSESS):   * .............. IN NOMINAL CASE, NEED TO GROUP ALL '0' ;
MPRINT(EM_ASSESS):   *;

MPRINT(EM_ASSESS):   NUM0 = SUM (CUMFREQ, - NUM1);
MPRINT(EM_ASSESS):   IF NUM0 < 0 THEN NUM0 = 0;
MPRINT(EM_ASSESS):   IF NUM1 = . THEN NUM1 = 0;
MPRINT(EM_ASSESS):   CALL SYMPUTX ("NUM0", NUM0 );
MPRINT(EM_ASSESS):   CALL SYMPUTX ("NUM1", NUM1);
MPRINT(EM_ASSESS):   CALL SYMPUTX ("PNUM1", NUM1 / CUMFREQ);
MPRINT(EM_ASSESS):   CALL SYMPUTX ("PNUM0", (CUMFREQ - NUM1) / CUMFREQ);
MPRINT(EM_ASSESS):   IF TYPE = "C" THEN DO;
MPRINT(EM_ASSESS):   FLAG0_1 = 0;
MPRINT(EM_ASSESS):   CALL SYMPUTX ("TARGETTYPE", "C" );
MPRINT(EM_ASSESS):   END;
MPRINT(EM_ASSESS):   ELSE IF TYPE = "N" THEN DO;
MPRINT(EM_ASSESS):   IF "" = " " THEN DO;
MPRINT(EM_ASSESS):   IF "M" NE "1" THEN FLAG0_1 = 0;
MPRINT(EM_ASSESS):   END;
MPRINT(EM_ASSESS):   CALL SYMPUTX ("TARGETTYPE", "N" );
MPRINT(EM_ASSESS):   END;
MPRINT(EM_ASSESS):   * ................... IF TYPE = N;
MPRINT(EM_ASSESS):   CALL SYMPUTX ("FLAG0_1", FLAG0_1 );
MPRINT(EM_ASSESS):   END;
MPRINT(EM_ASSESS):   * ..................IF LAST.NAME ;
MPRINT(EM_ASSESS):   END;
MPRINT(EM_ASSESS):   * ...............IF LEVEL NE '.' ;
MPRINT(EM_ASSESS):   END;
MPRINT(EM_ASSESS):   * .............. IF NAME = TARGET;
MPRINT(EM_ASSESS):   ELSE IF "" > " " AND UPCASE(NAME) = UPCASE("") THEN DO;
MPRINT(EM_ASSESS):   NUMDECISIONS + 1;
MPRINT(EM_ASSESS):   LEVEL = TRANSLATE (LEVEL, "_", "'", "_", '"');
MPRINT(EM_ASSESS):   CALL SYMPUTX ("D_LABEL" || LEFT (PUT (NUMDECISIONS, 3.)), LEVEL );
MPRINT(EM_ASSESS):   END;
MPRINT(EM_ASSESS):   * ..................... ELSE IF UPCASE;
MPRINT(EM_ASSESS):   IF EOF THEN DO;
MPRINT(EM_ASSESS):   output _auxeventname;
MPRINT(EM_ASSESS):   CALL SYMPUTX ("NUMOBS", CUMFREQ);
MPRINT(EM_ASSESS):   CALL SYMPUTX ("NUMDECISIONS", NUMDECISIONS);
MPRINT(EM_ASSESS):   END;
MPRINT(EM_ASSESS):   RUN;
MPRINT(EM_ASSESS):   DATA _NULL_;
MPRINT(EM_ASSESS):   SET VAROUT END = EOF;
MPRINT(EM_ASSESS):   IF UPCASE (NAME) = UPCASE ("P_diagnosisM") THEN DO;
MPRINT(EM_ASSESS):   IF N = 0 THEN DO;
MPRINT(EM_ASSESS):   PUT //// "          Warning: All posterior probabilities are missing values ";
MPRINT(EM_ASSESS):   PUT ///;
MPRINT(EM_ASSESS):   CALL SYMPUTX ("ALLMISS", 1);
MPRINT(EM_ASSESS):   STOP;
MPRINT(EM_ASSESS):   END;
MPRINT(EM_ASSESS):   ELSE CALL SYMPUTX ("ALLMISS", 0);
MPRINT(EM_ASSESS):   CALL SYMPUTX ("MINPROB", MIN);
MPRINT(EM_ASSESS):   CALL SYMPUTX ("MAXPROB", MAX);
MPRINT(EM_ASSESS):   CALL SYMPUTX ("DIFF", MAX - MIN);
MPRINT(EM_ASSESS):   CALL SYMPUTX ("NMISSPROB", NMISS);
MPRINT(EM_ASSESS):   END;
MPRINT(EM_ASSESS):   ELSE IF UPCASE (NAME) = UPCASE ("_tmpfreqvar_") THEN DO;
MPRINT(EM_ASSESS):   AUXMIN = MIN - INT (MIN);
MPRINT(EM_ASSESS):   AUXMAX = MAX - INT (MAX);
MPRINT(EM_ASSESS):   IF AUXMIN > 0 OR AUXMAX > 0 THEN CALL SYMPUTX ("USEWEIGHT", "Y");
MPRINT(EM_ASSESS):   ELSE CALL SYMPUTX ("USEWEIGHT", "N");
MPRINT(EM_ASSESS):   END;
MPRINT(EM_ASSESS):   RUN;
MPRINT(EM_ASSESS):   DATA _ANY0;
MPRINT(EM_ASSESS):   SET _ea_tmpdata (KEEP = F_diagnosis P_diagnosisM _tmpfreqvar_ );
MPRINT(EM_ASSESS):   *;
MPRINT(EM_ASSESS):   * ................... No Formats;
MPRINT(EM_ASSESS):   *;
MPRINT(EM_ASSESS):   IF LEFT ( F_diagnosis ) = "M" THEN NTARGET = 1;
MPRINT(EM_ASSESS):   ELSE NTARGET = 0;
MPRINT(EM_ASSESS):   RUN;
MPRINT(EM_ASSESS):   *;
MPRINT(EM_ASSESS):   * .............. Before proc summary of binary case;
MPRINT(EM_ASSESS):   *;
MPRINT(EM_ASSESS):   PROC SUMMARY DATA = _ANY0 (KEEP = P_diagnosisM NTARGET _tmpfreqvar_ WHERE = (NTARGET > . )) NWAY MISSING;
MPRINT(EM_ASSESS):   ;
MPRINT(EM_ASSESS):   CLASS P_diagnosisM ;
MPRINT(EM_ASSESS):   VAR NTARGET ;
MPRINT(EM_ASSESS):   FREQ _tmpfreqvar_ ;
MPRINT(EM_ASSESS):   OUTPUT OUT = ANYSUM (DROP = _TYPE_) MEAN = _MEANTARGET _MEANFREQVAR ;
MPRINT(EM_ASSESS):   RUN;
MPRINT(EM_ASSESS):   QUIT;
MPRINT(EM_ASSESS):   ;
MPRINT(EM_ASSESS):   *;
MPRINT(EM_ASSESS):   * .................... Main Data Set Processing, Binary case;
MPRINT(EM_ASSESS):   *;

MPRINT(EM_ASSESS):   DATA WORK._TEMPRANK (KEEP = BASECAPC BASECAP __EVENT__ BASEEVENTS BASEGAIN BASELIFT BASERESP BASERESPC BESTCAP BESTCAPC BESTGAIN BESTLIFT BESTLIFTC BESTNUMEVENTS BESTRESP BESTRESPC BIN CBASELIFT C_LIFT C_P_CAPT_RESP C_P_RESP GAIN LIFT 
MAXPROB MINPROB MNPROB NUMNONRESP NUMOBS NUMRESP PERCENTILE P_CAPT_RESP P_RESP ) WORK._TEMPSCOREDIST (KEEP = BIN LOWERPROB UPPERPROB EVENTVALUE SCR_NUMEVENTS MODELSCORE SCR_NUMNONEVENTS RANGE NUMOBSINGROUP PERCOBSINGROUP C_PERCOBSINGROUP SCR_P_EVENTS 
SCR_CP_EVENTS SCR_P_NONEVENTS SCR_CP_NONEVENTS SCR_MNPROB SCR_MINPROB SCR_MAXPROB ) ;

MPRINT(EM_ASSESS):   SET ANYSUM END = EOF;

MPRINT(EM_ASSESS):   IF _N_ = 1 THEN SET _AUXEVENTNAME;

MPRINT(EM_ASSESS):   RETAIN MINPROB1 - MINPROB20 1 MAXPROB1 - MAXPROB20 0 MNPROB1 - MNPROB20 0 NUMOBS1 - NUMOBS20 0 NUMRESP1 - NUMRESP20 0 TRUEPOS1 - TRUEPOS1000 0 TRUENEG1 - TRUENEG1000 0 FALSEPOS1 - FALSEPOS1000 0 FALSENEG1 - FALSENEG1000 0 EVENTS1 - 
EVENTS1000 NONEVENTS1 - NONEVENTS1000 0 FIRSTIN1 - FIRSTIN1000 . LASTIN1 - LASTIN1000 . RESPRATE 0.3757225434 _NEVENTS 65 _NNONEVENTS 108 TARGET "NTARGET" ;
MPRINT(EM_ASSESS):   ARRAY MINPROBS (20) MINPROB1 - MINPROB20;
MPRINT(EM_ASSESS):   ARRAY MAXPROBS (20) MAXPROB1 - MAXPROB20;
MPRINT(EM_ASSESS):   ARRAY MNPROBS (20) MNPROB1 - MNPROB20;
MPRINT(EM_ASSESS):   ARRAY NUMOBSS (20) NUMOBS1 - NUMOBS20;
MPRINT(EM_ASSESS):   ARRAY NUMRESPS (20) NUMRESP1 - NUMRESP20;
MPRINT(EM_ASSESS):   ARRAY TRUEPOSX (1000) TRUEPOS1 - TRUEPOS1000;
MPRINT(EM_ASSESS):   ARRAY FALSEPOSX (1000) FALSEPOS1 - FALSEPOS1000;
MPRINT(EM_ASSESS):   ARRAY FALSENEGX (1000) FALSENEG1 - FALSENEG1000;
MPRINT(EM_ASSESS):   ARRAY TRUENEGX (1000) TRUENEG1 - TRUENEG1000;
MPRINT(EM_ASSESS):   ARRAY _EVENTS (1000) EVENTS1 - EVENTS1000;
MPRINT(EM_ASSESS):   ARRAY NONEVENTS (1000) NONEVENTS1 - NONEVENTS1000;
MPRINT(EM_ASSESS):   ARRAY FIRSTIN (1000) FIRSTIN1 - FIRSTIN1000;
MPRINT(EM_ASSESS):   ARRAY LASTIN (1000) LASTIN1 - LASTIN1000;
MPRINT(EM_ASSESS):   RETAIN SCR_MNPROB1 - SCR_MNPROB1000 0 SCR_MINPROB1 - SCR_MINPROB1000 1 SCR_MAXPROB1 - SCR_MAXPROB1000 0;
MPRINT(EM_ASSESS):   ARRAY SCR_MNPROBS (1000) SCR_MNPROB1 - SCR_MNPROB1000;
MPRINT(EM_ASSESS):   ARRAY SCR_MINPROBS (1000) SCR_MINPROB1 - SCR_MINPROB1000;
MPRINT(EM_ASSESS):   ARRAY SCR_MAXPROBS (1000) SCR_MAXPROB1 - SCR_MAXPROB1000;
MPRINT(EM_ASSESS):   DROP SCR_MINPROB1 - SCR_MINPROB1000 SCR_MAXPROB1 - SCR_MAXPROB1000 SCR_MNPROB1 - SCR_MNPROB1000 ;
MPRINT(EM_ASSESS):   *;
MPRINT(EM_ASSESS):   * ...... Area For 8 Financials ;
MPRINT(EM_ASSESS):   *;
MPRINT(EM_ASSESS):   IF _MEANTARGET = . THEN _MEANTARGET = RESPRATE;
MPRINT(EM_ASSESS):   DROP N1 _K SUMWEIGHTS ;
MPRINT(EM_ASSESS):   SUMWEIGHTS = 1;

MPRINT(EM_ASSESS):   DO _K = 1 TO CEIL (_FREQ_);
MPRINT(EM_ASSESS):   IF _K = CEIL (_FREQ_) THEN DO;
MPRINT(EM_ASSESS):   IF _FREQ_ < CEIL (_FREQ_) THEN _WEIGHT = _FREQ_ - FLOOR (_FREQ_);
MPRINT(EM_ASSESS):   ELSE _WEIGHT = 1;
MPRINT(EM_ASSESS):   END;
MPRINT(EM_ASSESS):   ELSE _WEIGHT = 1;
MPRINT(EM_ASSESS):   N1 + _WEIGHT;
MPRINT(EM_ASSESS):   NTARGET = _MEANTARGET ;
MPRINT(EM_ASSESS):   DECILE = MIN (20, CEIL (N1 * 20 / 173));
MPRINT(EM_ASSESS):   MINPROBS ( DECILE) = MIN (MINPROBS ( DECILE), P_diagnosisM );
MPRINT(EM_ASSESS):   MAXPROBS ( DECILE) = MAX (MAXPROBS ( DECILE), P_diagnosisM );
MPRINT(EM_ASSESS):   MNPROBS ( DECILE) = SUM (MNPROBS ( DECILE), P_diagnosisM * _WEIGHT);
MPRINT(EM_ASSESS):   NUMOBSS ( DECILE) = NUMOBSS ( DECILE) + _WEIGHT;
MPRINT(EM_ASSESS):   NUMRESPS ( DECILE) = NUMRESPS ( DECILE) + _MEANTARGET * _WEIGHT;
MPRINT(EM_ASSESS):   END;
MPRINT(EM_ASSESS):   *;
MPRINT(EM_ASSESS):   * ........ outside of do loop, Area for final ROC;
MPRINT(EM_ASSESS):   *;
MPRINT(EM_ASSESS):   *;
MPRINT(EM_ASSESS):   RANKDELTA = (ROUND ( _FREQ_ ) + 1) / 2;
MPRINT(EM_ASSESS):   RANK = UNTIEDRANK + RANKDELTA;
MPRINT(EM_ASSESS):   DROP RANK ;
MPRINT(EM_ASSESS):   SUMRANK1 + RANK * ROUND (_MEANTARGET * _FREQ_, .0000001);
MPRINT(EM_ASSESS):   UNTIEDRANK + ROUND (_FREQ_, .00000001);
MPRINT(EM_ASSESS):   *;
MPRINT(EM_ASSESS):   * ............ Area For ROC Curve;
MPRINT(EM_ASSESS):   *;
MPRINT(EM_ASSESS):   DO _K = 1 TO 1000;
MPRINT(EM_ASSESS):   IF P_diagnosisM * 1000 >= _K THEN DO;
MPRINT(EM_ASSESS):   TRUEPOSX ( _K ) + _FREQ_ * _MEANTARGET ;
MPRINT(EM_ASSESS):   FALSEPOSX ( _K ) + _FREQ_ * (1 - _MEANTARGET) ;
MPRINT(EM_ASSESS):   END;
MPRINT(EM_ASSESS):   ELSE DO;
MPRINT(EM_ASSESS):   TRUENEGX ( _K ) + _FREQ_ * ( 1 - _MEANTARGET) ;
MPRINT(EM_ASSESS):   FALSENEGX ( _K ) + _FREQ_ * _MEANTARGET ;
MPRINT(EM_ASSESS):   END;
MPRINT(EM_ASSESS):   END;
MPRINT(EM_ASSESS):   SLOT = MIN (MAX (CEIL (P_diagnosisM * 100), 1), 100) ;
MPRINT(EM_ASSESS):   DROP SLOT;
MPRINT(EM_ASSESS):   FIRSTIN ( SLOT ) = MIN ( FIRSTIN ( SLOT ), P_diagnosisM);
MPRINT(EM_ASSESS):   LASTIN ( SLOT ) = MAX ( LASTIN ( SLOT ), P_diagnosisM);
MPRINT(EM_ASSESS):   _EVENTS ( SLOT) = _EVENTS ( SLOT) + _FREQ_ * _MEANTARGET;
MPRINT(EM_ASSESS):   NONEVENTS ( SLOT) = NONEVENTS ( SLOT) + _FREQ_ * (1 - _MEANTARGET);
MPRINT(EM_ASSESS):   *;
MPRINT(EM_ASSESS):   * ........ START OF OUTDIST IN BINARY CASE MAIN DATA STEP ;
MPRINT(EM_ASSESS):   *;
MPRINT(EM_ASSESS):   SCR_MNPROBS ( SLOT ) = SUM (SCR_MNPROBS (SLOT), P_diagnosisM * _FREQ_ );
MPRINT(EM_ASSESS):   SCR_MINPROBS ( SLOT ) = MIN (SCR_MINPROBS (SLOT), P_diagnosisM );
MPRINT(EM_ASSESS):   SCR_MAXPROBS ( SLOT ) = MAX (SCR_MAXPROBS (SLOT), P_diagnosisM );
MPRINT(EM_ASSESS):   *;
MPRINT(EM_ASSESS):   * ........ End of Outdist in Binary case main DATA STEP ;
MPRINT(EM_ASSESS):   *;
MPRINT(EM_ASSESS):   IF EOF THEN DO;
MPRINT(EM_ASSESS):   PUT //;
MPRINT(EM_ASSESS):   DO K = 1 TO 20;
MPRINT(EM_ASSESS):   END;
MPRINT(EM_ASSESS):   LENGTH EVENTVALUE $ 32;
MPRINT(EM_ASSESS):   RETAIN EVENTVALUE "M" ;
MPRINT(EM_ASSESS):   *;
MPRINT(EM_ASSESS):   * ......... Start of EOF area of BINARY processing of main data set ;
MPRINT(EM_ASSESS):   *;
MPRINT(EM_ASSESS):   *;
MPRINT(EM_ASSESS):   CALL SYMPUTX ("SUMRANK1", SUMRANK1);
MPRINT(EM_ASSESS):   LENGTH DATAROLE $ 10;
MPRINT(EM_ASSESS):   RETAIN DATAROLE "VALIDATE" ;
MPRINT(EM_ASSESS):   RETAIN OVLMIN 0 OVLMAX 1 ;
MPRINT(EM_ASSESS):   DROP OVLMIN OVLMAX ;
MPRINT(EM_ASSESS):   C_NUMOBS = 0;
MPRINT(EM_ASSESS):   C_NUM_RESP = 0;
MPRINT(EM_ASSESS):   C_NUM_NONRESP = 0;
MPRINT(EM_ASSESS):   C_P_RESP = 0;
MPRINT(EM_ASSESS):   P_CAPT_RESP = 0;
MPRINT(EM_ASSESS):   C_P_CAPT_RESP = 0;
MPRINT(EM_ASSESS):   PREVIOUSPROFIT = 0;
MPRINT(EM_ASSESS):   MAXPROFIT = 0;
MPRINT(EM_ASSESS):   _KS_BIN_ = 0;
MPRINT(EM_ASSESS):   DROP _KS_BIN_;
MPRINT(EM_ASSESS):   AVGNUMRESP = _NEVENTS / 20;
MPRINT(EM_ASSESS):   BASERESP = 100 * RESPRATE;
MPRINT(EM_ASSESS):   BASERESPC = BASERESP;
MPRINT(EM_ASSESS):   BASECAP = 100 / 20;
MPRINT(EM_ASSESS):   *;
MPRINT(EM_ASSESS):   * ........................Start OF Gainschart = Outranks Area;
MPRINT(EM_ASSESS):   *;
MPRINT(EM_ASSESS):   _KS_BIN_PROB = 0;
MPRINT(EM_ASSESS):   numeventwhole = floor(_NEVENTS/20);
MPRINT(EM_ASSESS):   remainevent= _NEVENTS - (numeventwhole)*20;
MPRINT(EM_ASSESS):   drop numeventwhole remainevent;
MPRINT(EM_ASSESS):   DO GROUP = 20 TO 1 BY -1;

MPRINT(EM_ASSESS):   BASECAPC + BASECAP;
MPRINT(EM_ASSESS):   PERCENTILE = GROUP * (100 / 20);
MPRINT(EM_ASSESS):   MINPROB = MINPROBS ( GROUP);
MPRINT(EM_ASSESS):   MAXPROB = MAXPROBS ( GROUP);
MPRINT(EM_ASSESS):   CALL SYMPUTX ("MINPROB" || LEFT ( PUT (GROUP, 3.)), MINPROB);
MPRINT(EM_ASSESS):   CALL SYMPUTX ("MAXPROB" || LEFT ( PUT (GROUP, 3.)), MAXPROB);
MPRINT(EM_ASSESS):   NUMOBS = NUMOBSS ( GROUP);
MPRINT(EM_ASSESS):   IF NUMOBS > 0 THEN MNPROB = MNPROBS ( GROUP) / NUMOBS;
MPRINT(EM_ASSESS):   ELSE MNPROB = .;
MPRINT(EM_ASSESS):   C_NUMOBS = SUM (NUMOBS, C_NUMOBS);
MPRINT(EM_ASSESS):   NUMRESP = NUMRESPS ( GROUP);
MPRINT(EM_ASSESS):   NUMNONRESP = NUMOBS - NUMRESP;
MPRINT(EM_ASSESS):   C_AVGNUM_RESP + AVGNUMRESP;
MPRINT(EM_ASSESS):   BASEEVENTS = numeventwhole;
MPRINT(EM_ASSESS):   if GROUP > 20-remainevent then BASEEVENTS=BASEEVENTS + 1;
MPRINT(EM_ASSESS):   IF C_NUMOBS <= _NEVENTS THEN DO;
MPRINT(EM_ASSESS):   BESTNUMEVENTS = NUMOBS;
MPRINT(EM_ASSESS):   BESTCAPC = C_NUMOBS * 100 / _NEVENTS;
MPRINT(EM_ASSESS):   END;
MPRINT(EM_ASSESS):   ELSE DO;
MPRINT(EM_ASSESS):   FLAG + 1;
MPRINT(EM_ASSESS):   DROP FLAG;
MPRINT(EM_ASSESS):   BESTNUMEVENTS = _NEVENTS - C_NUMOBS + NUMOBS;
MPRINT(EM_ASSESS):   IF FLAG > 1 THEN BESTNUMEVENTS = 0;
MPRINT(EM_ASSESS):   BESTCAPC = 100;
MPRINT(EM_ASSESS):   END;
MPRINT(EM_ASSESS):   BESTCAP = BESTNUMEVENTS * 100 / _NEVENTS;
MPRINT(EM_ASSESS):   IF C_NUMOBS <= _NEVENTS THEN DO;
MPRINT(EM_ASSESS):   BESTLIFT = ((_NEVENTS+_NNONEVENTS) / 20) /AVGNUMRESP;
MPRINT(EM_ASSESS):   END;
MPRINT(EM_ASSESS):   ELSE DO;
MPRINT(EM_ASSESS):   BESTLIFT = BESTNUMEVENTS / AVGNUMRESP;
MPRINT(EM_ASSESS):   END;
MPRINT(EM_ASSESS):   C_BESTNUMEVENTS + BESTNUMEVENTS;
MPRINT(EM_ASSESS):   DROP C_BESTNUMEVENTS;
MPRINT(EM_ASSESS):   IF C_NUMOBS > 0 THEN BESTLIFTC = C_BESTNUMEVENTS / (_NEVENTS / 173 * C_NUMOBS);
MPRINT(EM_ASSESS):   ELSE BESTLIFTC = .;
MPRINT(EM_ASSESS):   IF NUMOBS > 0 THEN DO;
MPRINT(EM_ASSESS):   BESTRESP = BESTNUMEVENTS * 100 / NUMOBS;
MPRINT(EM_ASSESS):   P_RESP = NUMRESP * 100 / NUMOBS;
MPRINT(EM_ASSESS):   P_NONRESP = NUMNONRESP * 100 / NUMOBS;
MPRINT(EM_ASSESS):   END;
MPRINT(EM_ASSESS):   ELSE DO;
MPRINT(EM_ASSESS):   BESTRESP = .;
MPRINT(EM_ASSESS):   P_RESP = .;
MPRINT(EM_ASSESS):   P_NONRESP = .;
MPRINT(EM_ASSESS):   END;
MPRINT(EM_ASSESS):   IF C_NUMOBS > 0 THEN DO;
MPRINT(EM_ASSESS):   BESTRESPC = C_BESTNUMEVENTS * 100 / C_NUMOBS;
MPRINT(EM_ASSESS):   BESTGAIN = MAX (0, ((C_BESTNUMEVENTS / C_NUMOBS ) / ( AVGNUMRESP / (173/20)) - 1) * 100);
MPRINT(EM_ASSESS):   END;
MPRINT(EM_ASSESS):   ELSE DO;
MPRINT(EM_ASSESS):   BESTRESPC = .;
MPRINT(EM_ASSESS):   BESTGAIN = .;
MPRINT(EM_ASSESS):   END;
MPRINT(EM_ASSESS):   IF NUMNONRESP > 0 THEN ODDS = NUMRESP / NUMNONRESP;
MPRINT(EM_ASSESS):   ELSE ODDS = .;
MPRINT(EM_ASSESS):   C_NUM_RESP = SUM (C_NUM_RESP , NUMRESP );
MPRINT(EM_ASSESS):   C_NUM_NONRESP = SUM (C_NUM_NONRESP, NUMNONRESP );
MPRINT(EM_ASSESS):   IF C_NUM_NONRESP > 0 THEN C_ODDS = C_NUM_RESP / C_NUM_NONRESP;
MPRINT(EM_ASSESS):   ELSE C_ODDS = .;
MPRINT(EM_ASSESS):   IF C_NUMOBS > 0 THEN DO;
MPRINT(EM_ASSESS):   C_P_RESP = C_NUM_RESP * 100 / C_NUMOBS;
MPRINT(EM_ASSESS):   GAIN = ABS(100 * (((C_NUM_RESP / C_NUMOBS ) / (_NEVENTS / 173)) - 1));
MPRINT(EM_ASSESS):   BASEGAIN = 100 * (( (C_AVGNUM_RESP /((20-GROUP+1)* 173/20) ) / ( AVGNUMRESP / (173/20))) - 1);
MPRINT(EM_ASSESS):   END;
MPRINT(EM_ASSESS):   ELSE DO;
MPRINT(EM_ASSESS):   GAIN = .;
MPRINT(EM_ASSESS):   BASEGAIN = .;
MPRINT(EM_ASSESS):   C_P_RESP = .;
MPRINT(EM_ASSESS):   END;
MPRINT(EM_ASSESS):   IF BASEGAIN <= 0 THEN BASEGAIN = 0;
MPRINT(EM_ASSESS):   P_CAPT_RESP = NUMRESP * 100 / _NEVENTS;
MPRINT(EM_ASSESS):   P_CAPT_NONRESP = NUMNONRESP * 100 / ( 173 - _NEVENTS);
MPRINT(EM_ASSESS):   C_P_CAPT_RESP = C_NUM_RESP * 100 / _NEVENTS;
MPRINT(EM_ASSESS):   C_P_CAPT_NONRESP = C_NUM_NONRESP * 100 / ( 173 - _NEVENTS);
MPRINT(EM_ASSESS):   *;
MPRINT(EM_ASSESS):   * Area For Binned KS in Outranks area;
MPRINT(EM_ASSESS):   *;
MPRINT(EM_ASSESS):   _DIFFERENCE = C_P_CAPT_RESP - C_P_CAPT_NONRESP ;
MPRINT(EM_ASSESS):   IF _KS_BIN_ < _DIFFERENCE THEN DO;
MPRINT(EM_ASSESS):   _KS_BIN_ = _DIFFERENCE;
MPRINT(EM_ASSESS):   _KS_BIN_PROB = MINPROB + (MAXPROB - MINPROB) / 2 ;
MPRINT(EM_ASSESS):   END;
MPRINT(EM_ASSESS):   LIFT = P_RESP * .01 / RESPRATE ;
MPRINT(EM_ASSESS):   C_LIFT = C_P_RESP * .01 / RESPRATE;
MPRINT(EM_ASSESS):   IF NUMOBS > 0 THEN DO;
MPRINT(EM_ASSESS):   BASELIFT = AVGNUMRESP / ( RESPRATE * 173/20 );
MPRINT(EM_ASSESS):   END;
MPRINT(EM_ASSESS):   ELSE BASELIFT = .;
MPRINT(EM_ASSESS):   IF C_NUMOBS > 0 THEN CBASELIFT = C_AVGNUM_RESP / (RESPRATE * ((20-GROUP+1)* 173/20));
MPRINT(EM_ASSESS):   ELSE CBASELIFT = .;
MPRINT(EM_ASSESS):   *;
MPRINT(EM_ASSESS):   * ........ WITHIN DO LOOP FOR OUTRANKS;
MPRINT(EM_ASSESS):   *;
MPRINT(EM_ASSESS):   BIN = 20 + 1 - GROUP;
MPRINT(EM_ASSESS):   PERCENTILE = BIN * (100 / 20);
MPRINT(EM_ASSESS):   B_C_P_RESP = PERCENTILE;
MPRINT(EM_ASSESS):   OUTPUT WORK._TEMPRANK ;
MPRINT(EM_ASSESS):   END;
MPRINT(EM_ASSESS):   *;
MPRINT(EM_ASSESS):   * ........................ END OF GAINSCHART = OUTRANKS AREA;
MPRINT(EM_ASSESS):   *;
MPRINT(EM_ASSESS):   CALL SYMPUTX ("MAXPROFITGROUP" , MAXPROFITGROUP);
MPRINT(EM_ASSESS):   CALL SYMPUTX ("MAXPROFIT" , MAXPROFIT );
MPRINT(EM_ASSESS):   KS_ABSDIFF = 0 ;
MPRINT(EM_ASSESS):   MINPRECTPR = 9999;
MPRINT(EM_ASSESS):   Y0 = 1 - RESPRATE;
MPRINT(EM_ASSESS):   Y1 = RESPRATE;
MPRINT(EM_ASSESS):   MAXMUTUAL = 0;
MPRINT(EM_ASSESS):   DROP MAXMUTUAL KSPROB Y0 Y1 KS_ABSDIFF MINPRECTPR;
MPRINT(EM_ASSESS):   *;
MPRINT(EM_ASSESS):   *;
MPRINT(EM_ASSESS):   * .....................About to start Processing Outroc ;
MPRINT(EM_ASSESS):   *;
MPRINT(EM_ASSESS):   *;
MPRINT(EM_ASSESS):   *;
MPRINT(EM_ASSESS):   *;
MPRINT(EM_ASSESS):   * ........................... Finished Processing Outroc ;
MPRINT(EM_ASSESS):   *;
MPRINT(EM_ASSESS):   *;
MPRINT(EM_ASSESS):   *;
MPRINT(EM_ASSESS):   * .............. Outdist ;
MPRINT(EM_ASSESS):   *;
MPRINT(EM_ASSESS):   BIN = 20 ;
MPRINT(EM_ASSESS):   LOWERPROB = (BIN - 1) / 20;
MPRINT(EM_ASSESS):   UPPERPROB = LOWERPROB + (1 / 20);
MPRINT(EM_ASSESS):   MODELSCORE = LOWERPROB + (1 / 20) / 2;
MPRINT(EM_ASSESS):   RANGE = COMPRESS (PUT (LOWERPROB, 4.2) || "-" || PUT (UPPERPROB, 4.2));
MPRINT(EM_ASSESS):   SCR_NUMEVENTS = SUM ( OF EVENTS96 - EVENTS100 );
MPRINT(EM_ASSESS):   SCR_P_EVENTS = SCR_NUMEVENTS * 100 / _NEVENTS;
MPRINT(EM_ASSESS):   SCR_CP_EVENTS = SUM (SCR_P_EVENTS, SCR_CP_EVENTS);
MPRINT(EM_ASSESS):   SCR_NUMNONEVENTS = SUM ( OF NONEVENTS96 - NONEVENTS100);
MPRINT(EM_ASSESS):   NUMOBSINGROUP = SUM (SCR_NUMEVENTS, SCR_NUMNONEVENTS);
MPRINT(EM_ASSESS):   IF NUMOBSINGROUP > 0 THEN SCR_MNPROB = SUM (OF SCR_MNPROB96 - SCR_MNPROB100) / NUMOBSINGROUP;
MPRINT(EM_ASSESS):   ELSE SCR_MNPROB = .;
MPRINT(EM_ASSESS):   SCR_MINPROB = MIN (OF SCR_MINPROB96 - SCR_MINPROB100) ;
MPRINT(EM_ASSESS):   SCR_MAXPROB = MAX (OF SCR_MAXPROB96 - SCR_MAXPROB100) ;
MPRINT(EM_ASSESS):   IF SCR_MINPROB = 1 THEN SCR_MINPROB = .;
MPRINT(EM_ASSESS):   IF SCR_MAXPROB = 0 THEN SCR_MAXPROB = .;
MPRINT(EM_ASSESS):   SCR_P_NONEVENTS = SCR_NUMNONEVENTS * 100 / _NNONEVENTS;
MPRINT(EM_ASSESS):   SCR_CP_NONEVENTS = SUM (SCR_P_NONEVENTS, SCR_CP_NONEVENTS);
MPRINT(EM_ASSESS):   PERCOBSINGROUP = NUMOBSINGROUP * 100 / 173;
MPRINT(EM_ASSESS):   C_PERCOBSINGROUP = SUM (C_PERCOBSINGROUP, PERCOBSINGROUP);
MPRINT(EM_ASSESS):   CALL SYMPUTX ("SCR_MINPROB" || LEFT (PUT (BIN, 3.)), LOWERPROB);
MPRINT(EM_ASSESS):   CALL SYMPUTX ("SCR_MAXPROB" || LEFT (PUT (BIN, 3.)), UPPERPROB);
MPRINT(EM_ASSESS):   BIN = 20 + 1 - 20;
MPRINT(EM_ASSESS):   OUTPUT WORK._TEMPSCOREDIST;
MPRINT(EM_ASSESS):   BIN = 19 ;
MPRINT(EM_ASSESS):   LOWERPROB = (BIN - 1) / 20;
MPRINT(EM_ASSESS):   UPPERPROB = LOWERPROB + (1 / 20);
MPRINT(EM_ASSESS):   MODELSCORE = LOWERPROB + (1 / 20) / 2;
MPRINT(EM_ASSESS):   RANGE = COMPRESS (PUT (LOWERPROB, 4.2) || "-" || PUT (UPPERPROB, 4.2));
MPRINT(EM_ASSESS):   SCR_NUMEVENTS = SUM ( OF EVENTS91 - EVENTS95 );
MPRINT(EM_ASSESS):   SCR_P_EVENTS = SCR_NUMEVENTS * 100 / _NEVENTS;
MPRINT(EM_ASSESS):   SCR_CP_EVENTS = SUM (SCR_P_EVENTS, SCR_CP_EVENTS);
MPRINT(EM_ASSESS):   SCR_NUMNONEVENTS = SUM ( OF NONEVENTS91 - NONEVENTS95);
MPRINT(EM_ASSESS):   NUMOBSINGROUP = SUM (SCR_NUMEVENTS, SCR_NUMNONEVENTS);
MPRINT(EM_ASSESS):   IF NUMOBSINGROUP > 0 THEN SCR_MNPROB = SUM (OF SCR_MNPROB91 - SCR_MNPROB95) / NUMOBSINGROUP;
MPRINT(EM_ASSESS):   ELSE SCR_MNPROB = .;
MPRINT(EM_ASSESS):   SCR_MINPROB = MIN (OF SCR_MINPROB91 - SCR_MINPROB95) ;
MPRINT(EM_ASSESS):   SCR_MAXPROB = MAX (OF SCR_MAXPROB91 - SCR_MAXPROB95) ;
MPRINT(EM_ASSESS):   IF SCR_MINPROB = 1 THEN SCR_MINPROB = .;
MPRINT(EM_ASSESS):   IF SCR_MAXPROB = 0 THEN SCR_MAXPROB = .;
MPRINT(EM_ASSESS):   SCR_P_NONEVENTS = SCR_NUMNONEVENTS * 100 / _NNONEVENTS;
MPRINT(EM_ASSESS):   SCR_CP_NONEVENTS = SUM (SCR_P_NONEVENTS, SCR_CP_NONEVENTS);
MPRINT(EM_ASSESS):   PERCOBSINGROUP = NUMOBSINGROUP * 100 / 173;
MPRINT(EM_ASSESS):   C_PERCOBSINGROUP = SUM (C_PERCOBSINGROUP, PERCOBSINGROUP);
MPRINT(EM_ASSESS):   CALL SYMPUTX ("SCR_MINPROB" || LEFT (PUT (BIN, 3.)), LOWERPROB);
MPRINT(EM_ASSESS):   CALL SYMPUTX ("SCR_MAXPROB" || LEFT (PUT (BIN, 3.)), UPPERPROB);
MPRINT(EM_ASSESS):   BIN = 20 + 1 - 19;
MPRINT(EM_ASSESS):   OUTPUT WORK._TEMPSCOREDIST;
MPRINT(EM_ASSESS):   BIN = 18 ;
MPRINT(EM_ASSESS):   LOWERPROB = (BIN - 1) / 20;
MPRINT(EM_ASSESS):   UPPERPROB = LOWERPROB + (1 / 20);
MPRINT(EM_ASSESS):   MODELSCORE = LOWERPROB + (1 / 20) / 2;
MPRINT(EM_ASSESS):   RANGE = COMPRESS (PUT (LOWERPROB, 4.2) || "-" || PUT (UPPERPROB, 4.2));
MPRINT(EM_ASSESS):   SCR_NUMEVENTS = SUM ( OF EVENTS86 - EVENTS90 );
MPRINT(EM_ASSESS):   SCR_P_EVENTS = SCR_NUMEVENTS * 100 / _NEVENTS;
MPRINT(EM_ASSESS):   SCR_CP_EVENTS = SUM (SCR_P_EVENTS, SCR_CP_EVENTS);
MPRINT(EM_ASSESS):   SCR_NUMNONEVENTS = SUM ( OF NONEVENTS86 - NONEVENTS90);
MPRINT(EM_ASSESS):   NUMOBSINGROUP = SUM (SCR_NUMEVENTS, SCR_NUMNONEVENTS);
MPRINT(EM_ASSESS):   IF NUMOBSINGROUP > 0 THEN SCR_MNPROB = SUM (OF SCR_MNPROB86 - SCR_MNPROB90) / NUMOBSINGROUP;
MPRINT(EM_ASSESS):   ELSE SCR_MNPROB = .;
MPRINT(EM_ASSESS):   SCR_MINPROB = MIN (OF SCR_MINPROB86 - SCR_MINPROB90) ;
MPRINT(EM_ASSESS):   SCR_MAXPROB = MAX (OF SCR_MAXPROB86 - SCR_MAXPROB90) ;
MPRINT(EM_ASSESS):   IF SCR_MINPROB = 1 THEN SCR_MINPROB = .;
MPRINT(EM_ASSESS):   IF SCR_MAXPROB = 0 THEN SCR_MAXPROB = .;
MPRINT(EM_ASSESS):   SCR_P_NONEVENTS = SCR_NUMNONEVENTS * 100 / _NNONEVENTS;
MPRINT(EM_ASSESS):   SCR_CP_NONEVENTS = SUM (SCR_P_NONEVENTS, SCR_CP_NONEVENTS);
MPRINT(EM_ASSESS):   PERCOBSINGROUP = NUMOBSINGROUP * 100 / 173;
MPRINT(EM_ASSESS):   C_PERCOBSINGROUP = SUM (C_PERCOBSINGROUP, PERCOBSINGROUP);
MPRINT(EM_ASSESS):   CALL SYMPUTX ("SCR_MINPROB" || LEFT (PUT (BIN, 3.)), LOWERPROB);
MPRINT(EM_ASSESS):   CALL SYMPUTX ("SCR_MAXPROB" || LEFT (PUT (BIN, 3.)), UPPERPROB);
MPRINT(EM_ASSESS):   BIN = 20 + 1 - 18;
MPRINT(EM_ASSESS):   OUTPUT WORK._TEMPSCOREDIST;
MPRINT(EM_ASSESS):   BIN = 17 ;
MPRINT(EM_ASSESS):   LOWERPROB = (BIN - 1) / 20;
MPRINT(EM_ASSESS):   UPPERPROB = LOWERPROB + (1 / 20);
MPRINT(EM_ASSESS):   MODELSCORE = LOWERPROB + (1 / 20) / 2;
MPRINT(EM_ASSESS):   RANGE = COMPRESS (PUT (LOWERPROB, 4.2) || "-" || PUT (UPPERPROB, 4.2));
MPRINT(EM_ASSESS):   SCR_NUMEVENTS = SUM ( OF EVENTS81 - EVENTS85 );
MPRINT(EM_ASSESS):   SCR_P_EVENTS = SCR_NUMEVENTS * 100 / _NEVENTS;
MPRINT(EM_ASSESS):   SCR_CP_EVENTS = SUM (SCR_P_EVENTS, SCR_CP_EVENTS);
MPRINT(EM_ASSESS):   SCR_NUMNONEVENTS = SUM ( OF NONEVENTS81 - NONEVENTS85);
MPRINT(EM_ASSESS):   NUMOBSINGROUP = SUM (SCR_NUMEVENTS, SCR_NUMNONEVENTS);
MPRINT(EM_ASSESS):   IF NUMOBSINGROUP > 0 THEN SCR_MNPROB = SUM (OF SCR_MNPROB81 - SCR_MNPROB85) / NUMOBSINGROUP;
MPRINT(EM_ASSESS):   ELSE SCR_MNPROB = .;
MPRINT(EM_ASSESS):   SCR_MINPROB = MIN (OF SCR_MINPROB81 - SCR_MINPROB85) ;
MPRINT(EM_ASSESS):   SCR_MAXPROB = MAX (OF SCR_MAXPROB81 - SCR_MAXPROB85) ;
MPRINT(EM_ASSESS):   IF SCR_MINPROB = 1 THEN SCR_MINPROB = .;
MPRINT(EM_ASSESS):   IF SCR_MAXPROB = 0 THEN SCR_MAXPROB = .;
MPRINT(EM_ASSESS):   SCR_P_NONEVENTS = SCR_NUMNONEVENTS * 100 / _NNONEVENTS;
MPRINT(EM_ASSESS):   SCR_CP_NONEVENTS = SUM (SCR_P_NONEVENTS, SCR_CP_NONEVENTS);
MPRINT(EM_ASSESS):   PERCOBSINGROUP = NUMOBSINGROUP * 100 / 173;
MPRINT(EM_ASSESS):   C_PERCOBSINGROUP = SUM (C_PERCOBSINGROUP, PERCOBSINGROUP);
MPRINT(EM_ASSESS):   CALL SYMPUTX ("SCR_MINPROB" || LEFT (PUT (BIN, 3.)), LOWERPROB);
MPRINT(EM_ASSESS):   CALL SYMPUTX ("SCR_MAXPROB" || LEFT (PUT (BIN, 3.)), UPPERPROB);
MPRINT(EM_ASSESS):   BIN = 20 + 1 - 17;
MPRINT(EM_ASSESS):   OUTPUT WORK._TEMPSCOREDIST;
MPRINT(EM_ASSESS):   BIN = 16 ;
MPRINT(EM_ASSESS):   LOWERPROB = (BIN - 1) / 20;
MPRINT(EM_ASSESS):   UPPERPROB = LOWERPROB + (1 / 20);
MPRINT(EM_ASSESS):   MODELSCORE = LOWERPROB + (1 / 20) / 2;
MPRINT(EM_ASSESS):   RANGE = COMPRESS (PUT (LOWERPROB, 4.2) || "-" || PUT (UPPERPROB, 4.2));
MPRINT(EM_ASSESS):   SCR_NUMEVENTS = SUM ( OF EVENTS76 - EVENTS80 );
MPRINT(EM_ASSESS):   SCR_P_EVENTS = SCR_NUMEVENTS * 100 / _NEVENTS;
MPRINT(EM_ASSESS):   SCR_CP_EVENTS = SUM (SCR_P_EVENTS, SCR_CP_EVENTS);
MPRINT(EM_ASSESS):   SCR_NUMNONEVENTS = SUM ( OF NONEVENTS76 - NONEVENTS80);
MPRINT(EM_ASSESS):   NUMOBSINGROUP = SUM (SCR_NUMEVENTS, SCR_NUMNONEVENTS);
MPRINT(EM_ASSESS):   IF NUMOBSINGROUP > 0 THEN SCR_MNPROB = SUM (OF SCR_MNPROB76 - SCR_MNPROB80) / NUMOBSINGROUP;
MPRINT(EM_ASSESS):   ELSE SCR_MNPROB = .;
MPRINT(EM_ASSESS):   SCR_MINPROB = MIN (OF SCR_MINPROB76 - SCR_MINPROB80) ;
MPRINT(EM_ASSESS):   SCR_MAXPROB = MAX (OF SCR_MAXPROB76 - SCR_MAXPROB80) ;
MPRINT(EM_ASSESS):   IF SCR_MINPROB = 1 THEN SCR_MINPROB = .;
MPRINT(EM_ASSESS):   IF SCR_MAXPROB = 0 THEN SCR_MAXPROB = .;
MPRINT(EM_ASSESS):   SCR_P_NONEVENTS = SCR_NUMNONEVENTS * 100 / _NNONEVENTS;
MPRINT(EM_ASSESS):   SCR_CP_NONEVENTS = SUM (SCR_P_NONEVENTS, SCR_CP_NONEVENTS);
MPRINT(EM_ASSESS):   PERCOBSINGROUP = NUMOBSINGROUP * 100 / 173;
MPRINT(EM_ASSESS):   C_PERCOBSINGROUP = SUM (C_PERCOBSINGROUP, PERCOBSINGROUP);
MPRINT(EM_ASSESS):   CALL SYMPUTX ("SCR_MINPROB" || LEFT (PUT (BIN, 3.)), LOWERPROB);
MPRINT(EM_ASSESS):   CALL SYMPUTX ("SCR_MAXPROB" || LEFT (PUT (BIN, 3.)), UPPERPROB);
MPRINT(EM_ASSESS):   BIN = 20 + 1 - 16;
MPRINT(EM_ASSESS):   OUTPUT WORK._TEMPSCOREDIST;
MPRINT(EM_ASSESS):   BIN = 15 ;
MPRINT(EM_ASSESS):   LOWERPROB = (BIN - 1) / 20;
MPRINT(EM_ASSESS):   UPPERPROB = LOWERPROB + (1 / 20);
MPRINT(EM_ASSESS):   MODELSCORE = LOWERPROB + (1 / 20) / 2;
MPRINT(EM_ASSESS):   RANGE = COMPRESS (PUT (LOWERPROB, 4.2) || "-" || PUT (UPPERPROB, 4.2));
MPRINT(EM_ASSESS):   SCR_NUMEVENTS = SUM ( OF EVENTS71 - EVENTS75 );
MPRINT(EM_ASSESS):   SCR_P_EVENTS = SCR_NUMEVENTS * 100 / _NEVENTS;
MPRINT(EM_ASSESS):   SCR_CP_EVENTS = SUM (SCR_P_EVENTS, SCR_CP_EVENTS);
MPRINT(EM_ASSESS):   SCR_NUMNONEVENTS = SUM ( OF NONEVENTS71 - NONEVENTS75);
MPRINT(EM_ASSESS):   NUMOBSINGROUP = SUM (SCR_NUMEVENTS, SCR_NUMNONEVENTS);
MPRINT(EM_ASSESS):   IF NUMOBSINGROUP > 0 THEN SCR_MNPROB = SUM (OF SCR_MNPROB71 - SCR_MNPROB75) / NUMOBSINGROUP;
MPRINT(EM_ASSESS):   ELSE SCR_MNPROB = .;
MPRINT(EM_ASSESS):   SCR_MINPROB = MIN (OF SCR_MINPROB71 - SCR_MINPROB75) ;
MPRINT(EM_ASSESS):   SCR_MAXPROB = MAX (OF SCR_MAXPROB71 - SCR_MAXPROB75) ;
MPRINT(EM_ASSESS):   IF SCR_MINPROB = 1 THEN SCR_MINPROB = .;
MPRINT(EM_ASSESS):   IF SCR_MAXPROB = 0 THEN SCR_MAXPROB = .;
MPRINT(EM_ASSESS):   SCR_P_NONEVENTS = SCR_NUMNONEVENTS * 100 / _NNONEVENTS;
MPRINT(EM_ASSESS):   SCR_CP_NONEVENTS = SUM (SCR_P_NONEVENTS, SCR_CP_NONEVENTS);
MPRINT(EM_ASSESS):   PERCOBSINGROUP = NUMOBSINGROUP * 100 / 173;
MPRINT(EM_ASSESS):   C_PERCOBSINGROUP = SUM (C_PERCOBSINGROUP, PERCOBSINGROUP);
MPRINT(EM_ASSESS):   CALL SYMPUTX ("SCR_MINPROB" || LEFT (PUT (BIN, 3.)), LOWERPROB);
MPRINT(EM_ASSESS):   CALL SYMPUTX ("SCR_MAXPROB" || LEFT (PUT (BIN, 3.)), UPPERPROB);
MPRINT(EM_ASSESS):   BIN = 20 + 1 - 15;
MPRINT(EM_ASSESS):   OUTPUT WORK._TEMPSCOREDIST;
MPRINT(EM_ASSESS):   BIN = 14 ;
MPRINT(EM_ASSESS):   LOWERPROB = (BIN - 1) / 20;
MPRINT(EM_ASSESS):   UPPERPROB = LOWERPROB + (1 / 20);
MPRINT(EM_ASSESS):   MODELSCORE = LOWERPROB + (1 / 20) / 2;
MPRINT(EM_ASSESS):   RANGE = COMPRESS (PUT (LOWERPROB, 4.2) || "-" || PUT (UPPERPROB, 4.2));
MPRINT(EM_ASSESS):   SCR_NUMEVENTS = SUM ( OF EVENTS66 - EVENTS70 );
MPRINT(EM_ASSESS):   SCR_P_EVENTS = SCR_NUMEVENTS * 100 / _NEVENTS;
MPRINT(EM_ASSESS):   SCR_CP_EVENTS = SUM (SCR_P_EVENTS, SCR_CP_EVENTS);
MPRINT(EM_ASSESS):   SCR_NUMNONEVENTS = SUM ( OF NONEVENTS66 - NONEVENTS70);
MPRINT(EM_ASSESS):   NUMOBSINGROUP = SUM (SCR_NUMEVENTS, SCR_NUMNONEVENTS);
MPRINT(EM_ASSESS):   IF NUMOBSINGROUP > 0 THEN SCR_MNPROB = SUM (OF SCR_MNPROB66 - SCR_MNPROB70) / NUMOBSINGROUP;
MPRINT(EM_ASSESS):   ELSE SCR_MNPROB = .;
MPRINT(EM_ASSESS):   SCR_MINPROB = MIN (OF SCR_MINPROB66 - SCR_MINPROB70) ;
MPRINT(EM_ASSESS):   SCR_MAXPROB = MAX (OF SCR_MAXPROB66 - SCR_MAXPROB70) ;
MPRINT(EM_ASSESS):   IF SCR_MINPROB = 1 THEN SCR_MINPROB = .;
MPRINT(EM_ASSESS):   IF SCR_MAXPROB = 0 THEN SCR_MAXPROB = .;
MPRINT(EM_ASSESS):   SCR_P_NONEVENTS = SCR_NUMNONEVENTS * 100 / _NNONEVENTS;
MPRINT(EM_ASSESS):   SCR_CP_NONEVENTS = SUM (SCR_P_NONEVENTS, SCR_CP_NONEVENTS);
MPRINT(EM_ASSESS):   PERCOBSINGROUP = NUMOBSINGROUP * 100 / 173;
MPRINT(EM_ASSESS):   C_PERCOBSINGROUP = SUM (C_PERCOBSINGROUP, PERCOBSINGROUP);
MPRINT(EM_ASSESS):   CALL SYMPUTX ("SCR_MINPROB" || LEFT (PUT (BIN, 3.)), LOWERPROB);
MPRINT(EM_ASSESS):   CALL SYMPUTX ("SCR_MAXPROB" || LEFT (PUT (BIN, 3.)), UPPERPROB);
MPRINT(EM_ASSESS):   BIN = 20 + 1 - 14;
MPRINT(EM_ASSESS):   OUTPUT WORK._TEMPSCOREDIST;
MPRINT(EM_ASSESS):   BIN = 13 ;
MPRINT(EM_ASSESS):   LOWERPROB = (BIN - 1) / 20;
MPRINT(EM_ASSESS):   UPPERPROB = LOWERPROB + (1 / 20);
MPRINT(EM_ASSESS):   MODELSCORE = LOWERPROB + (1 / 20) / 2;
MPRINT(EM_ASSESS):   RANGE = COMPRESS (PUT (LOWERPROB, 4.2) || "-" || PUT (UPPERPROB, 4.2));
MPRINT(EM_ASSESS):   SCR_NUMEVENTS = SUM ( OF EVENTS61 - EVENTS65 );
MPRINT(EM_ASSESS):   SCR_P_EVENTS = SCR_NUMEVENTS * 100 / _NEVENTS;
MPRINT(EM_ASSESS):   SCR_CP_EVENTS = SUM (SCR_P_EVENTS, SCR_CP_EVENTS);
MPRINT(EM_ASSESS):   SCR_NUMNONEVENTS = SUM ( OF NONEVENTS61 - NONEVENTS65);
MPRINT(EM_ASSESS):   NUMOBSINGROUP = SUM (SCR_NUMEVENTS, SCR_NUMNONEVENTS);
MPRINT(EM_ASSESS):   IF NUMOBSINGROUP > 0 THEN SCR_MNPROB = SUM (OF SCR_MNPROB61 - SCR_MNPROB65) / NUMOBSINGROUP;
MPRINT(EM_ASSESS):   ELSE SCR_MNPROB = .;
MPRINT(EM_ASSESS):   SCR_MINPROB = MIN (OF SCR_MINPROB61 - SCR_MINPROB65) ;
MPRINT(EM_ASSESS):   SCR_MAXPROB = MAX (OF SCR_MAXPROB61 - SCR_MAXPROB65) ;
MPRINT(EM_ASSESS):   IF SCR_MINPROB = 1 THEN SCR_MINPROB = .;
MPRINT(EM_ASSESS):   IF SCR_MAXPROB = 0 THEN SCR_MAXPROB = .;
MPRINT(EM_ASSESS):   SCR_P_NONEVENTS = SCR_NUMNONEVENTS * 100 / _NNONEVENTS;
MPRINT(EM_ASSESS):   SCR_CP_NONEVENTS = SUM (SCR_P_NONEVENTS, SCR_CP_NONEVENTS);
MPRINT(EM_ASSESS):   PERCOBSINGROUP = NUMOBSINGROUP * 100 / 173;
MPRINT(EM_ASSESS):   C_PERCOBSINGROUP = SUM (C_PERCOBSINGROUP, PERCOBSINGROUP);
MPRINT(EM_ASSESS):   CALL SYMPUTX ("SCR_MINPROB" || LEFT (PUT (BIN, 3.)), LOWERPROB);
MPRINT(EM_ASSESS):   CALL SYMPUTX ("SCR_MAXPROB" || LEFT (PUT (BIN, 3.)), UPPERPROB);
MPRINT(EM_ASSESS):   BIN = 20 + 1 - 13;
MPRINT(EM_ASSESS):   OUTPUT WORK._TEMPSCOREDIST;
MPRINT(EM_ASSESS):   BIN = 12 ;
MPRINT(EM_ASSESS):   LOWERPROB = (BIN - 1) / 20;
MPRINT(EM_ASSESS):   UPPERPROB = LOWERPROB + (1 / 20);
MPRINT(EM_ASSESS):   MODELSCORE = LOWERPROB + (1 / 20) / 2;
MPRINT(EM_ASSESS):   RANGE = COMPRESS (PUT (LOWERPROB, 4.2) || "-" || PUT (UPPERPROB, 4.2));
MPRINT(EM_ASSESS):   SCR_NUMEVENTS = SUM ( OF EVENTS56 - EVENTS60 );
MPRINT(EM_ASSESS):   SCR_P_EVENTS = SCR_NUMEVENTS * 100 / _NEVENTS;
MPRINT(EM_ASSESS):   SCR_CP_EVENTS = SUM (SCR_P_EVENTS, SCR_CP_EVENTS);
MPRINT(EM_ASSESS):   SCR_NUMNONEVENTS = SUM ( OF NONEVENTS56 - NONEVENTS60);
MPRINT(EM_ASSESS):   NUMOBSINGROUP = SUM (SCR_NUMEVENTS, SCR_NUMNONEVENTS);
MPRINT(EM_ASSESS):   IF NUMOBSINGROUP > 0 THEN SCR_MNPROB = SUM (OF SCR_MNPROB56 - SCR_MNPROB60) / NUMOBSINGROUP;
MPRINT(EM_ASSESS):   ELSE SCR_MNPROB = .;
MPRINT(EM_ASSESS):   SCR_MINPROB = MIN (OF SCR_MINPROB56 - SCR_MINPROB60) ;
MPRINT(EM_ASSESS):   SCR_MAXPROB = MAX (OF SCR_MAXPROB56 - SCR_MAXPROB60) ;
MPRINT(EM_ASSESS):   IF SCR_MINPROB = 1 THEN SCR_MINPROB = .;
MPRINT(EM_ASSESS):   IF SCR_MAXPROB = 0 THEN SCR_MAXPROB = .;
MPRINT(EM_ASSESS):   SCR_P_NONEVENTS = SCR_NUMNONEVENTS * 100 / _NNONEVENTS;
MPRINT(EM_ASSESS):   SCR_CP_NONEVENTS = SUM (SCR_P_NONEVENTS, SCR_CP_NONEVENTS);
MPRINT(EM_ASSESS):   PERCOBSINGROUP = NUMOBSINGROUP * 100 / 173;
MPRINT(EM_ASSESS):   C_PERCOBSINGROUP = SUM (C_PERCOBSINGROUP, PERCOBSINGROUP);
MPRINT(EM_ASSESS):   CALL SYMPUTX ("SCR_MINPROB" || LEFT (PUT (BIN, 3.)), LOWERPROB);
MPRINT(EM_ASSESS):   CALL SYMPUTX ("SCR_MAXPROB" || LEFT (PUT (BIN, 3.)), UPPERPROB);
MPRINT(EM_ASSESS):   BIN = 20 + 1 - 12;
MPRINT(EM_ASSESS):   OUTPUT WORK._TEMPSCOREDIST;
MPRINT(EM_ASSESS):   BIN = 11 ;
MPRINT(EM_ASSESS):   LOWERPROB = (BIN - 1) / 20;
MPRINT(EM_ASSESS):   UPPERPROB = LOWERPROB + (1 / 20);
MPRINT(EM_ASSESS):   MODELSCORE = LOWERPROB + (1 / 20) / 2;
MPRINT(EM_ASSESS):   RANGE = COMPRESS (PUT (LOWERPROB, 4.2) || "-" || PUT (UPPERPROB, 4.2));
MPRINT(EM_ASSESS):   SCR_NUMEVENTS = SUM ( OF EVENTS51 - EVENTS55 );
MPRINT(EM_ASSESS):   SCR_P_EVENTS = SCR_NUMEVENTS * 100 / _NEVENTS;
MPRINT(EM_ASSESS):   SCR_CP_EVENTS = SUM (SCR_P_EVENTS, SCR_CP_EVENTS);
MPRINT(EM_ASSESS):   SCR_NUMNONEVENTS = SUM ( OF NONEVENTS51 - NONEVENTS55);
MPRINT(EM_ASSESS):   NUMOBSINGROUP = SUM (SCR_NUMEVENTS, SCR_NUMNONEVENTS);
MPRINT(EM_ASSESS):   IF NUMOBSINGROUP > 0 THEN SCR_MNPROB = SUM (OF SCR_MNPROB51 - SCR_MNPROB55) / NUMOBSINGROUP;
MPRINT(EM_ASSESS):   ELSE SCR_MNPROB = .;
MPRINT(EM_ASSESS):   SCR_MINPROB = MIN (OF SCR_MINPROB51 - SCR_MINPROB55) ;
MPRINT(EM_ASSESS):   SCR_MAXPROB = MAX (OF SCR_MAXPROB51 - SCR_MAXPROB55) ;
MPRINT(EM_ASSESS):   IF SCR_MINPROB = 1 THEN SCR_MINPROB = .;
MPRINT(EM_ASSESS):   IF SCR_MAXPROB = 0 THEN SCR_MAXPROB = .;
MPRINT(EM_ASSESS):   SCR_P_NONEVENTS = SCR_NUMNONEVENTS * 100 / _NNONEVENTS;
MPRINT(EM_ASSESS):   SCR_CP_NONEVENTS = SUM (SCR_P_NONEVENTS, SCR_CP_NONEVENTS);
MPRINT(EM_ASSESS):   PERCOBSINGROUP = NUMOBSINGROUP * 100 / 173;
MPRINT(EM_ASSESS):   C_PERCOBSINGROUP = SUM (C_PERCOBSINGROUP, PERCOBSINGROUP);
MPRINT(EM_ASSESS):   CALL SYMPUTX ("SCR_MINPROB" || LEFT (PUT (BIN, 3.)), LOWERPROB);
MPRINT(EM_ASSESS):   CALL SYMPUTX ("SCR_MAXPROB" || LEFT (PUT (BIN, 3.)), UPPERPROB);
MPRINT(EM_ASSESS):   BIN = 20 + 1 - 11;
MPRINT(EM_ASSESS):   OUTPUT WORK._TEMPSCOREDIST;
MPRINT(EM_ASSESS):   BIN = 10 ;
MPRINT(EM_ASSESS):   LOWERPROB = (BIN - 1) / 20;
MPRINT(EM_ASSESS):   UPPERPROB = LOWERPROB + (1 / 20);
MPRINT(EM_ASSESS):   MODELSCORE = LOWERPROB + (1 / 20) / 2;
MPRINT(EM_ASSESS):   RANGE = COMPRESS (PUT (LOWERPROB, 4.2) || "-" || PUT (UPPERPROB, 4.2));
MPRINT(EM_ASSESS):   SCR_NUMEVENTS = SUM ( OF EVENTS46 - EVENTS50 );
MPRINT(EM_ASSESS):   SCR_P_EVENTS = SCR_NUMEVENTS * 100 / _NEVENTS;
MPRINT(EM_ASSESS):   SCR_CP_EVENTS = SUM (SCR_P_EVENTS, SCR_CP_EVENTS);
MPRINT(EM_ASSESS):   SCR_NUMNONEVENTS = SUM ( OF NONEVENTS46 - NONEVENTS50);
MPRINT(EM_ASSESS):   NUMOBSINGROUP = SUM (SCR_NUMEVENTS, SCR_NUMNONEVENTS);
MPRINT(EM_ASSESS):   IF NUMOBSINGROUP > 0 THEN SCR_MNPROB = SUM (OF SCR_MNPROB46 - SCR_MNPROB50) / NUMOBSINGROUP;
MPRINT(EM_ASSESS):   ELSE SCR_MNPROB = .;
MPRINT(EM_ASSESS):   SCR_MINPROB = MIN (OF SCR_MINPROB46 - SCR_MINPROB50) ;
MPRINT(EM_ASSESS):   SCR_MAXPROB = MAX (OF SCR_MAXPROB46 - SCR_MAXPROB50) ;
MPRINT(EM_ASSESS):   IF SCR_MINPROB = 1 THEN SCR_MINPROB = .;
MPRINT(EM_ASSESS):   IF SCR_MAXPROB = 0 THEN SCR_MAXPROB = .;
MPRINT(EM_ASSESS):   SCR_P_NONEVENTS = SCR_NUMNONEVENTS * 100 / _NNONEVENTS;
MPRINT(EM_ASSESS):   SCR_CP_NONEVENTS = SUM (SCR_P_NONEVENTS, SCR_CP_NONEVENTS);
MPRINT(EM_ASSESS):   PERCOBSINGROUP = NUMOBSINGROUP * 100 / 173;
MPRINT(EM_ASSESS):   C_PERCOBSINGROUP = SUM (C_PERCOBSINGROUP, PERCOBSINGROUP);
MPRINT(EM_ASSESS):   CALL SYMPUTX ("SCR_MINPROB" || LEFT (PUT (BIN, 3.)), LOWERPROB);
MPRINT(EM_ASSESS):   CALL SYMPUTX ("SCR_MAXPROB" || LEFT (PUT (BIN, 3.)), UPPERPROB);
MPRINT(EM_ASSESS):   BIN = 20 + 1 - 10;
MPRINT(EM_ASSESS):   OUTPUT WORK._TEMPSCOREDIST;
MPRINT(EM_ASSESS):   BIN = 9 ;
MPRINT(EM_ASSESS):   LOWERPROB = (BIN - 1) / 20;
MPRINT(EM_ASSESS):   UPPERPROB = LOWERPROB + (1 / 20);
MPRINT(EM_ASSESS):   MODELSCORE = LOWERPROB + (1 / 20) / 2;
MPRINT(EM_ASSESS):   RANGE = COMPRESS (PUT (LOWERPROB, 4.2) || "-" || PUT (UPPERPROB, 4.2));
MPRINT(EM_ASSESS):   SCR_NUMEVENTS = SUM ( OF EVENTS41 - EVENTS45 );
MPRINT(EM_ASSESS):   SCR_P_EVENTS = SCR_NUMEVENTS * 100 / _NEVENTS;
MPRINT(EM_ASSESS):   SCR_CP_EVENTS = SUM (SCR_P_EVENTS, SCR_CP_EVENTS);
MPRINT(EM_ASSESS):   SCR_NUMNONEVENTS = SUM ( OF NONEVENTS41 - NONEVENTS45);
MPRINT(EM_ASSESS):   NUMOBSINGROUP = SUM (SCR_NUMEVENTS, SCR_NUMNONEVENTS);
MPRINT(EM_ASSESS):   IF NUMOBSINGROUP > 0 THEN SCR_MNPROB = SUM (OF SCR_MNPROB41 - SCR_MNPROB45) / NUMOBSINGROUP;
MPRINT(EM_ASSESS):   ELSE SCR_MNPROB = .;
MPRINT(EM_ASSESS):   SCR_MINPROB = MIN (OF SCR_MINPROB41 - SCR_MINPROB45) ;
MPRINT(EM_ASSESS):   SCR_MAXPROB = MAX (OF SCR_MAXPROB41 - SCR_MAXPROB45) ;
MPRINT(EM_ASSESS):   IF SCR_MINPROB = 1 THEN SCR_MINPROB = .;
MPRINT(EM_ASSESS):   IF SCR_MAXPROB = 0 THEN SCR_MAXPROB = .;
MPRINT(EM_ASSESS):   SCR_P_NONEVENTS = SCR_NUMNONEVENTS * 100 / _NNONEVENTS;
MPRINT(EM_ASSESS):   SCR_CP_NONEVENTS = SUM (SCR_P_NONEVENTS, SCR_CP_NONEVENTS);
MPRINT(EM_ASSESS):   PERCOBSINGROUP = NUMOBSINGROUP * 100 / 173;
MPRINT(EM_ASSESS):   C_PERCOBSINGROUP = SUM (C_PERCOBSINGROUP, PERCOBSINGROUP);
MPRINT(EM_ASSESS):   CALL SYMPUTX ("SCR_MINPROB" || LEFT (PUT (BIN, 3.)), LOWERPROB);
MPRINT(EM_ASSESS):   CALL SYMPUTX ("SCR_MAXPROB" || LEFT (PUT (BIN, 3.)), UPPERPROB);
MPRINT(EM_ASSESS):   BIN = 20 + 1 - 9;
MPRINT(EM_ASSESS):   OUTPUT WORK._TEMPSCOREDIST;
MPRINT(EM_ASSESS):   BIN = 8 ;
MPRINT(EM_ASSESS):   LOWERPROB = (BIN - 1) / 20;
MPRINT(EM_ASSESS):   UPPERPROB = LOWERPROB + (1 / 20);
MPRINT(EM_ASSESS):   MODELSCORE = LOWERPROB + (1 / 20) / 2;
MPRINT(EM_ASSESS):   RANGE = COMPRESS (PUT (LOWERPROB, 4.2) || "-" || PUT (UPPERPROB, 4.2));
MPRINT(EM_ASSESS):   SCR_NUMEVENTS = SUM ( OF EVENTS36 - EVENTS40 );
MPRINT(EM_ASSESS):   SCR_P_EVENTS = SCR_NUMEVENTS * 100 / _NEVENTS;
MPRINT(EM_ASSESS):   SCR_CP_EVENTS = SUM (SCR_P_EVENTS, SCR_CP_EVENTS);
MPRINT(EM_ASSESS):   SCR_NUMNONEVENTS = SUM ( OF NONEVENTS36 - NONEVENTS40);
MPRINT(EM_ASSESS):   NUMOBSINGROUP = SUM (SCR_NUMEVENTS, SCR_NUMNONEVENTS);
MPRINT(EM_ASSESS):   IF NUMOBSINGROUP > 0 THEN SCR_MNPROB = SUM (OF SCR_MNPROB36 - SCR_MNPROB40) / NUMOBSINGROUP;
MPRINT(EM_ASSESS):   ELSE SCR_MNPROB = .;
MPRINT(EM_ASSESS):   SCR_MINPROB = MIN (OF SCR_MINPROB36 - SCR_MINPROB40) ;
MPRINT(EM_ASSESS):   SCR_MAXPROB = MAX (OF SCR_MAXPROB36 - SCR_MAXPROB40) ;
MPRINT(EM_ASSESS):   IF SCR_MINPROB = 1 THEN SCR_MINPROB = .;
MPRINT(EM_ASSESS):   IF SCR_MAXPROB = 0 THEN SCR_MAXPROB = .;
MPRINT(EM_ASSESS):   SCR_P_NONEVENTS = SCR_NUMNONEVENTS * 100 / _NNONEVENTS;
MPRINT(EM_ASSESS):   SCR_CP_NONEVENTS = SUM (SCR_P_NONEVENTS, SCR_CP_NONEVENTS);
MPRINT(EM_ASSESS):   PERCOBSINGROUP = NUMOBSINGROUP * 100 / 173;
MPRINT(EM_ASSESS):   C_PERCOBSINGROUP = SUM (C_PERCOBSINGROUP, PERCOBSINGROUP);
MPRINT(EM_ASSESS):   CALL SYMPUTX ("SCR_MINPROB" || LEFT (PUT (BIN, 3.)), LOWERPROB);
MPRINT(EM_ASSESS):   CALL SYMPUTX ("SCR_MAXPROB" || LEFT (PUT (BIN, 3.)), UPPERPROB);
MPRINT(EM_ASSESS):   BIN = 20 + 1 - 8;
MPRINT(EM_ASSESS):   OUTPUT WORK._TEMPSCOREDIST;
MPRINT(EM_ASSESS):   BIN = 7 ;
MPRINT(EM_ASSESS):   LOWERPROB = (BIN - 1) / 20;
MPRINT(EM_ASSESS):   UPPERPROB = LOWERPROB + (1 / 20);
MPRINT(EM_ASSESS):   MODELSCORE = LOWERPROB + (1 / 20) / 2;
MPRINT(EM_ASSESS):   RANGE = COMPRESS (PUT (LOWERPROB, 4.2) || "-" || PUT (UPPERPROB, 4.2));
MPRINT(EM_ASSESS):   SCR_NUMEVENTS = SUM ( OF EVENTS31 - EVENTS35 );
MPRINT(EM_ASSESS):   SCR_P_EVENTS = SCR_NUMEVENTS * 100 / _NEVENTS;
MPRINT(EM_ASSESS):   SCR_CP_EVENTS = SUM (SCR_P_EVENTS, SCR_CP_EVENTS);
MPRINT(EM_ASSESS):   SCR_NUMNONEVENTS = SUM ( OF NONEVENTS31 - NONEVENTS35);
MPRINT(EM_ASSESS):   NUMOBSINGROUP = SUM (SCR_NUMEVENTS, SCR_NUMNONEVENTS);
MPRINT(EM_ASSESS):   IF NUMOBSINGROUP > 0 THEN SCR_MNPROB = SUM (OF SCR_MNPROB31 - SCR_MNPROB35) / NUMOBSINGROUP;
MPRINT(EM_ASSESS):   ELSE SCR_MNPROB = .;
MPRINT(EM_ASSESS):   SCR_MINPROB = MIN (OF SCR_MINPROB31 - SCR_MINPROB35) ;
MPRINT(EM_ASSESS):   SCR_MAXPROB = MAX (OF SCR_MAXPROB31 - SCR_MAXPROB35) ;
MPRINT(EM_ASSESS):   IF SCR_MINPROB = 1 THEN SCR_MINPROB = .;
MPRINT(EM_ASSESS):   IF SCR_MAXPROB = 0 THEN SCR_MAXPROB = .;
MPRINT(EM_ASSESS):   SCR_P_NONEVENTS = SCR_NUMNONEVENTS * 100 / _NNONEVENTS;
MPRINT(EM_ASSESS):   SCR_CP_NONEVENTS = SUM (SCR_P_NONEVENTS, SCR_CP_NONEVENTS);
MPRINT(EM_ASSESS):   PERCOBSINGROUP = NUMOBSINGROUP * 100 / 173;
MPRINT(EM_ASSESS):   C_PERCOBSINGROUP = SUM (C_PERCOBSINGROUP, PERCOBSINGROUP);
MPRINT(EM_ASSESS):   CALL SYMPUTX ("SCR_MINPROB" || LEFT (PUT (BIN, 3.)), LOWERPROB);
MPRINT(EM_ASSESS):   CALL SYMPUTX ("SCR_MAXPROB" || LEFT (PUT (BIN, 3.)), UPPERPROB);
MPRINT(EM_ASSESS):   BIN = 20 + 1 - 7;
MPRINT(EM_ASSESS):   OUTPUT WORK._TEMPSCOREDIST;
MPRINT(EM_ASSESS):   BIN = 6 ;
MPRINT(EM_ASSESS):   LOWERPROB = (BIN - 1) / 20;
MPRINT(EM_ASSESS):   UPPERPROB = LOWERPROB + (1 / 20);
MPRINT(EM_ASSESS):   MODELSCORE = LOWERPROB + (1 / 20) / 2;
MPRINT(EM_ASSESS):   RANGE = COMPRESS (PUT (LOWERPROB, 4.2) || "-" || PUT (UPPERPROB, 4.2));
MPRINT(EM_ASSESS):   SCR_NUMEVENTS = SUM ( OF EVENTS26 - EVENTS30 );
MPRINT(EM_ASSESS):   SCR_P_EVENTS = SCR_NUMEVENTS * 100 / _NEVENTS;
MPRINT(EM_ASSESS):   SCR_CP_EVENTS = SUM (SCR_P_EVENTS, SCR_CP_EVENTS);
MPRINT(EM_ASSESS):   SCR_NUMNONEVENTS = SUM ( OF NONEVENTS26 - NONEVENTS30);
MPRINT(EM_ASSESS):   NUMOBSINGROUP = SUM (SCR_NUMEVENTS, SCR_NUMNONEVENTS);
MPRINT(EM_ASSESS):   IF NUMOBSINGROUP > 0 THEN SCR_MNPROB = SUM (OF SCR_MNPROB26 - SCR_MNPROB30) / NUMOBSINGROUP;
MPRINT(EM_ASSESS):   ELSE SCR_MNPROB = .;
MPRINT(EM_ASSESS):   SCR_MINPROB = MIN (OF SCR_MINPROB26 - SCR_MINPROB30) ;
MPRINT(EM_ASSESS):   SCR_MAXPROB = MAX (OF SCR_MAXPROB26 - SCR_MAXPROB30) ;
MPRINT(EM_ASSESS):   IF SCR_MINPROB = 1 THEN SCR_MINPROB = .;
MPRINT(EM_ASSESS):   IF SCR_MAXPROB = 0 THEN SCR_MAXPROB = .;
MPRINT(EM_ASSESS):   SCR_P_NONEVENTS = SCR_NUMNONEVENTS * 100 / _NNONEVENTS;
MPRINT(EM_ASSESS):   SCR_CP_NONEVENTS = SUM (SCR_P_NONEVENTS, SCR_CP_NONEVENTS);
MPRINT(EM_ASSESS):   PERCOBSINGROUP = NUMOBSINGROUP * 100 / 173;
MPRINT(EM_ASSESS):   C_PERCOBSINGROUP = SUM (C_PERCOBSINGROUP, PERCOBSINGROUP);
MPRINT(EM_ASSESS):   CALL SYMPUTX ("SCR_MINPROB" || LEFT (PUT (BIN, 3.)), LOWERPROB);
MPRINT(EM_ASSESS):   CALL SYMPUTX ("SCR_MAXPROB" || LEFT (PUT (BIN, 3.)), UPPERPROB);
MPRINT(EM_ASSESS):   BIN = 20 + 1 - 6;
MPRINT(EM_ASSESS):   OUTPUT WORK._TEMPSCOREDIST;
MPRINT(EM_ASSESS):   BIN = 5 ;
MPRINT(EM_ASSESS):   LOWERPROB = (BIN - 1) / 20;
MPRINT(EM_ASSESS):   UPPERPROB = LOWERPROB + (1 / 20);
MPRINT(EM_ASSESS):   MODELSCORE = LOWERPROB + (1 / 20) / 2;
MPRINT(EM_ASSESS):   RANGE = COMPRESS (PUT (LOWERPROB, 4.2) || "-" || PUT (UPPERPROB, 4.2));
MPRINT(EM_ASSESS):   SCR_NUMEVENTS = SUM ( OF EVENTS21 - EVENTS25 );
MPRINT(EM_ASSESS):   SCR_P_EVENTS = SCR_NUMEVENTS * 100 / _NEVENTS;
MPRINT(EM_ASSESS):   SCR_CP_EVENTS = SUM (SCR_P_EVENTS, SCR_CP_EVENTS);
MPRINT(EM_ASSESS):   SCR_NUMNONEVENTS = SUM ( OF NONEVENTS21 - NONEVENTS25);
MPRINT(EM_ASSESS):   NUMOBSINGROUP = SUM (SCR_NUMEVENTS, SCR_NUMNONEVENTS);
MPRINT(EM_ASSESS):   IF NUMOBSINGROUP > 0 THEN SCR_MNPROB = SUM (OF SCR_MNPROB21 - SCR_MNPROB25) / NUMOBSINGROUP;
MPRINT(EM_ASSESS):   ELSE SCR_MNPROB = .;
MPRINT(EM_ASSESS):   SCR_MINPROB = MIN (OF SCR_MINPROB21 - SCR_MINPROB25) ;
MPRINT(EM_ASSESS):   SCR_MAXPROB = MAX (OF SCR_MAXPROB21 - SCR_MAXPROB25) ;
MPRINT(EM_ASSESS):   IF SCR_MINPROB = 1 THEN SCR_MINPROB = .;
MPRINT(EM_ASSESS):   IF SCR_MAXPROB = 0 THEN SCR_MAXPROB = .;
MPRINT(EM_ASSESS):   SCR_P_NONEVENTS = SCR_NUMNONEVENTS * 100 / _NNONEVENTS;
MPRINT(EM_ASSESS):   SCR_CP_NONEVENTS = SUM (SCR_P_NONEVENTS, SCR_CP_NONEVENTS);
MPRINT(EM_ASSESS):   PERCOBSINGROUP = NUMOBSINGROUP * 100 / 173;
MPRINT(EM_ASSESS):   C_PERCOBSINGROUP = SUM (C_PERCOBSINGROUP, PERCOBSINGROUP);
MPRINT(EM_ASSESS):   CALL SYMPUTX ("SCR_MINPROB" || LEFT (PUT (BIN, 3.)), LOWERPROB);
MPRINT(EM_ASSESS):   CALL SYMPUTX ("SCR_MAXPROB" || LEFT (PUT (BIN, 3.)), UPPERPROB);
MPRINT(EM_ASSESS):   BIN = 20 + 1 - 5;
MPRINT(EM_ASSESS):   OUTPUT WORK._TEMPSCOREDIST;
MPRINT(EM_ASSESS):   BIN = 4 ;
MPRINT(EM_ASSESS):   LOWERPROB = (BIN - 1) / 20;
MPRINT(EM_ASSESS):   UPPERPROB = LOWERPROB + (1 / 20);
MPRINT(EM_ASSESS):   MODELSCORE = LOWERPROB + (1 / 20) / 2;
MPRINT(EM_ASSESS):   RANGE = COMPRESS (PUT (LOWERPROB, 4.2) || "-" || PUT (UPPERPROB, 4.2));
MPRINT(EM_ASSESS):   SCR_NUMEVENTS = SUM ( OF EVENTS16 - EVENTS20 );
MPRINT(EM_ASSESS):   SCR_P_EVENTS = SCR_NUMEVENTS * 100 / _NEVENTS;
MPRINT(EM_ASSESS):   SCR_CP_EVENTS = SUM (SCR_P_EVENTS, SCR_CP_EVENTS);
MPRINT(EM_ASSESS):   SCR_NUMNONEVENTS = SUM ( OF NONEVENTS16 - NONEVENTS20);
MPRINT(EM_ASSESS):   NUMOBSINGROUP = SUM (SCR_NUMEVENTS, SCR_NUMNONEVENTS);
MPRINT(EM_ASSESS):   IF NUMOBSINGROUP > 0 THEN SCR_MNPROB = SUM (OF SCR_MNPROB16 - SCR_MNPROB20) / NUMOBSINGROUP;
MPRINT(EM_ASSESS):   ELSE SCR_MNPROB = .;
MPRINT(EM_ASSESS):   SCR_MINPROB = MIN (OF SCR_MINPROB16 - SCR_MINPROB20) ;
MPRINT(EM_ASSESS):   SCR_MAXPROB = MAX (OF SCR_MAXPROB16 - SCR_MAXPROB20) ;
MPRINT(EM_ASSESS):   IF SCR_MINPROB = 1 THEN SCR_MINPROB = .;
MPRINT(EM_ASSESS):   IF SCR_MAXPROB = 0 THEN SCR_MAXPROB = .;
MPRINT(EM_ASSESS):   SCR_P_NONEVENTS = SCR_NUMNONEVENTS * 100 / _NNONEVENTS;
MPRINT(EM_ASSESS):   SCR_CP_NONEVENTS = SUM (SCR_P_NONEVENTS, SCR_CP_NONEVENTS);
MPRINT(EM_ASSESS):   PERCOBSINGROUP = NUMOBSINGROUP * 100 / 173;
MPRINT(EM_ASSESS):   C_PERCOBSINGROUP = SUM (C_PERCOBSINGROUP, PERCOBSINGROUP);
MPRINT(EM_ASSESS):   CALL SYMPUTX ("SCR_MINPROB" || LEFT (PUT (BIN, 3.)), LOWERPROB);
MPRINT(EM_ASSESS):   CALL SYMPUTX ("SCR_MAXPROB" || LEFT (PUT (BIN, 3.)), UPPERPROB);
MPRINT(EM_ASSESS):   BIN = 20 + 1 - 4;
MPRINT(EM_ASSESS):   OUTPUT WORK._TEMPSCOREDIST;
MPRINT(EM_ASSESS):   BIN = 3 ;
MPRINT(EM_ASSESS):   LOWERPROB = (BIN - 1) / 20;
MPRINT(EM_ASSESS):   UPPERPROB = LOWERPROB + (1 / 20);
MPRINT(EM_ASSESS):   MODELSCORE = LOWERPROB + (1 / 20) / 2;
MPRINT(EM_ASSESS):   RANGE = COMPRESS (PUT (LOWERPROB, 4.2) || "-" || PUT (UPPERPROB, 4.2));
MPRINT(EM_ASSESS):   SCR_NUMEVENTS = SUM ( OF EVENTS11 - EVENTS15 );
MPRINT(EM_ASSESS):   SCR_P_EVENTS = SCR_NUMEVENTS * 100 / _NEVENTS;
MPRINT(EM_ASSESS):   SCR_CP_EVENTS = SUM (SCR_P_EVENTS, SCR_CP_EVENTS);
MPRINT(EM_ASSESS):   SCR_NUMNONEVENTS = SUM ( OF NONEVENTS11 - NONEVENTS15);
MPRINT(EM_ASSESS):   NUMOBSINGROUP = SUM (SCR_NUMEVENTS, SCR_NUMNONEVENTS);
MPRINT(EM_ASSESS):   IF NUMOBSINGROUP > 0 THEN SCR_MNPROB = SUM (OF SCR_MNPROB11 - SCR_MNPROB15) / NUMOBSINGROUP;
MPRINT(EM_ASSESS):   ELSE SCR_MNPROB = .;
MPRINT(EM_ASSESS):   SCR_MINPROB = MIN (OF SCR_MINPROB11 - SCR_MINPROB15) ;
MPRINT(EM_ASSESS):   SCR_MAXPROB = MAX (OF SCR_MAXPROB11 - SCR_MAXPROB15) ;
MPRINT(EM_ASSESS):   IF SCR_MINPROB = 1 THEN SCR_MINPROB = .;
MPRINT(EM_ASSESS):   IF SCR_MAXPROB = 0 THEN SCR_MAXPROB = .;
MPRINT(EM_ASSESS):   SCR_P_NONEVENTS = SCR_NUMNONEVENTS * 100 / _NNONEVENTS;
MPRINT(EM_ASSESS):   SCR_CP_NONEVENTS = SUM (SCR_P_NONEVENTS, SCR_CP_NONEVENTS);
MPRINT(EM_ASSESS):   PERCOBSINGROUP = NUMOBSINGROUP * 100 / 173;
MPRINT(EM_ASSESS):   C_PERCOBSINGROUP = SUM (C_PERCOBSINGROUP, PERCOBSINGROUP);
MPRINT(EM_ASSESS):   CALL SYMPUTX ("SCR_MINPROB" || LEFT (PUT (BIN, 3.)), LOWERPROB);
MPRINT(EM_ASSESS):   CALL SYMPUTX ("SCR_MAXPROB" || LEFT (PUT (BIN, 3.)), UPPERPROB);
MPRINT(EM_ASSESS):   BIN = 20 + 1 - 3;
MPRINT(EM_ASSESS):   OUTPUT WORK._TEMPSCOREDIST;
MPRINT(EM_ASSESS):   BIN = 2 ;
MPRINT(EM_ASSESS):   LOWERPROB = (BIN - 1) / 20;
MPRINT(EM_ASSESS):   UPPERPROB = LOWERPROB + (1 / 20);
MPRINT(EM_ASSESS):   MODELSCORE = LOWERPROB + (1 / 20) / 2;
MPRINT(EM_ASSESS):   RANGE = COMPRESS (PUT (LOWERPROB, 4.2) || "-" || PUT (UPPERPROB, 4.2));
MPRINT(EM_ASSESS):   SCR_NUMEVENTS = SUM ( OF EVENTS6 - EVENTS10 );
MPRINT(EM_ASSESS):   SCR_P_EVENTS = SCR_NUMEVENTS * 100 / _NEVENTS;
MPRINT(EM_ASSESS):   SCR_CP_EVENTS = SUM (SCR_P_EVENTS, SCR_CP_EVENTS);
MPRINT(EM_ASSESS):   SCR_NUMNONEVENTS = SUM ( OF NONEVENTS6 - NONEVENTS10);
MPRINT(EM_ASSESS):   NUMOBSINGROUP = SUM (SCR_NUMEVENTS, SCR_NUMNONEVENTS);
MPRINT(EM_ASSESS):   IF NUMOBSINGROUP > 0 THEN SCR_MNPROB = SUM (OF SCR_MNPROB6 - SCR_MNPROB10) / NUMOBSINGROUP;
MPRINT(EM_ASSESS):   ELSE SCR_MNPROB = .;
MPRINT(EM_ASSESS):   SCR_MINPROB = MIN (OF SCR_MINPROB6 - SCR_MINPROB10) ;
MPRINT(EM_ASSESS):   SCR_MAXPROB = MAX (OF SCR_MAXPROB6 - SCR_MAXPROB10) ;
MPRINT(EM_ASSESS):   IF SCR_MINPROB = 1 THEN SCR_MINPROB = .;
MPRINT(EM_ASSESS):   IF SCR_MAXPROB = 0 THEN SCR_MAXPROB = .;
MPRINT(EM_ASSESS):   SCR_P_NONEVENTS = SCR_NUMNONEVENTS * 100 / _NNONEVENTS;
MPRINT(EM_ASSESS):   SCR_CP_NONEVENTS = SUM (SCR_P_NONEVENTS, SCR_CP_NONEVENTS);
MPRINT(EM_ASSESS):   PERCOBSINGROUP = NUMOBSINGROUP * 100 / 173;
MPRINT(EM_ASSESS):   C_PERCOBSINGROUP = SUM (C_PERCOBSINGROUP, PERCOBSINGROUP);
MPRINT(EM_ASSESS):   CALL SYMPUTX ("SCR_MINPROB" || LEFT (PUT (BIN, 3.)), LOWERPROB);
MPRINT(EM_ASSESS):   CALL SYMPUTX ("SCR_MAXPROB" || LEFT (PUT (BIN, 3.)), UPPERPROB);
MPRINT(EM_ASSESS):   BIN = 20 + 1 - 2;
MPRINT(EM_ASSESS):   OUTPUT WORK._TEMPSCOREDIST;
MPRINT(EM_ASSESS):   BIN = 1 ;
MPRINT(EM_ASSESS):   LOWERPROB = (BIN - 1) / 20;
MPRINT(EM_ASSESS):   UPPERPROB = LOWERPROB + (1 / 20);
MPRINT(EM_ASSESS):   MODELSCORE = LOWERPROB + (1 / 20) / 2;
MPRINT(EM_ASSESS):   RANGE = COMPRESS (PUT (LOWERPROB, 4.2) || "-" || PUT (UPPERPROB, 4.2));
MPRINT(EM_ASSESS):   SCR_NUMEVENTS = SUM ( OF EVENTS1 - EVENTS5 );
MPRINT(EM_ASSESS):   SCR_P_EVENTS = SCR_NUMEVENTS * 100 / _NEVENTS;
MPRINT(EM_ASSESS):   SCR_CP_EVENTS = SUM (SCR_P_EVENTS, SCR_CP_EVENTS);
MPRINT(EM_ASSESS):   SCR_NUMNONEVENTS = SUM ( OF NONEVENTS1 - NONEVENTS5);
MPRINT(EM_ASSESS):   NUMOBSINGROUP = SUM (SCR_NUMEVENTS, SCR_NUMNONEVENTS);
MPRINT(EM_ASSESS):   IF NUMOBSINGROUP > 0 THEN SCR_MNPROB = SUM (OF SCR_MNPROB1 - SCR_MNPROB5) / NUMOBSINGROUP;
MPRINT(EM_ASSESS):   ELSE SCR_MNPROB = .;
MPRINT(EM_ASSESS):   SCR_MINPROB = MIN (OF SCR_MINPROB1 - SCR_MINPROB5) ;
MPRINT(EM_ASSESS):   SCR_MAXPROB = MAX (OF SCR_MAXPROB1 - SCR_MAXPROB5) ;
MPRINT(EM_ASSESS):   IF SCR_MINPROB = 1 THEN SCR_MINPROB = .;
MPRINT(EM_ASSESS):   IF SCR_MAXPROB = 0 THEN SCR_MAXPROB = .;
MPRINT(EM_ASSESS):   SCR_P_NONEVENTS = SCR_NUMNONEVENTS * 100 / _NNONEVENTS;
MPRINT(EM_ASSESS):   SCR_CP_NONEVENTS = SUM (SCR_P_NONEVENTS, SCR_CP_NONEVENTS);
MPRINT(EM_ASSESS):   PERCOBSINGROUP = NUMOBSINGROUP * 100 / 173;
MPRINT(EM_ASSESS):   C_PERCOBSINGROUP = SUM (C_PERCOBSINGROUP, PERCOBSINGROUP);
MPRINT(EM_ASSESS):   CALL SYMPUTX ("SCR_MINPROB" || LEFT (PUT (BIN, 3.)), LOWERPROB);
MPRINT(EM_ASSESS):   CALL SYMPUTX ("SCR_MAXPROB" || LEFT (PUT (BIN, 3.)), UPPERPROB);
MPRINT(EM_ASSESS):   BIN = 20 + 1 - 1;
MPRINT(EM_ASSESS):   OUTPUT WORK._TEMPSCOREDIST;
MPRINT(EM_ASSESS):   CALL SYMPUTX ("KSPROB" , PUT (KSPROB, 5.3 ) );
MPRINT(EM_ASSESS):   CALL SYMPUTX ("_KS_BIN_PROB" , _KS_BIN_PROB );
MPRINT(EM_ASSESS):   CALL SYMPUTX ("_KS_BIN_" , _KS_BIN_ / 100 );
MPRINT(EM_ASSESS):   CALL SYMPUTX ("KSDIFF" , KS_ABSDIFF );
MPRINT(EM_ASSESS):   CALL SYMPUTX ("PRECTPR" , PRECTPR );
MPRINT(EM_ASSESS):   CALL SYMPUTX ("MAXMUTUALPROB" , MAXMUTUALPROB);
MPRINT(EM_ASSESS):   END;
MPRINT(EM_ASSESS):   LABEL __EVENT__ = "Event" DECILE = "Depth" BIN = "Bin" NUMOBS = "Number of Observations" ;
MPRINT(EM_ASSESS):   RUN;
MPRINT(EM_ASSESS):   *;
MPRINT(EM_ASSESS):   * RUN for large data set;
MPRINT(EM_ASSESS):   *;
MPRINT(EM_ASSESS):   PROC DATASETS NOLIST;
MPRINT(EM_ASSESS):   DELETE _AUXEVENTNAME;
MPRINT(EM_ASSESS):   QUIT;

MPRINT(EM_ASSESS):   *;
MPRINT(EM_ASSESS):   * Report Vars Area.;
MPRINT(EM_ASSESS):   *;
MPRINT(EM_ASSESS):   *;
MPRINT(EM_ASSESS):   * ...........Start OF Outdist Modification;
MPRINT(EM_ASSESS):   *;

MPRINT(EM_ASSESS):   PROC DATASETS NOLIST LIB = WORK;
MPRINT(EM_ASSESS):   MODIFY _TEMPSCOREDIST;
MPRINT(EM_ASSESS):   RENAME MODELSCORE = SCORE UPPERPROB = UPPOSTERIOR SCR_CP_EVENTS = CUMULATIVEPERCENTAGEOFEVENTS SCR_CP_NONEVENTS = CUMULATIVEPERCENTAGEOFNONEVENTS EVENTVALUE = EVENT LOWERPROB = LOWPOSTERIOR NUMOBSINGROUP = N PERCOBSINGROUP = 
PERCENTAGE SCR_MINPROB = _MINP_ SCR_MAXPROB = _MAXP_ SCR_MNPROB = _MEANP_ RANGE = P_LABEL C_PERCOBSINGROUP = CUMULATIVEPERCENTAGE SCR_NUMEVENTS = NUMBEROFEVENTS SCR_NUMNONEVENTS = NUMBEROFNONEVENTS SCR_P_EVENTS = PERCENTAGEOFEVENTS SCR_P_NONEVENTS = 
PERCENTAGEOFNONEVENTS ;
MPRINT(EM_ASSESS):   *;
MPRINT(EM_ASSESS):   * .................... OUTDIST MODIFICATION LABEL AREA;
MPRINT(EM_ASSESS):   *;
MPRINT(EM_ASSESS):   LABEL BIN = "Bin" N = "Number of Observations" P_LABEL = "Posterior Probability Range" EVENT = "Event" LOWPOSTERIOR = "Lower Bound Posterior Probability" PERCENTAGEOFEVENTS = "Percentage of Events" CUMULATIVEPERCENTAGEOFNONEVENTS = 
"Cumulative Percentage of Nonevents" CUMULATIVEPERCENTAGE = "Cumulative Percentage" PERCENTAGEOFEVENTS = "Percentage of Events" PERCENTAGEOFNONEVENTS = "Percentage of Nonevents" CUMULATIVEPERCENTAGEOFEVENTS = "Cumulative Percentage of Events" UPPOSTERIOR 
= "Upper Bound Posterior Probability" NUMBEROFEVENTS = "Number of Events" PERCENTAGE = "Percentage" NUMBEROFNONEVENTS = "Number of Nonevents" _MEANP_ = "Mean Posterior Probability" _MINP_ = "Min Posterior Probability" _MAXP_ = "Max Posterior Probability" 
SCORE = "Model Score" ;
MPRINT(EM_ASSESS):   RUN;
MPRINT(EM_ASSESS):   QUIT;
MPRINT(EM_ASSESS):   DATA WORK._TEMPSCOREDIST;
MPRINT(EM_ASSESS):   SET WORK._TEMPSCOREDIST (WHERE = (_MEANP_ > .));
MPRINT(EM_ASSESS):   RUN;
MPRINT(EM_ASSESS):   *;
MPRINT(EM_ASSESS):   * ........... END OF OUTDIST MODIFICATION;
MPRINT(EM_ASSESS):   *;
MPRINT(EM_ASSESS):   *;
MPRINT(EM_ASSESS):   * ...........Start of OUTRANKS Modification;
MPRINT(EM_ASSESS):   *;

MPRINT(EM_ASSESS):   PROC DATASETS NOLIST LIB = WORK;
MPRINT(EM_ASSESS):   MODIFY _TEMPRANK;
MPRINT(EM_ASSESS):   RENAME __EVENT__ = EVENT P_RESP = RESP C_P_CAPT_RESP = CAPC P_CAPT_RESP = CAP NUMNONRESP = NUMNEVENT NUMRESP = NUMEVENT BASEEVENTS = BASENUMBEROFEVENTS BESTNUMEVENTS = BESTNUMBEROFEVENTS MAXPROB = _MAXP_ MINPROB = _MINP_ CBASELIFT = 
BASELIFTC C_LIFT = LIFTC MNPROB = _MEANP_ PERCENTILE = DECILE NUMOBS = N NUMEVENT = NUMBEROFEVENTS C_P_RESP = RESPC ;
MPRINT(EM_ASSESS):   *;
MPRINT(EM_ASSESS):   * ................. OUTRANKS;
MPRINT(EM_ASSESS):   *;
MPRINT(EM_ASSESS):   LABEL _MAXP_ = "Max Posterior Probability" _MINP_ = "Min Posterior Probability" _MEANP_ = "Mean Posterior Probability" BASECAP = "Baseline % Captured Response" BASECAPC = "Baseline Cumulative % Captured Response" BASENUMBEROFEVENTS = 
"Baseline Number of Events" BASEGAIN = "Baseline Gain" BASELIFT = "Baseline Lift" BASELIFTC = "Baseline Cumulative Lift" BASERESP = "Baseline % Response" BASERESPC = "Baseline Cumulative % Response" BASELIFTC = "Baseline Cumulative Lift" BESTCAP = "Best % 
Captured Response" BESTCAPC = "Best Cumulative % Captured Response" BESTGAIN = "Best Gain" BESTRESP = "Best % Response" BESTRESPC = "Best Cumulative % Response" BESTLIFT = "Best Lift" BESTLIFTC = "Best Cumulative Lift" BESTNUMBEROFEVENTS = "Best Number of 
Events" CAP = "% Captured Response" CAPC = "Cumulative % Captured Response" DECILE = "Depth" GAIN = "Gain" LIFT = "Lift" LIFTC = "Cumulative Lift" NUMNEVENT = "Number of Nonevents" N = "Number of Observations" EVENT = "Event" RESPC = "Cumulative % 
Response" NUMBEROFEVENTS = "Number of Events" RESP = "% Response" ;
MPRINT(EM_ASSESS):   RUN;
MPRINT(EM_ASSESS):   QUIT;
MPRINT(EM_ASSESS):   DATA WORK._TEMPRANK;
MPRINT(EM_ASSESS):   SET WORK._TEMPRANK (WHERE = (_MEANP_ > .));
MPRINT(EM_ASSESS):   RUN;
MPRINT(EM_ASSESS):   proc datasets lib=work nolist;
MPRINT(EM_ASSESS):   delete _ea_tmpdata;
MPRINT(EM_ASSESS):   run;
MPRINT(EM_ASSESS):   quit;
MPRINT(EM_ASSESS):  ;
MPRINT(EM_ASSESS):   OPTION ERRORS = 20;
MPRINT(EM_DIAGRAM):  ;
MPRINT(EM_DIAGRAM):    data WORK._TEMPRANK;
MPRINT(EM_DIAGRAM):   length target $32 TARGETLABEL $200 dataRole $20;
MPRINT(EM_DIAGRAM):   label TARGETLABEL = "Target Label";
MPRINT(EM_DIAGRAM):   set WORK._TEMPRANK;
MPRINT(EM_DIAGRAM):   retain target "diagnosis";
MPRINT(EM_DIAGRAM):   retain dataRole "VALIDATE";
MPRINT(EM_DIAGRAM):   run;
MPRINT(EM_DIAGRAM):   data EMWS1.Tree6_EMRANK;
MPRINT(EM_DIAGRAM):   length target $32;
MPRINT(EM_DIAGRAM):   length TARGETLABEL $200;
MPRINT(EM_DIAGRAM):   length dataRole $20;
MPRINT(EM_DIAGRAM):   length EVENT $32;
MPRINT(EM_DIAGRAM):   set EMWS1.Tree6_EMRANK WORK._TEMPRANK;
MPRINT(EM_DIAGRAM):   run;
MPRINT(EM_DIAGRAM):    data WORK._TEMPSCOREDIST;
MPRINT(EM_DIAGRAM):   length target $32 TARGETLABEL $200 dataRole $20;
MPRINT(EM_DIAGRAM):   label TARGETLABEL = "Target Label";
MPRINT(EM_DIAGRAM):   set WORK._TEMPSCOREDIST;
MPRINT(EM_DIAGRAM):   retain target "diagnosis";
MPRINT(EM_DIAGRAM):   retain dataRole "VALIDATE";
MPRINT(EM_DIAGRAM):   run;
MPRINT(EM_DIAGRAM):   data EMWS1.Tree6_EMSCOREDIST;
MPRINT(EM_DIAGRAM):   length target $32;
MPRINT(EM_DIAGRAM):   length TARGETLABEL $200;
MPRINT(EM_DIAGRAM):   length dataRole $20;
MPRINT(EM_DIAGRAM):   length EVENT $32;
MPRINT(EM_DIAGRAM):   length P_LABEL $9;
MPRINT(EM_DIAGRAM):   set EMWS1.Tree6_EMSCOREDIST WORK._TEMPSCOREDIST;
MPRINT(EM_DIAGRAM):   run;
80999      %let _cn = %sysfunc(getoption(CENTER));
81000      options nocenter;
MPRINT(EM_DIAGRAM):    options nocenter;
81001      proc print data=EMWS1.Tree6_EMREPORTFIT noobs label;
MPRINT(EM_DIAGRAM):   proc print data=EMWS1.Tree6_EMREPORTFIT noobs label;
81002      var STAT LABEL TRAIN
81003      VALIDATE
81004      ;
MPRINT(EM_DIAGRAM):   var STAT LABEL TRAIN VALIDATE ;
81005      by TARGET TARGETLABEL;
MPRINT(EM_DIAGRAM):   by TARGET TARGETLABEL;
81006      title9 ' ';
MPRINT(EM_DIAGRAM):   title9 ' ';
81007      title10 "%sysfunc(sasmsg(sashelp.dmine, rpt_fitstat_title  , NOQUOTE))";
MPRINT(EM_DIAGRAM):   title10 "Fit Statistics";
MPRINT(EM_DIAGRAM):   run;
81008      run;

NOTE: There were 8 observations read from the data set EMWS1.TREE6_EMREPORTFIT.
NOTE: The PROCEDURE PRINT printed page 29.
NOTE: PROCEDURE PRINT used (Total process time):
      real time           0.00 seconds
      cpu time            0.00 seconds
      

81009      title10;
MPRINT(EM_DIAGRAM):   title10;
81010      options &_cn;
MPRINT(EM_DIAGRAM):   options NOCENTER;
81011      proc sort data=EMWS1.Tree6_EMCLASSIFICATION nothreads;
MPRINT(EM_DIAGRAM):    proc sort data=EMWS1.Tree6_EMCLASSIFICATION nothreads;
81012      by DATAROLE TARGET TARGETLABEL;
MPRINT(EM_DIAGRAM):   by DATAROLE TARGET TARGETLABEL;
81013      run;
MPRINT(EM_DIAGRAM):   run;

NOTE: There were 8 observations read from the data set EMWS1.TREE6_EMCLASSIFICATION.
NOTE: The data set EMWS1.TREE6_EMCLASSIFICATION has 8 observations and 12 variables.
NOTE: PROCEDURE SORT used (Total process time):
      real time           0.01 seconds
      cpu time            0.01 seconds
      

81014      %let _cn = %sysfunc(getoption(CENTER));
81015      options nocenter;
MPRINT(EM_DIAGRAM):   options nocenter;
81016      proc print data=EMWS1.Tree6_EMCLASSIFICATION noobs label;
MPRINT(EM_DIAGRAM):   proc print data=EMWS1.Tree6_EMCLASSIFICATION noobs label;
81017      var from into pct_row pct_col count percent
81018      ;
MPRINT(EM_DIAGRAM):   var from into pct_row pct_col count percent ;
81019      by DATAROLE TARGET TARGETLABEL;
MPRINT(EM_DIAGRAM):   by DATAROLE TARGET TARGETLABEL;
81020      label FROM = "%sysfunc(sasmsg(sashelp.dmine, rpt_target_vlabel ,     NOQUOTE))";
MPRINT(EM_DIAGRAM):   label FROM = "Target";
81021      label INTO = "%sysfunc(sasmsg(sashelp.dmine, rpt_outcome_vlabel ,    NOQUOTE))";
MPRINT(EM_DIAGRAM):   label INTO = "Outcome";
81022      label PCT_ROW = "%sysfunc(sasmsg(sashelp.dmine, rpt_targetpct_vlabel ,  NOQUOTE))";
MPRINT(EM_DIAGRAM):   label PCT_ROW = "Target Percentage";
81023      label PCT_COL = "%sysfunc(sasmsg(sashelp.dmine, rpt_outcomepct_vlabel , NOQUOTE))";
MPRINT(EM_DIAGRAM):   label PCT_COL = "Outcome Percentage";
81024      label COUNT = "%sysfunc(sasmsg(sashelp.dmine, rpt_count_vlabel ,      NOQUOTE))";
MPRINT(EM_DIAGRAM):   label COUNT = "Frequency Count";
81025      label PERCENT = "%sysfunc(sasmsg(sashelp.dmine, rpt_totalpct_vlabel ,   NOQUOTE))";
MPRINT(EM_DIAGRAM):   label PERCENT = "Total Percentage";
81026      where _TYPE_='PREDICTION';
MPRINT(EM_DIAGRAM):   where _TYPE_='PREDICTION';
81027      title9 ' ';
MPRINT(EM_DIAGRAM):   title9 ' ';
81028      title10 "%sysfunc(sasmsg(sashelp.dmine, rpt_classification_title    , NOQUOTE))";
MPRINT(EM_DIAGRAM):   title10 "Classification Table";
MPRINT(EM_DIAGRAM):   run;
81029      run;

NOTE: There were 8 observations read from the data set EMWS1.TREE6_EMCLASSIFICATION.
      WHERE _TYPE_='PREDICTION';
NOTE: The PROCEDURE PRINT printed page 30.
NOTE: PROCEDURE PRINT used (Total process time):
      real time           0.03 seconds
      cpu time            0.01 seconds
      

81030      title9;
MPRINT(EM_DIAGRAM):   title9;
81031      title10;
MPRINT(EM_DIAGRAM):   title10;
81032      options &_cn;
MPRINT(EM_DIAGRAM):   options NOCENTER;
81033      %let _cn = %sysfunc(getoption(CENTER));
81034      options nocenter;
MPRINT(EM_DIAGRAM):    options nocenter;
81035      data EMWS1.Tree6_EMEVENTREPORT;
MPRINT(EM_DIAGRAM):   data EMWS1.Tree6_EMEVENTREPORT;
81036      length DATAROLE TARGET $32 TARGETLABEL $200 FALSENEVENT TRUENEVENT FALSEEVENT TRUEEVENT 8;
MPRINT(EM_DIAGRAM):   length DATAROLE TARGET $32 TARGETLABEL $200 FALSENEVENT TRUENEVENT FALSEEVENT TRUEEVENT 8;
81037      label DATAROLE = "%sysfunc(sasmsg(sashelp.dmine, rpt_datarole_vlabel ,    NOQUOTE))" TARGET = "%sysfunc(sasmsg(sashelp.dmine, rpt_target_vlabel ,      NOQUOTE))" TARGETLABEL = "%sysfunc(sasmsg(sashelp.dmine, meta_targetlabel_vlabel, NOQUOTE))"
81037    ! FALSEEVENT
81038      = "%sysfunc(sasmsg(sashelp.dmine, rpt_falseevent_vlabel ,  NOQUOTE))" FALSENEVENT = "%sysfunc(sasmsg(sashelp.dmine, rpt_falsenevent_vlabel , NOQUOTE))" TRUEEVENT = "%sysfunc(sasmsg(sashelp.dmine, rpt_trueevent_vlabel ,   NOQUOTE))" TRUENEVENT =
81039         "%sysfunc(sasmsg(sashelp.dmine, rpt_truenevent_vlabel ,  NOQUOTE))";
MPRINT(EM_DIAGRAM):   label DATAROLE = "Data Role" TARGET = "Target" TARGETLABEL = "Target Label" FALSEEVENT = "False Positive" FALSENEVENT = "False Negative" TRUEEVENT = "True Positive" TRUENEVENT = "True Negative";
81040      FALSEEVENT=0;
MPRINT(EM_DIAGRAM):   FALSEEVENT=0;
81041      FALSENEVENT=0;
MPRINT(EM_DIAGRAM):   FALSENEVENT=0;
81042      TRUEEVENT=0;
MPRINT(EM_DIAGRAM):   TRUEEVENT=0;
81043      TRUENEVENT=0;
MPRINT(EM_DIAGRAM):   TRUENEVENT=0;
81044      set EMWS1.Tree6_EMEVENTREPORT;
MPRINT(EM_DIAGRAM):   set EMWS1.Tree6_EMEVENTREPORT;
81045      run;
MPRINT(EM_DIAGRAM):   run;

NOTE: There were 2 observations read from the data set EMWS1.TREE6_EMEVENTREPORT.
NOTE: The data set EMWS1.TREE6_EMEVENTREPORT has 2 observations and 7 variables.
NOTE: DATA statement used (Total process time):
      real time           0.02 seconds
      cpu time            0.03 seconds
      

81046      proc print data=EMWS1.Tree6_EMEVENTREPORT noobs label;
MPRINT(EM_DIAGRAM):   proc print data=EMWS1.Tree6_EMEVENTREPORT noobs label;
81047      title9 ' ';
MPRINT(EM_DIAGRAM):   title9 ' ';
81048      title10 "%sysfunc(sasmsg(sashelp.dmine, rpt_eventtable_title    , NOQUOTE))";
MPRINT(EM_DIAGRAM):   title10 "Event Classification Table";
MPRINT(EM_DIAGRAM):   by notsorted DATAROLE notsorted TARGET notsorted TARGETLABEL;
MPRINT(EM_DIAGRAM):   run;
81049      by notsorted DATAROLE notsorted TARGET notsorted TARGETLABEL;
81050      run;

NOTE: There were 2 observations read from the data set EMWS1.TREE6_EMEVENTREPORT.
NOTE: The PROCEDURE PRINT printed page 31.
NOTE: PROCEDURE PRINT used (Total process time):
      real time           0.03 seconds
      cpu time            0.00 seconds
      

81051      title10;
MPRINT(EM_DIAGRAM):   title10;
81052      options &_cn;
MPRINT(EM_DIAGRAM):   options NOCENTER;
81053      proc datasets library=EMWS1 nolist;
MPRINT(EM_DIAGRAM):    proc datasets library=EMWS1 nolist;
81054      modify Tree6_EMRANK;
MPRINT(EM_DIAGRAM):   modify Tree6_EMRANK;
MPRINT(EM_DIAGRAM):   label target = "Target Variable";
81055      label target = "%sysfunc(sasmsg(sashelp.dmine, rpt_targetvar_vlabel ,   NOQUOTE))";
MPRINT(EM_DIAGRAM):   label datarole = "Data Role";
81056      label datarole = "%sysfunc(sasmsg(sashelp.dmine, rpt_datarole_vlabel ,    NOQUOTE))";
MPRINT(EM_DIAGRAM):   run;
81057      run;

NOTE: MODIFY was successful for EMWS1.TREE6_EMRANK.DATA.
81058      quit;
MPRINT(EM_DIAGRAM):   quit;

NOTE: PROCEDURE DATASETS used (Total process time):
      real time           0.03 seconds
      cpu time            0.03 seconds
      

81059      %let _cn = %sysfunc(getoption(CENTER));
81060      options nocenter;
MPRINT(EM_DIAGRAM):    options nocenter;
81061      proc print data=EMWS1.Tree6_EMRANK label noobs;
MPRINT(EM_DIAGRAM):   proc print data=EMWS1.Tree6_EMRANK label noobs;
81062      var
81063      decile gain lift liftc resp respc N _meanP_;
MPRINT(EM_DIAGRAM):   var decile gain lift liftc resp respc N _meanP_;
81064      by
81065      notsorted DATAROLE
81066      notsorted TARGET
81067      notsorted TARGETLABEL
81068      ;
MPRINT(EM_DIAGRAM):   by notsorted DATAROLE notsorted TARGET notsorted TARGETLABEL ;
81069      title9 ' ';
MPRINT(EM_DIAGRAM):   title9 ' ';
81070      title10 "%sysfunc(sasmsg(sashelp.dmine, rpt_scoreranking_title , NOQUOTE))";
MPRINT(EM_DIAGRAM):   title10 "Assessment Score Rankings";
MPRINT(EM_DIAGRAM):   run;
81071      run;

NOTE: There were 40 observations read from the data set EMWS1.TREE6_EMRANK.
NOTE: The PROCEDURE PRINT printed page 32.
NOTE: PROCEDURE PRINT used (Total process time):
      real time           0.02 seconds
      cpu time            0.01 seconds
      

81072      title10;
MPRINT(EM_DIAGRAM):   title10;
81073      options &_cn;
MPRINT(EM_DIAGRAM):   options NOCENTER;
81074      proc datasets library=EMWS1 nolist;
MPRINT(EM_DIAGRAM):    proc datasets library=EMWS1 nolist;
81075      modify Tree6_EMSCOREDIST;
MPRINT(EM_DIAGRAM):   modify Tree6_EMSCOREDIST;
MPRINT(EM_DIAGRAM):   label target = "Target Variable";
81076      label target = "%sysfunc(sasmsg(sashelp.dmine, rpt_targetvar_vlabel ,      NOQUOTE))";
MPRINT(EM_DIAGRAM):   label datarole = "Data Role";
81077      label datarole = "%sysfunc(sasmsg(sashelp.dmine, rpt_datarole_vlabel ,    NOQUOTE))";
MPRINT(EM_DIAGRAM):   run;
81078      run;

NOTE: MODIFY was successful for EMWS1.TREE6_EMSCOREDIST.DATA.
81079      quit;
MPRINT(EM_DIAGRAM):   quit;

NOTE: PROCEDURE DATASETS used (Total process time):
      real time           0.02 seconds
      cpu time            0.01 seconds
      

MPRINT(EM_DIAGRAM):    options nocenter;
MPRINT(EM_DIAGRAM):   proc print data=EMWS1.Tree6_EMSCOREDIST label noobs;
MPRINT(EM_DIAGRAM):   var p_label numberOfEvents numberOfNonEvents _meanp_ percentage;
MPRINT(EM_DIAGRAM):   by notsorted DATAROLE notsorted TARGET notsorted TARGETLABEL ;
MPRINT(EM_DIAGRAM):   where TARGET in( "diagnosis" );
MPRINT(EM_DIAGRAM):   title9 ' ';
MPRINT(EM_DIAGRAM):   title10 "Assessment Score Distribution";
MPRINT(EM_DIAGRAM):   run;
MPRINT(EM_DIAGRAM):   title10;
MPRINT(EM_DIAGRAM):   options NOCENTER;
MPRINT(EM_DIAGRAM):   proc printto;
MPRINT(EM_DIAGRAM):   run;
